DEPTH=19200;
WIDTH=24;
ADDRESS_RADIX = UNS;
DATA_RADIX = HEX;
CONTENT	BEGIN
	0	:	89019;
	1	:	86018;
	2	:	80615;
	3	:	758e;
	4	:	6d10b;
	5	:	64127;
	6	:	6519b;
	7	:	61157;
	8	:	67107;
	9	:	6c11c;
	10	:	6c13f;
	11	:	6a10f;
	12	:	6810f;
	13	:	691110;
	14	:	681211;
	15	:	681211;
	16	:	6a1210;
	17	:	6911d;
	18	:	6510b;
	19	:	6712d;
	20	:	6712d;
	21	:	64fa;
	22	:	6b1611;
	23	:	6510b;
	24	:	6510b;
	25	:	6813e;
	26	:	6813e;
	27	:	6712d;
	28	:	6611a;
	29	:	6712b;
	30	:	6712b;
	31	:	6611c;
	32	:	681310;
	33	:	671110;
	34	:	6511f;
	35	:	671110;
	36	:	6a1113;
	37	:	6ae11;
	38	:	6fc11;
	39	:	75a12;
	40	:	7b714;
	41	:	81414;
	42	:	84015;
	43	:	87015;
	44	:	8a019;
	45	:	89018;
	46	:	86016;
	47	:	87119;
	48	:	82318;
	49	:	83419;
	50	:	86018;
	51	:	88018;
	52	:	8a017;
	53	:	88015;
	54	:	86014;
	55	:	89117;
	56	:	88014;
	57	:	86114;
	58	:	84113;
	59	:	82113;
	60	:	84113;
	61	:	88014;
	62	:	8c014;
	63	:	8a014;
	64	:	85011;
	65	:	85212;
	66	:	87215;
	67	:	89115;
	68	:	89115;
	69	:	87013;
	70	:	87013;
	71	:	89115;
	72	:	87217;
	73	:	84015;
	74	:	84015;
	75	:	86116;
	76	:	88018;
	77	:	89018;
	78	:	88018;
	79	:	88019;
	80	:	8901b;
	81	:	8a01d;
	82	:	8901b;
	83	:	8601b;
	84	:	82219;
	85	:	82219;
	86	:	83218;
	87	:	85116;
	88	:	86114;
	89	:	88014;
	90	:	89014;
	91	:	89016;
	92	:	85118;
	93	:	83218;
	94	:	85119;
	95	:	86019;
	96	:	86018;
	97	:	86116;
	98	:	86116;
	99	:	86116;
	100	:	86116;
	101	:	86116;
	102	:	86116;
	103	:	86116;
	104	:	86116;
	105	:	86116;
	106	:	88016;
	107	:	88016;
	108	:	88016;
	109	:	88016;
	110	:	88016;
	111	:	88016;
	112	:	88016;
	113	:	88016;
	114	:	88016;
	115	:	88016;
	116	:	88016;
	117	:	88016;
	118	:	88016;
	119	:	88016;
	120	:	85013;
	121	:	85617;
	122	:	769f;
	123	:	791a18;
	124	:	731c13;
	125	:	6e2212;
	126	:	6422c;
	127	:	6925e;
	128	:	6d20e;
	129	:	6f1df;
	130	:	6f1d11;
	131	:	6e1f12;
	132	:	6d1f13;
	133	:	6c1e12;
	134	:	6c1e11;
	135	:	6c1e11;
	136	:	691cc;
	137	:	712414;
	138	:	6d2010;
	139	:	6d2010;
	140	:	6e2111;
	141	:	712414;
	142	:	681bb;
	143	:	6e2111;
	144	:	6d2010;
	145	:	6c2010;
	146	:	6c2010;
	147	:	6b1ff;
	148	:	6b20d;
	149	:	6d22f;
	150	:	6e2310;
	151	:	6f2212;
	152	:	6d1f12;
	153	:	6c1e11;
	154	:	6e2214;
	155	:	6d2113;
	156	:	6a1e11;
	157	:	702015;
	158	:	752019;
	159	:	751a15;
	160	:	6fbb;
	161	:	76ce;
	162	:	7ab11;
	163	:	7b710;
	164	:	7b710;
	165	:	7b913;
	166	:	7ca14;
	167	:	7b913;
	168	:	7c815;
	169	:	7b513;
	170	:	7d312;
	171	:	82515;
	172	:	82515;
	173	:	81414;
	174	:	81414;
	175	:	84516;
	176	:	85214;
	177	:	88316;
	178	:	89417;
	179	:	87318;
	180	:	86217;
	181	:	86116;
	182	:	89015;
	183	:	88015;
	184	:	87215;
	185	:	84111;
	186	:	86012;
	187	:	88013;
	188	:	8b216;
	189	:	8b216;
	190	:	89115;
	191	:	88014;
	192	:	85015;
	193	:	85015;
	194	:	87217;
	195	:	87217;
	196	:	88018;
	197	:	87017;
	198	:	88018;
	199	:	8a019;
	200	:	8a019;
	201	:	8a019;
	202	:	88019;
	203	:	86019;
	204	:	85118;
	205	:	85118;
	206	:	85116;
	207	:	86116;
	208	:	88016;
	209	:	88014;
	210	:	89014;
	211	:	88016;
	212	:	85116;
	213	:	85118;
	214	:	86018;
	215	:	86018;
	216	:	86116;
	217	:	86116;
	218	:	86116;
	219	:	86116;
	220	:	86116;
	221	:	86116;
	222	:	86116;
	223	:	86116;
	224	:	86116;
	225	:	86116;
	226	:	88016;
	227	:	88016;
	228	:	88016;
	229	:	88016;
	230	:	88016;
	231	:	88016;
	232	:	88016;
	233	:	88016;
	234	:	88016;
	235	:	88016;
	236	:	88016;
	237	:	88016;
	238	:	88016;
	239	:	88016;
	240	:	8a314;
	241	:	7c710;
	242	:	6310a;
	243	:	682313;
	244	:	813923;
	245	:	823f24;
	246	:	794321;
	247	:	77431e;
	248	:	7d411f;
	249	:	7f3d1d;
	250	:	7f3d1d;
	251	:	7f3e1e;
	252	:	7d411d;
	253	:	7b3f1b;
	254	:	7d3f1a;
	255	:	80401c;
	256	:	80411e;
	257	:	783c18;
	258	:	7d411d;
	259	:	7e421e;
	260	:	7a3e1a;
	261	:	7c401c;
	262	:	7f431f;
	263	:	7b3f1b;
	264	:	7b3f1b;
	265	:	7b3f1b;
	266	:	7b3f1b;
	267	:	7c401c;
	268	:	7d411c;
	269	:	7c401b;
	270	:	7c401b;
	271	:	7c401b;
	272	:	81431c;
	273	:	7c3e17;
	274	:	7a401a;
	275	:	78411a;
	276	:	773f1a;
	277	:	7b431e;
	278	:	763b19;
	279	:	65289;
	280	:	6928c;
	281	:	68228;
	282	:	69219;
	283	:	6a22c;
	284	:	6821d;
	285	:	6521e;
	286	:	6423f;
	287	:	671ef;
	288	:	6afc;
	289	:	71df;
	290	:	76d11;
	291	:	72be;
	292	:	6ebe;
	293	:	72f12;
	294	:	74f15;
	295	:	735e;
	296	:	7f212;
	297	:	85013;
	298	:	89016;
	299	:	88017;
	300	:	84016;
	301	:	85017;
	302	:	88019;
	303	:	89119;
	304	:	8a218;
	305	:	89115;
	306	:	8b015;
	307	:	8a014;
	308	:	8b013;
	309	:	89013;
	310	:	88015;
	311	:	88016;
	312	:	89016;
	313	:	8a017;
	314	:	8a017;
	315	:	8a017;
	316	:	88016;
	317	:	88016;
	318	:	89018;
	319	:	8d017;
	320	:	8d014;
	321	:	8c014;
	322	:	86114;
	323	:	86114;
	324	:	8a016;
	325	:	8c016;
	326	:	89018;
	327	:	89018;
	328	:	8a018;
	329	:	89018;
	330	:	88018;
	331	:	88016;
	332	:	88016;
	333	:	89016;
	334	:	89016;
	335	:	88016;
	336	:	88016;
	337	:	88016;
	338	:	88016;
	339	:	88016;
	340	:	88016;
	341	:	88016;
	342	:	88016;
	343	:	88016;
	344	:	88016;
	345	:	88016;
	346	:	88016;
	347	:	88016;
	348	:	88016;
	349	:	88016;
	350	:	88016;
	351	:	88016;
	352	:	88016;
	353	:	88016;
	354	:	88016;
	355	:	88016;
	356	:	88016;
	357	:	88016;
	358	:	88016;
	359	:	88016;
	360	:	845e;
	361	:	78cc;
	362	:	621fe;
	363	:	5f2d12;
	364	:	734021;
	365	:	6d421f;
	366	:	644d21;
	367	:	5e4e1d;
	368	:	654d1f;
	369	:	674c1f;
	370	:	674c1f;
	371	:	644c1e;
	372	:	624d1e;
	373	:	624e1c;
	374	:	654e1c;
	375	:	694f1e;
	376	:	654d1d;
	377	:	634d1c;
	378	:	5f4918;
	379	:	614b1a;
	380	:	66501f;
	381	:	604a19;
	382	:	634d1c;
	383	:	644e1d;
	384	:	644e1d;
	385	:	624c1b;
	386	:	624c1b;
	387	:	644e1d;
	388	:	644e1d;
	389	:	624c1b;
	390	:	614b1a;
	391	:	624c1a;
	392	:	634c18;
	393	:	644d19;
	394	:	66511c;
	395	:	634f1c;
	396	:	604c19;
	397	:	65511e;
	398	:	675120;
	399	:	624718;
	400	:	6c4d1f;
	401	:	6b481e;
	402	:	6d481e;
	403	:	6c461f;
	404	:	6c461f;
	405	:	6f4c26;
	406	:	67451f;
	407	:	5c2fe;
	408	:	6824f;
	409	:	6d1cb;
	410	:	711ee;
	411	:	711f11;
	412	:	691be;
	413	:	6a1c10;
	414	:	702015;
	415	:	751c16;
	416	:	73cd;
	417	:	789f;
	418	:	797f;
	419	:	7a6f;
	420	:	78912;
	421	:	79a13;
	422	:	7b815;
	423	:	7d715;
	424	:	7e413;
	425	:	80112;
	426	:	81213;
	427	:	83214;
	428	:	85013;
	429	:	87013;
	430	:	88016;
	431	:	89117;
	432	:	8a017;
	433	:	89016;
	434	:	87014;
	435	:	86014;
	436	:	85015;
	437	:	88016;
	438	:	89017;
	439	:	8b015;
	440	:	8c014;
	441	:	89014;
	442	:	86114;
	443	:	88014;
	444	:	8c014;
	445	:	8d014;
	446	:	89016;
	447	:	88018;
	448	:	89018;
	449	:	89018;
	450	:	88018;
	451	:	88018;
	452	:	89016;
	453	:	8a014;
	454	:	89014;
	455	:	89014;
	456	:	88016;
	457	:	88016;
	458	:	88016;
	459	:	88016;
	460	:	88016;
	461	:	88016;
	462	:	88016;
	463	:	88016;
	464	:	88016;
	465	:	88016;
	466	:	88016;
	467	:	88016;
	468	:	88016;
	469	:	88016;
	470	:	88016;
	471	:	88016;
	472	:	88016;
	473	:	88016;
	474	:	88016;
	475	:	88016;
	476	:	88016;
	477	:	88016;
	478	:	88016;
	479	:	88016;
	480	:	7844;
	481	:	7411b;
	482	:	652712;
	483	:	6c4828;
	484	:	644e27;
	485	:	59582a;
	486	:	445f2a;
	487	:	3d632a;
	488	:	40612c;
	489	:	41612f;
	490	:	3e6330;
	491	:	3c622f;
	492	:	3b632f;
	493	:	3d6531;
	494	:	3d622f;
	495	:	3c5e2c;
	496	:	406230;
	497	:	406132;
	498	:	446536;
	499	:	3e5f30;
	500	:	426334;
	501	:	416233;
	502	:	3f6031;
	503	:	406434;
	504	:	3f6333;
	505	:	3d6131;
	506	:	3c6030;
	507	:	3d622f;
	508	:	3e6330;
	509	:	3d622f;
	510	:	3e6330;
	511	:	406532;
	512	:	3b602c;
	513	:	3f6430;
	514	:	3f6430;
	515	:	40632d;
	516	:	41622d;
	517	:	435f2c;
	518	:	465d29;
	519	:	4c5a27;
	520	:	4d5421;
	521	:	52501f;
	522	:	5c5425;
	523	:	615525;
	524	:	5c4e1f;
	525	:	5d4d1c;
	526	:	60501f;
	527	:	654a1d;
	528	:	78471f;
	529	:	7e3f1c;
	530	:	7e3f1c;
	531	:	7e3f1c;
	532	:	7f401d;
	533	:	844524;
	534	:	7a3b1c;
	535	:	6626a;
	536	:	6726a;
	537	:	6624a;
	538	:	6424b;
	539	:	6424b;
	540	:	6725f;
	541	:	692210;
	542	:	681cc;
	543	:	6814a;
	544	:	721011;
	545	:	72a11;
	546	:	6ea12;
	547	:	71c14;
	548	:	7aa16;
	549	:	81716;
	550	:	85214;
	551	:	84010;
	552	:	88016;
	553	:	87217;
	554	:	86116;
	555	:	84015;
	556	:	86219;
	557	:	8821a;
	558	:	8a019;
	559	:	8a019;
	560	:	86018;
	561	:	86018;
	562	:	89018;
	563	:	8a016;
	564	:	8c014;
	565	:	8a014;
	566	:	88014;
	567	:	86116;
	568	:	85118;
	569	:	85118;
	570	:	86018;
	571	:	88016;
	572	:	8a014;
	573	:	8a012;
	574	:	89010;
	575	:	89012;
	576	:	88014;
	577	:	88016;
	578	:	88016;
	579	:	88016;
	580	:	88016;
	581	:	88016;
	582	:	88016;
	583	:	88016;
	584	:	88016;
	585	:	88016;
	586	:	88016;
	587	:	88016;
	588	:	88016;
	589	:	88016;
	590	:	88016;
	591	:	88016;
	592	:	88016;
	593	:	88016;
	594	:	88016;
	595	:	88016;
	596	:	88016;
	597	:	88016;
	598	:	88016;
	599	:	88016;
	600	:	72148;
	601	:	66176;
	602	:	5d2af;
	603	:	5e4823;
	604	:	525528;
	605	:	45632f;
	606	:	41783e;
	607	:	3d8144;
	608	:	3c7d45;
	609	:	3c7d47;
	610	:	397e48;
	611	:	397e48;
	612	:	397f49;
	613	:	3a7f49;
	614	:	357a44;
	615	:	2f723f;
	616	:	387b48;
	617	:	377a47;
	618	:	3b7e4b;
	619	:	387b48;
	620	:	256835;
	621	:	408350;
	622	:	357845;
	623	:	3a7d4a;
	624	:	327542;
	625	:	347744;
	626	:	387b48;
	627	:	3b7e4b;
	628	:	3c7f4c;
	629	:	3b7e4b;
	630	:	3a7d4a;
	631	:	3b7e4b;
	632	:	3c7f4a;
	633	:	3b7e49;
	634	:	387b45;
	635	:	3b7c46;
	636	:	407f4a;
	637	:	3e7742;
	638	:	386a35;
	639	:	396530;
	640	:	40622f;
	641	:	45612e;
	642	:	495f2e;
	643	:	4a5a29;
	644	:	4c5a27;
	645	:	525e2c;
	646	:	515e29;
	647	:	4f5320;
	648	:	5d4f20;
	649	:	614b1c;
	650	:	634d1e;
	651	:	654f20;
	652	:	624c1d;
	653	:	654a1d;
	654	:	6a4a21;
	655	:	69481f;
	656	:	68471e;
	657	:	68491d;
	658	:	674c1f;
	659	:	694e23;
	660	:	6b4b22;
	661	:	69421b;
	662	:	6530e;
	663	:	62227;
	664	:	6c2012;
	665	:	6e1e15;
	666	:	702218;
	667	:	702019;
	668	:	6e1612;
	669	:	6f10e;
	670	:	77d11;
	671	:	7ab11;
	672	:	778f;
	673	:	7db13;
	674	:	7ab14;
	675	:	7a812;
	676	:	7c614;
	677	:	7f514;
	678	:	81213;
	679	:	82316;
	680	:	82318;
	681	:	85118;
	682	:	8a018;
	683	:	8c018;
	684	:	89016;
	685	:	88016;
	686	:	86116;
	687	:	86116;
	688	:	83216;
	689	:	83216;
	690	:	85116;
	691	:	88016;
	692	:	89014;
	693	:	8a012;
	694	:	89012;
	695	:	88112;
	696	:	88014;
	697	:	88016;
	698	:	88016;
	699	:	88016;
	700	:	88016;
	701	:	88016;
	702	:	88016;
	703	:	88016;
	704	:	88016;
	705	:	88016;
	706	:	88016;
	707	:	88016;
	708	:	88016;
	709	:	88016;
	710	:	88016;
	711	:	88016;
	712	:	88016;
	713	:	88016;
	714	:	88016;
	715	:	88016;
	716	:	88016;
	717	:	88016;
	718	:	88016;
	719	:	88016;
	720	:	62259;
	721	:	663112;
	722	:	6a4823;
	723	:	5b5227;
	724	:	46632d;
	725	:	32682c;
	726	:	3a7c3f;
	727	:	398044;
	728	:	387f45;
	729	:	377e46;
	730	:	377d47;
	731	:	397e48;
	732	:	397c47;
	733	:	357843;
	734	:	337641;
	735	:	327741;
	736	:	3c814b;
	737	:	3a7d48;
	738	:	3e814c;
	739	:	276a35;
	740	:	3d804b;
	741	:	377a45;
	742	:	3b7e49;
	743	:	397c47;
	744	:	2f723d;
	745	:	337641;
	746	:	387b46;
	747	:	3b7e49;
	748	:	3b7e49;
	749	:	3a7d48;
	750	:	387b46;
	751	:	377a45;
	752	:	3a7d48;
	753	:	3b7e49;
	754	:	3a7f49;
	755	:	3a7f49;
	756	:	3a7f49;
	757	:	397c47;
	758	:	3b7b47;
	759	:	417d4a;
	760	:	427a49;
	761	:	437747;
	762	:	457647;
	763	:	477849;
	764	:	477948;
	765	:	417342;
	766	:	38693a;
	767	:	346335;
	768	:	376133;
	769	:	3f6536;
	770	:	3f6637;
	771	:	3c6432;
	772	:	3b632f;
	773	:	416130;
	774	:	4b5b2e;
	775	:	515429;
	776	:	5c5328;
	777	:	5c5124;
	778	:	555121;
	779	:	54511e;
	780	:	595120;
	781	:	644e1f;
	782	:	74441c;
	783	:	7a401b;
	784	:	773f1a;
	785	:	7a3f1d;
	786	:	843f22;
	787	:	7d381b;
	788	:	672ce;
	789	:	5d247;
	790	:	6024a;
	791	:	6524e;
	792	:	672310;
	793	:	6b2213;
	794	:	671be;
	795	:	6512a;
	796	:	6efd;
	797	:	73cd;
	798	:	73ae;
	799	:	78910;
	800	:	81510;
	801	:	86112;
	802	:	8c016;
	803	:	8c018;
	804	:	86019;
	805	:	8501b;
	806	:	89019;
	807	:	89018;
	808	:	86116;
	809	:	85214;
	810	:	85212;
	811	:	86112;
	812	:	88014;
	813	:	88014;
	814	:	86116;
	815	:	86116;
	816	:	88016;
	817	:	88016;
	818	:	89016;
	819	:	89016;
	820	:	89016;
	821	:	89016;
	822	:	89016;
	823	:	89016;
	824	:	89016;
	825	:	89016;
	826	:	88016;
	827	:	88016;
	828	:	88016;
	829	:	88016;
	830	:	86116;
	831	:	86116;
	832	:	88016;
	833	:	88016;
	834	:	88016;
	835	:	88016;
	836	:	88016;
	837	:	88016;
	838	:	88016;
	839	:	88016;
	840	:	592cb;
	841	:	684420;
	842	:	614e26;
	843	:	52582a;
	844	:	3a652f;
	845	:	3a7c3f;
	846	:	3c8148;
	847	:	357e46;
	848	:	368148;
	849	:	357e47;
	850	:	397f49;
	851	:	3b804a;
	852	:	387943;
	853	:	31723c;
	854	:	337640;
	855	:	3c814a;
	856	:	397e47;
	857	:	387d47;
	858	:	256a34;
	859	:	3a7f49;
	860	:	397e48;
	861	:	387d47;
	862	:	397e48;
	863	:	296e37;
	864	:	377c45;
	865	:	3a7f48;
	866	:	3b8049;
	867	:	387d46;
	868	:	377c45;
	869	:	387d46;
	870	:	3a7f48;
	871	:	3b804a;
	872	:	3a7f49;
	873	:	387d47;
	874	:	387e48;
	875	:	387e48;
	876	:	357e47;
	877	:	367f48;
	878	:	397f49;
	879	:	367c48;
	880	:	397d4a;
	881	:	3b7e4b;
	882	:	3a7d4a;
	883	:	397c49;
	884	:	3b7e4b;
	885	:	3a7e4d;
	886	:	397d4c;
	887	:	3a7e4d;
	888	:	3b7d4d;
	889	:	3b7d4d;
	890	:	377d49;
	891	:	357e49;
	892	:	38814a;
	893	:	3a7b45;
	894	:	3b6b39;
	895	:	3f6031;
	896	:	475d2e;
	897	:	4c5c2d;
	898	:	4b5f2c;
	899	:	485f29;
	900	:	4a5c28;
	901	:	515825;
	902	:	5e5023;
	903	:	634c20;
	904	:	61511e;
	905	:	5f4d1b;
	906	:	6a4b1d;
	907	:	6d4a20;
	908	:	674a1e;
	909	:	664b1e;
	910	:	674c21;
	911	:	664921;
	912	:	6e4824;
	913	:	6c3f1e;
	914	:	622f12;
	915	:	60229;
	916	:	6a21e;
	917	:	702110;
	918	:	6e1f10;
	919	:	731c12;
	920	:	71e9;
	921	:	78ab;
	922	:	7e6f;
	923	:	7e612;
	924	:	7a716;
	925	:	7a718;
	926	:	7f418;
	927	:	83218;
	928	:	86116;
	929	:	86114;
	930	:	86114;
	931	:	88014;
	932	:	88016;
	933	:	88016;
	934	:	85118;
	935	:	85118;
	936	:	86116;
	937	:	88016;
	938	:	89016;
	939	:	89016;
	940	:	89016;
	941	:	89016;
	942	:	89016;
	943	:	89016;
	944	:	89016;
	945	:	89016;
	946	:	88016;
	947	:	88016;
	948	:	88016;
	949	:	88016;
	950	:	86116;
	951	:	86116;
	952	:	88016;
	953	:	88016;
	954	:	88016;
	955	:	88016;
	956	:	88016;
	957	:	88016;
	958	:	88016;
	959	:	88016;
	960	:	5529c;
	961	:	684a28;
	962	:	565129;
	963	:	485e30;
	964	:	457744;
	965	:	3a7d47;
	966	:	3b7e49;
	967	:	3a7e4b;
	968	:	37814c;
	969	:	337d48;
	970	:	3c824c;
	971	:	347742;
	972	:	2d703a;
	973	:	3d7e46;
	974	:	397a42;
	975	:	3c8047;
	976	:	3a7f48;
	977	:	276c35;
	978	:	3a7f48;
	979	:	387d46;
	980	:	387d46;
	981	:	3b8049;
	982	:	256a33;
	983	:	3a7f48;
	984	:	397e47;
	985	:	397e47;
	986	:	387f47;
	987	:	387f47;
	988	:	387f47;
	989	:	387f47;
	990	:	387f47;
	991	:	387f47;
	992	:	387e48;
	993	:	387e48;
	994	:	367f48;
	995	:	367f48;
	996	:	367f48;
	997	:	367f48;
	998	:	387e48;
	999	:	397e47;
	1000	:	3a7d47;
	1001	:	3a7d47;
	1002	:	3c7d47;
	1003	:	3c7d47;
	1004	:	3c7d47;
	1005	:	3a7e45;
	1006	:	3a7e45;
	1007	:	3c7d45;
	1008	:	3f7b47;
	1009	:	3d7c47;
	1010	:	3a7d47;
	1011	:	387f47;
	1012	:	367f47;
	1013	:	387f47;
	1014	:	3a7d47;
	1015	:	3f7b45;
	1016	:	447a46;
	1017	:	457744;
	1018	:	467845;
	1019	:	487846;
	1020	:	437341;
	1021	:	3b6938;
	1022	:	396331;
	1023	:	39642f;
	1024	:	39642c;
	1025	:	3d662c;
	1026	:	41642c;
	1027	:	465d27;
	1028	:	4f5525;
	1029	:	565223;
	1030	:	595123;
	1031	:	5b4e21;
	1032	:	5e4d1f;
	1033	:	684b21;
	1034	:	71451e;
	1035	:	78441f;
	1036	:	76401a;
	1037	:	79431d;
	1038	:	75411a;
	1039	:	5e2a5;
	1040	:	5f289;
	1041	:	6125b;
	1042	:	6824f;
	1043	:	6e2212;
	1044	:	6e1e13;
	1045	:	6a13c;
	1046	:	6dde;
	1047	:	77912;
	1048	:	80112;
	1049	:	8c41a;
	1050	:	89017;
	1051	:	88017;
	1052	:	8d11c;
	1053	:	86016;
	1054	:	86219;
	1055	:	82117;
	1056	:	86116;
	1057	:	88016;
	1058	:	89117;
	1059	:	88016;
	1060	:	89016;
	1061	:	89016;
	1062	:	89016;
	1063	:	88015;
	1064	:	89016;
	1065	:	89016;
	1066	:	88016;
	1067	:	88016;
	1068	:	88016;
	1069	:	88016;
	1070	:	86116;
	1071	:	86116;
	1072	:	88016;
	1073	:	88016;
	1074	:	88016;
	1075	:	88016;
	1076	:	88016;
	1077	:	88016;
	1078	:	88016;
	1079	:	88016;
	1080	:	582bc;
	1081	:	674925;
	1082	:	525027;
	1083	:	466031;
	1084	:	447945;
	1085	:	3a7d47;
	1086	:	397c49;
	1087	:	377d49;
	1088	:	347e4b;
	1089	:	347e49;
	1090	:	387e4a;
	1091	:	2a6f39;
	1092	:	377c45;
	1093	:	3b7e48;
	1094	:	387c43;
	1095	:	3a7e45;
	1096	:	276c35;
	1097	:	397e47;
	1098	:	3a7f48;
	1099	:	3a7f48;
	1100	:	397e47;
	1101	:	2b7039;
	1102	:	387d46;
	1103	:	387d44;
	1104	:	397e45;
	1105	:	397e45;
	1106	:	387f45;
	1107	:	387f45;
	1108	:	387f45;
	1109	:	387f45;
	1110	:	387f45;
	1111	:	387f47;
	1112	:	387f47;
	1113	:	367f47;
	1114	:	367f47;
	1115	:	367f47;
	1116	:	367f47;
	1117	:	387f47;
	1118	:	387f47;
	1119	:	387f47;
	1120	:	397e45;
	1121	:	3a7e45;
	1122	:	3a7e45;
	1123	:	3a7e45;
	1124	:	3a7e45;
	1125	:	3a7e45;
	1126	:	397f43;
	1127	:	3a7e43;
	1128	:	3d7c45;
	1129	:	3d7c47;
	1130	:	3a7d47;
	1131	:	387f45;
	1132	:	358045;
	1133	:	358047;
	1134	:	358047;
	1135	:	367f47;
	1136	:	387e48;
	1137	:	387d47;
	1138	:	397e48;
	1139	:	3b804a;
	1140	:	397f49;
	1141	:	377d47;
	1142	:	377d47;
	1143	:	3a804a;
	1144	:	398046;
	1145	:	397f43;
	1146	:	35793e;
	1147	:	346e34;
	1148	:	3e632f;
	1149	:	465e2c;
	1150	:	4a5e2d;
	1151	:	4e5c2b;
	1152	:	535d2b;
	1153	:	555424;
	1154	:	5c4f22;
	1155	:	625022;
	1156	:	5e4e1d;
	1157	:	5e4e1d;
	1158	:	64501e;
	1159	:	604a1b;
	1160	:	654d21;
	1161	:	684c24;
	1162	:	694922;
	1163	:	6b431f;
	1164	:	612ab;
	1165	:	63219;
	1166	:	681fe;
	1167	:	731f15;
	1168	:	75e11;
	1169	:	7a812;
	1170	:	7d214;
	1171	:	8781d;
	1172	:	7f012;
	1173	:	85118;
	1174	:	8841b;
	1175	:	87318;
	1176	:	86116;
	1177	:	88016;
	1178	:	88016;
	1179	:	87015;
	1180	:	88016;
	1181	:	8a017;
	1182	:	8a017;
	1183	:	89016;
	1184	:	89016;
	1185	:	89016;
	1186	:	88016;
	1187	:	88016;
	1188	:	88016;
	1189	:	88016;
	1190	:	86116;
	1191	:	86116;
	1192	:	88016;
	1193	:	88016;
	1194	:	88016;
	1195	:	88016;
	1196	:	88016;
	1197	:	88016;
	1198	:	88016;
	1199	:	88016;
	1200	:	5d2c4;
	1201	:	6b481e;
	1202	:	545020;
	1203	:	49602c;
	1204	:	497841;
	1205	:	3c7b42;
	1206	:	377e46;
	1207	:	368149;
	1208	:	38824d;
	1209	:	347e49;
	1210	:	256b37;
	1211	:	3a7e4b;
	1212	:	387d47;
	1213	:	387d47;
	1214	:	3c814b;
	1215	:	276c36;
	1216	:	397f49;
	1217	:	377d47;
	1218	:	3a804a;
	1219	:	357b45;
	1220	:	256b35;
	1221	:	367c46;
	1222	:	3a804a;
	1223	:	347a44;
	1224	:	387e48;
	1225	:	387e48;
	1226	:	387e48;
	1227	:	387e48;
	1228	:	387e48;
	1229	:	387e48;
	1230	:	387e48;
	1231	:	387f47;
	1232	:	387f47;
	1233	:	397e47;
	1234	:	397e47;
	1235	:	397e47;
	1236	:	397e47;
	1237	:	387f47;
	1238	:	387f47;
	1239	:	387f47;
	1240	:	387f47;
	1241	:	387f47;
	1242	:	387f47;
	1243	:	387f47;
	1244	:	387f47;
	1245	:	387f47;
	1246	:	387f47;
	1247	:	387f47;
	1248	:	397e48;
	1249	:	397e48;
	1250	:	387e48;
	1251	:	367f48;
	1252	:	338048;
	1253	:	338048;
	1254	:	358048;
	1255	:	387e48;
	1256	:	3b7e49;
	1257	:	3a7f49;
	1258	:	358047;
	1259	:	318247;
	1260	:	2e8246;
	1261	:	307f46;
	1262	:	397c47;
	1263	:	3e7c49;
	1264	:	3a7d48;
	1265	:	3b7e49;
	1266	:	3b7e49;
	1267	:	397c46;
	1268	:	387b45;
	1269	:	3c7b44;
	1270	:	427b46;
	1271	:	477946;
	1272	:	487441;
	1273	:	3d6735;
	1274	:	386230;
	1275	:	3c6430;
	1276	:	406532;
	1277	:	456131;
	1278	:	485b2e;
	1279	:	51582e;
	1280	:	574f28;
	1281	:	584b21;
	1282	:	5c5425;
	1283	:	5d4c1e;
	1284	:	72481e;
	1285	:	7c441f;
	1286	:	793e1c;
	1287	:	61247;
	1288	:	6426f;
	1289	:	6320f;
	1290	:	72221b;
	1291	:	6acd;
	1292	:	76b15;
	1293	:	81817;
	1294	:	84113;
	1295	:	87013;
	1296	:	87217;
	1297	:	86116;
	1298	:	85015;
	1299	:	87015;
	1300	:	88016;
	1301	:	89117;
	1302	:	8a017;
	1303	:	8a017;
	1304	:	89016;
	1305	:	89016;
	1306	:	88016;
	1307	:	88016;
	1308	:	88016;
	1309	:	88016;
	1310	:	86116;
	1311	:	86116;
	1312	:	88016;
	1313	:	88016;
	1314	:	88016;
	1315	:	88016;
	1316	:	88016;
	1317	:	88016;
	1318	:	88016;
	1319	:	88016;
	1320	:	5a2d3;
	1321	:	6b4a1d;
	1322	:	58501f;
	1323	:	4d5e2a;
	1324	:	4a753d;
	1325	:	3d7c43;
	1326	:	378048;
	1327	:	37824a;
	1328	:	307944;
	1329	:	2a6e3b;
	1330	:	3a7e4b;
	1331	:	377b48;
	1332	:	3b7f4c;
	1333	:	397d4a;
	1334	:	296f3b;
	1335	:	357b47;
	1336	:	387e48;
	1337	:	3a804a;
	1338	:	347a44;
	1339	:	2c723c;
	1340	:	397f49;
	1341	:	347a44;
	1342	:	397f49;
	1343	:	397f49;
	1344	:	387e48;
	1345	:	387e48;
	1346	:	387e48;
	1347	:	387e48;
	1348	:	387e48;
	1349	:	387e48;
	1350	:	387e48;
	1351	:	387f47;
	1352	:	387f45;
	1353	:	387f45;
	1354	:	387f45;
	1355	:	387f45;
	1356	:	387f47;
	1357	:	387f47;
	1358	:	387f47;
	1359	:	367f47;
	1360	:	367f47;
	1361	:	367f47;
	1362	:	367f48;
	1363	:	367f48;
	1364	:	367f48;
	1365	:	367f48;
	1366	:	367f48;
	1367	:	367f48;
	1368	:	367f48;
	1369	:	387e48;
	1370	:	387f47;
	1371	:	367f47;
	1372	:	338147;
	1373	:	358047;
	1374	:	367f47;
	1375	:	397e47;
	1376	:	3b7c46;
	1377	:	3a7d47;
	1378	:	348248;
	1379	:	2f8347;
	1380	:	2d8346;
	1381	:	328247;
	1382	:	3c7d47;
	1383	:	3f7b47;
	1384	:	3a7a46;
	1385	:	397e48;
	1386	:	3b804a;
	1387	:	3b814b;
	1388	:	35824a;
	1389	:	348149;
	1390	:	357e47;
	1391	:	387b46;
	1392	:	3f7d4a;
	1393	:	397945;
	1394	:	377c46;
	1395	:	367b45;
	1396	:	3e7c49;
	1397	:	437948;
	1398	:	3c673a;
	1399	:	3f6035;
	1400	:	4b5e31;
	1401	:	4d5d2e;
	1402	:	475e2a;
	1403	:	505e29;
	1404	:	554d1c;
	1405	:	675120;
	1406	:	6b4c1e;
	1407	:	69481b;
	1408	:	6b4a1f;
	1409	:	6e4622;
	1410	:	5c249;
	1411	:	682313;
	1412	:	701d15;
	1413	:	6fbd;
	1414	:	81712;
	1415	:	86112;
	1416	:	86315;
	1417	:	86217;
	1418	:	85116;
	1419	:	86116;
	1420	:	86116;
	1421	:	87015;
	1422	:	87015;
	1423	:	89016;
	1424	:	89016;
	1425	:	89016;
	1426	:	88016;
	1427	:	88016;
	1428	:	88016;
	1429	:	88016;
	1430	:	86116;
	1431	:	86116;
	1432	:	88016;
	1433	:	88016;
	1434	:	88016;
	1435	:	88016;
	1436	:	88016;
	1437	:	88016;
	1438	:	88016;
	1439	:	88016;
	1440	:	532e2;
	1441	:	684b21;
	1442	:	5b4e22;
	1443	:	515a2d;
	1444	:	4d7541;
	1445	:	407c46;
	1446	:	387e48;
	1447	:	347a46;
	1448	:	2f6f3d;
	1449	:	3e7949;
	1450	:	3e7a47;
	1451	:	3f7d4a;
	1452	:	3c7a47;
	1453	:	2c6f3a;
	1454	:	357b45;
	1455	:	38814a;
	1456	:	347a44;
	1457	:	3c814b;
	1458	:	276c36;
	1459	:	377c46;
	1460	:	3b824a;
	1461	:	377e46;
	1462	:	387f47;
	1463	:	398048;
	1464	:	387f47;
	1465	:	387f47;
	1466	:	387f47;
	1467	:	387f47;
	1468	:	387f47;
	1469	:	387f47;
	1470	:	387f47;
	1471	:	387f47;
	1472	:	368045;
	1473	:	368043;
	1474	:	368045;
	1475	:	368045;
	1476	:	368045;
	1477	:	368045;
	1478	:	367f47;
	1479	:	367f47;
	1480	:	367f47;
	1481	:	358047;
	1482	:	358048;
	1483	:	358048;
	1484	:	358048;
	1485	:	358048;
	1486	:	357f4a;
	1487	:	367f48;
	1488	:	387f47;
	1489	:	387f45;
	1490	:	387f45;
	1491	:	368045;
	1492	:	368045;
	1493	:	368045;
	1494	:	397e45;
	1495	:	3c7d45;
	1496	:	3b7a43;
	1497	:	3c7d45;
	1498	:	398046;
	1499	:	358045;
	1500	:	348246;
	1501	:	388247;
	1502	:	3c8047;
	1503	:	3d7e48;
	1504	:	377c45;
	1505	:	387d47;
	1506	:	387d47;
	1507	:	387d46;
	1508	:	377e46;
	1509	:	377e46;
	1510	:	3a7d47;
	1511	:	3a7d47;
	1512	:	3a7d47;
	1513	:	3c814a;
	1514	:	3e834c;
	1515	:	387b45;
	1516	:	3e7a46;
	1517	:	427c49;
	1518	:	3d7744;
	1519	:	407a47;
	1520	:	417a45;
	1521	:	437c47;
	1522	:	417a43;
	1523	:	326731;
	1524	:	39662f;
	1525	:	405e28;
	1526	:	4f5c27;
	1527	:	55521d;
	1528	:	634f1c;
	1529	:	6c4c1b;
	1530	:	74491e;
	1531	:	74421d;
	1532	:	612bf;
	1533	:	641cd;
	1534	:	78e12;
	1535	:	82412;
	1536	:	82113;
	1537	:	85116;
	1538	:	85116;
	1539	:	87217;
	1540	:	86116;
	1541	:	87015;
	1542	:	87015;
	1543	:	88016;
	1544	:	89016;
	1545	:	89016;
	1546	:	88016;
	1547	:	88016;
	1548	:	88016;
	1549	:	88016;
	1550	:	86116;
	1551	:	86116;
	1552	:	88016;
	1553	:	88016;
	1554	:	88016;
	1555	:	88016;
	1556	:	88016;
	1557	:	88016;
	1558	:	88016;
	1559	:	88016;
	1560	:	502f4;
	1561	:	664a22;
	1562	:	5b4c23;
	1563	:	515a2d;
	1564	:	497844;
	1565	:	3d7e48;
	1566	:	357a44;
	1567	:	2e723f;
	1568	:	3c7c4a;
	1569	:	3e7c49;
	1570	:	3c7a47;
	1571	:	3e7a46;
	1572	:	2e6d38;
	1573	:	397945;
	1574	:	3a804a;
	1575	:	357e47;
	1576	:	3a804a;
	1577	:	296e38;
	1578	:	377c46;
	1579	:	377c46;
	1580	:	367d45;
	1581	:	387f47;
	1582	:	3a8149;
	1583	:	347b43;
	1584	:	387f47;
	1585	:	387f47;
	1586	:	387f47;
	1587	:	387f47;
	1588	:	387f47;
	1589	:	387f47;
	1590	:	387f47;
	1591	:	387f47;
	1592	:	368045;
	1593	:	368045;
	1594	:	368045;
	1595	:	368045;
	1596	:	387f45;
	1597	:	387f47;
	1598	:	367f47;
	1599	:	367f47;
	1600	:	367f47;
	1601	:	367f47;
	1602	:	358048;
	1603	:	358048;
	1604	:	367f48;
	1605	:	367f48;
	1606	:	367f48;
	1607	:	367f48;
	1608	:	387f47;
	1609	:	387f45;
	1610	:	387f45;
	1611	:	387f45;
	1612	:	387f45;
	1613	:	387f45;
	1614	:	397e45;
	1615	:	3a7e45;
	1616	:	3d7e46;
	1617	:	3d7e46;
	1618	:	397e45;
	1619	:	377e44;
	1620	:	347e43;
	1621	:	377e44;
	1622	:	387d44;
	1623	:	387d46;
	1624	:	3a8149;
	1625	:	3a8149;
	1626	:	3a7f48;
	1627	:	397e47;
	1628	:	3a7d47;
	1629	:	3a7d47;
	1630	:	3a7d47;
	1631	:	3a7f48;
	1632	:	357c44;
	1633	:	347d45;
	1634	:	387f47;
	1635	:	397e47;
	1636	:	3d7e48;
	1637	:	3d7e48;
	1638	:	387b45;
	1639	:	398048;
	1640	:	317f45;
	1641	:	338048;
	1642	:	347a44;
	1643	:	3c814b;
	1644	:	3a7f48;
	1645	:	3b783f;
	1646	:	39662f;
	1647	:	47622b;
	1648	:	525b24;
	1649	:	57501a;
	1650	:	624e1c;
	1651	:	694a1c;
	1652	:	6b4520;
	1653	:	6028d;
	1654	:	6f1b10;
	1655	:	77df;
	1656	:	7d511;
	1657	:	82115;
	1658	:	83216;
	1659	:	86217;
	1660	:	86217;
	1661	:	85015;
	1662	:	88016;
	1663	:	89117;
	1664	:	89016;
	1665	:	89016;
	1666	:	88016;
	1667	:	88016;
	1668	:	88016;
	1669	:	88016;
	1670	:	86116;
	1671	:	86116;
	1672	:	88016;
	1673	:	88016;
	1674	:	88016;
	1675	:	88016;
	1676	:	88016;
	1677	:	88016;
	1678	:	88016;
	1679	:	88016;
	1680	:	572c9;
	1681	:	694923;
	1682	:	594d25;
	1683	:	4b5e30;
	1684	:	407944;
	1685	:	317c43;
	1686	:	317741;
	1687	:	317743;
	1688	:	337e46;
	1689	:	337e46;
	1690	:	3c814a;
	1691	:	2a6d37;
	1692	:	387943;
	1693	:	3b7e48;
	1694	:	367b44;
	1695	:	3a8149;
	1696	:	286f37;
	1697	:	347b43;
	1698	:	398048;
	1699	:	3c834b;
	1700	:	387f47;
	1701	:	398048;
	1702	:	357c44;
	1703	:	3a8149;
	1704	:	387f47;
	1705	:	387f47;
	1706	:	387f47;
	1707	:	387f47;
	1708	:	387f47;
	1709	:	387f47;
	1710	:	387f47;
	1711	:	387f47;
	1712	:	387f47;
	1713	:	387f47;
	1714	:	397e47;
	1715	:	397e48;
	1716	:	397e48;
	1717	:	397e47;
	1718	:	397e47;
	1719	:	397e47;
	1720	:	387f47;
	1721	:	387f47;
	1722	:	387f47;
	1723	:	387f47;
	1724	:	397e47;
	1725	:	397e47;
	1726	:	3a7d47;
	1727	:	397e47;
	1728	:	358048;
	1729	:	358048;
	1730	:	397e47;
	1731	:	3a7d47;
	1732	:	397e47;
	1733	:	387f47;
	1734	:	387f47;
	1735	:	387f47;
	1736	:	3b7e48;
	1737	:	3c7c48;
	1738	:	3c7c48;
	1739	:	397e48;
	1740	:	367f48;
	1741	:	378049;
	1742	:	397f49;
	1743	:	3a8149;
	1744	:	367d45;
	1745	:	377e46;
	1746	:	387d46;
	1747	:	397e47;
	1748	:	3b7e48;
	1749	:	397e47;
	1750	:	377e46;
	1751	:	357e46;
	1752	:	398449;
	1753	:	358045;
	1754	:	337d42;
	1755	:	368045;
	1756	:	388247;
	1757	:	378146;
	1758	:	378146;
	1759	:	347f46;
	1760	:	35824a;
	1761	:	367f48;
	1762	:	3a7d48;
	1763	:	397945;
	1764	:	3e814c;
	1765	:	3c7f49;
	1766	:	3e7f49;
	1767	:	3e7845;
	1768	:	356533;
	1769	:	446435;
	1770	:	4d5a2e;
	1771	:	595029;
	1772	:	6a4624;
	1773	:	794424;
	1774	:	602a8;
	1775	:	681d8;
	1776	:	7bc12;
	1777	:	83216;
	1778	:	82115;
	1779	:	85116;
	1780	:	86217;
	1781	:	86116;
	1782	:	88016;
	1783	:	89117;
	1784	:	88016;
	1785	:	88016;
	1786	:	88016;
	1787	:	88016;
	1788	:	88016;
	1789	:	88016;
	1790	:	86116;
	1791	:	86116;
	1792	:	88016;
	1793	:	88016;
	1794	:	88016;
	1795	:	88016;
	1796	:	88016;
	1797	:	88016;
	1798	:	88016;
	1799	:	88016;
	1800	:	592d8;
	1801	:	694923;
	1802	:	595027;
	1803	:	4b6132;
	1804	:	3b783f;
	1805	:	28763c;
	1806	:	317741;
	1807	:	3b814d;
	1808	:	35824a;
	1809	:	328148;
	1810	:	236c34;
	1811	:	377c43;
	1812	:	3c8148;
	1813	:	387d44;
	1814	:	3b8049;
	1815	:	276c35;
	1816	:	367d45;
	1817	:	3b824a;
	1818	:	367d45;
	1819	:	377e46;
	1820	:	398048;
	1821	:	367d45;
	1822	:	3b824a;
	1823	:	357c44;
	1824	:	387f47;
	1825	:	387f47;
	1826	:	387f47;
	1827	:	387f47;
	1828	:	387f47;
	1829	:	387f47;
	1830	:	387f47;
	1831	:	387f47;
	1832	:	397e48;
	1833	:	397e48;
	1834	:	397e48;
	1835	:	397e48;
	1836	:	397e48;
	1837	:	397e48;
	1838	:	397e47;
	1839	:	397e47;
	1840	:	397e47;
	1841	:	397e47;
	1842	:	397e47;
	1843	:	397e47;
	1844	:	397e45;
	1845	:	3a7e45;
	1846	:	3a7e45;
	1847	:	397e47;
	1848	:	358048;
	1849	:	358048;
	1850	:	397e48;
	1851	:	3a7d48;
	1852	:	397e48;
	1853	:	387e48;
	1854	:	367f48;
	1855	:	367f48;
	1856	:	397e48;
	1857	:	3a7d48;
	1858	:	3a7d48;
	1859	:	3a7f49;
	1860	:	378049;
	1861	:	367f48;
	1862	:	357e47;
	1863	:	367f48;
	1864	:	387f47;
	1865	:	387f47;
	1866	:	397e47;
	1867	:	397e47;
	1868	:	3a7f48;
	1869	:	397e47;
	1870	:	367f47;
	1871	:	358047;
	1872	:	337e43;
	1873	:	368146;
	1874	:	347f44;
	1875	:	378247;
	1876	:	328044;
	1877	:	307e42;
	1878	:	378247;
	1879	:	337e45;
	1880	:	338048;
	1881	:	357e47;
	1882	:	3d7d49;
	1883	:	3e7e4a;
	1884	:	367b45;
	1885	:	347d46;
	1886	:	357f4a;
	1887	:	377f4d;
	1888	:	3a7c4c;
	1889	:	3f7748;
	1890	:	3d663a;
	1891	:	495a30;
	1892	:	5f4f2b;
	1893	:	6a4721;
	1894	:	6e471c;
	1895	:	622a9;
	1896	:	721911;
	1897	:	7bc13;
	1898	:	81213;
	1899	:	85015;
	1900	:	86217;
	1901	:	87217;
	1902	:	86116;
	1903	:	86114;
	1904	:	86116;
	1905	:	88016;
	1906	:	89016;
	1907	:	89016;
	1908	:	88016;
	1909	:	86116;
	1910	:	86116;
	1911	:	86116;
	1912	:	88016;
	1913	:	88016;
	1914	:	88016;
	1915	:	88016;
	1916	:	88016;
	1917	:	88016;
	1918	:	88016;
	1919	:	88016;
	1920	:	5a2c8;
	1921	:	67451f;
	1922	:	5e5228;
	1923	:	4b5e30;
	1924	:	336a33;
	1925	:	347b43;
	1926	:	3c814b;
	1927	:	387c49;
	1928	:	378049;
	1929	:	246d36;
	1930	:	398048;
	1931	:	377e46;
	1932	:	377e46;
	1933	:	3b8049;
	1934	:	256a34;
	1935	:	3a7f49;
	1936	:	387f47;
	1937	:	387f47;
	1938	:	387f47;
	1939	:	387f47;
	1940	:	387f47;
	1941	:	387f47;
	1942	:	387f47;
	1943	:	387f47;
	1944	:	387f47;
	1945	:	387f47;
	1946	:	387f47;
	1947	:	387f47;
	1948	:	387f47;
	1949	:	387f47;
	1950	:	387f47;
	1951	:	387f47;
	1952	:	387f47;
	1953	:	387f47;
	1954	:	387f47;
	1955	:	397e47;
	1956	:	397e47;
	1957	:	397e47;
	1958	:	397e47;
	1959	:	387f47;
	1960	:	387f47;
	1961	:	387f47;
	1962	:	387f47;
	1963	:	387f47;
	1964	:	387f47;
	1965	:	397e47;
	1966	:	397e47;
	1967	:	387f47;
	1968	:	367f47;
	1969	:	367f47;
	1970	:	387f47;
	1971	:	397e47;
	1972	:	387f47;
	1973	:	387f47;
	1974	:	387f47;
	1975	:	387f47;
	1976	:	387f47;
	1977	:	397e47;
	1978	:	397e47;
	1979	:	387f47;
	1980	:	387f47;
	1981	:	387f47;
	1982	:	387f47;
	1983	:	387f47;
	1984	:	387f47;
	1985	:	387f47;
	1986	:	387f47;
	1987	:	387f47;
	1988	:	387f47;
	1989	:	387f47;
	1990	:	387f47;
	1991	:	367f47;
	1992	:	367f47;
	1993	:	367f47;
	1994	:	367f47;
	1995	:	367f47;
	1996	:	367f47;
	1997	:	367f47;
	1998	:	367f47;
	1999	:	367f47;
	2000	:	338147;
	2001	:	358047;
	2002	:	387f47;
	2003	:	397e47;
	2004	:	367f47;
	2005	:	358048;
	2006	:	357f4a;
	2007	:	387e4a;
	2008	:	3a7d4a;
	2009	:	3e7c4b;
	2010	:	3e7a47;
	2011	:	356533;
	2012	:	465e2e;
	2013	:	585427;
	2014	:	69461e;
	2015	:	784321;
	2016	:	62279;
	2017	:	711f11;
	2018	:	7e6f;
	2019	:	89014;
	2020	:	89119;
	2021	:	86018;
	2022	:	87215;
	2023	:	84111;
	2024	:	83214;
	2025	:	86116;
	2026	:	8c018;
	2027	:	8c018;
	2028	:	89016;
	2029	:	86114;
	2030	:	86116;
	2031	:	86116;
	2032	:	88016;
	2033	:	88016;
	2034	:	88016;
	2035	:	88016;
	2036	:	88016;
	2037	:	88016;
	2038	:	88016;
	2039	:	88016;
	2040	:	572a3;
	2041	:	6d4c23;
	2042	:	584c22;
	2043	:	495b2b;
	2044	:	487d47;
	2045	:	387d46;
	2046	:	3b7e49;
	2047	:	377b48;
	2048	:	266c36;
	2049	:	387e48;
	2050	:	398048;
	2051	:	398048;
	2052	:	387f47;
	2053	:	2a7139;
	2054	:	387d47;
	2055	:	387d47;
	2056	:	387f47;
	2057	:	387f47;
	2058	:	387f47;
	2059	:	387f47;
	2060	:	387f47;
	2061	:	387f47;
	2062	:	387f47;
	2063	:	387f47;
	2064	:	387f47;
	2065	:	387f47;
	2066	:	387f47;
	2067	:	387f47;
	2068	:	387f47;
	2069	:	387f47;
	2070	:	387f47;
	2071	:	387f47;
	2072	:	387f47;
	2073	:	387f47;
	2074	:	387f47;
	2075	:	387f47;
	2076	:	387f47;
	2077	:	387f47;
	2078	:	387f47;
	2079	:	387f47;
	2080	:	387f47;
	2081	:	387f47;
	2082	:	387f47;
	2083	:	387f47;
	2084	:	387f47;
	2085	:	387f47;
	2086	:	387f47;
	2087	:	387f47;
	2088	:	387f47;
	2089	:	387f47;
	2090	:	387f47;
	2091	:	387f47;
	2092	:	387f47;
	2093	:	387f47;
	2094	:	387f47;
	2095	:	387f47;
	2096	:	387f47;
	2097	:	387f47;
	2098	:	387f47;
	2099	:	387f47;
	2100	:	387f47;
	2101	:	387f47;
	2102	:	387f47;
	2103	:	387f47;
	2104	:	387f47;
	2105	:	387f47;
	2106	:	387f47;
	2107	:	387f47;
	2108	:	387f47;
	2109	:	387f47;
	2110	:	387f47;
	2111	:	387f47;
	2112	:	387f47;
	2113	:	387f47;
	2114	:	387f47;
	2115	:	387f47;
	2116	:	387f47;
	2117	:	387f47;
	2118	:	387f47;
	2119	:	367f47;
	2120	:	358047;
	2121	:	358047;
	2122	:	387f47;
	2123	:	387f47;
	2124	:	358047;
	2125	:	358047;
	2126	:	367f48;
	2127	:	387e4a;
	2128	:	377a47;
	2129	:	3d804b;
	2130	:	367d45;
	2131	:	3d7e46;
	2132	:	376830;
	2133	:	475b28;
	2134	:	614e24;
	2135	:	6e4720;
	2136	:	724820;
	2137	:	61216;
	2138	:	76aa;
	2139	:	88515;
	2140	:	83013;
	2141	:	89117;
	2142	:	86112;
	2143	:	86313;
	2144	:	83214;
	2145	:	86116;
	2146	:	8c018;
	2147	:	8c018;
	2148	:	89016;
	2149	:	86114;
	2150	:	85116;
	2151	:	85116;
	2152	:	86116;
	2153	:	88016;
	2154	:	88016;
	2155	:	88016;
	2156	:	88016;
	2157	:	88016;
	2158	:	88016;
	2159	:	88016;
	2160	:	572a3;
	2161	:	6c4b22;
	2162	:	5c5026;
	2163	:	495b2b;
	2164	:	437842;
	2165	:	387d46;
	2166	:	3b7e49;
	2167	:	296c39;
	2168	:	3a7f49;
	2169	:	377d47;
	2170	:	3a8149;
	2171	:	357c44;
	2172	:	256c34;
	2173	:	367d45;
	2174	:	3b804a;
	2175	:	357a44;
	2176	:	387f47;
	2177	:	387f47;
	2178	:	387f47;
	2179	:	387f47;
	2180	:	387f47;
	2181	:	387f47;
	2182	:	387f47;
	2183	:	387f47;
	2184	:	387f47;
	2185	:	387f47;
	2186	:	387f47;
	2187	:	387f47;
	2188	:	387f47;
	2189	:	387f47;
	2190	:	387f47;
	2191	:	387f47;
	2192	:	387f47;
	2193	:	387f47;
	2194	:	387f47;
	2195	:	387f47;
	2196	:	387f47;
	2197	:	387f47;
	2198	:	387f47;
	2199	:	387f47;
	2200	:	387f47;
	2201	:	387f47;
	2202	:	387f47;
	2203	:	387f47;
	2204	:	387f47;
	2205	:	387f47;
	2206	:	387f47;
	2207	:	387f47;
	2208	:	387f47;
	2209	:	387f47;
	2210	:	387f47;
	2211	:	387f47;
	2212	:	387f47;
	2213	:	387f47;
	2214	:	387f47;
	2215	:	387f47;
	2216	:	387f47;
	2217	:	387f47;
	2218	:	387f47;
	2219	:	387f47;
	2220	:	387f47;
	2221	:	387f47;
	2222	:	387f47;
	2223	:	387f47;
	2224	:	387f47;
	2225	:	387f47;
	2226	:	387f47;
	2227	:	387f47;
	2228	:	387f47;
	2229	:	387f47;
	2230	:	387f47;
	2231	:	387f47;
	2232	:	387f47;
	2233	:	387f47;
	2234	:	387f47;
	2235	:	387f47;
	2236	:	387f47;
	2237	:	387f47;
	2238	:	387f47;
	2239	:	387f47;
	2240	:	387e48;
	2241	:	397e48;
	2242	:	3a7d47;
	2243	:	397e47;
	2244	:	367f47;
	2245	:	358047;
	2246	:	367f48;
	2247	:	387e48;
	2248	:	3c7f4c;
	2249	:	387b48;
	2250	:	378049;
	2251	:	398046;
	2252	:	407b41;
	2253	:	3f642e;
	2254	:	565c2c;
	2255	:	5d4a20;
	2256	:	6a441d;
	2257	:	6629d;
	2258	:	761c13;
	2259	:	798e;
	2260	:	86315;
	2261	:	87014;
	2262	:	87013;
	2263	:	85214;
	2264	:	85116;
	2265	:	86018;
	2266	:	89019;
	2267	:	8a018;
	2268	:	8a014;
	2269	:	88014;
	2270	:	86116;
	2271	:	86018;
	2272	:	88016;
	2273	:	88016;
	2274	:	88016;
	2275	:	88016;
	2276	:	88016;
	2277	:	88016;
	2278	:	88016;
	2279	:	88016;
	2280	:	592c5;
	2281	:	69481f;
	2282	:	5a4e24;
	2283	:	506232;
	2284	:	40753f;
	2285	:	3d824b;
	2286	:	276a35;
	2287	:	3b7f4c;
	2288	:	387e48;
	2289	:	3a804a;
	2290	:	347b43;
	2291	:	2c733b;
	2292	:	398048;
	2293	:	347b43;
	2294	:	3a7f49;
	2295	:	3a7f49;
	2296	:	387f47;
	2297	:	387f47;
	2298	:	387f47;
	2299	:	387f47;
	2300	:	387f47;
	2301	:	387f47;
	2302	:	387f47;
	2303	:	387f47;
	2304	:	387f47;
	2305	:	387f47;
	2306	:	387f47;
	2307	:	387f47;
	2308	:	387f47;
	2309	:	387f47;
	2310	:	387f47;
	2311	:	387f47;
	2312	:	387f47;
	2313	:	387f47;
	2314	:	387f47;
	2315	:	387f47;
	2316	:	387f47;
	2317	:	387f47;
	2318	:	387f47;
	2319	:	387f47;
	2320	:	387f47;
	2321	:	387f47;
	2322	:	387f47;
	2323	:	387f47;
	2324	:	387f47;
	2325	:	387f47;
	2326	:	387f47;
	2327	:	387f47;
	2328	:	387f47;
	2329	:	387f47;
	2330	:	387f47;
	2331	:	387f47;
	2332	:	387f47;
	2333	:	387f47;
	2334	:	387f47;
	2335	:	387f47;
	2336	:	387f47;
	2337	:	387f47;
	2338	:	387f47;
	2339	:	387f47;
	2340	:	387f47;
	2341	:	387f47;
	2342	:	387f47;
	2343	:	387f47;
	2344	:	387f47;
	2345	:	387f47;
	2346	:	387f47;
	2347	:	387f47;
	2348	:	387f47;
	2349	:	387f47;
	2350	:	387f47;
	2351	:	387f47;
	2352	:	387f47;
	2353	:	387f47;
	2354	:	387f47;
	2355	:	387f47;
	2356	:	387f47;
	2357	:	387f47;
	2358	:	387f47;
	2359	:	397e47;
	2360	:	3a7d48;
	2361	:	3a7d48;
	2362	:	3c7d47;
	2363	:	3a7d47;
	2364	:	367f47;
	2365	:	358047;
	2366	:	367f47;
	2367	:	387e48;
	2368	:	3d804b;
	2369	:	397c47;
	2370	:	347d45;
	2371	:	368045;
	2372	:	3c8045;
	2373	:	43793f;
	2374	:	42602c;
	2375	:	535526;
	2376	:	6d4d26;
	2377	:	784123;
	2378	:	6b2410;
	2379	:	6d109;
	2380	:	83712;
	2381	:	8c116;
	2382	:	8a216;
	2383	:	84014;
	2384	:	85116;
	2385	:	86116;
	2386	:	89018;
	2387	:	89018;
	2388	:	88014;
	2389	:	88014;
	2390	:	86116;
	2391	:	86018;
	2392	:	88016;
	2393	:	88016;
	2394	:	88016;
	2395	:	88016;
	2396	:	88016;
	2397	:	88016;
	2398	:	88016;
	2399	:	88016;
	2400	:	572a3;
	2401	:	6c4b22;
	2402	:	574e23;
	2403	:	485c2b;
	2404	:	487d47;
	2405	:	256a33;
	2406	:	3c7f4a;
	2407	:	3c7f4a;
	2408	:	357a44;
	2409	:	3b814b;
	2410	:	266d35;
	2411	:	367d45;
	2412	:	3b824a;
	2413	:	377e46;
	2414	:	397e48;
	2415	:	3a7f49;
	2416	:	387f47;
	2417	:	387f47;
	2418	:	387f47;
	2419	:	387f47;
	2420	:	387f47;
	2421	:	387f47;
	2422	:	387f47;
	2423	:	387f47;
	2424	:	387f47;
	2425	:	387f47;
	2426	:	387f47;
	2427	:	387f47;
	2428	:	387f47;
	2429	:	387f47;
	2430	:	387f47;
	2431	:	387f47;
	2432	:	387f47;
	2433	:	387f47;
	2434	:	387f47;
	2435	:	387f47;
	2436	:	387f47;
	2437	:	387f47;
	2438	:	387f47;
	2439	:	387f47;
	2440	:	387f47;
	2441	:	387f47;
	2442	:	387f47;
	2443	:	387f47;
	2444	:	387f47;
	2445	:	387f47;
	2446	:	387f47;
	2447	:	387f47;
	2448	:	387f47;
	2449	:	387f47;
	2450	:	387f47;
	2451	:	387f47;
	2452	:	387f47;
	2453	:	387f47;
	2454	:	387f47;
	2455	:	387f47;
	2456	:	387f47;
	2457	:	387f47;
	2458	:	387f47;
	2459	:	387f47;
	2460	:	387f47;
	2461	:	387f47;
	2462	:	387f47;
	2463	:	387f47;
	2464	:	387f47;
	2465	:	387f47;
	2466	:	387f47;
	2467	:	387f47;
	2468	:	387f47;
	2469	:	387f47;
	2470	:	387f47;
	2471	:	387f47;
	2472	:	387f47;
	2473	:	387f47;
	2474	:	387f47;
	2475	:	387f47;
	2476	:	387f47;
	2477	:	387f47;
	2478	:	387f47;
	2479	:	397e47;
	2480	:	3a7d48;
	2481	:	3c7c48;
	2482	:	3d7c47;
	2483	:	3a7d47;
	2484	:	368045;
	2485	:	358047;
	2486	:	358047;
	2487	:	367f48;
	2488	:	397c47;
	2489	:	3a7d48;
	2490	:	388149;
	2491	:	358047;
	2492	:	347f44;
	2493	:	3a7e43;
	2494	:	356a32;
	2495	:	485e2d;
	2496	:	624c25;
	2497	:	6e401e;
	2498	:	59287;
	2499	:	6b22f;
	2500	:	783b;
	2501	:	89014;
	2502	:	87015;
	2503	:	88318;
	2504	:	86116;
	2505	:	88018;
	2506	:	8c019;
	2507	:	8a018;
	2508	:	85212;
	2509	:	83312;
	2510	:	88016;
	2511	:	89018;
	2512	:	88016;
	2513	:	88016;
	2514	:	88016;
	2515	:	88016;
	2516	:	88016;
	2517	:	88016;
	2518	:	88016;
	2519	:	88016;
	2520	:	5a2d6;
	2521	:	69481f;
	2522	:	5c5328;
	2523	:	4a5e2d;
	2524	:	326731;
	2525	:	377c43;
	2526	:	3d804a;
	2527	:	357a44;
	2528	:	3a804a;
	2529	:	286e38;
	2530	:	367d45;
	2531	:	367d45;
	2532	:	367d45;
	2533	:	387f47;
	2534	:	3b804a;
	2535	:	357a44;
	2536	:	387f47;
	2537	:	387f47;
	2538	:	387f47;
	2539	:	387f47;
	2540	:	387f47;
	2541	:	387f47;
	2542	:	387f47;
	2543	:	387f47;
	2544	:	387f47;
	2545	:	387f47;
	2546	:	387f47;
	2547	:	387f47;
	2548	:	387f47;
	2549	:	387f47;
	2550	:	387f47;
	2551	:	387f47;
	2552	:	387f47;
	2553	:	387f47;
	2554	:	387f47;
	2555	:	387f47;
	2556	:	387f47;
	2557	:	387f47;
	2558	:	387f47;
	2559	:	387f47;
	2560	:	387f47;
	2561	:	387f47;
	2562	:	387f47;
	2563	:	387f47;
	2564	:	387f47;
	2565	:	387f47;
	2566	:	387f47;
	2567	:	387f47;
	2568	:	387f47;
	2569	:	387f47;
	2570	:	387f47;
	2571	:	387f47;
	2572	:	387f47;
	2573	:	387f47;
	2574	:	387f47;
	2575	:	387f47;
	2576	:	387f47;
	2577	:	387f47;
	2578	:	387f47;
	2579	:	387f47;
	2580	:	387f47;
	2581	:	387f47;
	2582	:	387f47;
	2583	:	387f47;
	2584	:	387f47;
	2585	:	387f47;
	2586	:	387f47;
	2587	:	387f47;
	2588	:	387f47;
	2589	:	387f47;
	2590	:	387f47;
	2591	:	387f47;
	2592	:	387f47;
	2593	:	387f47;
	2594	:	387f47;
	2595	:	387f47;
	2596	:	387f47;
	2597	:	387f47;
	2598	:	387f47;
	2599	:	387f47;
	2600	:	397e48;
	2601	:	3a7d48;
	2602	:	3c7d47;
	2603	:	3a7d47;
	2604	:	368045;
	2605	:	358045;
	2606	:	358047;
	2607	:	367f47;
	2608	:	3a7f48;
	2609	:	397c47;
	2610	:	398048;
	2611	:	347f46;
	2612	:	348449;
	2613	:	2f7d41;
	2614	:	397d42;
	2615	:	38602c;
	2616	:	595228;
	2617	:	6b4924;
	2618	:	6d481e;
	2619	:	6528b;
	2620	:	7610e;
	2621	:	7f1f;
	2622	:	81012;
	2623	:	8a21a;
	2624	:	88016;
	2625	:	89018;
	2626	:	8c018;
	2627	:	8a018;
	2628	:	83312;
	2629	:	83312;
	2630	:	89016;
	2631	:	8a018;
	2632	:	89016;
	2633	:	88016;
	2634	:	88016;
	2635	:	88016;
	2636	:	88016;
	2637	:	88016;
	2638	:	88016;
	2639	:	88016;
	2640	:	582c5;
	2641	:	694920;
	2642	:	574e23;
	2643	:	495d2c;
	2644	:	437842;
	2645	:	3d824b;
	2646	:	377a45;
	2647	:	3b7e49;
	2648	:	296e38;
	2649	:	347a44;
	2650	:	398048;
	2651	:	3c834b;
	2652	:	387f47;
	2653	:	398048;
	2654	:	357b45;
	2655	:	3a804a;
	2656	:	387f47;
	2657	:	387f47;
	2658	:	387f47;
	2659	:	387f47;
	2660	:	387f47;
	2661	:	387f47;
	2662	:	387f47;
	2663	:	387f47;
	2664	:	387f47;
	2665	:	387f47;
	2666	:	387f47;
	2667	:	387f47;
	2668	:	387f47;
	2669	:	387f47;
	2670	:	387f47;
	2671	:	387f47;
	2672	:	387f47;
	2673	:	387f47;
	2674	:	387f47;
	2675	:	387f47;
	2676	:	387f47;
	2677	:	387f47;
	2678	:	387f47;
	2679	:	387f47;
	2680	:	387f47;
	2681	:	387f47;
	2682	:	387f47;
	2683	:	387f47;
	2684	:	387f47;
	2685	:	387f47;
	2686	:	387f47;
	2687	:	387f47;
	2688	:	387f47;
	2689	:	387f47;
	2690	:	387f47;
	2691	:	387f47;
	2692	:	387f47;
	2693	:	387f47;
	2694	:	387f47;
	2695	:	387f47;
	2696	:	387f47;
	2697	:	387f47;
	2698	:	387f47;
	2699	:	387f47;
	2700	:	387f47;
	2701	:	387f47;
	2702	:	387f47;
	2703	:	387f47;
	2704	:	387f47;
	2705	:	387f47;
	2706	:	387f47;
	2707	:	387f47;
	2708	:	387f47;
	2709	:	387f47;
	2710	:	387f47;
	2711	:	387f47;
	2712	:	387f47;
	2713	:	387f47;
	2714	:	387f47;
	2715	:	387f47;
	2716	:	387f47;
	2717	:	387f47;
	2718	:	387f47;
	2719	:	387f47;
	2720	:	367f48;
	2721	:	387e48;
	2722	:	397e47;
	2723	:	397e47;
	2724	:	358045;
	2725	:	338145;
	2726	:	338145;
	2727	:	358047;
	2728	:	3b8049;
	2729	:	3b7e48;
	2730	:	337841;
	2731	:	3a834b;
	2732	:	307e44;
	2733	:	37854b;
	2734	:	378048;
	2735	:	376936;
	2736	:	4e592e;
	2737	:	604e26;
	2738	:	6f4a1e;
	2739	:	5e231;
	2740	:	6f1d11;
	2741	:	75c11;
	2742	:	84518;
	2743	:	89019;
	2744	:	8a018;
	2745	:	8a018;
	2746	:	8a018;
	2747	:	88016;
	2748	:	83312;
	2749	:	83312;
	2750	:	89018;
	2751	:	8a018;
	2752	:	89016;
	2753	:	88016;
	2754	:	88016;
	2755	:	88016;
	2756	:	88016;
	2757	:	88016;
	2758	:	88016;
	2759	:	88016;
	2760	:	582c5;
	2761	:	694920;
	2762	:	595025;
	2763	:	4b5f2e;
	2764	:	447943;
	2765	:	387d44;
	2766	:	3a7d47;
	2767	:	296e38;
	2768	:	367c46;
	2769	:	3b814b;
	2770	:	367d45;
	2771	:	377e46;
	2772	:	398048;
	2773	:	367d45;
	2774	:	3b814b;
	2775	:	357b45;
	2776	:	387f47;
	2777	:	387f47;
	2778	:	387f47;
	2779	:	387f47;
	2780	:	387f47;
	2781	:	387f47;
	2782	:	387f47;
	2783	:	387f47;
	2784	:	387f47;
	2785	:	387f47;
	2786	:	387f47;
	2787	:	387f47;
	2788	:	387f47;
	2789	:	387f47;
	2790	:	387f47;
	2791	:	387f47;
	2792	:	387f47;
	2793	:	387f47;
	2794	:	387f47;
	2795	:	387f47;
	2796	:	387f47;
	2797	:	387f47;
	2798	:	387f47;
	2799	:	387f47;
	2800	:	387f47;
	2801	:	387f47;
	2802	:	387f47;
	2803	:	387f47;
	2804	:	387f47;
	2805	:	387f47;
	2806	:	387f47;
	2807	:	387f47;
	2808	:	387f47;
	2809	:	387f47;
	2810	:	387f47;
	2811	:	387f47;
	2812	:	387f47;
	2813	:	387f47;
	2814	:	387f47;
	2815	:	387f47;
	2816	:	387f47;
	2817	:	387f47;
	2818	:	387f47;
	2819	:	387f47;
	2820	:	387f47;
	2821	:	387f47;
	2822	:	387f47;
	2823	:	387f47;
	2824	:	387f47;
	2825	:	387f47;
	2826	:	387f47;
	2827	:	387f47;
	2828	:	387f47;
	2829	:	387f47;
	2830	:	387f47;
	2831	:	387f47;
	2832	:	387f47;
	2833	:	387f47;
	2834	:	387f47;
	2835	:	387f47;
	2836	:	387f47;
	2837	:	387f47;
	2838	:	387f47;
	2839	:	367f47;
	2840	:	358048;
	2841	:	367f48;
	2842	:	387f47;
	2843	:	387f47;
	2844	:	358045;
	2845	:	338145;
	2846	:	338145;
	2847	:	358045;
	2848	:	387f47;
	2849	:	377c45;
	2850	:	3d824b;
	2851	:	357c44;
	2852	:	347f47;
	2853	:	368149;
	2854	:	357e47;
	2855	:	407a47;
	2856	:	445f32;
	2857	:	555225;
	2858	:	684618;
	2859	:	7e4720;
	2860	:	6322c;
	2861	:	6911d;
	2862	:	80716;
	2863	:	88018;
	2864	:	8c018;
	2865	:	8c018;
	2866	:	89018;
	2867	:	88016;
	2868	:	85212;
	2869	:	85212;
	2870	:	89018;
	2871	:	8a018;
	2872	:	89016;
	2873	:	88016;
	2874	:	88016;
	2875	:	88016;
	2876	:	88016;
	2877	:	88016;
	2878	:	88016;
	2879	:	88016;
	2880	:	562a3;
	2881	:	6c4c23;
	2882	:	574e23;
	2883	:	4b5f2e;
	2884	:	477c46;
	2885	:	357a43;
	2886	:	2a6f39;
	2887	:	397e48;
	2888	:	387e48;
	2889	:	387e48;
	2890	:	387f47;
	2891	:	387f45;
	2892	:	387f47;
	2893	:	387f47;
	2894	:	387e48;
	2895	:	387e48;
	2896	:	387f47;
	2897	:	387f47;
	2898	:	387f47;
	2899	:	387f47;
	2900	:	387f47;
	2901	:	387f47;
	2902	:	387f47;
	2903	:	387f47;
	2904	:	387f47;
	2905	:	387f47;
	2906	:	387f47;
	2907	:	387f47;
	2908	:	387f47;
	2909	:	387f47;
	2910	:	387f47;
	2911	:	387f47;
	2912	:	387f47;
	2913	:	387f47;
	2914	:	387f47;
	2915	:	387f47;
	2916	:	387f47;
	2917	:	387f47;
	2918	:	387f47;
	2919	:	387f47;
	2920	:	387f47;
	2921	:	387f47;
	2922	:	387f47;
	2923	:	387f47;
	2924	:	387f47;
	2925	:	387f47;
	2926	:	387f47;
	2927	:	387f47;
	2928	:	387f47;
	2929	:	387f47;
	2930	:	387f47;
	2931	:	387f47;
	2932	:	387f47;
	2933	:	387f47;
	2934	:	387f47;
	2935	:	387f47;
	2936	:	387f47;
	2937	:	387f47;
	2938	:	387f47;
	2939	:	387f47;
	2940	:	387f47;
	2941	:	387f47;
	2942	:	387f47;
	2943	:	387f47;
	2944	:	387f47;
	2945	:	387f47;
	2946	:	387f47;
	2947	:	387f47;
	2948	:	387f47;
	2949	:	387f47;
	2950	:	387f47;
	2951	:	387f47;
	2952	:	387f47;
	2953	:	387f47;
	2954	:	387f47;
	2955	:	387f47;
	2956	:	387f47;
	2957	:	387f47;
	2958	:	387f47;
	2959	:	367f47;
	2960	:	358047;
	2961	:	358047;
	2962	:	387f47;
	2963	:	387f47;
	2964	:	367f47;
	2965	:	358047;
	2966	:	338145;
	2967	:	358045;
	2968	:	387f45;
	2969	:	397e45;
	2970	:	397e47;
	2971	:	397e47;
	2972	:	387e48;
	2973	:	387e4a;
	2974	:	397d4a;
	2975	:	3f7b48;
	2976	:	396534;
	2977	:	4d5b2a;
	2978	:	6a4e1e;
	2979	:	734219;
	2980	:	5d2ab;
	2981	:	682012;
	2982	:	78814;
	2983	:	88018;
	2984	:	8a018;
	2985	:	8c018;
	2986	:	89016;
	2987	:	86116;
	2988	:	86112;
	2989	:	88014;
	2990	:	89018;
	2991	:	89019;
	2992	:	88018;
	2993	:	88016;
	2994	:	88016;
	2995	:	88016;
	2996	:	88016;
	2997	:	88016;
	2998	:	88016;
	2999	:	88016;
	3000	:	592d6;
	3001	:	66461d;
	3002	:	5d5429;
	3003	:	485c2b;
	3004	:	3f743e;
	3005	:	2e733a;
	3006	:	367b44;
	3007	:	397e48;
	3008	:	387e48;
	3009	:	387f47;
	3010	:	387f45;
	3011	:	387f45;
	3012	:	387f47;
	3013	:	387f47;
	3014	:	387e48;
	3015	:	387e48;
	3016	:	387f47;
	3017	:	387f47;
	3018	:	387f47;
	3019	:	387f47;
	3020	:	387f47;
	3021	:	387f47;
	3022	:	387f47;
	3023	:	387f47;
	3024	:	387f47;
	3025	:	387f47;
	3026	:	387f47;
	3027	:	387f47;
	3028	:	387f47;
	3029	:	387f47;
	3030	:	387f47;
	3031	:	387f47;
	3032	:	387f47;
	3033	:	387f47;
	3034	:	387f47;
	3035	:	387f47;
	3036	:	387f47;
	3037	:	387f47;
	3038	:	387f47;
	3039	:	387f47;
	3040	:	387f47;
	3041	:	387f47;
	3042	:	387f47;
	3043	:	387f47;
	3044	:	387f47;
	3045	:	387f47;
	3046	:	387f47;
	3047	:	387f47;
	3048	:	387f47;
	3049	:	387f47;
	3050	:	387f47;
	3051	:	387f47;
	3052	:	387f47;
	3053	:	387f47;
	3054	:	387f47;
	3055	:	387f47;
	3056	:	387f47;
	3057	:	387f47;
	3058	:	387f47;
	3059	:	387f47;
	3060	:	387f47;
	3061	:	387f47;
	3062	:	387f47;
	3063	:	387f47;
	3064	:	387f47;
	3065	:	387f47;
	3066	:	387f47;
	3067	:	387f47;
	3068	:	387f47;
	3069	:	387f47;
	3070	:	387f47;
	3071	:	387f47;
	3072	:	387f47;
	3073	:	387f47;
	3074	:	387f47;
	3075	:	387f47;
	3076	:	387f47;
	3077	:	387f47;
	3078	:	387f47;
	3079	:	367f47;
	3080	:	358047;
	3081	:	367f47;
	3082	:	397e47;
	3083	:	397e47;
	3084	:	387f47;
	3085	:	367f47;
	3086	:	358045;
	3087	:	358045;
	3088	:	368045;
	3089	:	387f45;
	3090	:	397e47;
	3091	:	397e47;
	3092	:	397e48;
	3093	:	397d4a;
	3094	:	3a7c4c;
	3095	:	3d7b4a;
	3096	:	417745;
	3097	:	46622f;
	3098	:	5b4d1c;
	3099	:	704a1d;
	3100	:	6c421c;
	3101	:	642611;
	3102	:	76f13;
	3103	:	81215;
	3104	:	89018;
	3105	:	8a018;
	3106	:	88016;
	3107	:	88014;
	3108	:	88014;
	3109	:	88014;
	3110	:	88018;
	3111	:	88018;
	3112	:	88016;
	3113	:	88016;
	3114	:	88016;
	3115	:	88016;
	3116	:	88016;
	3117	:	88016;
	3118	:	88016;
	3119	:	88016;
	3120	:	582c5;
	3121	:	67471e;
	3122	:	595123;
	3123	:	4d6130;
	3124	:	356a34;
	3125	:	357a43;
	3126	:	397e48;
	3127	:	3a7f49;
	3128	:	387f47;
	3129	:	387f47;
	3130	:	387f45;
	3131	:	387f45;
	3132	:	387f47;
	3133	:	387f47;
	3134	:	387e48;
	3135	:	387e48;
	3136	:	387f47;
	3137	:	387f47;
	3138	:	387f47;
	3139	:	387f47;
	3140	:	387f47;
	3141	:	387f47;
	3142	:	387f47;
	3143	:	387f47;
	3144	:	387f47;
	3145	:	387f47;
	3146	:	387f47;
	3147	:	387f47;
	3148	:	387f47;
	3149	:	387f47;
	3150	:	387f47;
	3151	:	387f47;
	3152	:	387f47;
	3153	:	387f47;
	3154	:	387f47;
	3155	:	387f47;
	3156	:	387f47;
	3157	:	387f47;
	3158	:	387f47;
	3159	:	387f47;
	3160	:	387f47;
	3161	:	387f47;
	3162	:	387f47;
	3163	:	387f47;
	3164	:	387f47;
	3165	:	387f47;
	3166	:	387f47;
	3167	:	387f47;
	3168	:	387f47;
	3169	:	387f47;
	3170	:	387f47;
	3171	:	387f47;
	3172	:	387f47;
	3173	:	387f47;
	3174	:	387f47;
	3175	:	387f47;
	3176	:	387f47;
	3177	:	387f47;
	3178	:	387f47;
	3179	:	387f47;
	3180	:	387f47;
	3181	:	387f47;
	3182	:	387f47;
	3183	:	387f47;
	3184	:	387f47;
	3185	:	387f47;
	3186	:	387f47;
	3187	:	387f47;
	3188	:	387f47;
	3189	:	387f47;
	3190	:	387f47;
	3191	:	387f47;
	3192	:	387f47;
	3193	:	387f47;
	3194	:	387f47;
	3195	:	387f47;
	3196	:	387f47;
	3197	:	387f47;
	3198	:	387f47;
	3199	:	387f47;
	3200	:	367f47;
	3201	:	387f47;
	3202	:	3a7d47;
	3203	:	3a7d47;
	3204	:	3a7d48;
	3205	:	397e48;
	3206	:	387f47;
	3207	:	367f47;
	3208	:	368045;
	3209	:	368045;
	3210	:	368045;
	3211	:	387f47;
	3212	:	397e48;
	3213	:	397d4a;
	3214	:	3a7c4c;
	3215	:	3c7c4a;
	3216	:	407c48;
	3217	:	39642f;
	3218	:	535724;
	3219	:	634d1c;
	3220	:	6e491f;
	3221	:	6325c;
	3222	:	6bdb;
	3223	:	7d916;
	3224	:	85116;
	3225	:	89016;
	3226	:	89014;
	3227	:	89014;
	3228	:	89014;
	3229	:	88014;
	3230	:	88018;
	3231	:	88018;
	3232	:	88016;
	3233	:	88016;
	3234	:	88016;
	3235	:	88016;
	3236	:	88016;
	3237	:	88016;
	3238	:	88016;
	3239	:	88016;
	3240	:	582c5;
	3241	:	68481f;
	3242	:	5a5224;
	3243	:	485c29;
	3244	:	42773f;
	3245	:	397e45;
	3246	:	3a7f48;
	3247	:	387d47;
	3248	:	387f47;
	3249	:	387f47;
	3250	:	387f45;
	3251	:	387f45;
	3252	:	387f47;
	3253	:	387f47;
	3254	:	387e48;
	3255	:	387e48;
	3256	:	387f47;
	3257	:	387f47;
	3258	:	387f47;
	3259	:	387f47;
	3260	:	387f47;
	3261	:	387f47;
	3262	:	387f47;
	3263	:	387f47;
	3264	:	387f47;
	3265	:	387f47;
	3266	:	387f47;
	3267	:	387f47;
	3268	:	387f47;
	3269	:	387f47;
	3270	:	387f47;
	3271	:	387f47;
	3272	:	387f47;
	3273	:	387f47;
	3274	:	387f47;
	3275	:	387f47;
	3276	:	387f47;
	3277	:	387f47;
	3278	:	387f47;
	3279	:	387f47;
	3280	:	387f47;
	3281	:	387f47;
	3282	:	387f47;
	3283	:	387f47;
	3284	:	387f47;
	3285	:	387f47;
	3286	:	387f47;
	3287	:	387f47;
	3288	:	387f47;
	3289	:	387f47;
	3290	:	387f47;
	3291	:	387f47;
	3292	:	387f47;
	3293	:	387f47;
	3294	:	387f47;
	3295	:	387f47;
	3296	:	387f47;
	3297	:	387f47;
	3298	:	387f47;
	3299	:	387f47;
	3300	:	387f47;
	3301	:	387f47;
	3302	:	387f47;
	3303	:	387f47;
	3304	:	387f47;
	3305	:	387f47;
	3306	:	387f47;
	3307	:	387f47;
	3308	:	387f47;
	3309	:	387f47;
	3310	:	387f47;
	3311	:	387f47;
	3312	:	387f47;
	3313	:	387f47;
	3314	:	387f47;
	3315	:	387f47;
	3316	:	387f47;
	3317	:	387f47;
	3318	:	387f47;
	3319	:	387f47;
	3320	:	387f47;
	3321	:	397e47;
	3322	:	3a7d47;
	3323	:	3a7d47;
	3324	:	3a7d48;
	3325	:	3a7d48;
	3326	:	397e47;
	3327	:	387f47;
	3328	:	368045;
	3329	:	368045;
	3330	:	368045;
	3331	:	368045;
	3332	:	387f47;
	3333	:	397e48;
	3334	:	3a7d4a;
	3335	:	3a7d4a;
	3336	:	3a7d48;
	3337	:	447943;
	3338	:	49602a;
	3339	:	595321;
	3340	:	6a491e;
	3341	:	6328a;
	3342	:	6e1a10;
	3343	:	76b11;
	3344	:	82316;
	3345	:	88016;
	3346	:	88112;
	3347	:	88112;
	3348	:	89014;
	3349	:	89016;
	3350	:	86018;
	3351	:	86018;
	3352	:	88016;
	3353	:	88016;
	3354	:	88016;
	3355	:	88016;
	3356	:	88016;
	3357	:	88016;
	3358	:	88016;
	3359	:	88016;
	3360	:	582c5;
	3361	:	694920;
	3362	:	595123;
	3363	:	495d2c;
	3364	:	487d47;
	3365	:	3b8049;
	3366	:	387d47;
	3367	:	397e48;
	3368	:	387f47;
	3369	:	367f47;
	3370	:	387f45;
	3371	:	387f45;
	3372	:	387f47;
	3373	:	387f47;
	3374	:	387e48;
	3375	:	387e48;
	3376	:	387f47;
	3377	:	387f47;
	3378	:	387f47;
	3379	:	387f47;
	3380	:	387f47;
	3381	:	387f47;
	3382	:	387f47;
	3383	:	387f47;
	3384	:	387f47;
	3385	:	387f47;
	3386	:	387f47;
	3387	:	387f47;
	3388	:	387f47;
	3389	:	387f47;
	3390	:	387f47;
	3391	:	387f47;
	3392	:	387f47;
	3393	:	387f47;
	3394	:	387f47;
	3395	:	387f47;
	3396	:	387f47;
	3397	:	387f47;
	3398	:	387f47;
	3399	:	387f47;
	3400	:	387f47;
	3401	:	387f47;
	3402	:	387f47;
	3403	:	387f47;
	3404	:	387f47;
	3405	:	387f47;
	3406	:	387f47;
	3407	:	387f47;
	3408	:	387f47;
	3409	:	387f47;
	3410	:	387f47;
	3411	:	387f47;
	3412	:	387f47;
	3413	:	387f47;
	3414	:	387f47;
	3415	:	387f47;
	3416	:	387f47;
	3417	:	387f47;
	3418	:	387f47;
	3419	:	387f47;
	3420	:	387f47;
	3421	:	387f47;
	3422	:	387f47;
	3423	:	387f47;
	3424	:	387f47;
	3425	:	387f47;
	3426	:	387f47;
	3427	:	387f47;
	3428	:	387f47;
	3429	:	387f47;
	3430	:	387f47;
	3431	:	387f47;
	3432	:	387f47;
	3433	:	387f47;
	3434	:	387f47;
	3435	:	387f47;
	3436	:	387f47;
	3437	:	387f47;
	3438	:	387f47;
	3439	:	387f47;
	3440	:	397e45;
	3441	:	3a7d47;
	3442	:	3a7d47;
	3443	:	3a7d48;
	3444	:	3a7d4a;
	3445	:	3a7d4a;
	3446	:	3a7d48;
	3447	:	397e47;
	3448	:	387f45;
	3449	:	368045;
	3450	:	368043;
	3451	:	368045;
	3452	:	367f47;
	3453	:	387e48;
	3454	:	387e4a;
	3455	:	387e4a;
	3456	:	3a804a;
	3457	:	3e7a44;
	3458	:	436532;
	3459	:	4c5222;
	3460	:	66491d;
	3461	:	794120;
	3462	:	6d2010;
	3463	:	73f11;
	3464	:	81416;
	3465	:	88016;
	3466	:	85212;
	3467	:	86112;
	3468	:	8a016;
	3469	:	8a018;
	3470	:	88018;
	3471	:	86018;
	3472	:	88016;
	3473	:	88016;
	3474	:	88016;
	3475	:	88016;
	3476	:	88016;
	3477	:	88016;
	3478	:	88016;
	3479	:	88016;
	3480	:	582c5;
	3481	:	694920;
	3482	:	564e20;
	3483	:	4f6330;
	3484	:	41763e;
	3485	:	3b8047;
	3486	:	367b44;
	3487	:	3a804a;
	3488	:	367f47;
	3489	:	367f47;
	3490	:	387f45;
	3491	:	387f45;
	3492	:	387f47;
	3493	:	387f47;
	3494	:	387e48;
	3495	:	387e48;
	3496	:	387f47;
	3497	:	387f47;
	3498	:	387f47;
	3499	:	387f47;
	3500	:	387f47;
	3501	:	387f47;
	3502	:	387f47;
	3503	:	387f47;
	3504	:	387f47;
	3505	:	387f47;
	3506	:	387f47;
	3507	:	387f47;
	3508	:	387f47;
	3509	:	387f47;
	3510	:	387f47;
	3511	:	387f47;
	3512	:	387f47;
	3513	:	387f47;
	3514	:	387f47;
	3515	:	387f47;
	3516	:	387f47;
	3517	:	387f47;
	3518	:	387f47;
	3519	:	387f47;
	3520	:	387f47;
	3521	:	387f47;
	3522	:	387f47;
	3523	:	387f47;
	3524	:	387f47;
	3525	:	387f47;
	3526	:	387f47;
	3527	:	387f47;
	3528	:	387f47;
	3529	:	387f47;
	3530	:	387f47;
	3531	:	387f47;
	3532	:	387f47;
	3533	:	387f47;
	3534	:	387f47;
	3535	:	387f47;
	3536	:	387f47;
	3537	:	387f47;
	3538	:	387f47;
	3539	:	387f47;
	3540	:	387f47;
	3541	:	387f47;
	3542	:	387f47;
	3543	:	387f47;
	3544	:	387f47;
	3545	:	387f47;
	3546	:	387f47;
	3547	:	387f47;
	3548	:	387f47;
	3549	:	387f47;
	3550	:	387f47;
	3551	:	387f47;
	3552	:	387f47;
	3553	:	387f47;
	3554	:	387f47;
	3555	:	387f47;
	3556	:	387f47;
	3557	:	387f47;
	3558	:	387f47;
	3559	:	387f47;
	3560	:	397e45;
	3561	:	397e45;
	3562	:	387f47;
	3563	:	387e48;
	3564	:	387e4a;
	3565	:	387e4a;
	3566	:	397e48;
	3567	:	3a7d48;
	3568	:	397e47;
	3569	:	387f45;
	3570	:	368043;
	3571	:	368043;
	3572	:	368045;
	3573	:	367f47;
	3574	:	367f48;
	3575	:	367f48;
	3576	:	317c44;
	3577	:	3e7f49;
	3578	:	376534;
	3579	:	49592a;
	3580	:	654d1f;
	3581	:	78421c;
	3582	:	6c2511;
	3583	:	6bdb;
	3584	:	7f416;
	3585	:	88016;
	3586	:	85210;
	3587	:	85210;
	3588	:	89016;
	3589	:	89018;
	3590	:	88018;
	3591	:	86018;
	3592	:	88016;
	3593	:	88016;
	3594	:	88016;
	3595	:	88016;
	3596	:	88016;
	3597	:	88016;
	3598	:	88016;
	3599	:	88016;
	3600	:	592d6;
	3601	:	66461d;
	3602	:	5c5426;
	3603	:	485c2b;
	3604	:	457a44;
	3605	:	367b44;
	3606	:	397e48;
	3607	:	3a7f49;
	3608	:	387f47;
	3609	:	367f47;
	3610	:	387f45;
	3611	:	387f45;
	3612	:	387f47;
	3613	:	387f47;
	3614	:	387e48;
	3615	:	387e48;
	3616	:	387f47;
	3617	:	387f47;
	3618	:	387f47;
	3619	:	387f47;
	3620	:	387f47;
	3621	:	387f47;
	3622	:	387f47;
	3623	:	387f47;
	3624	:	387f47;
	3625	:	387f47;
	3626	:	387f47;
	3627	:	387f47;
	3628	:	387f47;
	3629	:	387f47;
	3630	:	387f47;
	3631	:	387f47;
	3632	:	387f47;
	3633	:	387f47;
	3634	:	387f47;
	3635	:	387f47;
	3636	:	387f47;
	3637	:	387f47;
	3638	:	387f47;
	3639	:	387f47;
	3640	:	387f47;
	3641	:	387f47;
	3642	:	387f47;
	3643	:	387f47;
	3644	:	387f47;
	3645	:	387f47;
	3646	:	387f47;
	3647	:	387f47;
	3648	:	387f47;
	3649	:	387f47;
	3650	:	387f47;
	3651	:	387f47;
	3652	:	387f47;
	3653	:	387f47;
	3654	:	387f47;
	3655	:	387f47;
	3656	:	387f47;
	3657	:	387f47;
	3658	:	387f47;
	3659	:	387f47;
	3660	:	387f47;
	3661	:	387f47;
	3662	:	387f47;
	3663	:	387f47;
	3664	:	387f47;
	3665	:	387f47;
	3666	:	387f47;
	3667	:	387f47;
	3668	:	387f47;
	3669	:	387f47;
	3670	:	387f47;
	3671	:	387f47;
	3672	:	387f47;
	3673	:	387f47;
	3674	:	387f47;
	3675	:	387f47;
	3676	:	387f47;
	3677	:	387f47;
	3678	:	387f47;
	3679	:	387f47;
	3680	:	387f45;
	3681	:	387f45;
	3682	:	358047;
	3683	:	338048;
	3684	:	357f4a;
	3685	:	367f4a;
	3686	:	397d4a;
	3687	:	3a7d48;
	3688	:	3a7d47;
	3689	:	397e45;
	3690	:	387f43;
	3691	:	368043;
	3692	:	368045;
	3693	:	358047;
	3694	:	358047;
	3695	:	358048;
	3696	:	36834b;
	3697	:	3a7f49;
	3698	:	447a49;
	3699	:	485f31;
	3700	:	644c1e;
	3701	:	764119;
	3702	:	60205;
	3703	:	6a13c;
	3704	:	7e514;
	3705	:	88016;
	3706	:	88110;
	3707	:	86210;
	3708	:	85118;
	3709	:	85119;
	3710	:	89018;
	3711	:	89016;
	3712	:	88016;
	3713	:	88016;
	3714	:	88016;
	3715	:	88016;
	3716	:	88016;
	3717	:	88016;
	3718	:	88016;
	3719	:	88016;
	3720	:	562a3;
	3721	:	6c4b22;
	3722	:	585022;
	3723	:	495d2c;
	3724	:	437842;
	3725	:	3c8148;
	3726	:	367b44;
	3727	:	397f49;
	3728	:	387f47;
	3729	:	367f47;
	3730	:	387f45;
	3731	:	387f45;
	3732	:	387f47;
	3733	:	387f47;
	3734	:	387f47;
	3735	:	387e48;
	3736	:	387f47;
	3737	:	387f47;
	3738	:	387f47;
	3739	:	387f47;
	3740	:	387f47;
	3741	:	387f47;
	3742	:	387f47;
	3743	:	387f47;
	3744	:	387f47;
	3745	:	387f47;
	3746	:	387f47;
	3747	:	387f47;
	3748	:	387f47;
	3749	:	387f47;
	3750	:	387f47;
	3751	:	387f47;
	3752	:	387f47;
	3753	:	387f47;
	3754	:	387f47;
	3755	:	387f47;
	3756	:	387f47;
	3757	:	387f47;
	3758	:	387f47;
	3759	:	387f47;
	3760	:	387f47;
	3761	:	387f47;
	3762	:	387f47;
	3763	:	387f47;
	3764	:	387f47;
	3765	:	387f47;
	3766	:	387f47;
	3767	:	387f47;
	3768	:	387f47;
	3769	:	387f47;
	3770	:	387f47;
	3771	:	387f47;
	3772	:	387f47;
	3773	:	387f47;
	3774	:	387f47;
	3775	:	387f47;
	3776	:	387f47;
	3777	:	387f47;
	3778	:	387f47;
	3779	:	387f47;
	3780	:	387f47;
	3781	:	387f47;
	3782	:	387f47;
	3783	:	387f47;
	3784	:	387f47;
	3785	:	387f47;
	3786	:	387f47;
	3787	:	387f47;
	3788	:	387f47;
	3789	:	387f47;
	3790	:	387f47;
	3791	:	387f47;
	3792	:	387f47;
	3793	:	387f47;
	3794	:	387f47;
	3795	:	387f47;
	3796	:	387f47;
	3797	:	387f47;
	3798	:	387f47;
	3799	:	387f47;
	3800	:	387f45;
	3801	:	368045;
	3802	:	338147;
	3803	:	328148;
	3804	:	338048;
	3805	:	367f48;
	3806	:	397e48;
	3807	:	3a7d48;
	3808	:	3a7d47;
	3809	:	397e45;
	3810	:	387f45;
	3811	:	387f45;
	3812	:	368045;
	3813	:	358045;
	3814	:	338147;
	3815	:	338147;
	3816	:	358048;
	3817	:	357b45;
	3818	:	417c4c;
	3819	:	3e5e2f;
	3820	:	635322;
	3821	:	71441a;
	3822	:	632cd;
	3823	:	6b1d10;
	3824	:	7b712;
	3825	:	88016;
	3826	:	88110;
	3827	:	88112;
	3828	:	85118;
	3829	:	85119;
	3830	:	88018;
	3831	:	89016;
	3832	:	88016;
	3833	:	88016;
	3834	:	88016;
	3835	:	88016;
	3836	:	88016;
	3837	:	88016;
	3838	:	88016;
	3839	:	88016;
	3840	:	5a2a4;
	3841	:	6b4a21;
	3842	:	584f24;
	3843	:	4a5e2d;
	3844	:	427942;
	3845	:	387f47;
	3846	:	387e48;
	3847	:	387e48;
	3848	:	387f47;
	3849	:	387f47;
	3850	:	397e45;
	3851	:	397e45;
	3852	:	387f45;
	3853	:	387f47;
	3854	:	387f47;
	3855	:	387f47;
	3856	:	387f47;
	3857	:	387f47;
	3858	:	387f47;
	3859	:	387f47;
	3860	:	387f47;
	3861	:	387f47;
	3862	:	387f47;
	3863	:	387f47;
	3864	:	387f47;
	3865	:	387f47;
	3866	:	387f47;
	3867	:	387f47;
	3868	:	387f47;
	3869	:	387f47;
	3870	:	387f47;
	3871	:	387f47;
	3872	:	387f47;
	3873	:	387f47;
	3874	:	387f47;
	3875	:	387f47;
	3876	:	387f47;
	3877	:	387f47;
	3878	:	387f47;
	3879	:	387f47;
	3880	:	387f47;
	3881	:	387f47;
	3882	:	387f47;
	3883	:	387f47;
	3884	:	387f47;
	3885	:	387f47;
	3886	:	387f47;
	3887	:	387f47;
	3888	:	387f47;
	3889	:	387f47;
	3890	:	387f47;
	3891	:	387f47;
	3892	:	387f47;
	3893	:	387f47;
	3894	:	387f47;
	3895	:	387f47;
	3896	:	387f47;
	3897	:	387f47;
	3898	:	387f47;
	3899	:	387f47;
	3900	:	387f47;
	3901	:	387f47;
	3902	:	387f47;
	3903	:	387f47;
	3904	:	387f47;
	3905	:	387f47;
	3906	:	387f47;
	3907	:	387f47;
	3908	:	387f47;
	3909	:	387f47;
	3910	:	387f47;
	3911	:	387f47;
	3912	:	387f47;
	3913	:	387f47;
	3914	:	387f47;
	3915	:	387f47;
	3916	:	387f47;
	3917	:	387f47;
	3918	:	387f47;
	3919	:	387f47;
	3920	:	367f47;
	3921	:	358047;
	3922	:	358047;
	3923	:	358047;
	3924	:	367f47;
	3925	:	387e48;
	3926	:	397e48;
	3927	:	397e47;
	3928	:	397e47;
	3929	:	397e47;
	3930	:	387f47;
	3931	:	387f47;
	3932	:	367f47;
	3933	:	367f47;
	3934	:	358047;
	3935	:	358047;
	3936	:	378049;
	3937	:	397e48;
	3938	:	3c7d47;
	3939	:	3e6632;
	3940	:	565222;
	3941	:	68491d;
	3942	:	6e4720;
	3943	:	6624e;
	3944	:	78910;
	3945	:	84014;
	3946	:	87215;
	3947	:	88014;
	3948	:	89016;
	3949	:	89016;
	3950	:	84016;
	3951	:	86018;
	3952	:	88016;
	3953	:	88016;
	3954	:	88016;
	3955	:	88016;
	3956	:	88016;
	3957	:	88016;
	3958	:	88016;
	3959	:	88016;
	3960	:	5a2a4;
	3961	:	6c4921;
	3962	:	584f24;
	3963	:	485e2d;
	3964	:	407942;
	3965	:	368045;
	3966	:	387f47;
	3967	:	387e48;
	3968	:	387f47;
	3969	:	387f47;
	3970	:	397e45;
	3971	:	397e45;
	3972	:	387f45;
	3973	:	387f45;
	3974	:	387f47;
	3975	:	387f47;
	3976	:	387f47;
	3977	:	387f47;
	3978	:	387f47;
	3979	:	387f47;
	3980	:	387f47;
	3981	:	387f47;
	3982	:	387f47;
	3983	:	387f47;
	3984	:	387f47;
	3985	:	387f47;
	3986	:	387f47;
	3987	:	387f47;
	3988	:	387f47;
	3989	:	387f47;
	3990	:	387f47;
	3991	:	387f47;
	3992	:	387f47;
	3993	:	387f47;
	3994	:	387f47;
	3995	:	387f47;
	3996	:	387f47;
	3997	:	387f47;
	3998	:	387f47;
	3999	:	387f47;
	4000	:	387f47;
	4001	:	387f47;
	4002	:	387f47;
	4003	:	387f47;
	4004	:	387f47;
	4005	:	387f47;
	4006	:	387f47;
	4007	:	387f47;
	4008	:	387f47;
	4009	:	387f47;
	4010	:	387f47;
	4011	:	387f47;
	4012	:	387f47;
	4013	:	387f47;
	4014	:	387f47;
	4015	:	387f47;
	4016	:	387f47;
	4017	:	387f47;
	4018	:	387f47;
	4019	:	387f47;
	4020	:	387f47;
	4021	:	387f47;
	4022	:	387f47;
	4023	:	387f47;
	4024	:	387f47;
	4025	:	387f47;
	4026	:	387f47;
	4027	:	387f47;
	4028	:	387f47;
	4029	:	387f47;
	4030	:	387f47;
	4031	:	387f47;
	4032	:	387f47;
	4033	:	387f47;
	4034	:	387f47;
	4035	:	387f47;
	4036	:	387f47;
	4037	:	387f47;
	4038	:	387f47;
	4039	:	387f47;
	4040	:	367f47;
	4041	:	367f47;
	4042	:	367f47;
	4043	:	367f47;
	4044	:	387f47;
	4045	:	387f47;
	4046	:	397e47;
	4047	:	397e47;
	4048	:	397e47;
	4049	:	397e47;
	4050	:	387f47;
	4051	:	387f47;
	4052	:	367f47;
	4053	:	367f47;
	4054	:	358047;
	4055	:	367f47;
	4056	:	377d47;
	4057	:	387d47;
	4058	:	387c43;
	4059	:	3a6933;
	4060	:	4f5321;
	4061	:	654e22;
	4062	:	6b4a21;
	4063	:	6325c;
	4064	:	76ce;
	4065	:	83012;
	4066	:	86116;
	4067	:	88016;
	4068	:	8a014;
	4069	:	8b015;
	4070	:	85015;
	4071	:	86219;
	4072	:	86116;
	4073	:	88016;
	4074	:	88016;
	4075	:	88016;
	4076	:	88016;
	4077	:	88016;
	4078	:	88016;
	4079	:	88016;
	4080	:	5a2a4;
	4081	:	6c4921;
	4082	:	584f24;
	4083	:	4a5e2d;
	4084	:	427942;
	4085	:	367f47;
	4086	:	387e48;
	4087	:	387e48;
	4088	:	387f47;
	4089	:	387f47;
	4090	:	397e45;
	4091	:	397e45;
	4092	:	387f45;
	4093	:	387f45;
	4094	:	387f47;
	4095	:	387f47;
	4096	:	387f47;
	4097	:	387f47;
	4098	:	387f47;
	4099	:	387f47;
	4100	:	387f47;
	4101	:	387f47;
	4102	:	387f47;
	4103	:	387f47;
	4104	:	387f47;
	4105	:	387f47;
	4106	:	387f47;
	4107	:	387f47;
	4108	:	387f47;
	4109	:	387f47;
	4110	:	387f47;
	4111	:	387f47;
	4112	:	387f47;
	4113	:	387f47;
	4114	:	387f47;
	4115	:	387f47;
	4116	:	387f47;
	4117	:	387f47;
	4118	:	387f47;
	4119	:	387f47;
	4120	:	387f47;
	4121	:	387f47;
	4122	:	387f47;
	4123	:	387f47;
	4124	:	387f47;
	4125	:	387f47;
	4126	:	387f47;
	4127	:	387f47;
	4128	:	387f47;
	4129	:	387f47;
	4130	:	387f47;
	4131	:	387f47;
	4132	:	387f47;
	4133	:	387f47;
	4134	:	387f47;
	4135	:	387f47;
	4136	:	387f47;
	4137	:	387f47;
	4138	:	387f47;
	4139	:	387f47;
	4140	:	387f47;
	4141	:	387f47;
	4142	:	387f47;
	4143	:	387f47;
	4144	:	387f47;
	4145	:	387f47;
	4146	:	387f47;
	4147	:	387f47;
	4148	:	387f47;
	4149	:	387f47;
	4150	:	387f47;
	4151	:	387f47;
	4152	:	387f47;
	4153	:	387f47;
	4154	:	387f47;
	4155	:	387f47;
	4156	:	387f47;
	4157	:	387f47;
	4158	:	387f47;
	4159	:	387f47;
	4160	:	387f47;
	4161	:	387f47;
	4162	:	387f47;
	4163	:	387f47;
	4164	:	387f47;
	4165	:	387f47;
	4166	:	397e47;
	4167	:	397e47;
	4168	:	387f47;
	4169	:	387f47;
	4170	:	387f47;
	4171	:	387f47;
	4172	:	387f47;
	4173	:	387f47;
	4174	:	367f47;
	4175	:	367f47;
	4176	:	3a804a;
	4177	:	387e48;
	4178	:	397e45;
	4179	:	457840;
	4180	:	505c2c;
	4181	:	625125;
	4182	:	66451a;
	4183	:	6326a;
	4184	:	7810f;
	4185	:	82211;
	4186	:	85116;
	4187	:	86116;
	4188	:	88014;
	4189	:	8a216;
	4190	:	88016;
	4191	:	88016;
	4192	:	88016;
	4193	:	88016;
	4194	:	88016;
	4195	:	88016;
	4196	:	88016;
	4197	:	88016;
	4198	:	88016;
	4199	:	88016;
	4200	:	5a2a4;
	4201	:	6c4921;
	4202	:	584f24;
	4203	:	485e2d;
	4204	:	407942;
	4205	:	368045;
	4206	:	387f47;
	4207	:	387e48;
	4208	:	387f47;
	4209	:	387f47;
	4210	:	397e45;
	4211	:	397e45;
	4212	:	387f45;
	4213	:	387f45;
	4214	:	387f47;
	4215	:	387f47;
	4216	:	387f47;
	4217	:	387f47;
	4218	:	387f47;
	4219	:	387f47;
	4220	:	387f47;
	4221	:	387f47;
	4222	:	387f47;
	4223	:	387f47;
	4224	:	387f47;
	4225	:	387f47;
	4226	:	387f47;
	4227	:	387f47;
	4228	:	387f47;
	4229	:	387f47;
	4230	:	387f47;
	4231	:	387f47;
	4232	:	387f47;
	4233	:	387f47;
	4234	:	387f47;
	4235	:	387f47;
	4236	:	387f47;
	4237	:	387f47;
	4238	:	387f47;
	4239	:	387f47;
	4240	:	387f47;
	4241	:	387f47;
	4242	:	387f47;
	4243	:	387f47;
	4244	:	387f47;
	4245	:	387f47;
	4246	:	387f47;
	4247	:	387f47;
	4248	:	387f47;
	4249	:	387f47;
	4250	:	387f47;
	4251	:	387f47;
	4252	:	387f47;
	4253	:	387f47;
	4254	:	387f47;
	4255	:	387f47;
	4256	:	387f47;
	4257	:	387f47;
	4258	:	387f47;
	4259	:	387f47;
	4260	:	387f47;
	4261	:	387f47;
	4262	:	387f47;
	4263	:	387f47;
	4264	:	387f47;
	4265	:	387f47;
	4266	:	387f47;
	4267	:	387f47;
	4268	:	387f47;
	4269	:	387f47;
	4270	:	387f47;
	4271	:	387f47;
	4272	:	387f47;
	4273	:	387f47;
	4274	:	387f47;
	4275	:	387f47;
	4276	:	387f47;
	4277	:	387f47;
	4278	:	387f47;
	4279	:	387f47;
	4280	:	387f47;
	4281	:	387f47;
	4282	:	387f47;
	4283	:	387f47;
	4284	:	387f47;
	4285	:	387f47;
	4286	:	397e47;
	4287	:	397e47;
	4288	:	387f47;
	4289	:	387f47;
	4290	:	387f47;
	4291	:	387f47;
	4292	:	387f47;
	4293	:	387f47;
	4294	:	387f47;
	4295	:	387f47;
	4296	:	357b45;
	4297	:	3a8149;
	4298	:	378146;
	4299	:	417b41;
	4300	:	455b2a;
	4301	:	5c5328;
	4302	:	67441a;
	4303	:	67268;
	4304	:	781711;
	4305	:	7f711;
	4306	:	83216;
	4307	:	88018;
	4308	:	86116;
	4309	:	89115;
	4310	:	88015;
	4311	:	88015;
	4312	:	88016;
	4313	:	88016;
	4314	:	88016;
	4315	:	88016;
	4316	:	88016;
	4317	:	88016;
	4318	:	88016;
	4319	:	88016;
	4320	:	5a2a4;
	4321	:	6c4921;
	4322	:	584f24;
	4323	:	4a5e2d;
	4324	:	427942;
	4325	:	367f47;
	4326	:	387e48;
	4327	:	387e48;
	4328	:	387f47;
	4329	:	387f47;
	4330	:	397e45;
	4331	:	397e45;
	4332	:	387f45;
	4333	:	387f45;
	4334	:	387f47;
	4335	:	387f47;
	4336	:	387f47;
	4337	:	387f47;
	4338	:	387f47;
	4339	:	387f47;
	4340	:	387f47;
	4341	:	387f47;
	4342	:	387f47;
	4343	:	387f47;
	4344	:	387f47;
	4345	:	387f47;
	4346	:	387f47;
	4347	:	387f47;
	4348	:	387f47;
	4349	:	387f47;
	4350	:	387f47;
	4351	:	387f47;
	4352	:	387f47;
	4353	:	387f47;
	4354	:	387f47;
	4355	:	387f47;
	4356	:	387f47;
	4357	:	387f47;
	4358	:	387f47;
	4359	:	387f47;
	4360	:	387f47;
	4361	:	387f47;
	4362	:	387f47;
	4363	:	387f47;
	4364	:	387f47;
	4365	:	387f47;
	4366	:	387f47;
	4367	:	387f47;
	4368	:	387f47;
	4369	:	387f47;
	4370	:	387f47;
	4371	:	387f47;
	4372	:	387f47;
	4373	:	387f47;
	4374	:	387f47;
	4375	:	387f47;
	4376	:	387f47;
	4377	:	387f47;
	4378	:	387f47;
	4379	:	387f47;
	4380	:	387f47;
	4381	:	387f47;
	4382	:	387f47;
	4383	:	387f47;
	4384	:	387f47;
	4385	:	387f47;
	4386	:	387f47;
	4387	:	387f47;
	4388	:	387f47;
	4389	:	387f47;
	4390	:	387f47;
	4391	:	387f47;
	4392	:	387f47;
	4393	:	387f47;
	4394	:	387f47;
	4395	:	387f47;
	4396	:	387f47;
	4397	:	387f47;
	4398	:	387f47;
	4399	:	387f47;
	4400	:	397e47;
	4401	:	397e47;
	4402	:	397e47;
	4403	:	397e47;
	4404	:	387f47;
	4405	:	387f47;
	4406	:	387f47;
	4407	:	387f47;
	4408	:	387f47;
	4409	:	387f47;
	4410	:	387f47;
	4411	:	387f47;
	4412	:	387f47;
	4413	:	387f47;
	4414	:	387f47;
	4415	:	387f47;
	4416	:	3a804a;
	4417	:	367f47;
	4418	:	327e40;
	4419	:	3f7e45;
	4420	:	3f6333;
	4421	:	52552a;
	4422	:	6f481f;
	4423	:	823d1e;
	4424	:	731c12;
	4425	:	75c11;
	4426	:	82316;
	4427	:	89018;
	4428	:	87015;
	4429	:	89117;
	4430	:	88013;
	4431	:	88013;
	4432	:	88016;
	4433	:	88016;
	4434	:	88016;
	4435	:	88016;
	4436	:	88016;
	4437	:	88016;
	4438	:	88016;
	4439	:	88016;
	4440	:	5a2a4;
	4441	:	6c4921;
	4442	:	584f24;
	4443	:	485e2d;
	4444	:	407942;
	4445	:	368045;
	4446	:	387f47;
	4447	:	387e48;
	4448	:	387f47;
	4449	:	387f47;
	4450	:	397e45;
	4451	:	397e45;
	4452	:	387f45;
	4453	:	387f45;
	4454	:	387f47;
	4455	:	387f47;
	4456	:	387f47;
	4457	:	387f47;
	4458	:	387f47;
	4459	:	387f47;
	4460	:	387f47;
	4461	:	387f47;
	4462	:	387f47;
	4463	:	387f47;
	4464	:	387f47;
	4465	:	387f47;
	4466	:	387f47;
	4467	:	387f47;
	4468	:	387f47;
	4469	:	387f47;
	4470	:	387f47;
	4471	:	387f47;
	4472	:	387f47;
	4473	:	387f47;
	4474	:	387f47;
	4475	:	387f47;
	4476	:	387f47;
	4477	:	387f47;
	4478	:	387f47;
	4479	:	387f47;
	4480	:	387f47;
	4481	:	387f47;
	4482	:	387f47;
	4483	:	387f47;
	4484	:	387f47;
	4485	:	387f47;
	4486	:	387f47;
	4487	:	387f47;
	4488	:	387f47;
	4489	:	387f47;
	4490	:	387f47;
	4491	:	387f47;
	4492	:	387f47;
	4493	:	387f47;
	4494	:	387f47;
	4495	:	387f47;
	4496	:	387f47;
	4497	:	387f47;
	4498	:	387f47;
	4499	:	387f47;
	4500	:	387f47;
	4501	:	387f47;
	4502	:	387f47;
	4503	:	387f47;
	4504	:	387f47;
	4505	:	387f47;
	4506	:	387f47;
	4507	:	387f47;
	4508	:	387f47;
	4509	:	387f47;
	4510	:	387f47;
	4511	:	387f47;
	4512	:	387f47;
	4513	:	387f47;
	4514	:	387f47;
	4515	:	387f47;
	4516	:	387f47;
	4517	:	387f47;
	4518	:	387f47;
	4519	:	387f47;
	4520	:	397e47;
	4521	:	397e47;
	4522	:	397e47;
	4523	:	397e47;
	4524	:	387f47;
	4525	:	387f47;
	4526	:	387f47;
	4527	:	387f47;
	4528	:	387f47;
	4529	:	387f47;
	4530	:	387f47;
	4531	:	387f47;
	4532	:	387f47;
	4533	:	387f47;
	4534	:	397e47;
	4535	:	387f47;
	4536	:	337c45;
	4537	:	378048;
	4538	:	357f42;
	4539	:	397a40;
	4540	:	376737;
	4541	:	4c592e;
	4542	:	6f4a20;
	4543	:	823d1c;
	4544	:	6e1fe;
	4545	:	70ed;
	4546	:	81416;
	4547	:	89018;
	4548	:	87015;
	4549	:	89117;
	4550	:	89014;
	4551	:	89014;
	4552	:	88016;
	4553	:	88016;
	4554	:	88016;
	4555	:	88016;
	4556	:	88016;
	4557	:	88016;
	4558	:	88016;
	4559	:	88016;
	4560	:	5a2a4;
	4561	:	6c4921;
	4562	:	584f24;
	4563	:	4a5e2d;
	4564	:	427942;
	4565	:	367f47;
	4566	:	387e48;
	4567	:	387e48;
	4568	:	387f47;
	4569	:	387f47;
	4570	:	397e45;
	4571	:	397e45;
	4572	:	387f45;
	4573	:	387f45;
	4574	:	387f47;
	4575	:	387f47;
	4576	:	387f47;
	4577	:	387f47;
	4578	:	387f47;
	4579	:	387f47;
	4580	:	387f47;
	4581	:	387f47;
	4582	:	387f47;
	4583	:	387f47;
	4584	:	387f47;
	4585	:	387f47;
	4586	:	387f47;
	4587	:	387f47;
	4588	:	387f47;
	4589	:	387f47;
	4590	:	387f47;
	4591	:	387f47;
	4592	:	387f47;
	4593	:	387f47;
	4594	:	387f47;
	4595	:	387f47;
	4596	:	387f47;
	4597	:	387f47;
	4598	:	387f47;
	4599	:	387f47;
	4600	:	387f47;
	4601	:	387f47;
	4602	:	387f47;
	4603	:	387f47;
	4604	:	387f47;
	4605	:	387f47;
	4606	:	387f47;
	4607	:	387f47;
	4608	:	387f47;
	4609	:	387f47;
	4610	:	387f47;
	4611	:	387f47;
	4612	:	387f47;
	4613	:	387f47;
	4614	:	387f47;
	4615	:	387f47;
	4616	:	387f47;
	4617	:	387f47;
	4618	:	387f47;
	4619	:	387f47;
	4620	:	387f47;
	4621	:	387f47;
	4622	:	387f47;
	4623	:	387f47;
	4624	:	387f47;
	4625	:	387f47;
	4626	:	387f47;
	4627	:	387f47;
	4628	:	387f47;
	4629	:	387f47;
	4630	:	387f47;
	4631	:	387f47;
	4632	:	387f47;
	4633	:	387f47;
	4634	:	387f47;
	4635	:	387f47;
	4636	:	387f47;
	4637	:	387f47;
	4638	:	387f47;
	4639	:	387f47;
	4640	:	397e47;
	4641	:	397e47;
	4642	:	387f47;
	4643	:	387f47;
	4644	:	387f47;
	4645	:	387f47;
	4646	:	367f47;
	4647	:	367f47;
	4648	:	367f47;
	4649	:	367f47;
	4650	:	387f47;
	4651	:	387f47;
	4652	:	397e47;
	4653	:	397e47;
	4654	:	397e47;
	4655	:	387f47;
	4656	:	348149;
	4657	:	368148;
	4658	:	398142;
	4659	:	407f46;
	4660	:	427847;
	4661	:	455c30;
	4662	:	64491c;
	4663	:	7c401b;
	4664	:	6c21c;
	4665	:	6d10b;
	4666	:	7e514;
	4667	:	8711a;
	4668	:	87017;
	4669	:	89016;
	4670	:	89014;
	4671	:	89014;
	4672	:	88016;
	4673	:	88016;
	4674	:	88016;
	4675	:	88016;
	4676	:	88016;
	4677	:	88016;
	4678	:	88016;
	4679	:	88016;
	4680	:	5a2a4;
	4681	:	6c4921;
	4682	:	584f24;
	4683	:	485e2d;
	4684	:	407942;
	4685	:	368045;
	4686	:	387f47;
	4687	:	387e48;
	4688	:	387f47;
	4689	:	387f47;
	4690	:	397e45;
	4691	:	397e45;
	4692	:	387f45;
	4693	:	387f45;
	4694	:	387f47;
	4695	:	387f47;
	4696	:	387f47;
	4697	:	387f47;
	4698	:	387f47;
	4699	:	387f47;
	4700	:	387f47;
	4701	:	387f47;
	4702	:	387f47;
	4703	:	387f47;
	4704	:	387f47;
	4705	:	387f47;
	4706	:	387f47;
	4707	:	387f47;
	4708	:	387f47;
	4709	:	387f47;
	4710	:	387f47;
	4711	:	387f47;
	4712	:	387f47;
	4713	:	387f47;
	4714	:	387f47;
	4715	:	387f47;
	4716	:	387f47;
	4717	:	387f47;
	4718	:	387f47;
	4719	:	387f47;
	4720	:	387f47;
	4721	:	387f47;
	4722	:	387f47;
	4723	:	387f47;
	4724	:	387f47;
	4725	:	387f47;
	4726	:	387f47;
	4727	:	387f47;
	4728	:	387f47;
	4729	:	387f47;
	4730	:	387f47;
	4731	:	387f47;
	4732	:	387f47;
	4733	:	387f47;
	4734	:	387f47;
	4735	:	387f47;
	4736	:	387f47;
	4737	:	387f47;
	4738	:	387f47;
	4739	:	387f47;
	4740	:	387f47;
	4741	:	387f47;
	4742	:	387f47;
	4743	:	387f47;
	4744	:	387f47;
	4745	:	387f47;
	4746	:	387f47;
	4747	:	387f47;
	4748	:	387f47;
	4749	:	387f47;
	4750	:	387f47;
	4751	:	387f47;
	4752	:	387f47;
	4753	:	387f47;
	4754	:	387f47;
	4755	:	387f47;
	4756	:	387f47;
	4757	:	387f47;
	4758	:	387f47;
	4759	:	387f47;
	4760	:	397e47;
	4761	:	397e47;
	4762	:	387f47;
	4763	:	387f47;
	4764	:	387f47;
	4765	:	387f47;
	4766	:	367f47;
	4767	:	367f47;
	4768	:	367f47;
	4769	:	367f47;
	4770	:	387f47;
	4771	:	387f47;
	4772	:	397e47;
	4773	:	397e47;
	4774	:	397e47;
	4775	:	387f47;
	4776	:	327f47;
	4777	:	338147;
	4778	:	397f41;
	4779	:	3a7b41;
	4780	:	407e4d;
	4781	:	426135;
	4782	:	634c20;
	4783	:	77421a;
	4784	:	6626b;
	4785	:	67139;
	4786	:	7c614;
	4787	:	89119;
	4788	:	87014;
	4789	:	88015;
	4790	:	88014;
	4791	:	87013;
	4792	:	88016;
	4793	:	88016;
	4794	:	88016;
	4795	:	88016;
	4796	:	88016;
	4797	:	88016;
	4798	:	88016;
	4799	:	88016;
	4800	:	5a2a4;
	4801	:	6c4921;
	4802	:	584f24;
	4803	:	4a5e2d;
	4804	:	427942;
	4805	:	367f47;
	4806	:	387e48;
	4807	:	387e48;
	4808	:	387f47;
	4809	:	387f47;
	4810	:	397e45;
	4811	:	397e45;
	4812	:	387f45;
	4813	:	387f45;
	4814	:	387f47;
	4815	:	387f47;
	4816	:	387f47;
	4817	:	387f47;
	4818	:	387f47;
	4819	:	387f47;
	4820	:	387f47;
	4821	:	387f47;
	4822	:	387f47;
	4823	:	387f47;
	4824	:	387f47;
	4825	:	387f47;
	4826	:	387f47;
	4827	:	387f47;
	4828	:	387f47;
	4829	:	387f47;
	4830	:	387f47;
	4831	:	387f47;
	4832	:	387f47;
	4833	:	387f47;
	4834	:	387f47;
	4835	:	387f47;
	4836	:	387f47;
	4837	:	387f47;
	4838	:	387f47;
	4839	:	387f47;
	4840	:	387f47;
	4841	:	387f47;
	4842	:	387f47;
	4843	:	387f47;
	4844	:	387f47;
	4845	:	387f47;
	4846	:	387f47;
	4847	:	387f47;
	4848	:	387f47;
	4849	:	387f47;
	4850	:	387f47;
	4851	:	387f47;
	4852	:	387f47;
	4853	:	387f47;
	4854	:	387f47;
	4855	:	387f47;
	4856	:	387f47;
	4857	:	387f47;
	4858	:	387f47;
	4859	:	387f47;
	4860	:	387f47;
	4861	:	387f47;
	4862	:	387f47;
	4863	:	387f47;
	4864	:	387f47;
	4865	:	387f47;
	4866	:	387f47;
	4867	:	387f47;
	4868	:	387f47;
	4869	:	387f47;
	4870	:	387f47;
	4871	:	387f47;
	4872	:	387f47;
	4873	:	387f47;
	4874	:	387f47;
	4875	:	387f47;
	4876	:	387f47;
	4877	:	387f47;
	4878	:	387f47;
	4879	:	387f47;
	4880	:	367d45;
	4881	:	3a8149;
	4882	:	367d45;
	4883	:	387f47;
	4884	:	387f47;
	4885	:	387f47;
	4886	:	3b824a;
	4887	:	377e46;
	4888	:	357c44;
	4889	:	3a8149;
	4890	:	3a7f48;
	4891	:	367b44;
	4892	:	397c46;
	4893	:	3b7e48;
	4894	:	3a7d47;
	4895	:	387d46;
	4896	:	358047;
	4897	:	378247;
	4898	:	377f40;
	4899	:	3a8044;
	4900	:	3b7d4d;
	4901	:	395e32;
	4902	:	665126;
	4903	:	72421a;
	4904	:	5a2eb;
	4905	:	6521e;
	4906	:	793f;
	4907	:	8a018;
	4908	:	8c118;
	4909	:	88015;
	4910	:	89115;
	4911	:	86114;
	4912	:	88016;
	4913	:	88016;
	4914	:	88016;
	4915	:	88016;
	4916	:	88016;
	4917	:	88016;
	4918	:	88016;
	4919	:	88016;
	4920	:	5a2a4;
	4921	:	6c4921;
	4922	:	584f24;
	4923	:	485e2d;
	4924	:	407942;
	4925	:	368045;
	4926	:	387f47;
	4927	:	387e48;
	4928	:	387f47;
	4929	:	387f47;
	4930	:	397e45;
	4931	:	397e45;
	4932	:	387f45;
	4933	:	387f45;
	4934	:	387f47;
	4935	:	387f47;
	4936	:	387f47;
	4937	:	387f47;
	4938	:	387f47;
	4939	:	387f47;
	4940	:	387f47;
	4941	:	387f47;
	4942	:	387f47;
	4943	:	387f47;
	4944	:	387f47;
	4945	:	387f47;
	4946	:	387f47;
	4947	:	387f47;
	4948	:	387f47;
	4949	:	387f47;
	4950	:	387f47;
	4951	:	387f47;
	4952	:	387f47;
	4953	:	387f47;
	4954	:	387f47;
	4955	:	387f47;
	4956	:	387f47;
	4957	:	387f47;
	4958	:	387f47;
	4959	:	387f47;
	4960	:	387f47;
	4961	:	387f47;
	4962	:	387f47;
	4963	:	387f47;
	4964	:	387f47;
	4965	:	387f47;
	4966	:	387f47;
	4967	:	387f47;
	4968	:	387f47;
	4969	:	387f47;
	4970	:	387f47;
	4971	:	387f47;
	4972	:	387f47;
	4973	:	387f47;
	4974	:	387f47;
	4975	:	387f47;
	4976	:	387f47;
	4977	:	387f47;
	4978	:	387f47;
	4979	:	387f47;
	4980	:	387f47;
	4981	:	387f47;
	4982	:	387f47;
	4983	:	387f47;
	4984	:	387f47;
	4985	:	387f47;
	4986	:	387f47;
	4987	:	387f47;
	4988	:	387f47;
	4989	:	387f47;
	4990	:	387f47;
	4991	:	387f47;
	4992	:	387f47;
	4993	:	387f47;
	4994	:	387f47;
	4995	:	387f47;
	4996	:	387f47;
	4997	:	387f47;
	4998	:	387f47;
	4999	:	387f47;
	5000	:	3a8149;
	5001	:	367d45;
	5002	:	3a8149;
	5003	:	398048;
	5004	:	398048;
	5005	:	387d46;
	5006	:	387d46;
	5007	:	3a7f48;
	5008	:	3d824b;
	5009	:	387d46;
	5010	:	387b45;
	5011	:	3c7f49;
	5012	:	3c7f49;
	5013	:	387b45;
	5014	:	387b45;
	5015	:	3c7f49;
	5016	:	367d45;
	5017	:	357f44;
	5018	:	388041;
	5019	:	357c40;
	5020	:	3b7f4c;
	5021	:	3d6739;
	5022	:	574c1f;
	5023	:	6e4b21;
	5024	:	66431b;
	5025	:	682a13;
	5026	:	7d912;
	5027	:	8b017;
	5028	:	8a017;
	5029	:	86014;
	5030	:	86116;
	5031	:	85015;
	5032	:	88016;
	5033	:	88016;
	5034	:	88016;
	5035	:	88016;
	5036	:	88016;
	5037	:	88016;
	5038	:	88016;
	5039	:	88016;
	5040	:	5a2a4;
	5041	:	6c4921;
	5042	:	584f24;
	5043	:	4a5e2d;
	5044	:	427942;
	5045	:	367f47;
	5046	:	387e48;
	5047	:	387e48;
	5048	:	387f47;
	5049	:	387f47;
	5050	:	397e45;
	5051	:	397e45;
	5052	:	387f45;
	5053	:	387f45;
	5054	:	387f47;
	5055	:	387f47;
	5056	:	387f47;
	5057	:	387f47;
	5058	:	387f47;
	5059	:	387f47;
	5060	:	387f47;
	5061	:	387f47;
	5062	:	387f47;
	5063	:	387f47;
	5064	:	387f47;
	5065	:	387f47;
	5066	:	387f47;
	5067	:	387f47;
	5068	:	387f47;
	5069	:	387f47;
	5070	:	387f47;
	5071	:	387f47;
	5072	:	387f47;
	5073	:	387f47;
	5074	:	387f47;
	5075	:	387f47;
	5076	:	387f47;
	5077	:	387f47;
	5078	:	387f47;
	5079	:	387f47;
	5080	:	387f47;
	5081	:	387f47;
	5082	:	387f47;
	5083	:	387f47;
	5084	:	387f47;
	5085	:	387f47;
	5086	:	387f47;
	5087	:	387f47;
	5088	:	387f47;
	5089	:	387f47;
	5090	:	387f47;
	5091	:	387f47;
	5092	:	387f47;
	5093	:	387f47;
	5094	:	387f47;
	5095	:	387f47;
	5096	:	387f47;
	5097	:	387f47;
	5098	:	387f47;
	5099	:	387f47;
	5100	:	387f47;
	5101	:	387f47;
	5102	:	387f47;
	5103	:	387f47;
	5104	:	387f47;
	5105	:	387f47;
	5106	:	387f47;
	5107	:	387f47;
	5108	:	387f47;
	5109	:	387f47;
	5110	:	387f47;
	5111	:	387f47;
	5112	:	387f47;
	5113	:	387f47;
	5114	:	387f47;
	5115	:	387f47;
	5116	:	387f47;
	5117	:	387f47;
	5118	:	387f47;
	5119	:	387f47;
	5120	:	347d45;
	5121	:	39824a;
	5122	:	377e46;
	5123	:	357c44;
	5124	:	397e47;
	5125	:	387b45;
	5126	:	387b45;
	5127	:	3c7f49;
	5128	:	3b7c46;
	5129	:	397a44;
	5130	:	3b7c46;
	5131	:	3c7d47;
	5132	:	3b7c46;
	5133	:	3e7d48;
	5134	:	3f7e49;
	5135	:	3c7d47;
	5136	:	3b7e48;
	5137	:	3c8148;
	5138	:	377e42;
	5139	:	387e42;
	5140	:	3f7d4a;
	5141	:	376133;
	5142	:	595f31;
	5143	:	5d4a1f;
	5144	:	6a491e;
	5145	:	64249;
	5146	:	787b;
	5147	:	87013;
	5148	:	83012;
	5149	:	84015;
	5150	:	89117;
	5151	:	89117;
	5152	:	88016;
	5153	:	88016;
	5154	:	88016;
	5155	:	88016;
	5156	:	88016;
	5157	:	88016;
	5158	:	88016;
	5159	:	88016;
	5160	:	5a2a4;
	5161	:	6c4921;
	5162	:	584f24;
	5163	:	485e2d;
	5164	:	407942;
	5165	:	368045;
	5166	:	387f47;
	5167	:	387e48;
	5168	:	387f47;
	5169	:	387f47;
	5170	:	397e45;
	5171	:	397e45;
	5172	:	387f45;
	5173	:	387f45;
	5174	:	387f47;
	5175	:	387f47;
	5176	:	387f47;
	5177	:	387f47;
	5178	:	387f47;
	5179	:	387f47;
	5180	:	387f47;
	5181	:	387f47;
	5182	:	387f47;
	5183	:	387f47;
	5184	:	387f47;
	5185	:	387f47;
	5186	:	387f47;
	5187	:	387f47;
	5188	:	387f47;
	5189	:	387f47;
	5190	:	387f47;
	5191	:	387f47;
	5192	:	387f47;
	5193	:	387f47;
	5194	:	387f47;
	5195	:	387f47;
	5196	:	387f47;
	5197	:	387f47;
	5198	:	387f47;
	5199	:	387f47;
	5200	:	387f47;
	5201	:	387f47;
	5202	:	387f47;
	5203	:	387f47;
	5204	:	387f47;
	5205	:	387f47;
	5206	:	387f47;
	5207	:	387f47;
	5208	:	387f47;
	5209	:	387f47;
	5210	:	387f47;
	5211	:	387f47;
	5212	:	387f47;
	5213	:	387f47;
	5214	:	387f47;
	5215	:	387f47;
	5216	:	387f47;
	5217	:	387f47;
	5218	:	387f47;
	5219	:	387f47;
	5220	:	387f47;
	5221	:	387f47;
	5222	:	387f47;
	5223	:	387f47;
	5224	:	387f47;
	5225	:	387f47;
	5226	:	387f47;
	5227	:	387f47;
	5228	:	387f47;
	5229	:	387f47;
	5230	:	387f47;
	5231	:	387f47;
	5232	:	387f47;
	5233	:	387f47;
	5234	:	387f47;
	5235	:	387f47;
	5236	:	387f47;
	5237	:	387f47;
	5238	:	387f47;
	5239	:	387f47;
	5240	:	357e46;
	5241	:	398048;
	5242	:	367d45;
	5243	:	3c814a;
	5244	:	3a7d47;
	5245	:	3d7e48;
	5246	:	3f7e49;
	5247	:	94511;
	5248	:	a4612;
	5249	:	94511;
	5250	:	b4713;
	5251	:	b4713;
	5252	:	642e;
	5253	:	84410;
	5254	:	c4814;
	5255	:	84410;
	5256	:	3d7945;
	5257	:	3e7d48;
	5258	:	3a8044;
	5259	:	387e42;
	5260	:	3b7a45;
	5261	:	447241;
	5262	:	495a2d;
	5263	:	5b5227;
	5264	:	6c4d21;
	5265	:	62226;
	5266	:	75bb;
	5267	:	85514;
	5268	:	82211;
	5269	:	86315;
	5270	:	88018;
	5271	:	89018;
	5272	:	88016;
	5273	:	88016;
	5274	:	88016;
	5275	:	88016;
	5276	:	88016;
	5277	:	88016;
	5278	:	88016;
	5279	:	88016;
	5280	:	5a2a4;
	5281	:	6c4921;
	5282	:	584f24;
	5283	:	4a5e2d;
	5284	:	427942;
	5285	:	367f47;
	5286	:	387e48;
	5287	:	387e48;
	5288	:	387f47;
	5289	:	387f47;
	5290	:	397e45;
	5291	:	397e45;
	5292	:	387f45;
	5293	:	387f45;
	5294	:	387f47;
	5295	:	387f47;
	5296	:	387f47;
	5297	:	387f47;
	5298	:	387f47;
	5299	:	387f47;
	5300	:	387f47;
	5301	:	387f47;
	5302	:	387f47;
	5303	:	387f47;
	5304	:	387f47;
	5305	:	387f47;
	5306	:	387f47;
	5307	:	387f47;
	5308	:	387f47;
	5309	:	387f47;
	5310	:	387f47;
	5311	:	387f47;
	5312	:	387f47;
	5313	:	387f47;
	5314	:	387f47;
	5315	:	387f47;
	5316	:	387f47;
	5317	:	387f47;
	5318	:	387f47;
	5319	:	387f47;
	5320	:	387f47;
	5321	:	387f47;
	5322	:	387f47;
	5323	:	387f47;
	5324	:	387f47;
	5325	:	387f47;
	5326	:	387f47;
	5327	:	387f47;
	5328	:	387f47;
	5329	:	387f47;
	5330	:	387f47;
	5331	:	387f47;
	5332	:	387f47;
	5333	:	387f47;
	5334	:	387f47;
	5335	:	387f47;
	5336	:	387f47;
	5337	:	387f47;
	5338	:	387f47;
	5339	:	387f47;
	5340	:	387f47;
	5341	:	387f47;
	5342	:	387f47;
	5343	:	387f47;
	5344	:	387f47;
	5345	:	387f47;
	5346	:	387f47;
	5347	:	387f47;
	5348	:	387f47;
	5349	:	387f47;
	5350	:	387f47;
	5351	:	387f47;
	5352	:	387f47;
	5353	:	387f47;
	5354	:	387f47;
	5355	:	387f47;
	5356	:	387f47;
	5357	:	387f47;
	5358	:	387f47;
	5359	:	387f47;
	5360	:	387f47;
	5361	:	387f47;
	5362	:	3b8049;
	5363	:	3a7d47;
	5364	:	3b7a45;
	5365	:	3f7b47;
	5366	:	53fc;
	5367	:	e4714;
	5368	:	316735;
	5369	:	326836;
	5370	:	326836;
	5371	:	2e6432;
	5372	:	2e6734;
	5373	:	356e3b;
	5374	:	28622f;
	5375	:	e4714;
	5376	:	e4413;
	5377	:	3d7643;
	5378	:	3d8148;
	5379	:	387f43;
	5380	:	3c8045;
	5381	:	4a7c47;
	5382	:	465b30;
	5383	:	565129;
	5384	:	664b1e;
	5385	:	5e265;
	5386	:	7211a;
	5387	:	80811;
	5388	:	83312;
	5389	:	88316;
	5390	:	88018;
	5391	:	88018;
	5392	:	88016;
	5393	:	88016;
	5394	:	88016;
	5395	:	88016;
	5396	:	88016;
	5397	:	88016;
	5398	:	88016;
	5399	:	88016;
	5400	:	5a2a4;
	5401	:	6c4921;
	5402	:	584f24;
	5403	:	485e2d;
	5404	:	407942;
	5405	:	368045;
	5406	:	387f47;
	5407	:	387e48;
	5408	:	387f47;
	5409	:	387f47;
	5410	:	397e45;
	5411	:	397e45;
	5412	:	387f45;
	5413	:	387f45;
	5414	:	387f47;
	5415	:	387f47;
	5416	:	387f47;
	5417	:	387f47;
	5418	:	387f47;
	5419	:	387f47;
	5420	:	387f47;
	5421	:	387f47;
	5422	:	387f47;
	5423	:	387f47;
	5424	:	387f47;
	5425	:	387f47;
	5426	:	387f47;
	5427	:	387f47;
	5428	:	387f47;
	5429	:	387f47;
	5430	:	387f47;
	5431	:	387f47;
	5432	:	387f47;
	5433	:	387f47;
	5434	:	387f47;
	5435	:	387f47;
	5436	:	387f47;
	5437	:	387f47;
	5438	:	387f47;
	5439	:	387f47;
	5440	:	387f47;
	5441	:	387f47;
	5442	:	387f47;
	5443	:	387f47;
	5444	:	387f47;
	5445	:	387f47;
	5446	:	387f47;
	5447	:	387f47;
	5448	:	387f47;
	5449	:	387f47;
	5450	:	387f47;
	5451	:	387f47;
	5452	:	387f47;
	5453	:	387f47;
	5454	:	387f47;
	5455	:	387f47;
	5456	:	387f47;
	5457	:	387f47;
	5458	:	387f47;
	5459	:	387f47;
	5460	:	387f47;
	5461	:	387f47;
	5462	:	387f47;
	5463	:	387f47;
	5464	:	387f47;
	5465	:	387f47;
	5466	:	387f47;
	5467	:	387f47;
	5468	:	387f47;
	5469	:	387f47;
	5470	:	387f47;
	5471	:	387f47;
	5472	:	387f47;
	5473	:	387f47;
	5474	:	387f47;
	5475	:	387f47;
	5476	:	387f47;
	5477	:	387f47;
	5478	:	387f47;
	5479	:	387f47;
	5480	:	387f47;
	5481	:	3a7f48;
	5482	:	3a7d47;
	5483	:	3b7c46;
	5484	:	417d49;
	5485	:	a4310;
	5486	:	366c3a;
	5487	:	316534;
	5488	:	356736;
	5489	:	346434;
	5490	:	366837;
	5491	:	386a39;
	5492	:	346837;
	5493	:	346a38;
	5494	:	336937;
	5495	:	316534;
	5496	:	39683a;
	5497	:	e4212;
	5498	:	3f7e49;
	5499	:	357a41;
	5500	:	388041;
	5501	:	437d43;
	5502	:	486338;
	5503	:	53512b;
	5504	:	65481c;
	5505	:	662eb;
	5506	:	6d17a;
	5507	:	779c;
	5508	:	813f;
	5509	:	88014;
	5510	:	88018;
	5511	:	8901a;
	5512	:	88018;
	5513	:	88016;
	5514	:	88016;
	5515	:	88016;
	5516	:	88016;
	5517	:	88016;
	5518	:	88016;
	5519	:	88016;
	5520	:	5a2a4;
	5521	:	6c4921;
	5522	:	584f24;
	5523	:	4a5e2d;
	5524	:	427942;
	5525	:	367f47;
	5526	:	387e48;
	5527	:	387e48;
	5528	:	387f47;
	5529	:	387f47;
	5530	:	397e45;
	5531	:	397e45;
	5532	:	387f45;
	5533	:	387f45;
	5534	:	387f47;
	5535	:	387f47;
	5536	:	387f47;
	5537	:	387f47;
	5538	:	387f47;
	5539	:	387f47;
	5540	:	387f47;
	5541	:	387f47;
	5542	:	387f47;
	5543	:	387f47;
	5544	:	387f47;
	5545	:	387f47;
	5546	:	387f47;
	5547	:	387f47;
	5548	:	387f47;
	5549	:	387f47;
	5550	:	387f47;
	5551	:	387f47;
	5552	:	387f47;
	5553	:	387f47;
	5554	:	387f47;
	5555	:	387f47;
	5556	:	387f47;
	5557	:	387f47;
	5558	:	387f47;
	5559	:	387f47;
	5560	:	387f47;
	5561	:	387f47;
	5562	:	387f47;
	5563	:	387f47;
	5564	:	387f47;
	5565	:	387f47;
	5566	:	387f47;
	5567	:	387f47;
	5568	:	387f47;
	5569	:	387f47;
	5570	:	387f47;
	5571	:	387f47;
	5572	:	387f47;
	5573	:	387f47;
	5574	:	387f47;
	5575	:	387f47;
	5576	:	387f47;
	5577	:	387f47;
	5578	:	387f47;
	5579	:	387f47;
	5580	:	387f47;
	5581	:	387f47;
	5582	:	387f47;
	5583	:	387f47;
	5584	:	387f47;
	5585	:	387f47;
	5586	:	387f47;
	5587	:	387f47;
	5588	:	387f47;
	5589	:	387f47;
	5590	:	387f47;
	5591	:	387f47;
	5592	:	387f47;
	5593	:	387f47;
	5594	:	387f47;
	5595	:	387f47;
	5596	:	387f47;
	5597	:	387f47;
	5598	:	387f47;
	5599	:	387f47;
	5600	:	397e47;
	5601	:	397e47;
	5602	:	3a7b45;
	5603	:	3d7c47;
	5604	:	842f;
	5605	:	326836;
	5606	:	386a39;
	5607	:	386637;
	5608	:	396436;
	5609	:	3a6537;
	5610	:	386637;
	5611	:	376536;
	5612	:	346434;
	5613	:	326433;
	5614	:	326635;
	5615	:	366837;
	5616	:	366436;
	5617	:	376638;
	5618	:	b4312;
	5619	:	3e7f47;
	5620	:	327d3c;
	5621	:	3c7c3f;
	5622	:	406037;
	5623	:	51512d;
	5624	:	704a23;
	5625	:	7c3d1c;
	5626	:	6f2212;
	5627	:	70ed;
	5628	:	83511;
	5629	:	8a014;
	5630	:	88017;
	5631	:	88019;
	5632	:	88018;
	5633	:	88016;
	5634	:	88016;
	5635	:	88016;
	5636	:	88016;
	5637	:	88016;
	5638	:	88016;
	5639	:	88016;
	5640	:	5a2a4;
	5641	:	6c4923;
	5642	:	584f24;
	5643	:	485e2d;
	5644	:	407942;
	5645	:	368045;
	5646	:	387f47;
	5647	:	387e48;
	5648	:	387f47;
	5649	:	387f47;
	5650	:	397e45;
	5651	:	397e45;
	5652	:	387f45;
	5653	:	387f45;
	5654	:	387f47;
	5655	:	387f47;
	5656	:	387f47;
	5657	:	387f47;
	5658	:	387f47;
	5659	:	387f47;
	5660	:	387f47;
	5661	:	387f47;
	5662	:	387f47;
	5663	:	387f47;
	5664	:	387f47;
	5665	:	367f47;
	5666	:	367f47;
	5667	:	387f47;
	5668	:	387f47;
	5669	:	387f47;
	5670	:	387f47;
	5671	:	387f47;
	5672	:	387f47;
	5673	:	387f47;
	5674	:	387f47;
	5675	:	387f47;
	5676	:	387f47;
	5677	:	387f47;
	5678	:	387f47;
	5679	:	387f47;
	5680	:	387f47;
	5681	:	387f47;
	5682	:	387f47;
	5683	:	387f47;
	5684	:	387f47;
	5685	:	387f47;
	5686	:	387f47;
	5687	:	387f47;
	5688	:	387f47;
	5689	:	387f47;
	5690	:	387f47;
	5691	:	387f47;
	5692	:	387f47;
	5693	:	387f47;
	5694	:	387f47;
	5695	:	387f47;
	5696	:	387f47;
	5697	:	387f47;
	5698	:	387f47;
	5699	:	387f47;
	5700	:	387f47;
	5701	:	387f47;
	5702	:	387f47;
	5703	:	387f47;
	5704	:	387f47;
	5705	:	387f47;
	5706	:	387f47;
	5707	:	387f47;
	5708	:	387f47;
	5709	:	387f47;
	5710	:	387f47;
	5711	:	387f47;
	5712	:	387f47;
	5713	:	387f47;
	5714	:	387f47;
	5715	:	387f47;
	5716	:	387f47;
	5717	:	387f47;
	5718	:	387f47;
	5719	:	387f47;
	5720	:	387f47;
	5721	:	3a7d47;
	5722	:	407f4a;
	5723	:	a4411;
	5724	:	942f;
	5725	:	114715;
	5726	:	93dd;
	5727	:	f4011;
	5728	:	134214;
	5729	:	113f11;
	5730	:	e3df;
	5731	:	f4011;
	5732	:	134415;
	5733	:	f4313;
	5734	:	c4211;
	5735	:	e4413;
	5736	:	f4011;
	5737	:	114213;
	5738	:	83ed;
	5739	:	c4814;
	5740	:	397f40;
	5741	:	408044;
	5742	:	356033;
	5743	:	545c37;
	5744	:	6c451c;
	5745	:	813f1d;
	5746	:	6c2310;
	5747	:	68da;
	5748	:	83712;
	5749	:	8b015;
	5750	:	88018;
	5751	:	88018;
	5752	:	88016;
	5753	:	88016;
	5754	:	88016;
	5755	:	88016;
	5756	:	88016;
	5757	:	88016;
	5758	:	88016;
	5759	:	88016;
	5760	:	592b9;
	5761	:	6c4a24;
	5762	:	595025;
	5763	:	4a5e2d;
	5764	:	467d44;
	5765	:	327c41;
	5766	:	387f47;
	5767	:	387f47;
	5768	:	378048;
	5769	:	367d45;
	5770	:	3c814a;
	5771	:	3c814a;
	5772	:	347b43;
	5773	:	3a8149;
	5774	:	3a8149;
	5775	:	357c44;
	5776	:	387f47;
	5777	:	3a8149;
	5778	:	377c45;
	5779	:	3a7f48;
	5780	:	398048;
	5781	:	367d45;
	5782	:	378048;
	5783	:	378048;
	5784	:	367f47;
	5785	:	367f47;
	5786	:	367f47;
	5787	:	367f47;
	5788	:	387f45;
	5789	:	387f45;
	5790	:	397e45;
	5791	:	397e45;
	5792	:	387f47;
	5793	:	387f47;
	5794	:	387f47;
	5795	:	387f47;
	5796	:	387f47;
	5797	:	387f47;
	5798	:	387f47;
	5799	:	387f47;
	5800	:	387f47;
	5801	:	387f47;
	5802	:	387f47;
	5803	:	387f47;
	5804	:	387f47;
	5805	:	387f47;
	5806	:	387f47;
	5807	:	387f47;
	5808	:	387f47;
	5809	:	387f47;
	5810	:	387f47;
	5811	:	387f47;
	5812	:	387f47;
	5813	:	387f47;
	5814	:	387f47;
	5815	:	387f47;
	5816	:	387f47;
	5817	:	387f47;
	5818	:	387f47;
	5819	:	387f47;
	5820	:	387f47;
	5821	:	387f47;
	5822	:	387f47;
	5823	:	387f47;
	5824	:	387f47;
	5825	:	387f47;
	5826	:	387f47;
	5827	:	387f47;
	5828	:	387f47;
	5829	:	387f47;
	5830	:	387f47;
	5831	:	387f47;
	5832	:	387f47;
	5833	:	387f47;
	5834	:	387f47;
	5835	:	387f47;
	5836	:	387f47;
	5837	:	387f47;
	5838	:	387f47;
	5839	:	387f47;
	5840	:	387f45;
	5841	:	3a7e45;
	5842	:	407a47;
	5843	:	d4311;
	5844	:	2f6937;
	5845	:	2f6937;
	5846	:	2f6939;
	5847	:	306839;
	5848	:	326739;
	5849	:	326739;
	5850	:	306839;
	5851	:	306839;
	5852	:	306839;
	5853	:	306839;
	5854	:	2f6939;
	5855	:	2e6939;
	5856	:	2a6837;
	5857	:	326d3d;
	5858	:	2f6738;
	5859	:	104615;
	5860	:	942d;
	5861	:	407944;
	5862	:	457b4a;
	5863	:	465d2f;
	5864	:	6c4a1d;
	5865	:	823e1b;
	5866	:	6a1fa;
	5867	:	6f12d;
	5868	:	7d214;
	5869	:	8901a;
	5870	:	86014;
	5871	:	87215;
	5872	:	88016;
	5873	:	88016;
	5874	:	88016;
	5875	:	88016;
	5876	:	88016;
	5877	:	88016;
	5878	:	88016;
	5879	:	88016;
	5880	:	5a2ca;
	5881	:	684621;
	5882	:	574e23;
	5883	:	465c2b;
	5884	:	427c42;
	5885	:	368043;
	5886	:	3b8248;
	5887	:	367d45;
	5888	:	387f47;
	5889	:	377e46;
	5890	:	377c45;
	5891	:	387b45;
	5892	:	3e834c;
	5893	:	387d46;
	5894	:	377c45;
	5895	:	3c814a;
	5896	:	3a7f48;
	5897	:	367b44;
	5898	:	3a7d47;
	5899	:	397c46;
	5900	:	3a7f48;
	5901	:	397e47;
	5902	:	398048;
	5903	:	347d45;
	5904	:	367f47;
	5905	:	358047;
	5906	:	358047;
	5907	:	367f47;
	5908	:	387f45;
	5909	:	387f45;
	5910	:	397e45;
	5911	:	397e45;
	5912	:	387f47;
	5913	:	387f47;
	5914	:	387f47;
	5915	:	387f47;
	5916	:	387f47;
	5917	:	387f47;
	5918	:	387f47;
	5919	:	387f47;
	5920	:	387f47;
	5921	:	387f47;
	5922	:	387f47;
	5923	:	387f47;
	5924	:	387f47;
	5925	:	387f47;
	5926	:	387f47;
	5927	:	387f47;
	5928	:	387f47;
	5929	:	387f47;
	5930	:	387f47;
	5931	:	387f47;
	5932	:	387f47;
	5933	:	387f47;
	5934	:	387f47;
	5935	:	387f47;
	5936	:	387f47;
	5937	:	387f47;
	5938	:	387f47;
	5939	:	387f47;
	5940	:	387f47;
	5941	:	387f47;
	5942	:	387f47;
	5943	:	387f47;
	5944	:	387f47;
	5945	:	387f47;
	5946	:	387f47;
	5947	:	387f47;
	5948	:	387f47;
	5949	:	387f47;
	5950	:	387f47;
	5951	:	387f47;
	5952	:	387f47;
	5953	:	387f47;
	5954	:	387f47;
	5955	:	387f47;
	5956	:	387f47;
	5957	:	387f47;
	5958	:	387f47;
	5959	:	387f47;
	5960	:	368045;
	5961	:	3a7e45;
	5962	:	417a47;
	5963	:	e4211;
	5964	:	2f6937;
	5965	:	2e6a37;
	5966	:	2c6a39;
	5967	:	2c6a3b;
	5968	:	2e693b;
	5969	:	2e693b;
	5970	:	2c6a3b;
	5971	:	2c6a3b;
	5972	:	2e693b;
	5973	:	2e693b;
	5974	:	2c6a3b;
	5975	:	2b6a3b;
	5976	:	2b6e3b;
	5977	:	2a6a38;
	5978	:	2e673a;
	5979	:	2d6234;
	5980	:	114715;
	5981	:	427844;
	5982	:	3e7a46;
	5983	:	416130;
	5984	:	694a1c;
	5985	:	80401a;
	5986	:	651f6;
	5987	:	6c13d;
	5988	:	7d417;
	5989	:	88019;
	5990	:	89115;
	5991	:	87011;
	5992	:	88014;
	5993	:	88016;
	5994	:	88016;
	5995	:	88016;
	5996	:	88016;
	5997	:	88016;
	5998	:	88016;
	5999	:	88016;
	6000	:	592da;
	6001	:	674721;
	6002	:	5c5529;
	6003	:	4a602f;
	6004	:	417b41;
	6005	:	357f44;
	6006	:	3a8149;
	6007	:	387d46;
	6008	:	397e48;
	6009	:	377a45;
	6010	:	40814b;
	6011	:	3a7b45;
	6012	:	3d7c47;
	6013	:	3b7a45;
	6014	:	3b7a45;
	6015	:	3d7c47;
	6016	:	3e7d48;
	6017	:	3e7d48;
	6018	:	43824d;
	6019	:	3a7944;
	6020	:	3f804a;
	6021	:	3a7b45;
	6022	:	397c46;
	6023	:	3b8049;
	6024	:	367f47;
	6025	:	367f47;
	6026	:	367f47;
	6027	:	367f47;
	6028	:	387f47;
	6029	:	387f47;
	6030	:	397e45;
	6031	:	397e45;
	6032	:	387f47;
	6033	:	387f47;
	6034	:	387f47;
	6035	:	387f47;
	6036	:	387f47;
	6037	:	387f47;
	6038	:	387f47;
	6039	:	387f47;
	6040	:	387f47;
	6041	:	387f47;
	6042	:	387f47;
	6043	:	387f47;
	6044	:	387f47;
	6045	:	387f47;
	6046	:	387f47;
	6047	:	387f47;
	6048	:	387f47;
	6049	:	387f47;
	6050	:	387f47;
	6051	:	387f47;
	6052	:	387f47;
	6053	:	387f47;
	6054	:	387f47;
	6055	:	387f47;
	6056	:	387f47;
	6057	:	387f47;
	6058	:	387f47;
	6059	:	387f47;
	6060	:	387f47;
	6061	:	387f47;
	6062	:	387f47;
	6063	:	387f47;
	6064	:	387f47;
	6065	:	387f47;
	6066	:	387f47;
	6067	:	387f47;
	6068	:	387f47;
	6069	:	387f47;
	6070	:	387f47;
	6071	:	387f47;
	6072	:	387f47;
	6073	:	387f47;
	6074	:	387f47;
	6075	:	387f47;
	6076	:	387f47;
	6077	:	387f47;
	6078	:	387f47;
	6079	:	387f47;
	6080	:	368045;
	6081	:	3a7e45;
	6082	:	417a47;
	6083	:	e4211;
	6084	:	2f6937;
	6085	:	2e6939;
	6086	:	2c6a3b;
	6087	:	2e693b;
	6088	:	2f683b;
	6089	:	2f683b;
	6090	:	2e693b;
	6091	:	2e693b;
	6092	:	2f683b;
	6093	:	2f683b;
	6094	:	2e693b;
	6095	:	2c6a3b;
	6096	:	2c6737;
	6097	:	2e6939;
	6098	:	316c3e;
	6099	:	316b3b;
	6100	:	842f;
	6101	:	407a47;
	6102	:	407c49;
	6103	:	3f612f;
	6104	:	634b1d;
	6105	:	7a431c;
	6106	:	61248;
	6107	:	6916e;
	6108	:	7d717;
	6109	:	88018;
	6110	:	8c317;
	6111	:	87012;
	6112	:	88016;
	6113	:	88016;
	6114	:	88016;
	6115	:	88016;
	6116	:	88016;
	6117	:	88016;
	6118	:	88016;
	6119	:	88016;
	6120	:	572b8;
	6121	:	65451f;
	6122	:	5a5327;
	6123	:	485e2d;
	6124	:	407a40;
	6125	:	367d41;
	6126	:	397e45;
	6127	:	3b7e48;
	6128	:	377a45;
	6129	:	43834f;
	6130	:	64510;
	6131	:	a4612;
	6132	:	b4512;
	6133	:	a4411;
	6134	:	d4714;
	6135	:	842f;
	6136	:	c4613;
	6137	:	640d;
	6138	:	a4411;
	6139	:	842f;
	6140	:	417d49;
	6141	:	3e7d48;
	6142	:	397a44;
	6143	:	397c46;
	6144	:	387f47;
	6145	:	367f47;
	6146	:	367f47;
	6147	:	367f47;
	6148	:	387f47;
	6149	:	387f47;
	6150	:	387f45;
	6151	:	397e45;
	6152	:	387f47;
	6153	:	387f47;
	6154	:	387f47;
	6155	:	387f47;
	6156	:	387f47;
	6157	:	387f47;
	6158	:	387f47;
	6159	:	387f47;
	6160	:	387f47;
	6161	:	387f47;
	6162	:	387f47;
	6163	:	387f47;
	6164	:	387f47;
	6165	:	387f47;
	6166	:	387f47;
	6167	:	387f47;
	6168	:	387f47;
	6169	:	387f47;
	6170	:	387f47;
	6171	:	387f47;
	6172	:	387f47;
	6173	:	387f47;
	6174	:	387f47;
	6175	:	387f47;
	6176	:	387f47;
	6177	:	387f47;
	6178	:	387f47;
	6179	:	387f47;
	6180	:	387f47;
	6181	:	387f47;
	6182	:	387f47;
	6183	:	387f47;
	6184	:	387f47;
	6185	:	387f47;
	6186	:	387f47;
	6187	:	387f47;
	6188	:	387f47;
	6189	:	387f47;
	6190	:	387f47;
	6191	:	387f47;
	6192	:	387f47;
	6193	:	387f47;
	6194	:	387f47;
	6195	:	387f47;
	6196	:	387f47;
	6197	:	387f47;
	6198	:	387f47;
	6199	:	387f47;
	6200	:	368045;
	6201	:	3a7e45;
	6202	:	417a47;
	6203	:	e4211;
	6204	:	2f6937;
	6205	:	2e6a37;
	6206	:	2c6a39;
	6207	:	2c6a3b;
	6208	:	2e693b;
	6209	:	2e693b;
	6210	:	2c6a3b;
	6211	:	2c6a3b;
	6212	:	2e693b;
	6213	:	2e693b;
	6214	:	2c6a3b;
	6215	:	2e693b;
	6216	:	31693a;
	6217	:	2e6637;
	6218	:	2f6a3c;
	6219	:	2c6a39;
	6220	:	84712;
	6221	:	3c7b44;
	6222	:	3b7a45;
	6223	:	426734;
	6224	:	604e1e;
	6225	:	74441c;
	6226	:	633011;
	6227	:	681b11;
	6228	:	7d717;
	6229	:	89018;
	6230	:	8b015;
	6231	:	88011;
	6232	:	88014;
	6233	:	88016;
	6234	:	88016;
	6235	:	88016;
	6236	:	88016;
	6237	:	88016;
	6238	:	88016;
	6239	:	88016;
	6240	:	5b2fa;
	6241	:	684821;
	6242	:	585125;
	6243	:	475d2c;
	6244	:	477e45;
	6245	:	3a8147;
	6246	:	3b7e48;
	6247	:	3b7c46;
	6248	:	3e7c49;
	6249	:	74310;
	6250	:	2b6533;
	6251	:	2f6736;
	6252	:	326837;
	6253	:	316736;
	6254	:	326636;
	6255	:	376b3b;
	6256	:	316736;
	6257	:	356b3a;
	6258	:	316736;
	6259	:	316736;
	6260	:	e4714;
	6261	:	3c7643;
	6262	:	3e7d48;
	6263	:	3e7f49;
	6264	:	397e47;
	6265	:	387f47;
	6266	:	367f47;
	6267	:	367f47;
	6268	:	367f47;
	6269	:	387f47;
	6270	:	387f47;
	6271	:	387f47;
	6272	:	387f47;
	6273	:	387f47;
	6274	:	387f47;
	6275	:	387f47;
	6276	:	387f47;
	6277	:	387f47;
	6278	:	387f47;
	6279	:	387f47;
	6280	:	387f47;
	6281	:	387f47;
	6282	:	387f47;
	6283	:	387f47;
	6284	:	387f47;
	6285	:	387f47;
	6286	:	387f47;
	6287	:	387f47;
	6288	:	387f47;
	6289	:	387f47;
	6290	:	387f47;
	6291	:	387f47;
	6292	:	387f47;
	6293	:	387f47;
	6294	:	387f47;
	6295	:	387f47;
	6296	:	387f47;
	6297	:	387f47;
	6298	:	387f47;
	6299	:	387f47;
	6300	:	387f47;
	6301	:	387f47;
	6302	:	387f47;
	6303	:	387f47;
	6304	:	387f47;
	6305	:	387f47;
	6306	:	387f47;
	6307	:	387f47;
	6308	:	387f47;
	6309	:	387f47;
	6310	:	387f47;
	6311	:	387f47;
	6312	:	387f47;
	6313	:	387f47;
	6314	:	387f47;
	6315	:	387f47;
	6316	:	387f47;
	6317	:	387f47;
	6318	:	387f47;
	6319	:	387f47;
	6320	:	368045;
	6321	:	3a7e45;
	6322	:	417a47;
	6323	:	e4211;
	6324	:	2f6937;
	6325	:	2e6939;
	6326	:	2c6a3b;
	6327	:	2e693b;
	6328	:	2f683b;
	6329	:	2f683b;
	6330	:	2e693b;
	6331	:	2e693b;
	6332	:	2f683b;
	6333	:	2f683b;
	6334	:	2e693b;
	6335	:	2e693b;
	6336	:	32673b;
	6337	:	31663a;
	6338	:	2e693b;
	6339	:	2a6837;
	6340	:	544f;
	6341	:	407f48;
	6342	:	387b45;
	6343	:	3b6631;
	6344	:	5a5221;
	6345	:	6a481b;
	6346	:	6b401e;
	6347	:	672213;
	6348	:	7d715;
	6349	:	8b019;
	6350	:	88012;
	6351	:	8b015;
	6352	:	89016;
	6353	:	88016;
	6354	:	88016;
	6355	:	88016;
	6356	:	88016;
	6357	:	88016;
	6358	:	88016;
	6359	:	88016;
	6360	:	562a5;
	6361	:	6a4a23;
	6362	:	595226;
	6363	:	465c2b;
	6364	:	41783f;
	6365	:	367c40;
	6366	:	41824a;
	6367	:	3c7b46;
	6368	:	b4714;
	6369	:	2d6735;
	6370	:	346a39;
	6371	:	346a39;
	6372	:	336737;
	6373	:	366a3a;
	6374	:	346536;
	6375	:	336435;
	6376	:	2f6333;
	6377	:	366a3a;
	6378	:	356939;
	6379	:	326636;
	6380	:	316735;
	6381	:	c4613;
	6382	:	417d49;
	6383	:	397a44;
	6384	:	3a7d47;
	6385	:	397e47;
	6386	:	387f47;
	6387	:	367f47;
	6388	:	367f47;
	6389	:	367f47;
	6390	:	387f47;
	6391	:	387f47;
	6392	:	387f47;
	6393	:	387f47;
	6394	:	387f47;
	6395	:	387f47;
	6396	:	387f47;
	6397	:	387f47;
	6398	:	387f47;
	6399	:	387f47;
	6400	:	387f47;
	6401	:	387f47;
	6402	:	387f47;
	6403	:	387f47;
	6404	:	387f47;
	6405	:	387f47;
	6406	:	387f47;
	6407	:	387f47;
	6408	:	387f47;
	6409	:	387f47;
	6410	:	387f47;
	6411	:	387f47;
	6412	:	387f47;
	6413	:	387f47;
	6414	:	387f47;
	6415	:	387f47;
	6416	:	387f47;
	6417	:	387f47;
	6418	:	387f47;
	6419	:	387f47;
	6420	:	387f47;
	6421	:	387f47;
	6422	:	387f47;
	6423	:	387f47;
	6424	:	387f47;
	6425	:	387f47;
	6426	:	387f47;
	6427	:	387f47;
	6428	:	387f47;
	6429	:	387f47;
	6430	:	387f47;
	6431	:	387f47;
	6432	:	387f47;
	6433	:	387f47;
	6434	:	387f47;
	6435	:	387f47;
	6436	:	387f47;
	6437	:	387f47;
	6438	:	387f47;
	6439	:	387f47;
	6440	:	368045;
	6441	:	3a7e45;
	6442	:	417a47;
	6443	:	e4211;
	6444	:	2f6937;
	6445	:	2e6a37;
	6446	:	2c6a39;
	6447	:	2c6a3b;
	6448	:	2e693b;
	6449	:	2e693b;
	6450	:	2c6a3b;
	6451	:	2c6a3b;
	6452	:	2e693b;
	6453	:	2e693b;
	6454	:	2c6a3b;
	6455	:	2e693b;
	6456	:	33683c;
	6457	:	356a3e;
	6458	:	2f6a3c;
	6459	:	2e6c3b;
	6460	:	94511;
	6461	:	3c7d45;
	6462	:	3d824b;
	6463	:	33642d;
	6464	:	555725;
	6465	:	654a1d;
	6466	:	6e4b25;
	6467	:	672413;
	6468	:	7b712;
	6469	:	8b019;
	6470	:	87011;
	6471	:	8a115;
	6472	:	88016;
	6473	:	88016;
	6474	:	88016;
	6475	:	88016;
	6476	:	88016;
	6477	:	88016;
	6478	:	88016;
	6479	:	88016;
	6480	:	592d8;
	6481	:	6a4a23;
	6482	:	574f21;
	6483	:	4c602d;
	6484	:	477c44;
	6485	:	3b7f46;
	6486	:	367540;
	6487	:	c4814;
	6488	:	640e;
	6489	:	d4514;
	6490	:	e4413;
	6491	:	f4313;
	6492	:	e3f10;
	6493	:	f4011;
	6494	:	d3e11;
	6495	:	124316;
	6496	:	124618;
	6497	:	b3f11;
	6498	:	b3ff;
	6499	:	124616;
	6500	:	a40f;
	6501	:	c4413;
	6502	:	b4512;
	6503	:	3b7a45;
	6504	:	3c7d47;
	6505	:	397e47;
	6506	:	387f47;
	6507	:	387f47;
	6508	:	367f47;
	6509	:	367f47;
	6510	:	367f47;
	6511	:	367f47;
	6512	:	387f47;
	6513	:	387f47;
	6514	:	387f47;
	6515	:	387f47;
	6516	:	387f47;
	6517	:	387f47;
	6518	:	387f47;
	6519	:	387f47;
	6520	:	387f47;
	6521	:	387f47;
	6522	:	387f47;
	6523	:	387f47;
	6524	:	387f47;
	6525	:	387f47;
	6526	:	387f47;
	6527	:	387f47;
	6528	:	387f47;
	6529	:	387f47;
	6530	:	387f47;
	6531	:	387f47;
	6532	:	387f47;
	6533	:	387f47;
	6534	:	387f47;
	6535	:	387f47;
	6536	:	387f47;
	6537	:	387f47;
	6538	:	387f47;
	6539	:	387f47;
	6540	:	387f47;
	6541	:	387f47;
	6542	:	387f47;
	6543	:	387f47;
	6544	:	387f47;
	6545	:	387f47;
	6546	:	387f47;
	6547	:	387f47;
	6548	:	387f47;
	6549	:	387f47;
	6550	:	387f47;
	6551	:	387f47;
	6552	:	387f47;
	6553	:	387f47;
	6554	:	387f47;
	6555	:	387f47;
	6556	:	387f47;
	6557	:	387f47;
	6558	:	387f47;
	6559	:	387f47;
	6560	:	368045;
	6561	:	3a7e45;
	6562	:	417a47;
	6563	:	e4211;
	6564	:	2f6937;
	6565	:	2e6939;
	6566	:	2c6a3b;
	6567	:	2e693b;
	6568	:	2f683b;
	6569	:	2f683b;
	6570	:	2e693b;
	6571	:	2e693b;
	6572	:	2f683b;
	6573	:	2f683b;
	6574	:	2e693b;
	6575	:	2e693b;
	6576	:	2f683b;
	6577	:	2e6639;
	6578	:	2f673a;
	6579	:	2d6536;
	6580	:	a4412;
	6581	:	84712;
	6582	:	347b43;
	6583	:	477e45;
	6584	:	515b27;
	6585	:	5f4d1f;
	6586	:	6c4a25;
	6587	:	662310;
	6588	:	7b710;
	6589	:	8a016;
	6590	:	87013;
	6591	:	88014;
	6592	:	88016;
	6593	:	88016;
	6594	:	88016;
	6595	:	88016;
	6596	:	88016;
	6597	:	88016;
	6598	:	88016;
	6599	:	88016;
	6600	:	572b6;
	6601	:	6a4a23;
	6602	:	585022;
	6603	:	4b5f2c;
	6604	:	41763e;
	6605	:	3c8047;
	6606	:	3f7e49;
	6607	:	84410;
	6608	:	306a38;
	6609	:	306837;
	6610	:	316736;
	6611	:	326636;
	6612	:	356939;
	6613	:	346838;
	6614	:	376b3d;
	6615	:	316537;
	6616	:	306537;
	6617	:	366b3d;
	6618	:	316736;
	6619	:	326837;
	6620	:	346a39;
	6621	:	316938;
	6622	:	842f;
	6623	:	407f4a;
	6624	:	3c7d47;
	6625	:	397e47;
	6626	:	387f47;
	6627	:	387f47;
	6628	:	367f47;
	6629	:	367f47;
	6630	:	367f47;
	6631	:	367f47;
	6632	:	387f47;
	6633	:	387f47;
	6634	:	387f47;
	6635	:	387f47;
	6636	:	387f47;
	6637	:	387f47;
	6638	:	387f47;
	6639	:	387f47;
	6640	:	387f47;
	6641	:	387f47;
	6642	:	387f47;
	6643	:	387f47;
	6644	:	387f47;
	6645	:	387f47;
	6646	:	387f47;
	6647	:	387f47;
	6648	:	387f47;
	6649	:	387f47;
	6650	:	387f47;
	6651	:	387f47;
	6652	:	387f47;
	6653	:	387f47;
	6654	:	387f47;
	6655	:	387f47;
	6656	:	387f47;
	6657	:	387f47;
	6658	:	387f47;
	6659	:	387f47;
	6660	:	387f47;
	6661	:	387f47;
	6662	:	387f47;
	6663	:	387f47;
	6664	:	387f47;
	6665	:	387f47;
	6666	:	387f47;
	6667	:	387f47;
	6668	:	387f47;
	6669	:	387f47;
	6670	:	387f47;
	6671	:	387f47;
	6672	:	387f47;
	6673	:	387f47;
	6674	:	387f47;
	6675	:	387f47;
	6676	:	387f47;
	6677	:	387f47;
	6678	:	387f47;
	6679	:	387f47;
	6680	:	368045;
	6681	:	3a7e45;
	6682	:	417a47;
	6683	:	e4211;
	6684	:	2f6937;
	6685	:	2e6a37;
	6686	:	2c6a39;
	6687	:	2c6a3b;
	6688	:	2e693b;
	6689	:	2e693b;
	6690	:	2c6a3b;
	6691	:	2c6a3b;
	6692	:	2e693b;
	6693	:	2e693b;
	6694	:	2c6a3b;
	6695	:	2c6a3b;
	6696	:	2f6a3c;
	6697	:	2e673a;
	6698	:	366b3f;
	6699	:	2f6436;
	6700	:	356b3a;
	6701	:	541d;
	6702	:	388149;
	6703	:	3f793f;
	6704	:	4c5d29;
	6705	:	5d4f22;
	6706	:	694721;
	6707	:	6422c;
	6708	:	7ba10;
	6709	:	87013;
	6710	:	88316;
	6711	:	85013;
	6712	:	88016;
	6713	:	88016;
	6714	:	88016;
	6715	:	88016;
	6716	:	88016;
	6717	:	88016;
	6718	:	88016;
	6719	:	88016;
	6720	:	592b7;
	6721	:	6a4822;
	6722	:	5b5023;
	6723	:	4a5c2a;
	6724	:	467941;
	6725	:	3c7d45;
	6726	:	3d7c47;
	6727	:	94512;
	6728	:	2f6939;
	6729	:	306839;
	6730	:	326739;
	6731	:	326739;
	6732	:	326739;
	6733	:	326739;
	6734	:	32673b;
	6735	:	32673b;
	6736	:	306839;
	6737	:	306839;
	6738	:	306839;
	6739	:	306839;
	6740	:	306837;
	6741	:	306a38;
	6742	:	84410;
	6743	:	3d7c47;
	6744	:	3c7d47;
	6745	:	3a7d47;
	6746	:	397e47;
	6747	:	387f47;
	6748	:	367f47;
	6749	:	367f47;
	6750	:	387f47;
	6751	:	387f47;
	6752	:	387f47;
	6753	:	387f47;
	6754	:	387f47;
	6755	:	387f47;
	6756	:	387f47;
	6757	:	387f47;
	6758	:	387f47;
	6759	:	387f47;
	6760	:	387f47;
	6761	:	387f47;
	6762	:	387f47;
	6763	:	387f47;
	6764	:	387f47;
	6765	:	387f47;
	6766	:	387f47;
	6767	:	387f47;
	6768	:	387f47;
	6769	:	387f47;
	6770	:	387f47;
	6771	:	387f47;
	6772	:	387f47;
	6773	:	387f47;
	6774	:	387f47;
	6775	:	387f47;
	6776	:	387f47;
	6777	:	387f47;
	6778	:	387f47;
	6779	:	387f47;
	6780	:	387f47;
	6781	:	387f47;
	6782	:	387f47;
	6783	:	387f47;
	6784	:	387f47;
	6785	:	387f47;
	6786	:	387f47;
	6787	:	387f47;
	6788	:	387f47;
	6789	:	387f47;
	6790	:	387f47;
	6791	:	387f47;
	6792	:	387f47;
	6793	:	387f47;
	6794	:	387f47;
	6795	:	387f47;
	6796	:	387f47;
	6797	:	387f47;
	6798	:	387f47;
	6799	:	387f47;
	6800	:	368045;
	6801	:	3a7e45;
	6802	:	417a47;
	6803	:	e4211;
	6804	:	2f6937;
	6805	:	2e6939;
	6806	:	2c6a3b;
	6807	:	2e693b;
	6808	:	2f683b;
	6809	:	2f683b;
	6810	:	2e693b;
	6811	:	2e693b;
	6812	:	2f683b;
	6813	:	2f683b;
	6814	:	2e693b;
	6815	:	2c6a3b;
	6816	:	2b6a3b;
	6817	:	2e693b;
	6818	:	31663a;
	6819	:	396a3d;
	6820	:	316233;
	6821	:	94310;
	6822	:	3b8248;
	6823	:	407942;
	6824	:	4b5d2b;
	6825	:	594e21;
	6826	:	6c4a24;
	6827	:	6220a;
	6828	:	75bf;
	6829	:	84315;
	6830	:	83012;
	6831	:	87215;
	6832	:	88016;
	6833	:	88016;
	6834	:	88016;
	6835	:	88016;
	6836	:	88016;
	6837	:	88016;
	6838	:	88016;
	6839	:	88016;
	6840	:	592b7;
	6841	:	6a4822;
	6842	:	5b5023;
	6843	:	4a5c2a;
	6844	:	467941;
	6845	:	3c7d45;
	6846	:	3d7c47;
	6847	:	94512;
	6848	:	2f6939;
	6849	:	2f6939;
	6850	:	306839;
	6851	:	306839;
	6852	:	306839;
	6853	:	2f6939;
	6854	:	2f683b;
	6855	:	2f683b;
	6856	:	2e6939;
	6857	:	2e6939;
	6858	:	2e6939;
	6859	:	2f6939;
	6860	:	2f6937;
	6861	:	2f6b38;
	6862	:	84410;
	6863	:	3d7c47;
	6864	:	3c7d47;
	6865	:	397e47;
	6866	:	387f47;
	6867	:	387f47;
	6868	:	367f47;
	6869	:	367f47;
	6870	:	387f47;
	6871	:	387f47;
	6872	:	387f47;
	6873	:	387f47;
	6874	:	387f47;
	6875	:	387f47;
	6876	:	387f47;
	6877	:	387f47;
	6878	:	387f47;
	6879	:	387f47;
	6880	:	387f47;
	6881	:	387f47;
	6882	:	387f47;
	6883	:	387f47;
	6884	:	387f47;
	6885	:	387f47;
	6886	:	387f47;
	6887	:	387f47;
	6888	:	387f47;
	6889	:	387f47;
	6890	:	387f47;
	6891	:	387f47;
	6892	:	387f47;
	6893	:	387f47;
	6894	:	387f47;
	6895	:	387f47;
	6896	:	387f47;
	6897	:	387f47;
	6898	:	387f47;
	6899	:	387f47;
	6900	:	387f47;
	6901	:	387f47;
	6902	:	387f47;
	6903	:	387f47;
	6904	:	387f47;
	6905	:	387f47;
	6906	:	387f47;
	6907	:	387f47;
	6908	:	387f47;
	6909	:	387f47;
	6910	:	387f47;
	6911	:	387f47;
	6912	:	387f47;
	6913	:	387f47;
	6914	:	387f47;
	6915	:	387f47;
	6916	:	387f47;
	6917	:	387f47;
	6918	:	387f47;
	6919	:	387f47;
	6920	:	368045;
	6921	:	3a7e45;
	6922	:	417a47;
	6923	:	e4211;
	6924	:	2f6937;
	6925	:	2e6a37;
	6926	:	2c6a39;
	6927	:	2c6a3b;
	6928	:	2e693b;
	6929	:	2e693b;
	6930	:	2c6a3b;
	6931	:	2c6a3b;
	6932	:	2e693b;
	6933	:	2e693b;
	6934	:	2c6a3b;
	6935	:	2b6a3b;
	6936	:	286a3a;
	6937	:	2d6b3c;
	6938	:	33683c;
	6939	:	326336;
	6940	:	38693a;
	6941	:	f4815;
	6942	:	377b42;
	6943	:	427942;
	6944	:	4a602f;
	6945	:	575024;
	6946	:	6a4822;
	6947	:	6424b;
	6948	:	7210f;
	6949	:	7f713;
	6950	:	82113;
	6951	:	88014;
	6952	:	88016;
	6953	:	88016;
	6954	:	88016;
	6955	:	88016;
	6956	:	88016;
	6957	:	88016;
	6958	:	88016;
	6959	:	88016;
	6960	:	592b7;
	6961	:	6a4822;
	6962	:	5b5023;
	6963	:	4a5c2a;
	6964	:	467941;
	6965	:	3c7d45;
	6966	:	3d7c47;
	6967	:	94512;
	6968	:	2e6939;
	6969	:	2f6939;
	6970	:	2f6939;
	6971	:	2f6939;
	6972	:	2f683b;
	6973	:	2e693b;
	6974	:	2e693b;
	6975	:	2e693b;
	6976	:	2c6a3b;
	6977	:	2c6a3b;
	6978	:	2c6a3b;
	6979	:	2e6939;
	6980	:	2e6a37;
	6981	:	2f6b38;
	6982	:	84410;
	6983	:	3d7c47;
	6984	:	3c7d47;
	6985	:	3a7d47;
	6986	:	397e47;
	6987	:	387f47;
	6988	:	387f47;
	6989	:	387f47;
	6990	:	387f47;
	6991	:	387f47;
	6992	:	387f47;
	6993	:	387f47;
	6994	:	387f47;
	6995	:	387f47;
	6996	:	387f47;
	6997	:	387f47;
	6998	:	387f47;
	6999	:	387f47;
	7000	:	387f47;
	7001	:	387f47;
	7002	:	387f47;
	7003	:	387f47;
	7004	:	387f47;
	7005	:	387f47;
	7006	:	387f47;
	7007	:	387f47;
	7008	:	387f47;
	7009	:	387f47;
	7010	:	387f47;
	7011	:	387f47;
	7012	:	387f47;
	7013	:	387f47;
	7014	:	387f47;
	7015	:	387f47;
	7016	:	387f47;
	7017	:	387f47;
	7018	:	387f47;
	7019	:	387f47;
	7020	:	387f47;
	7021	:	387f47;
	7022	:	387f47;
	7023	:	387f47;
	7024	:	387f47;
	7025	:	387f47;
	7026	:	387f47;
	7027	:	387f47;
	7028	:	387f47;
	7029	:	387f47;
	7030	:	387f47;
	7031	:	387f47;
	7032	:	387f47;
	7033	:	387f47;
	7034	:	387f47;
	7035	:	387f47;
	7036	:	387f47;
	7037	:	387f47;
	7038	:	387f47;
	7039	:	387f47;
	7040	:	368045;
	7041	:	3a7e45;
	7042	:	417a47;
	7043	:	e4211;
	7044	:	2f6937;
	7045	:	2e6939;
	7046	:	2c6a3b;
	7047	:	2e693b;
	7048	:	2f683b;
	7049	:	2f683b;
	7050	:	2e693b;
	7051	:	2e693b;
	7052	:	2f683b;
	7053	:	2f683b;
	7054	:	2e693b;
	7055	:	2c6a3b;
	7056	:	2d6c3f;
	7057	:	29663a;
	7058	:	326a3d;
	7059	:	34683a;
	7060	:	356939;
	7061	:	a40e;
	7062	:	407f48;
	7063	:	447943;
	7064	:	466031;
	7065	:	555227;
	7066	:	694721;
	7067	:	6a2d11;
	7068	:	6f1811;
	7069	:	78910;
	7070	:	83312;
	7071	:	89014;
	7072	:	88016;
	7073	:	88016;
	7074	:	88016;
	7075	:	88016;
	7076	:	88016;
	7077	:	88016;
	7078	:	88016;
	7079	:	88016;
	7080	:	592b7;
	7081	:	6a4822;
	7082	:	595123;
	7083	:	4a5c2a;
	7084	:	467941;
	7085	:	3c7d45;
	7086	:	3d7c47;
	7087	:	94512;
	7088	:	2e6939;
	7089	:	2e6939;
	7090	:	2f6939;
	7091	:	2f6939;
	7092	:	2e693b;
	7093	:	2e693b;
	7094	:	2c6a3b;
	7095	:	2c6a3b;
	7096	:	2b6a3b;
	7097	:	2b6a3b;
	7098	:	2c6a3b;
	7099	:	2c6a3b;
	7100	:	2e6939;
	7101	:	2f6b38;
	7102	:	64510;
	7103	:	3d7c47;
	7104	:	3c7d47;
	7105	:	397e47;
	7106	:	387f47;
	7107	:	387f47;
	7108	:	387f47;
	7109	:	387f47;
	7110	:	387f47;
	7111	:	387f47;
	7112	:	387f47;
	7113	:	387f47;
	7114	:	387f47;
	7115	:	387f47;
	7116	:	387f47;
	7117	:	387f47;
	7118	:	387f47;
	7119	:	387f47;
	7120	:	387f47;
	7121	:	387f47;
	7122	:	387f47;
	7123	:	387f47;
	7124	:	387f47;
	7125	:	387f47;
	7126	:	387f47;
	7127	:	387f47;
	7128	:	387f47;
	7129	:	387f47;
	7130	:	387f47;
	7131	:	387f47;
	7132	:	387f47;
	7133	:	387f47;
	7134	:	387f47;
	7135	:	387f47;
	7136	:	387f47;
	7137	:	387f47;
	7138	:	387f47;
	7139	:	387f47;
	7140	:	387f47;
	7141	:	387f47;
	7142	:	387f47;
	7143	:	387f47;
	7144	:	387f47;
	7145	:	387f47;
	7146	:	387f47;
	7147	:	387f47;
	7148	:	387f47;
	7149	:	387f47;
	7150	:	387f47;
	7151	:	387f47;
	7152	:	387f47;
	7153	:	387f47;
	7154	:	387f47;
	7155	:	387f47;
	7156	:	387f47;
	7157	:	387f47;
	7158	:	387f47;
	7159	:	387f47;
	7160	:	368045;
	7161	:	3a7e45;
	7162	:	417a47;
	7163	:	e4211;
	7164	:	2f6937;
	7165	:	2e6a37;
	7166	:	2c6a39;
	7167	:	2c6a3b;
	7168	:	2e693b;
	7169	:	2e693b;
	7170	:	2c6a3b;
	7171	:	2c6a3b;
	7172	:	2e693b;
	7173	:	2e693b;
	7174	:	2c6a3b;
	7175	:	2c6a3b;
	7176	:	29683b;
	7177	:	306d41;
	7178	:	2d6639;
	7179	:	2e6637;
	7180	:	356b3a;
	7181	:	63ca;
	7182	:	447f49;
	7183	:	457a44;
	7184	:	3f5f30;
	7185	:	4f5529;
	7186	:	6a4a23;
	7187	:	74391b;
	7188	:	6f1f14;
	7189	:	71ae;
	7190	:	83513;
	7191	:	8a115;
	7192	:	88016;
	7193	:	88016;
	7194	:	88016;
	7195	:	88016;
	7196	:	88016;
	7197	:	88016;
	7198	:	88016;
	7199	:	88016;
	7200	:	582c5;
	7201	:	6a4920;
	7202	:	595123;
	7203	:	495d2a;
	7204	:	467940;
	7205	:	3c7d43;
	7206	:	3d7c47;
	7207	:	94512;
	7208	:	2f6939;
	7209	:	2f6939;
	7210	:	2f683b;
	7211	:	2f683b;
	7212	:	2e693b;
	7213	:	2e693b;
	7214	:	2c693d;
	7215	:	2b6a3d;
	7216	:	2c693d;
	7217	:	2c693d;
	7218	:	2e693b;
	7219	:	2e693b;
	7220	:	2f6939;
	7221	:	306a38;
	7222	:	84410;
	7223	:	3d7c47;
	7224	:	3c7d47;
	7225	:	3a7d47;
	7226	:	397e47;
	7227	:	387f47;
	7228	:	367f47;
	7229	:	367f47;
	7230	:	367f47;
	7231	:	367f47;
	7232	:	387f47;
	7233	:	387f47;
	7234	:	387f47;
	7235	:	387f47;
	7236	:	387f47;
	7237	:	387f47;
	7238	:	387f47;
	7239	:	387f47;
	7240	:	387f47;
	7241	:	387f47;
	7242	:	387f47;
	7243	:	387f47;
	7244	:	387f47;
	7245	:	387f47;
	7246	:	387f47;
	7247	:	387f47;
	7248	:	387f47;
	7249	:	387f47;
	7250	:	387f47;
	7251	:	387f47;
	7252	:	387f47;
	7253	:	387f47;
	7254	:	387f47;
	7255	:	387f47;
	7256	:	387f47;
	7257	:	387f47;
	7258	:	387f47;
	7259	:	387f47;
	7260	:	387f47;
	7261	:	387f47;
	7262	:	387f47;
	7263	:	387f47;
	7264	:	387f47;
	7265	:	387f47;
	7266	:	387f47;
	7267	:	387f47;
	7268	:	387f47;
	7269	:	387f47;
	7270	:	387f47;
	7271	:	387f47;
	7272	:	387f47;
	7273	:	387f47;
	7274	:	387f47;
	7275	:	387f47;
	7276	:	387f47;
	7277	:	387f47;
	7278	:	387f47;
	7279	:	387f47;
	7280	:	368045;
	7281	:	3a7e45;
	7282	:	417a47;
	7283	:	e4211;
	7284	:	2f6937;
	7285	:	2e6939;
	7286	:	2c6a3b;
	7287	:	2e693b;
	7288	:	2f683b;
	7289	:	2f683b;
	7290	:	2e693b;
	7291	:	2e693b;
	7292	:	2f683b;
	7293	:	2f683b;
	7294	:	2e693b;
	7295	:	2c6a3b;
	7296	:	2c693d;
	7297	:	2c693d;
	7298	:	2d683a;
	7299	:	2f683b;
	7300	:	2e6637;
	7301	:	114715;
	7302	:	417c46;
	7303	:	407740;
	7304	:	3b6734;
	7305	:	4b5b2e;
	7306	:	694c22;
	7307	:	7b4020;
	7308	:	702215;
	7309	:	6ecd;
	7310	:	83513;
	7311	:	8b015;
	7312	:	89016;
	7313	:	88016;
	7314	:	88016;
	7315	:	88016;
	7316	:	88016;
	7317	:	88016;
	7318	:	88016;
	7319	:	88016;
	7320	:	582c5;
	7321	:	694920;
	7322	:	595123;
	7323	:	495d2a;
	7324	:	467940;
	7325	:	3c7d43;
	7326	:	3d7c47;
	7327	:	94512;
	7328	:	2f6939;
	7329	:	2f6939;
	7330	:	2f683b;
	7331	:	2f683b;
	7332	:	2e693b;
	7333	:	2e693b;
	7334	:	2c693d;
	7335	:	2c693d;
	7336	:	2c693d;
	7337	:	2e693d;
	7338	:	2e693b;
	7339	:	2f683b;
	7340	:	2f6939;
	7341	:	306a38;
	7342	:	84410;
	7343	:	3d7c47;
	7344	:	3c7d47;
	7345	:	3a7d47;
	7346	:	397e47;
	7347	:	387f47;
	7348	:	367f47;
	7349	:	367f47;
	7350	:	367f47;
	7351	:	367f47;
	7352	:	387f47;
	7353	:	387f47;
	7354	:	387f47;
	7355	:	387f47;
	7356	:	387f47;
	7357	:	387f47;
	7358	:	387f47;
	7359	:	387f47;
	7360	:	387f47;
	7361	:	387f47;
	7362	:	387f47;
	7363	:	387f47;
	7364	:	387f47;
	7365	:	387f47;
	7366	:	387f47;
	7367	:	387f47;
	7368	:	387f47;
	7369	:	387f47;
	7370	:	387f47;
	7371	:	387f47;
	7372	:	387f47;
	7373	:	387f47;
	7374	:	387f47;
	7375	:	387f47;
	7376	:	387f47;
	7377	:	387f47;
	7378	:	387f47;
	7379	:	387f47;
	7380	:	387f47;
	7381	:	387f47;
	7382	:	387f47;
	7383	:	387f47;
	7384	:	387f47;
	7385	:	387f47;
	7386	:	387f47;
	7387	:	387f47;
	7388	:	387f47;
	7389	:	387f47;
	7390	:	387f47;
	7391	:	387f47;
	7392	:	387f47;
	7393	:	387f47;
	7394	:	387f47;
	7395	:	387f47;
	7396	:	387f47;
	7397	:	387f47;
	7398	:	387f47;
	7399	:	387f47;
	7400	:	368045;
	7401	:	3a7e45;
	7402	:	417a47;
	7403	:	e4211;
	7404	:	2f6937;
	7405	:	2e6a37;
	7406	:	2c6a39;
	7407	:	2c6a3b;
	7408	:	2e693b;
	7409	:	2e693b;
	7410	:	2c6a3b;
	7411	:	2c6a3b;
	7412	:	2e693b;
	7413	:	2e693b;
	7414	:	2c6a3b;
	7415	:	2c6a3b;
	7416	:	2d6a3e;
	7417	:	2a673b;
	7418	:	2d6b3c;
	7419	:	306b3b;
	7420	:	316938;
	7421	:	b41f;
	7422	:	944e;
	7423	:	427d45;
	7424	:	3d7641;
	7425	:	456130;
	7426	:	664b20;
	7427	:	7c3f20;
	7428	:	6d2113;
	7429	:	6eef;
	7430	:	82513;
	7431	:	88013;
	7432	:	88016;
	7433	:	88016;
	7434	:	88016;
	7435	:	88016;
	7436	:	88016;
	7437	:	88016;
	7438	:	88016;
	7439	:	88016;
	7440	:	572d5;
	7441	:	694920;
	7442	:	595123;
	7443	:	495d2a;
	7444	:	467940;
	7445	:	3c7d43;
	7446	:	3d7c47;
	7447	:	94512;
	7448	:	2f6939;
	7449	:	2f6939;
	7450	:	30683b;
	7451	:	30683b;
	7452	:	2f683d;
	7453	:	2e693d;
	7454	:	2e693d;
	7455	:	2e693d;
	7456	:	2e693d;
	7457	:	2e693d;
	7458	:	2f683b;
	7459	:	30683b;
	7460	:	306839;
	7461	:	31693a;
	7462	:	94311;
	7463	:	3f7b47;
	7464	:	3d7c47;
	7465	:	3a7d47;
	7466	:	397e47;
	7467	:	387f47;
	7468	:	367f47;
	7469	:	367f47;
	7470	:	358048;
	7471	:	367f48;
	7472	:	387f47;
	7473	:	387f47;
	7474	:	387f47;
	7475	:	387f47;
	7476	:	387f47;
	7477	:	387f47;
	7478	:	387f47;
	7479	:	387f47;
	7480	:	387f47;
	7481	:	387f47;
	7482	:	387f47;
	7483	:	387f47;
	7484	:	387f47;
	7485	:	387f47;
	7486	:	387f47;
	7487	:	387f47;
	7488	:	387f47;
	7489	:	387f47;
	7490	:	387f47;
	7491	:	387f47;
	7492	:	387f47;
	7493	:	387f47;
	7494	:	387f47;
	7495	:	387f47;
	7496	:	387f47;
	7497	:	387f47;
	7498	:	387f47;
	7499	:	387f47;
	7500	:	387f47;
	7501	:	387f47;
	7502	:	387f47;
	7503	:	387f47;
	7504	:	387f47;
	7505	:	387f47;
	7506	:	387f47;
	7507	:	387f47;
	7508	:	387f47;
	7509	:	387f47;
	7510	:	387f47;
	7511	:	387f47;
	7512	:	387f47;
	7513	:	387f47;
	7514	:	387f47;
	7515	:	387f47;
	7516	:	387f47;
	7517	:	387f47;
	7518	:	387f47;
	7519	:	387f47;
	7520	:	368045;
	7521	:	3a7e45;
	7522	:	417a47;
	7523	:	e4211;
	7524	:	2f6937;
	7525	:	2e6939;
	7526	:	2c6a3b;
	7527	:	2e693b;
	7528	:	2f683b;
	7529	:	2f683b;
	7530	:	2e693b;
	7531	:	2e693b;
	7532	:	2f683b;
	7533	:	2f683b;
	7534	:	2e693b;
	7535	:	2c6a3b;
	7536	:	2d6a3e;
	7537	:	2a673b;
	7538	:	2e6c3d;
	7539	:	2b6638;
	7540	:	326739;
	7541	:	316735;
	7542	:	b4711;
	7543	:	3a7b41;
	7544	:	3b8047;
	7545	:	3e6431;
	7546	:	634b1f;
	7547	:	7e3f20;
	7548	:	6c1ff;
	7549	:	71fe;
	7550	:	7f512;
	7551	:	87013;
	7552	:	88016;
	7553	:	88016;
	7554	:	88016;
	7555	:	88016;
	7556	:	88016;
	7557	:	88016;
	7558	:	88016;
	7559	:	88016;
	7560	:	582c5;
	7561	:	694920;
	7562	:	585123;
	7563	:	495d2a;
	7564	:	447941;
	7565	:	3c7d43;
	7566	:	3f7b45;
	7567	:	a4412;
	7568	:	2f6939;
	7569	:	2f6939;
	7570	:	2f683b;
	7571	:	2f683b;
	7572	:	2f683d;
	7573	:	2e693d;
	7574	:	2e693b;
	7575	:	2e693b;
	7576	:	2e693d;
	7577	:	2f683d;
	7578	:	2f683b;
	7579	:	2f683b;
	7580	:	2f6939;
	7581	:	306a38;
	7582	:	94310;
	7583	:	3f7b47;
	7584	:	3c7d47;
	7585	:	397e47;
	7586	:	397e47;
	7587	:	387f47;
	7588	:	367f47;
	7589	:	367f47;
	7590	:	358048;
	7591	:	367f48;
	7592	:	387f47;
	7593	:	387f47;
	7594	:	387f47;
	7595	:	387f47;
	7596	:	387f47;
	7597	:	387f47;
	7598	:	387f47;
	7599	:	387f47;
	7600	:	387f47;
	7601	:	387f47;
	7602	:	387f47;
	7603	:	387f47;
	7604	:	387f47;
	7605	:	387f47;
	7606	:	387f47;
	7607	:	387f47;
	7608	:	387f47;
	7609	:	387f47;
	7610	:	387f47;
	7611	:	387f47;
	7612	:	387f47;
	7613	:	387f47;
	7614	:	387f47;
	7615	:	387f47;
	7616	:	387f47;
	7617	:	387f47;
	7618	:	387f47;
	7619	:	387f47;
	7620	:	387f47;
	7621	:	387f47;
	7622	:	387f47;
	7623	:	387f47;
	7624	:	387f47;
	7625	:	387f47;
	7626	:	387f47;
	7627	:	387f47;
	7628	:	387f47;
	7629	:	387f47;
	7630	:	387f47;
	7631	:	387f47;
	7632	:	387f47;
	7633	:	387f47;
	7634	:	387f47;
	7635	:	387f47;
	7636	:	387f47;
	7637	:	387f47;
	7638	:	387f47;
	7639	:	387f47;
	7640	:	368045;
	7641	:	3a7e45;
	7642	:	417a47;
	7643	:	e4211;
	7644	:	2f6937;
	7645	:	2e6a37;
	7646	:	2c6a39;
	7647	:	2c6a3b;
	7648	:	2e693b;
	7649	:	2e693b;
	7650	:	2c6a3b;
	7651	:	2c6a3b;
	7652	:	2e693b;
	7653	:	2e693b;
	7654	:	2c6a3b;
	7655	:	2c6a3b;
	7656	:	2b693a;
	7657	:	2d6b3c;
	7658	:	2d683a;
	7659	:	316a3d;
	7660	:	2e6639;
	7661	:	336b3a;
	7662	:	541b;
	7663	:	3d8146;
	7664	:	367f47;
	7665	:	39642f;
	7666	:	654d21;
	7667	:	7f401f;
	7668	:	691dd;
	7669	:	6e10e;
	7670	:	7d511;
	7671	:	87215;
	7672	:	86116;
	7673	:	88016;
	7674	:	88016;
	7675	:	89016;
	7676	:	89016;
	7677	:	89016;
	7678	:	89016;
	7679	:	88016;
	7680	:	592c5;
	7681	:	6a4920;
	7682	:	595025;
	7683	:	495d2c;
	7684	:	447943;
	7685	:	3c7d47;
	7686	:	3f7b45;
	7687	:	b44f;
	7688	:	306839;
	7689	:	2f683b;
	7690	:	2f6939;
	7691	:	2e693b;
	7692	:	2e693d;
	7693	:	2e693d;
	7694	:	2e693b;
	7695	:	2f6939;
	7696	:	2f683b;
	7697	:	2f683d;
	7698	:	2f683b;
	7699	:	2f683b;
	7700	:	2f6939;
	7701	:	306a3a;
	7702	:	a4211;
	7703	:	3f7b47;
	7704	:	397e47;
	7705	:	387f47;
	7706	:	387f47;
	7707	:	397e47;
	7708	:	387f47;
	7709	:	387f47;
	7710	:	367f47;
	7711	:	367f47;
	7712	:	387f47;
	7713	:	387f47;
	7714	:	387f47;
	7715	:	387f47;
	7716	:	387f47;
	7717	:	387f47;
	7718	:	387f47;
	7719	:	387f47;
	7720	:	387f47;
	7721	:	387f47;
	7722	:	387f47;
	7723	:	387f47;
	7724	:	387f47;
	7725	:	387f47;
	7726	:	387f47;
	7727	:	387f47;
	7728	:	387f47;
	7729	:	387f47;
	7730	:	387f47;
	7731	:	387f47;
	7732	:	387f47;
	7733	:	387f47;
	7734	:	387f47;
	7735	:	387f47;
	7736	:	387f47;
	7737	:	387f47;
	7738	:	387f47;
	7739	:	387f47;
	7740	:	387f47;
	7741	:	387f47;
	7742	:	387f47;
	7743	:	387f47;
	7744	:	387f47;
	7745	:	387f47;
	7746	:	387f47;
	7747	:	387f47;
	7748	:	387f47;
	7749	:	387f47;
	7750	:	387f47;
	7751	:	387f47;
	7752	:	387f47;
	7753	:	387f47;
	7754	:	387f47;
	7755	:	387f47;
	7756	:	387f47;
	7757	:	387f47;
	7758	:	387f47;
	7759	:	387f47;
	7760	:	368045;
	7761	:	3a7e45;
	7762	:	417a47;
	7763	:	e4211;
	7764	:	2f6937;
	7765	:	2e6939;
	7766	:	2c6a3b;
	7767	:	2e693b;
	7768	:	2f683b;
	7769	:	2f683b;
	7770	:	2e693b;
	7771	:	2e693b;
	7772	:	2f683b;
	7773	:	2f683b;
	7774	:	2e693b;
	7775	:	2c6a3b;
	7776	:	2b6a3b;
	7777	:	2d6b3a;
	7778	:	2f6939;
	7779	:	2d6639;
	7780	:	326c43;
	7781	:	286337;
	7782	:	c47f;
	7783	:	407d42;
	7784	:	3c7d47;
	7785	:	3e6232;
	7786	:	60481c;
	7787	:	7e4220;
	7788	:	6622b;
	7789	:	6910a;
	7790	:	7c612;
	7791	:	85015;
	7792	:	86114;
	7793	:	87215;
	7794	:	89014;
	7795	:	89013;
	7796	:	8b013;
	7797	:	8b013;
	7798	:	89013;
	7799	:	8a014;
	7800	:	5b2b5;
	7801	:	6a4920;
	7802	:	585125;
	7803	:	475d2e;
	7804	:	447945;
	7805	:	3a7d47;
	7806	:	3f7c43;
	7807	:	b44d;
	7808	:	306837;
	7809	:	2f683b;
	7810	:	2e6939;
	7811	:	2e693b;
	7812	:	2c693d;
	7813	:	2c693d;
	7814	:	2e6939;
	7815	:	2f6939;
	7816	:	2f683b;
	7817	:	2f683d;
	7818	:	2e693b;
	7819	:	2e693b;
	7820	:	2e6939;
	7821	:	306a38;
	7822	:	a4310;
	7823	:	3f7b47;
	7824	:	387f47;
	7825	:	367f47;
	7826	:	387f47;
	7827	:	397e47;
	7828	:	387f47;
	7829	:	387f47;
	7830	:	367f47;
	7831	:	367f47;
	7832	:	387f47;
	7833	:	387f47;
	7834	:	387f47;
	7835	:	387f47;
	7836	:	387f47;
	7837	:	387f47;
	7838	:	387f47;
	7839	:	387f47;
	7840	:	387f47;
	7841	:	387f47;
	7842	:	387f47;
	7843	:	387f47;
	7844	:	387f47;
	7845	:	387f47;
	7846	:	387f47;
	7847	:	387f47;
	7848	:	387f47;
	7849	:	387f47;
	7850	:	387f47;
	7851	:	387f47;
	7852	:	387f47;
	7853	:	387f47;
	7854	:	387f47;
	7855	:	387f47;
	7856	:	387f47;
	7857	:	387f47;
	7858	:	387f47;
	7859	:	387f47;
	7860	:	387f47;
	7861	:	387f47;
	7862	:	387f47;
	7863	:	387f47;
	7864	:	387f47;
	7865	:	387f47;
	7866	:	387f47;
	7867	:	387f47;
	7868	:	387f47;
	7869	:	387f47;
	7870	:	387f47;
	7871	:	387f47;
	7872	:	387f47;
	7873	:	387f47;
	7874	:	387f47;
	7875	:	387f47;
	7876	:	387f47;
	7877	:	387f47;
	7878	:	387f47;
	7879	:	387f47;
	7880	:	368045;
	7881	:	3a7e45;
	7882	:	417a47;
	7883	:	e4211;
	7884	:	2f6937;
	7885	:	2e6a37;
	7886	:	2c6a39;
	7887	:	2c6a3b;
	7888	:	2e693b;
	7889	:	2e693b;
	7890	:	2c6a3b;
	7891	:	2c6a3b;
	7892	:	2e693b;
	7893	:	2e693b;
	7894	:	2c6a3b;
	7895	:	2c6a3b;
	7896	:	2d6b3a;
	7897	:	2b6938;
	7898	:	2f6939;
	7899	:	2e673a;
	7900	:	2f6941;
	7901	:	2e683f;
	7902	:	e4710;
	7903	:	3e783e;
	7904	:	3e7a46;
	7905	:	426334;
	7906	:	634c20;
	7907	:	78421c;
	7908	:	6224b;
	7909	:	6816b;
	7910	:	7d713;
	7911	:	87015;
	7912	:	86116;
	7913	:	84014;
	7914	:	87014;
	7915	:	8a014;
	7916	:	8e016;
	7917	:	8d015;
	7918	:	8a014;
	7919	:	8b216;
	7920	:	5b2b5;
	7921	:	6b4820;
	7922	:	595025;
	7923	:	475d2e;
	7924	:	447945;
	7925	:	3c7d47;
	7926	:	407b43;
	7927	:	b44f;
	7928	:	306839;
	7929	:	30683b;
	7930	:	2f6939;
	7931	:	2e693b;
	7932	:	2c693d;
	7933	:	2e693d;
	7934	:	2f6939;
	7935	:	2f6939;
	7936	:	2f683b;
	7937	:	2f683d;
	7938	:	2e693b;
	7939	:	2e693b;
	7940	:	2e6939;
	7941	:	306a3a;
	7942	:	a4211;
	7943	:	407a47;
	7944	:	397e47;
	7945	:	367f47;
	7946	:	387f47;
	7947	:	397e47;
	7948	:	387f47;
	7949	:	387f47;
	7950	:	367f47;
	7951	:	367f47;
	7952	:	387f47;
	7953	:	387f47;
	7954	:	387f47;
	7955	:	387f47;
	7956	:	387f47;
	7957	:	387f47;
	7958	:	387f47;
	7959	:	387f47;
	7960	:	387f47;
	7961	:	387f47;
	7962	:	387f47;
	7963	:	387f47;
	7964	:	387f47;
	7965	:	387f47;
	7966	:	387f47;
	7967	:	387f47;
	7968	:	387f47;
	7969	:	387f47;
	7970	:	387f47;
	7971	:	387f47;
	7972	:	387f47;
	7973	:	387f47;
	7974	:	387f47;
	7975	:	387f47;
	7976	:	387f47;
	7977	:	387f47;
	7978	:	387f47;
	7979	:	387f47;
	7980	:	387f47;
	7981	:	387f47;
	7982	:	387f47;
	7983	:	387f47;
	7984	:	387f47;
	7985	:	387f47;
	7986	:	387f47;
	7987	:	387f47;
	7988	:	387f47;
	7989	:	387f47;
	7990	:	387f47;
	7991	:	387f47;
	7992	:	387f47;
	7993	:	387f47;
	7994	:	387f47;
	7995	:	387f47;
	7996	:	387f47;
	7997	:	387f47;
	7998	:	387f47;
	7999	:	387f47;
	8000	:	368045;
	8001	:	3a7e45;
	8002	:	417a47;
	8003	:	e4211;
	8004	:	2f6937;
	8005	:	2e6939;
	8006	:	2c6a3b;
	8007	:	2e693b;
	8008	:	2f683b;
	8009	:	2f683b;
	8010	:	2e693b;
	8011	:	2e693b;
	8012	:	2f683b;
	8013	:	2f683b;
	8014	:	2e693b;
	8015	:	2c6a3b;
	8016	:	2a6837;
	8017	:	2b6938;
	8018	:	306e3d;
	8019	:	2d6b3c;
	8020	:	2e6840;
	8021	:	30673d;
	8022	:	c42e;
	8023	:	457c43;
	8024	:	3c7b46;
	8025	:	3e6433;
	8026	:	5f4e20;
	8027	:	74441e;
	8028	:	622f12;
	8029	:	691d10;
	8030	:	7e610;
	8031	:	8b015;
	8032	:	89018;
	8033	:	88019;
	8034	:	88018;
	8035	:	89016;
	8036	:	89016;
	8037	:	89014;
	8038	:	88013;
	8039	:	88013;
	8040	:	5b2b5;
	8041	:	6a4920;
	8042	:	585125;
	8043	:	475d2e;
	8044	:	447945;
	8045	:	3a7d47;
	8046	:	3f7c43;
	8047	:	b44d;
	8048	:	306837;
	8049	:	2f683b;
	8050	:	2e6939;
	8051	:	2e693b;
	8052	:	2c693d;
	8053	:	2c693d;
	8054	:	2e6939;
	8055	:	2f6939;
	8056	:	2f683b;
	8057	:	2f683d;
	8058	:	2e693b;
	8059	:	2e693b;
	8060	:	2e6939;
	8061	:	306a38;
	8062	:	a4310;
	8063	:	3f7b47;
	8064	:	387f47;
	8065	:	367f47;
	8066	:	387f47;
	8067	:	397e47;
	8068	:	387f47;
	8069	:	387f47;
	8070	:	367f47;
	8071	:	367f47;
	8072	:	387f47;
	8073	:	387f47;
	8074	:	387f47;
	8075	:	387f47;
	8076	:	387f47;
	8077	:	387f47;
	8078	:	387f47;
	8079	:	387f47;
	8080	:	387f47;
	8081	:	387f47;
	8082	:	387f47;
	8083	:	387f47;
	8084	:	387f47;
	8085	:	387f47;
	8086	:	387f47;
	8087	:	387f47;
	8088	:	387f47;
	8089	:	387f47;
	8090	:	387f47;
	8091	:	387f47;
	8092	:	387f47;
	8093	:	387f47;
	8094	:	387f47;
	8095	:	387f47;
	8096	:	387f47;
	8097	:	387f47;
	8098	:	387f47;
	8099	:	387f47;
	8100	:	387f47;
	8101	:	387f47;
	8102	:	387f47;
	8103	:	387f47;
	8104	:	387f47;
	8105	:	387f47;
	8106	:	387f47;
	8107	:	387f47;
	8108	:	387f47;
	8109	:	387f47;
	8110	:	387f47;
	8111	:	387f47;
	8112	:	387f47;
	8113	:	387f47;
	8114	:	387f47;
	8115	:	387f47;
	8116	:	387f47;
	8117	:	387f47;
	8118	:	387f47;
	8119	:	387f47;
	8120	:	368045;
	8121	:	3a7e45;
	8122	:	417a47;
	8123	:	e4211;
	8124	:	2f6937;
	8125	:	2e6a37;
	8126	:	2c6a39;
	8127	:	2c6a3b;
	8128	:	2e693b;
	8129	:	2e693b;
	8130	:	2c6a3b;
	8131	:	2c6a3b;
	8132	:	2e693b;
	8133	:	2e693b;
	8134	:	2c6a3b;
	8135	:	2c6a3b;
	8136	:	2e6939;
	8137	:	2c6a39;
	8138	:	296937;
	8139	:	296738;
	8140	:	316b43;
	8141	:	31683e;
	8142	:	a3c9;
	8143	:	477c44;
	8144	:	3d7c47;
	8145	:	386230;
	8146	:	565020;
	8147	:	6d4a20;
	8148	:	6a3d1e;
	8149	:	6d2316;
	8150	:	7d3e;
	8151	:	8d016;
	8152	:	88018;
	8153	:	8821b;
	8154	:	8651b;
	8155	:	82316;
	8156	:	7d312;
	8157	:	7f713;
	8158	:	80814;
	8159	:	7e610;
	8160	:	5b2b5;
	8161	:	6b4820;
	8162	:	595025;
	8163	:	475d2e;
	8164	:	447945;
	8165	:	3c7d47;
	8166	:	407b43;
	8167	:	b44f;
	8168	:	306839;
	8169	:	30683b;
	8170	:	2f6939;
	8171	:	2e693b;
	8172	:	2c693d;
	8173	:	2e693d;
	8174	:	2f6939;
	8175	:	2f6939;
	8176	:	2f683b;
	8177	:	2f683d;
	8178	:	2e693b;
	8179	:	2e693b;
	8180	:	2e6939;
	8181	:	306a3a;
	8182	:	a4211;
	8183	:	407a47;
	8184	:	397e47;
	8185	:	367f47;
	8186	:	387f47;
	8187	:	397e47;
	8188	:	387f47;
	8189	:	387f47;
	8190	:	367f47;
	8191	:	367f47;
	8192	:	387f47;
	8193	:	387f47;
	8194	:	387f47;
	8195	:	387f47;
	8196	:	387f47;
	8197	:	387f47;
	8198	:	387f47;
	8199	:	387f47;
	8200	:	387f47;
	8201	:	387f47;
	8202	:	387f47;
	8203	:	387f47;
	8204	:	387f47;
	8205	:	387f47;
	8206	:	387f47;
	8207	:	387f47;
	8208	:	387f47;
	8209	:	387f47;
	8210	:	387f47;
	8211	:	387f47;
	8212	:	387f47;
	8213	:	387f47;
	8214	:	387f47;
	8215	:	387f47;
	8216	:	387f47;
	8217	:	387f47;
	8218	:	387f47;
	8219	:	387f47;
	8220	:	387f47;
	8221	:	387f47;
	8222	:	387f47;
	8223	:	387f47;
	8224	:	387f47;
	8225	:	387f47;
	8226	:	387f47;
	8227	:	387f47;
	8228	:	387f47;
	8229	:	387f47;
	8230	:	387f47;
	8231	:	387f47;
	8232	:	387f47;
	8233	:	387f47;
	8234	:	387f47;
	8235	:	387f47;
	8236	:	387f47;
	8237	:	387f47;
	8238	:	387f47;
	8239	:	387f47;
	8240	:	368045;
	8241	:	3a7e45;
	8242	:	417a47;
	8243	:	e4211;
	8244	:	2f6937;
	8245	:	2e6939;
	8246	:	2c6a3b;
	8247	:	2e693b;
	8248	:	2f683b;
	8249	:	2f683b;
	8250	:	2e693b;
	8251	:	2e693b;
	8252	:	2f683b;
	8253	:	2f683b;
	8254	:	2e693b;
	8255	:	2c6a3b;
	8256	:	2e693b;
	8257	:	306b3d;
	8258	:	2d6b3c;
	8259	:	2a673b;
	8260	:	2c693f;
	8261	:	30673d;
	8262	:	144211;
	8263	:	43733f;
	8264	:	407c48;
	8265	:	3a6935;
	8266	:	4f5823;
	8267	:	655021;
	8268	:	6c4524;
	8269	:	6c2415;
	8270	:	7d4d;
	8271	:	8c014;
	8272	:	88018;
	8273	:	80116;
	8274	:	7b513;
	8275	:	77912;
	8276	:	70bf;
	8277	:	6cee;
	8278	:	6afc;
	8279	:	69eb;
	8280	:	5b2b5;
	8281	:	6a4920;
	8282	:	585125;
	8283	:	475d2e;
	8284	:	447945;
	8285	:	3a7d47;
	8286	:	3f7c43;
	8287	:	b44d;
	8288	:	306837;
	8289	:	2f683b;
	8290	:	2e6939;
	8291	:	2e693b;
	8292	:	2c693d;
	8293	:	2c693d;
	8294	:	2e6939;
	8295	:	2f6939;
	8296	:	2f683b;
	8297	:	2f683d;
	8298	:	2e693b;
	8299	:	2e693b;
	8300	:	2e6939;
	8301	:	306a38;
	8302	:	a4310;
	8303	:	3f7b47;
	8304	:	387f47;
	8305	:	367f47;
	8306	:	387f47;
	8307	:	397e47;
	8308	:	387f47;
	8309	:	387f47;
	8310	:	367f47;
	8311	:	367f47;
	8312	:	387f47;
	8313	:	387f47;
	8314	:	387f47;
	8315	:	387f47;
	8316	:	387f47;
	8317	:	387f47;
	8318	:	387f47;
	8319	:	387f47;
	8320	:	387f47;
	8321	:	387f47;
	8322	:	387f47;
	8323	:	387f47;
	8324	:	387f47;
	8325	:	387f47;
	8326	:	387f47;
	8327	:	387f47;
	8328	:	387f47;
	8329	:	387f47;
	8330	:	387f47;
	8331	:	387f47;
	8332	:	387f47;
	8333	:	387f47;
	8334	:	387f47;
	8335	:	387f47;
	8336	:	387f47;
	8337	:	387f47;
	8338	:	387f47;
	8339	:	387f47;
	8340	:	387f47;
	8341	:	387f47;
	8342	:	387f47;
	8343	:	387f47;
	8344	:	387f47;
	8345	:	387f47;
	8346	:	387f47;
	8347	:	387f47;
	8348	:	387f47;
	8349	:	387f47;
	8350	:	387f47;
	8351	:	387f47;
	8352	:	387f47;
	8353	:	387f47;
	8354	:	387f47;
	8355	:	387f47;
	8356	:	387f47;
	8357	:	387f47;
	8358	:	387f47;
	8359	:	387f47;
	8360	:	368045;
	8361	:	3a7e45;
	8362	:	417a47;
	8363	:	e4211;
	8364	:	2f6937;
	8365	:	2e6a37;
	8366	:	2c6a39;
	8367	:	2c6a3b;
	8368	:	2e693b;
	8369	:	2e693b;
	8370	:	2c6a3b;
	8371	:	2c6a3b;
	8372	:	2e693b;
	8373	:	2e693b;
	8374	:	2c6a3b;
	8375	:	2c6a3b;
	8376	:	2d683a;
	8377	:	2b6638;
	8378	:	2d6b3c;
	8379	:	2e6b3f;
	8380	:	2b683e;
	8381	:	30673d;
	8382	:	184413;
	8383	:	1140c;
	8384	:	3e7a46;
	8385	:	437540;
	8386	:	4f6029;
	8387	:	5b5120;
	8388	:	674721;
	8389	:	682313;
	8390	:	7e6f;
	8391	:	8a012;
	8392	:	85514;
	8393	:	771d;
	8394	:	75bf;
	8395	:	781a18;
	8396	:	742217;
	8397	:	6a2112;
	8398	:	672310;
	8399	:	682610;
	8400	:	5b2b5;
	8401	:	6b4820;
	8402	:	595025;
	8403	:	475d2e;
	8404	:	447945;
	8405	:	3c7d47;
	8406	:	407b43;
	8407	:	b44f;
	8408	:	306839;
	8409	:	30683b;
	8410	:	2f6939;
	8411	:	2e693b;
	8412	:	2c693d;
	8413	:	2e693d;
	8414	:	2f6939;
	8415	:	2f6939;
	8416	:	2f683b;
	8417	:	2f683d;
	8418	:	2e693b;
	8419	:	2e693b;
	8420	:	2e6939;
	8421	:	306a3a;
	8422	:	a4211;
	8423	:	407a47;
	8424	:	397e47;
	8425	:	367f47;
	8426	:	387f47;
	8427	:	397e47;
	8428	:	387f47;
	8429	:	387f47;
	8430	:	367f47;
	8431	:	367f47;
	8432	:	387f47;
	8433	:	387f47;
	8434	:	387f47;
	8435	:	387f47;
	8436	:	387f47;
	8437	:	387f47;
	8438	:	387f47;
	8439	:	387f47;
	8440	:	387f47;
	8441	:	387f47;
	8442	:	387f47;
	8443	:	387f47;
	8444	:	387f47;
	8445	:	387f47;
	8446	:	387f47;
	8447	:	387f47;
	8448	:	387f47;
	8449	:	387f47;
	8450	:	387f47;
	8451	:	387f47;
	8452	:	387f47;
	8453	:	387f47;
	8454	:	387f47;
	8455	:	387f47;
	8456	:	387f47;
	8457	:	387f47;
	8458	:	387f47;
	8459	:	387f47;
	8460	:	387f47;
	8461	:	387f47;
	8462	:	387f47;
	8463	:	387f47;
	8464	:	387f47;
	8465	:	387f47;
	8466	:	387f47;
	8467	:	387f47;
	8468	:	387f47;
	8469	:	387f47;
	8470	:	387f47;
	8471	:	387f47;
	8472	:	387f47;
	8473	:	387f47;
	8474	:	387f47;
	8475	:	387f47;
	8476	:	387f47;
	8477	:	387f47;
	8478	:	387f47;
	8479	:	387f47;
	8480	:	368045;
	8481	:	3a7e45;
	8482	:	417a47;
	8483	:	e4211;
	8484	:	2f6937;
	8485	:	2e6939;
	8486	:	2c6a3b;
	8487	:	2e693b;
	8488	:	2f683b;
	8489	:	2f683b;
	8490	:	2e693b;
	8491	:	2e693b;
	8492	:	2f683b;
	8493	:	2f683b;
	8494	:	2e693b;
	8495	:	2e693b;
	8496	:	30693c;
	8497	:	2d6639;
	8498	:	2d6c3d;
	8499	:	2b6a3d;
	8500	:	29663c;
	8501	:	356a3e;
	8502	:	326031;
	8503	:	134311;
	8504	:	3b7c46;
	8505	:	457c45;
	8506	:	4c6129;
	8507	:	554f1d;
	8508	:	664a23;
	8509	:	6123e;
	8510	:	7cbf;
	8511	:	862f;
	8512	:	7e7b;
	8513	:	76da;
	8514	:	7c2015;
	8515	:	843322;
	8516	:	7e3c22;
	8517	:	763d1f;
	8518	:	76411f;
	8519	:	784321;
	8520	:	5b2b5;
	8521	:	6a4920;
	8522	:	585125;
	8523	:	475d2e;
	8524	:	447945;
	8525	:	3a7d47;
	8526	:	3f7c43;
	8527	:	b44d;
	8528	:	306837;
	8529	:	2f683b;
	8530	:	2e6939;
	8531	:	2e693b;
	8532	:	2c693d;
	8533	:	2c693d;
	8534	:	2e6939;
	8535	:	2f6939;
	8536	:	2f683b;
	8537	:	2f683d;
	8538	:	2e693b;
	8539	:	2e693b;
	8540	:	2e6939;
	8541	:	306a38;
	8542	:	a4310;
	8543	:	3f7b47;
	8544	:	387f47;
	8545	:	367f47;
	8546	:	387f47;
	8547	:	397e47;
	8548	:	387f47;
	8549	:	387f47;
	8550	:	367f47;
	8551	:	367f47;
	8552	:	387f47;
	8553	:	387f47;
	8554	:	387f47;
	8555	:	387f47;
	8556	:	387f47;
	8557	:	387f47;
	8558	:	387f47;
	8559	:	387f47;
	8560	:	387f47;
	8561	:	387f47;
	8562	:	387f47;
	8563	:	387f47;
	8564	:	387f47;
	8565	:	387f47;
	8566	:	387f47;
	8567	:	387f47;
	8568	:	387f47;
	8569	:	387f47;
	8570	:	387f47;
	8571	:	387f47;
	8572	:	387f47;
	8573	:	387f47;
	8574	:	387f47;
	8575	:	387f47;
	8576	:	387f47;
	8577	:	387f47;
	8578	:	387f47;
	8579	:	387f47;
	8580	:	387f47;
	8581	:	387f47;
	8582	:	387f47;
	8583	:	387f47;
	8584	:	387f47;
	8585	:	387f47;
	8586	:	387f47;
	8587	:	387f47;
	8588	:	387f47;
	8589	:	387f47;
	8590	:	387f47;
	8591	:	387f47;
	8592	:	387f47;
	8593	:	387f47;
	8594	:	387f47;
	8595	:	387f47;
	8596	:	387f47;
	8597	:	387f47;
	8598	:	387f47;
	8599	:	387f47;
	8600	:	368045;
	8601	:	3a7e45;
	8602	:	417a47;
	8603	:	e4211;
	8604	:	2f6937;
	8605	:	2e6a37;
	8606	:	2c6a39;
	8607	:	2c6a3b;
	8608	:	2e693b;
	8609	:	2e693b;
	8610	:	2c6a3b;
	8611	:	2c6a3b;
	8612	:	2e693b;
	8613	:	2e693b;
	8614	:	2c6a3b;
	8615	:	2e693b;
	8616	:	2f673a;
	8617	:	2e673a;
	8618	:	2b6a3b;
	8619	:	2b6a3b;
	8620	:	2e693d;
	8621	:	33683c;
	8622	:	376737;
	8623	:	d42e;
	8624	:	3a7d47;
	8625	:	427b44;
	8626	:	455c24;
	8627	:	56501e;
	8628	:	695028;
	8629	:	5e24e;
	8630	:	76ce;
	8631	:	7d4b;
	8632	:	71a3;
	8633	:	761fc;
	8634	:	83351e;
	8635	:	844222;
	8636	:	7a421d;
	8637	:	75441b;
	8638	:	75461a;
	8639	:	714516;
	8640	:	5b2b5;
	8641	:	6b4820;
	8642	:	595025;
	8643	:	475d2e;
	8644	:	447945;
	8645	:	3c7d47;
	8646	:	407b43;
	8647	:	b44f;
	8648	:	306839;
	8649	:	30683b;
	8650	:	2f6939;
	8651	:	2e693b;
	8652	:	2c693d;
	8653	:	2e693d;
	8654	:	2f6939;
	8655	:	2f6939;
	8656	:	2f683b;
	8657	:	2f683d;
	8658	:	2e693b;
	8659	:	2e693b;
	8660	:	2e6939;
	8661	:	306a3a;
	8662	:	a4211;
	8663	:	407a47;
	8664	:	397e47;
	8665	:	367f47;
	8666	:	387f47;
	8667	:	397e47;
	8668	:	387f47;
	8669	:	387f47;
	8670	:	367f47;
	8671	:	367f47;
	8672	:	387f47;
	8673	:	387f47;
	8674	:	387f47;
	8675	:	387f47;
	8676	:	387f47;
	8677	:	387f47;
	8678	:	387f47;
	8679	:	387f47;
	8680	:	387f47;
	8681	:	387f47;
	8682	:	387f47;
	8683	:	387f47;
	8684	:	387f47;
	8685	:	387f47;
	8686	:	387f47;
	8687	:	387f47;
	8688	:	387f47;
	8689	:	387f47;
	8690	:	387f47;
	8691	:	387f47;
	8692	:	387f47;
	8693	:	387f47;
	8694	:	387f47;
	8695	:	387f47;
	8696	:	387f47;
	8697	:	387f47;
	8698	:	387f47;
	8699	:	387f47;
	8700	:	387f47;
	8701	:	387f47;
	8702	:	387f47;
	8703	:	387f47;
	8704	:	387f47;
	8705	:	387f47;
	8706	:	387f47;
	8707	:	387f47;
	8708	:	387f47;
	8709	:	387f47;
	8710	:	387f47;
	8711	:	387f47;
	8712	:	387f47;
	8713	:	387f47;
	8714	:	387f47;
	8715	:	387f47;
	8716	:	387f47;
	8717	:	387f47;
	8718	:	387f47;
	8719	:	387f47;
	8720	:	368045;
	8721	:	3a7e45;
	8722	:	417a47;
	8723	:	e4211;
	8724	:	2f6937;
	8725	:	2e6939;
	8726	:	2c6a3b;
	8727	:	2e693b;
	8728	:	2f683b;
	8729	:	2f683b;
	8730	:	2e693b;
	8731	:	2e693b;
	8732	:	2f683b;
	8733	:	2f683b;
	8734	:	2e693b;
	8735	:	2e693b;
	8736	:	30683b;
	8737	:	30683b;
	8738	:	2c6a3b;
	8739	:	2b6a3b;
	8740	:	2d683a;
	8741	:	31693a;
	8742	:	356736;
	8743	:	d43f;
	8744	:	397e47;
	8745	:	407b43;
	8746	:	495d28;
	8747	:	585222;
	8748	:	664a23;
	8749	:	6127f;
	8750	:	6db8;
	8751	:	77eb;
	8752	:	7322d;
	8753	:	7b3917;
	8754	:	81431e;
	8755	:	7b4119;
	8756	:	774216;
	8757	:	774514;
	8758	:	764413;
	8759	:	774313;
	8760	:	5b2b5;
	8761	:	6a4920;
	8762	:	585125;
	8763	:	475d2e;
	8764	:	447945;
	8765	:	3a7d47;
	8766	:	3f7c43;
	8767	:	b44d;
	8768	:	306837;
	8769	:	2f683b;
	8770	:	2e6939;
	8771	:	2e693b;
	8772	:	2c693d;
	8773	:	2c693d;
	8774	:	2e6939;
	8775	:	2f6939;
	8776	:	2f683b;
	8777	:	2f683d;
	8778	:	2e693b;
	8779	:	2e693b;
	8780	:	2e6939;
	8781	:	306a38;
	8782	:	a4310;
	8783	:	3f7b47;
	8784	:	387f47;
	8785	:	367f47;
	8786	:	387f47;
	8787	:	397e47;
	8788	:	387f47;
	8789	:	387f47;
	8790	:	367f47;
	8791	:	367f47;
	8792	:	387f47;
	8793	:	387f47;
	8794	:	387f47;
	8795	:	387f47;
	8796	:	387f47;
	8797	:	387f47;
	8798	:	387f47;
	8799	:	387f47;
	8800	:	387f47;
	8801	:	387f47;
	8802	:	387f47;
	8803	:	387f47;
	8804	:	387f47;
	8805	:	387f47;
	8806	:	387f47;
	8807	:	387f47;
	8808	:	387f47;
	8809	:	387f47;
	8810	:	387f47;
	8811	:	387f47;
	8812	:	387f47;
	8813	:	387f47;
	8814	:	387f47;
	8815	:	387f47;
	8816	:	387f47;
	8817	:	387f47;
	8818	:	387f47;
	8819	:	387f47;
	8820	:	387f47;
	8821	:	387f47;
	8822	:	387f47;
	8823	:	387f47;
	8824	:	387f47;
	8825	:	387f47;
	8826	:	387f47;
	8827	:	387f47;
	8828	:	387f47;
	8829	:	387f47;
	8830	:	387f47;
	8831	:	387f47;
	8832	:	387f47;
	8833	:	387f47;
	8834	:	387f47;
	8835	:	387f47;
	8836	:	387f47;
	8837	:	387f47;
	8838	:	387f47;
	8839	:	387f47;
	8840	:	368045;
	8841	:	3a7e45;
	8842	:	417a47;
	8843	:	e4211;
	8844	:	2f6937;
	8845	:	2e6a37;
	8846	:	2c6a39;
	8847	:	2c6a3b;
	8848	:	2e693b;
	8849	:	2e693b;
	8850	:	2c6a3b;
	8851	:	2c6a3b;
	8852	:	2e693b;
	8853	:	2e693b;
	8854	:	2c6a3b;
	8855	:	2e693b;
	8856	:	30683b;
	8857	:	30683b;
	8858	:	2e693b;
	8859	:	2c6a3b;
	8860	:	2d683a;
	8861	:	306a3a;
	8862	:	336736;
	8863	:	b4411;
	8864	:	387d46;
	8865	:	417a43;
	8866	:	495d2a;
	8867	:	595122;
	8868	:	674923;
	8869	:	6127f;
	8870	:	6b10b;
	8871	:	7417f;
	8872	:	79381a;
	8873	:	78451a;
	8874	:	794619;
	8875	:	774415;
	8876	:	784615;
	8877	:	794513;
	8878	:	794410;
	8879	:	7a4511;
	8880	:	5b2b5;
	8881	:	6b4820;
	8882	:	595025;
	8883	:	475d2e;
	8884	:	447945;
	8885	:	3c7d47;
	8886	:	407b43;
	8887	:	b44f;
	8888	:	306839;
	8889	:	30683b;
	8890	:	2f6939;
	8891	:	2e693b;
	8892	:	2c693d;
	8893	:	2e693d;
	8894	:	2f6939;
	8895	:	2f6939;
	8896	:	2f683b;
	8897	:	2f683d;
	8898	:	2e693b;
	8899	:	2e693b;
	8900	:	2e6939;
	8901	:	306a3a;
	8902	:	a4211;
	8903	:	407a47;
	8904	:	397e47;
	8905	:	367f47;
	8906	:	387f47;
	8907	:	397e47;
	8908	:	387f47;
	8909	:	387f47;
	8910	:	367f47;
	8911	:	367f47;
	8912	:	387f47;
	8913	:	387f47;
	8914	:	387f47;
	8915	:	387f47;
	8916	:	387f47;
	8917	:	387f47;
	8918	:	387f47;
	8919	:	387f47;
	8920	:	387f47;
	8921	:	387f47;
	8922	:	387f47;
	8923	:	387f47;
	8924	:	387f47;
	8925	:	387f47;
	8926	:	387f47;
	8927	:	387f47;
	8928	:	387f47;
	8929	:	387f47;
	8930	:	387f47;
	8931	:	387f47;
	8932	:	387f47;
	8933	:	387f47;
	8934	:	387f47;
	8935	:	387f47;
	8936	:	387f47;
	8937	:	387f47;
	8938	:	387f47;
	8939	:	387f47;
	8940	:	387f47;
	8941	:	387f47;
	8942	:	387f47;
	8943	:	387f47;
	8944	:	387f47;
	8945	:	387f47;
	8946	:	387f47;
	8947	:	387f47;
	8948	:	387f47;
	8949	:	387f47;
	8950	:	387f47;
	8951	:	387f47;
	8952	:	387f47;
	8953	:	387f47;
	8954	:	387f47;
	8955	:	387f47;
	8956	:	387f47;
	8957	:	387f47;
	8958	:	387f47;
	8959	:	387f47;
	8960	:	368045;
	8961	:	3a7e45;
	8962	:	417a47;
	8963	:	e4211;
	8964	:	2f6937;
	8965	:	2e6939;
	8966	:	2c6a3b;
	8967	:	2e693b;
	8968	:	2f683b;
	8969	:	2f683b;
	8970	:	2e693b;
	8971	:	2e693b;
	8972	:	2f683b;
	8973	:	2f683b;
	8974	:	2e693b;
	8975	:	2e693b;
	8976	:	2f683b;
	8977	:	2f683b;
	8978	:	2f683d;
	8979	:	2e693b;
	8980	:	2b693a;
	8981	:	2f6a3a;
	8982	:	326836;
	8983	:	b4411;
	8984	:	387d46;
	8985	:	417a43;
	8986	:	4a5e2b;
	8987	:	5b5023;
	8988	:	6a4721;
	8989	:	6327d;
	8990	:	6814a;
	8991	:	711f11;
	8992	:	7e4321;
	8993	:	764719;
	8994	:	734514;
	8995	:	744413;
	8996	:	784613;
	8997	:	774311;
	8998	:	774210;
	8999	:	7a4513;
	9000	:	5b2b5;
	9001	:	6a4920;
	9002	:	585125;
	9003	:	475d2e;
	9004	:	447945;
	9005	:	3a7d47;
	9006	:	3f7c43;
	9007	:	b44d;
	9008	:	306837;
	9009	:	2f683b;
	9010	:	2e6939;
	9011	:	2e693b;
	9012	:	2c693d;
	9013	:	2c693d;
	9014	:	2e6939;
	9015	:	2f6939;
	9016	:	2f683b;
	9017	:	2f683d;
	9018	:	2e693b;
	9019	:	2e693b;
	9020	:	2e6939;
	9021	:	306a38;
	9022	:	a4310;
	9023	:	3f7b47;
	9024	:	387f47;
	9025	:	367f47;
	9026	:	387f47;
	9027	:	397e47;
	9028	:	387f47;
	9029	:	387f47;
	9030	:	367f47;
	9031	:	367f47;
	9032	:	387f47;
	9033	:	387f47;
	9034	:	387f47;
	9035	:	387f47;
	9036	:	387f47;
	9037	:	387f47;
	9038	:	387f47;
	9039	:	387f47;
	9040	:	387f47;
	9041	:	387f47;
	9042	:	387f47;
	9043	:	387f47;
	9044	:	387f47;
	9045	:	387f47;
	9046	:	387f47;
	9047	:	387f47;
	9048	:	387f47;
	9049	:	387f47;
	9050	:	387f47;
	9051	:	387f47;
	9052	:	387f47;
	9053	:	387f47;
	9054	:	387f47;
	9055	:	387f47;
	9056	:	387f47;
	9057	:	387f47;
	9058	:	387f47;
	9059	:	387f47;
	9060	:	387f47;
	9061	:	387f47;
	9062	:	387f47;
	9063	:	387f47;
	9064	:	387f47;
	9065	:	387f47;
	9066	:	387f47;
	9067	:	387f47;
	9068	:	387f47;
	9069	:	387f47;
	9070	:	387f47;
	9071	:	387f47;
	9072	:	387f47;
	9073	:	387f47;
	9074	:	387f47;
	9075	:	387f47;
	9076	:	387f47;
	9077	:	387f47;
	9078	:	387f47;
	9079	:	387f47;
	9080	:	368045;
	9081	:	3a7e45;
	9082	:	417a47;
	9083	:	e4211;
	9084	:	2f6937;
	9085	:	2e6a37;
	9086	:	2c6a39;
	9087	:	2c6a3b;
	9088	:	2e693b;
	9089	:	2e693b;
	9090	:	2c6a3b;
	9091	:	2c6a3b;
	9092	:	2e693b;
	9093	:	2e693b;
	9094	:	2c6a3b;
	9095	:	2e693b;
	9096	:	2f683b;
	9097	:	2f683b;
	9098	:	2e693d;
	9099	:	2e693b;
	9100	:	2b6938;
	9101	:	2f6b38;
	9102	:	326837;
	9103	:	a4411;
	9104	:	397e47;
	9105	:	447b44;
	9106	:	4b5f2c;
	9107	:	5c5124;
	9108	:	6a4721;
	9109	:	6226a;
	9110	:	63158;
	9111	:	6e21f;
	9112	:	7b411c;
	9113	:	754515;
	9114	:	744414;
	9115	:	764413;
	9116	:	784414;
	9117	:	774112;
	9118	:	764011;
	9119	:	794314;
	9120	:	5b2b5;
	9121	:	6b4820;
	9122	:	595025;
	9123	:	475d2e;
	9124	:	447945;
	9125	:	3c7d47;
	9126	:	407b43;
	9127	:	b44f;
	9128	:	306839;
	9129	:	30683b;
	9130	:	2f6939;
	9131	:	2e693b;
	9132	:	2c693d;
	9133	:	2e693d;
	9134	:	2f6939;
	9135	:	2f6939;
	9136	:	2f683b;
	9137	:	2f683d;
	9138	:	2e693b;
	9139	:	2e693b;
	9140	:	2e6939;
	9141	:	306a3a;
	9142	:	a4211;
	9143	:	407a47;
	9144	:	397e47;
	9145	:	367f47;
	9146	:	387f47;
	9147	:	397e47;
	9148	:	387f47;
	9149	:	387f47;
	9150	:	367f47;
	9151	:	367f47;
	9152	:	387f47;
	9153	:	387f47;
	9154	:	387f47;
	9155	:	387f47;
	9156	:	387f47;
	9157	:	387f47;
	9158	:	387f47;
	9159	:	387f47;
	9160	:	387f47;
	9161	:	387f47;
	9162	:	387f47;
	9163	:	387f47;
	9164	:	387f47;
	9165	:	387f47;
	9166	:	387f47;
	9167	:	387f47;
	9168	:	387f47;
	9169	:	387f47;
	9170	:	387f47;
	9171	:	387f47;
	9172	:	387f47;
	9173	:	387f47;
	9174	:	387f47;
	9175	:	387f47;
	9176	:	387f47;
	9177	:	387f47;
	9178	:	387f47;
	9179	:	387f47;
	9180	:	387f47;
	9181	:	387f47;
	9182	:	387f47;
	9183	:	387f47;
	9184	:	387f47;
	9185	:	387f47;
	9186	:	387f47;
	9187	:	387f47;
	9188	:	387f47;
	9189	:	387f47;
	9190	:	387f47;
	9191	:	387f47;
	9192	:	387f47;
	9193	:	387f47;
	9194	:	387f47;
	9195	:	387f47;
	9196	:	387f47;
	9197	:	387f47;
	9198	:	387f47;
	9199	:	387f47;
	9200	:	368045;
	9201	:	3a7e45;
	9202	:	417a47;
	9203	:	e4211;
	9204	:	2f6937;
	9205	:	2e6939;
	9206	:	2c6a3b;
	9207	:	2e693b;
	9208	:	2f683b;
	9209	:	2f683b;
	9210	:	2e693b;
	9211	:	2e693b;
	9212	:	2f683b;
	9213	:	2f683b;
	9214	:	2e693b;
	9215	:	2e693b;
	9216	:	2f683b;
	9217	:	2f683b;
	9218	:	2b6a3d;
	9219	:	2b6a3b;
	9220	:	2d6838;
	9221	:	316938;
	9222	:	326837;
	9223	:	b4312;
	9224	:	3a7d47;
	9225	:	447b44;
	9226	:	4b5d2d;
	9227	:	5d5026;
	9228	:	6a4822;
	9229	:	5f28a;
	9230	:	62147;
	9231	:	6d1ed;
	9232	:	7d3d1a;
	9233	:	7c4316;
	9234	:	7c4316;
	9235	:	7b4215;
	9236	:	7c4316;
	9237	:	7a4416;
	9238	:	794315;
	9239	:	784415;
	9240	:	5b2b5;
	9241	:	6a4920;
	9242	:	585125;
	9243	:	475d2e;
	9244	:	447945;
	9245	:	3a7d47;
	9246	:	3f7c43;
	9247	:	b44d;
	9248	:	306837;
	9249	:	2f683b;
	9250	:	2e6939;
	9251	:	2e693b;
	9252	:	2c693d;
	9253	:	2c693d;
	9254	:	2e6939;
	9255	:	2f6939;
	9256	:	2f683b;
	9257	:	2f683d;
	9258	:	2e693b;
	9259	:	2e693b;
	9260	:	2e6939;
	9261	:	306a38;
	9262	:	a4310;
	9263	:	3f7b47;
	9264	:	387f47;
	9265	:	367f47;
	9266	:	387f47;
	9267	:	397e47;
	9268	:	387f47;
	9269	:	387f47;
	9270	:	367f47;
	9271	:	367f47;
	9272	:	387f47;
	9273	:	387f47;
	9274	:	387f47;
	9275	:	387f47;
	9276	:	387f47;
	9277	:	387f47;
	9278	:	387f47;
	9279	:	387f47;
	9280	:	387f47;
	9281	:	387f47;
	9282	:	387f47;
	9283	:	387f47;
	9284	:	387f47;
	9285	:	387f47;
	9286	:	387f47;
	9287	:	387f47;
	9288	:	387f47;
	9289	:	387f47;
	9290	:	387f47;
	9291	:	387f47;
	9292	:	387f47;
	9293	:	387f47;
	9294	:	387f47;
	9295	:	387f47;
	9296	:	387f47;
	9297	:	387f47;
	9298	:	387f47;
	9299	:	387f47;
	9300	:	387f47;
	9301	:	387f47;
	9302	:	387f47;
	9303	:	387f47;
	9304	:	387f47;
	9305	:	387f47;
	9306	:	387f47;
	9307	:	387f47;
	9308	:	387f47;
	9309	:	387f47;
	9310	:	387f47;
	9311	:	387f47;
	9312	:	387f47;
	9313	:	387f47;
	9314	:	387f47;
	9315	:	387f47;
	9316	:	387f47;
	9317	:	387f47;
	9318	:	387f47;
	9319	:	387f47;
	9320	:	368045;
	9321	:	3a7e45;
	9322	:	417a47;
	9323	:	e4211;
	9324	:	2f6937;
	9325	:	2e6a37;
	9326	:	2c6a39;
	9327	:	2c6a3b;
	9328	:	2e693b;
	9329	:	2e693b;
	9330	:	2c6a3b;
	9331	:	2c6a3b;
	9332	:	2e693b;
	9333	:	2e693b;
	9334	:	2c6a3b;
	9335	:	2e693b;
	9336	:	2f683b;
	9337	:	2e693b;
	9338	:	296b3d;
	9339	:	296b3b;
	9340	:	2e6838;
	9341	:	336938;
	9342	:	336737;
	9343	:	b4312;
	9344	:	397c46;
	9345	:	427942;
	9346	:	4a5c2c;
	9347	:	5c5026;
	9348	:	694922;
	9349	:	5f2ab;
	9350	:	62166;
	9351	:	6d1ed;
	9352	:	803e1b;
	9353	:	7d4216;
	9354	:	7c4115;
	9355	:	794013;
	9356	:	784214;
	9357	:	7b4517;
	9358	:	7a4519;
	9359	:	764115;
	9360	:	5b2b5;
	9361	:	6b4820;
	9362	:	595025;
	9363	:	475d2e;
	9364	:	447945;
	9365	:	3c7d47;
	9366	:	407b43;
	9367	:	b44f;
	9368	:	306839;
	9369	:	30683b;
	9370	:	2f6939;
	9371	:	2e693b;
	9372	:	2c693d;
	9373	:	2e693d;
	9374	:	2f6939;
	9375	:	2f6939;
	9376	:	2f683b;
	9377	:	2f683d;
	9378	:	2e693b;
	9379	:	2e693b;
	9380	:	2e6939;
	9381	:	306a3a;
	9382	:	a4211;
	9383	:	407a47;
	9384	:	397e47;
	9385	:	367f47;
	9386	:	387f47;
	9387	:	397e47;
	9388	:	387f47;
	9389	:	387f47;
	9390	:	367f47;
	9391	:	367f47;
	9392	:	387f47;
	9393	:	387f47;
	9394	:	387f47;
	9395	:	387f47;
	9396	:	387f47;
	9397	:	387f47;
	9398	:	387f47;
	9399	:	387f47;
	9400	:	387f47;
	9401	:	387f47;
	9402	:	387f47;
	9403	:	387f47;
	9404	:	387f47;
	9405	:	387f47;
	9406	:	387f47;
	9407	:	387f47;
	9408	:	387f47;
	9409	:	387f47;
	9410	:	387f47;
	9411	:	387f47;
	9412	:	387f47;
	9413	:	387f47;
	9414	:	387f47;
	9415	:	387f47;
	9416	:	387f47;
	9417	:	387f47;
	9418	:	387f47;
	9419	:	387f47;
	9420	:	387f47;
	9421	:	387f47;
	9422	:	387f47;
	9423	:	387f47;
	9424	:	387f47;
	9425	:	387f47;
	9426	:	387f47;
	9427	:	387f47;
	9428	:	387f47;
	9429	:	387f47;
	9430	:	387f47;
	9431	:	387f47;
	9432	:	387f47;
	9433	:	387f47;
	9434	:	387f47;
	9435	:	387f47;
	9436	:	387f47;
	9437	:	387f47;
	9438	:	387f47;
	9439	:	387f47;
	9440	:	368045;
	9441	:	3a7e45;
	9442	:	417a47;
	9443	:	e4211;
	9444	:	2f6937;
	9445	:	2e6939;
	9446	:	2c6a3b;
	9447	:	2e693b;
	9448	:	2f683b;
	9449	:	2f683b;
	9450	:	2e693b;
	9451	:	2e693b;
	9452	:	2f683b;
	9453	:	2f683b;
	9454	:	2e693b;
	9455	:	2c6a3b;
	9456	:	2e693b;
	9457	:	2e693b;
	9458	:	2b6a3d;
	9459	:	2b6a3b;
	9460	:	2d6936;
	9461	:	316a37;
	9462	:	356637;
	9463	:	e4212;
	9464	:	3d7c47;
	9465	:	437844;
	9466	:	475d2e;
	9467	:	595226;
	9468	:	6a4822;
	9469	:	6029b;
	9470	:	60176;
	9471	:	6c21e;
	9472	:	7c401b;
	9473	:	784414;
	9474	:	774313;
	9475	:	754312;
	9476	:	754312;
	9477	:	774415;
	9478	:	784317;
	9479	:	764115;
	9480	:	5b2b5;
	9481	:	6a4920;
	9482	:	585125;
	9483	:	475d2e;
	9484	:	447945;
	9485	:	3a7d47;
	9486	:	3f7c43;
	9487	:	b44d;
	9488	:	306837;
	9489	:	2f683b;
	9490	:	2e6939;
	9491	:	2e693b;
	9492	:	2c693d;
	9493	:	2c693d;
	9494	:	2e6939;
	9495	:	2f6939;
	9496	:	2f683b;
	9497	:	2f683d;
	9498	:	2e693b;
	9499	:	2e693b;
	9500	:	2e6939;
	9501	:	306a38;
	9502	:	a4310;
	9503	:	3f7b47;
	9504	:	387f47;
	9505	:	367f47;
	9506	:	387f47;
	9507	:	397e47;
	9508	:	387f47;
	9509	:	387f47;
	9510	:	367f47;
	9511	:	367f47;
	9512	:	387f47;
	9513	:	387f47;
	9514	:	387f47;
	9515	:	387f47;
	9516	:	387f47;
	9517	:	387f47;
	9518	:	387f47;
	9519	:	387f47;
	9520	:	387f47;
	9521	:	387f47;
	9522	:	387f47;
	9523	:	387f47;
	9524	:	387f47;
	9525	:	387f47;
	9526	:	387f47;
	9527	:	387f47;
	9528	:	387f47;
	9529	:	387f47;
	9530	:	387f47;
	9531	:	387f47;
	9532	:	387f47;
	9533	:	387f47;
	9534	:	387f47;
	9535	:	387f47;
	9536	:	387f47;
	9537	:	387f47;
	9538	:	387f47;
	9539	:	387f47;
	9540	:	387f47;
	9541	:	387f47;
	9542	:	387f47;
	9543	:	387f47;
	9544	:	387f47;
	9545	:	387f47;
	9546	:	387f47;
	9547	:	387f47;
	9548	:	387f47;
	9549	:	387f47;
	9550	:	387f47;
	9551	:	387f47;
	9552	:	387f47;
	9553	:	387f47;
	9554	:	387f47;
	9555	:	387f47;
	9556	:	387f47;
	9557	:	387f47;
	9558	:	387f47;
	9559	:	387f47;
	9560	:	368045;
	9561	:	3a7e45;
	9562	:	417a47;
	9563	:	e4211;
	9564	:	2f6937;
	9565	:	2e6a37;
	9566	:	2c6a39;
	9567	:	2c6a3b;
	9568	:	2e693b;
	9569	:	2e693b;
	9570	:	2c6a3b;
	9571	:	2c6a3b;
	9572	:	2e693b;
	9573	:	2e693b;
	9574	:	2c6a3b;
	9575	:	2c6a3b;
	9576	:	2e693b;
	9577	:	2c6a3b;
	9578	:	2b6a3d;
	9579	:	2b6a3b;
	9580	:	2b6936;
	9581	:	316a37;
	9582	:	366537;
	9583	:	104112;
	9584	:	407c48;
	9585	:	447943;
	9586	:	475f2d;
	9587	:	575326;
	9588	:	6a4822;
	9589	:	6027a;
	9590	:	60176;
	9591	:	6a21e;
	9592	:	79421b;
	9593	:	754514;
	9594	:	764615;
	9595	:	774716;
	9596	:	754514;
	9597	:	764413;
	9598	:	774415;
	9599	:	794516;
	9600	:	5b2b5;
	9601	:	6b4820;
	9602	:	595025;
	9603	:	475d2e;
	9604	:	447945;
	9605	:	3c7d47;
	9606	:	407b43;
	9607	:	b44f;
	9608	:	306839;
	9609	:	30683b;
	9610	:	2f6939;
	9611	:	2e693b;
	9612	:	2c693d;
	9613	:	2e693d;
	9614	:	2f6939;
	9615	:	2f6939;
	9616	:	2f683b;
	9617	:	2f683d;
	9618	:	2e693b;
	9619	:	2e693b;
	9620	:	2e6939;
	9621	:	306a3a;
	9622	:	a4211;
	9623	:	407a47;
	9624	:	397e47;
	9625	:	367f47;
	9626	:	387f47;
	9627	:	397e47;
	9628	:	387f47;
	9629	:	387f47;
	9630	:	367f47;
	9631	:	367f47;
	9632	:	387f47;
	9633	:	387f47;
	9634	:	387f47;
	9635	:	387f47;
	9636	:	387f47;
	9637	:	387f47;
	9638	:	387f47;
	9639	:	387f47;
	9640	:	387f47;
	9641	:	387f47;
	9642	:	387f47;
	9643	:	387f47;
	9644	:	387f47;
	9645	:	387f47;
	9646	:	387f47;
	9647	:	387f47;
	9648	:	387f47;
	9649	:	387f47;
	9650	:	387f47;
	9651	:	387f47;
	9652	:	387f47;
	9653	:	387f47;
	9654	:	387f47;
	9655	:	387f47;
	9656	:	387f47;
	9657	:	387f47;
	9658	:	387f47;
	9659	:	387f47;
	9660	:	387f47;
	9661	:	387f47;
	9662	:	387f47;
	9663	:	387f47;
	9664	:	387f47;
	9665	:	387f47;
	9666	:	387f47;
	9667	:	387f47;
	9668	:	387f47;
	9669	:	387f47;
	9670	:	387f47;
	9671	:	387f47;
	9672	:	387f47;
	9673	:	387f47;
	9674	:	387f47;
	9675	:	387f47;
	9676	:	387f47;
	9677	:	387f47;
	9678	:	387f47;
	9679	:	387f47;
	9680	:	368045;
	9681	:	3a7e45;
	9682	:	417a47;
	9683	:	e4211;
	9684	:	2f6937;
	9685	:	2e6939;
	9686	:	2c6a3b;
	9687	:	2e693b;
	9688	:	2f683b;
	9689	:	2f683b;
	9690	:	2e693b;
	9691	:	2e693b;
	9692	:	2f683b;
	9693	:	2f683b;
	9694	:	2e693b;
	9695	:	2c6a3b;
	9696	:	2c6a3b;
	9697	:	2c6a3b;
	9698	:	2b6a3d;
	9699	:	2b6a3b;
	9700	:	2b6936;
	9701	:	316a37;
	9702	:	356637;
	9703	:	104112;
	9704	:	407c48;
	9705	:	447945;
	9706	:	455f2f;
	9707	:	565326;
	9708	:	694922;
	9709	:	5f28a;
	9710	:	60176;
	9711	:	6c21e;
	9712	:	7d431d;
	9713	:	754515;
	9714	:	734313;
	9715	:	724212;
	9716	:	7a4817;
	9717	:	784615;
	9718	:	754312;
	9719	:	774415;
	9720	:	5b2b5;
	9721	:	6a4920;
	9722	:	585125;
	9723	:	475d2e;
	9724	:	447945;
	9725	:	3a7d47;
	9726	:	3f7c43;
	9727	:	b44d;
	9728	:	306837;
	9729	:	2f683b;
	9730	:	2e6939;
	9731	:	2e693b;
	9732	:	2c693d;
	9733	:	2c693d;
	9734	:	2e6939;
	9735	:	2f6939;
	9736	:	2f683b;
	9737	:	2f683d;
	9738	:	2e693b;
	9739	:	2e693b;
	9740	:	2e6939;
	9741	:	306a38;
	9742	:	a4310;
	9743	:	3f7b47;
	9744	:	387f47;
	9745	:	367f47;
	9746	:	387f47;
	9747	:	397e47;
	9748	:	387f47;
	9749	:	387f47;
	9750	:	367f47;
	9751	:	367f47;
	9752	:	387f47;
	9753	:	387f47;
	9754	:	387f47;
	9755	:	387f47;
	9756	:	387f47;
	9757	:	387f47;
	9758	:	387f47;
	9759	:	387f47;
	9760	:	387f47;
	9761	:	387f47;
	9762	:	387f47;
	9763	:	387f47;
	9764	:	387f47;
	9765	:	387f47;
	9766	:	387f47;
	9767	:	387f47;
	9768	:	387f47;
	9769	:	387f47;
	9770	:	387f47;
	9771	:	387f47;
	9772	:	387f47;
	9773	:	387f47;
	9774	:	387f47;
	9775	:	387f47;
	9776	:	387f47;
	9777	:	387f47;
	9778	:	387f47;
	9779	:	387f47;
	9780	:	387f47;
	9781	:	387f47;
	9782	:	387f47;
	9783	:	387f47;
	9784	:	387f47;
	9785	:	387f47;
	9786	:	387f47;
	9787	:	387f47;
	9788	:	387f47;
	9789	:	387f47;
	9790	:	387f47;
	9791	:	387f47;
	9792	:	387f47;
	9793	:	387f47;
	9794	:	387f47;
	9795	:	387f47;
	9796	:	387f47;
	9797	:	387f47;
	9798	:	387f47;
	9799	:	387f47;
	9800	:	368045;
	9801	:	3a7e45;
	9802	:	417a47;
	9803	:	e4211;
	9804	:	2f6937;
	9805	:	2e6a37;
	9806	:	2c6a39;
	9807	:	2c6a3b;
	9808	:	2e693b;
	9809	:	2e693b;
	9810	:	2c6a3b;
	9811	:	2c6a3b;
	9812	:	2e693b;
	9813	:	2e693b;
	9814	:	2c6a3b;
	9815	:	2c6a3b;
	9816	:	2e693b;
	9817	:	2c6a3b;
	9818	:	2b6a3d;
	9819	:	2b6a3b;
	9820	:	2d6936;
	9821	:	316a37;
	9822	:	356637;
	9823	:	e4212;
	9824	:	3d7c47;
	9825	:	437842;
	9826	:	465e2c;
	9827	:	575326;
	9828	:	694922;
	9829	:	6029b;
	9830	:	60176;
	9831	:	6c21e;
	9832	:	7a3e1a;
	9833	:	784518;
	9834	:	7b481b;
	9835	:	764314;
	9836	:	734011;
	9837	:	7a4718;
	9838	:	744112;
	9839	:	794716;
	9840	:	5b2b5;
	9841	:	6b4820;
	9842	:	595025;
	9843	:	475d2e;
	9844	:	447945;
	9845	:	3c7d47;
	9846	:	407b43;
	9847	:	b44f;
	9848	:	306839;
	9849	:	30683b;
	9850	:	2f6939;
	9851	:	2e693b;
	9852	:	2c693d;
	9853	:	2e693d;
	9854	:	2f6939;
	9855	:	2f6939;
	9856	:	2f683b;
	9857	:	2f683d;
	9858	:	2e693b;
	9859	:	2e693b;
	9860	:	2e6939;
	9861	:	306a3a;
	9862	:	a4211;
	9863	:	407a47;
	9864	:	397e47;
	9865	:	367f47;
	9866	:	387f47;
	9867	:	397e47;
	9868	:	387f47;
	9869	:	387f47;
	9870	:	367f47;
	9871	:	367f47;
	9872	:	387f47;
	9873	:	387f47;
	9874	:	387f47;
	9875	:	387f47;
	9876	:	387f47;
	9877	:	387f47;
	9878	:	387f47;
	9879	:	387f47;
	9880	:	387f47;
	9881	:	387f47;
	9882	:	387f47;
	9883	:	387f47;
	9884	:	387f47;
	9885	:	387f47;
	9886	:	387f47;
	9887	:	387f47;
	9888	:	387f47;
	9889	:	387f47;
	9890	:	387f47;
	9891	:	387f47;
	9892	:	387f47;
	9893	:	387f47;
	9894	:	387f47;
	9895	:	387f47;
	9896	:	387f47;
	9897	:	387f47;
	9898	:	387f47;
	9899	:	387f47;
	9900	:	387f47;
	9901	:	387f47;
	9902	:	387f47;
	9903	:	387f47;
	9904	:	387f47;
	9905	:	387f47;
	9906	:	387f47;
	9907	:	387f47;
	9908	:	387f47;
	9909	:	387f47;
	9910	:	387f47;
	9911	:	387f47;
	9912	:	387f47;
	9913	:	387f47;
	9914	:	387f47;
	9915	:	387f47;
	9916	:	387f47;
	9917	:	387f47;
	9918	:	387f47;
	9919	:	387f47;
	9920	:	368045;
	9921	:	3a7e45;
	9922	:	417a47;
	9923	:	e4211;
	9924	:	2f6937;
	9925	:	2e6939;
	9926	:	2c6a3b;
	9927	:	2e693b;
	9928	:	2f683b;
	9929	:	2f683b;
	9930	:	2e693b;
	9931	:	2e693b;
	9932	:	2f683b;
	9933	:	2f683b;
	9934	:	2e693b;
	9935	:	2e693b;
	9936	:	2f683b;
	9937	:	2f683b;
	9938	:	2b6a3d;
	9939	:	2b6a3b;
	9940	:	2e6838;
	9941	:	336938;
	9942	:	336737;
	9943	:	b4312;
	9944	:	397c46;
	9945	:	427844;
	9946	:	4a5b2e;
	9947	:	5c5026;
	9948	:	694922;
	9949	:	5f2ab;
	9950	:	62166;
	9951	:	6d1ed;
	9952	:	7e3d1d;
	9953	:	784118;
	9954	:	784118;
	9955	:	7a451b;
	9956	:	79441a;
	9957	:	764115;
	9958	:	7a471a;
	9959	:	774417;
	9960	:	5b2b5;
	9961	:	6a4920;
	9962	:	585125;
	9963	:	475d2e;
	9964	:	447945;
	9965	:	3a7d47;
	9966	:	3f7c43;
	9967	:	b44d;
	9968	:	306837;
	9969	:	2f683b;
	9970	:	2e6939;
	9971	:	2e693b;
	9972	:	2c693d;
	9973	:	2c693d;
	9974	:	2e6939;
	9975	:	2f6939;
	9976	:	2f683b;
	9977	:	2f683d;
	9978	:	2e693b;
	9979	:	2e693b;
	9980	:	2e6939;
	9981	:	306a38;
	9982	:	a4310;
	9983	:	3f7b47;
	9984	:	387f47;
	9985	:	367f47;
	9986	:	387f47;
	9987	:	397e47;
	9988	:	387f47;
	9989	:	387f47;
	9990	:	367f47;
	9991	:	367f47;
	9992	:	387f47;
	9993	:	387f47;
	9994	:	387f47;
	9995	:	387f47;
	9996	:	387f47;
	9997	:	387f47;
	9998	:	387f47;
	9999	:	387f47;
	10000	:	387f47;
	10001	:	387f47;
	10002	:	387f47;
	10003	:	387f47;
	10004	:	387f47;
	10005	:	387f47;
	10006	:	387f47;
	10007	:	387f47;
	10008	:	387f47;
	10009	:	387f47;
	10010	:	387f47;
	10011	:	387f47;
	10012	:	387f47;
	10013	:	387f47;
	10014	:	387f47;
	10015	:	387f47;
	10016	:	387f47;
	10017	:	387f47;
	10018	:	387f47;
	10019	:	387f47;
	10020	:	387f47;
	10021	:	387f47;
	10022	:	387f47;
	10023	:	387f47;
	10024	:	387f47;
	10025	:	387f47;
	10026	:	387f47;
	10027	:	387f47;
	10028	:	387f47;
	10029	:	387f47;
	10030	:	387f47;
	10031	:	387f47;
	10032	:	387f47;
	10033	:	387f47;
	10034	:	387f47;
	10035	:	387f47;
	10036	:	387f47;
	10037	:	387f47;
	10038	:	387f47;
	10039	:	387f47;
	10040	:	368045;
	10041	:	3a7e45;
	10042	:	417a47;
	10043	:	e4211;
	10044	:	2f6937;
	10045	:	2e6a37;
	10046	:	2c6a39;
	10047	:	2c6a3b;
	10048	:	2e693b;
	10049	:	2e693b;
	10050	:	2c6a3b;
	10051	:	2c6a3b;
	10052	:	2e693b;
	10053	:	2e693b;
	10054	:	2c6a3b;
	10055	:	2e693b;
	10056	:	30683b;
	10057	:	2f683b;
	10058	:	2c693d;
	10059	:	2c6a3b;
	10060	:	2e6838;
	10061	:	316938;
	10062	:	336737;
	10063	:	b4312;
	10064	:	3a7d47;
	10065	:	447b44;
	10066	:	4b5d2d;
	10067	:	5d5026;
	10068	:	6a4822;
	10069	:	5f28a;
	10070	:	62155;
	10071	:	6d1ef;
	10072	:	803f21;
	10073	:	632c5;
	10074	:	723d15;
	10075	:	78441c;
	10076	:	7a471c;
	10077	:	774419;
	10078	:	754014;
	10079	:	784317;
	10080	:	5b2b5;
	10081	:	6b4820;
	10082	:	595025;
	10083	:	475d2e;
	10084	:	447945;
	10085	:	3c7d47;
	10086	:	407b43;
	10087	:	b44f;
	10088	:	306839;
	10089	:	30683b;
	10090	:	2f6939;
	10091	:	2e693b;
	10092	:	2c693d;
	10093	:	2e693d;
	10094	:	2f6939;
	10095	:	2f6939;
	10096	:	2f683b;
	10097	:	2f683d;
	10098	:	2e693b;
	10099	:	2e693b;
	10100	:	2e6939;
	10101	:	306a3a;
	10102	:	a4211;
	10103	:	407a47;
	10104	:	397e47;
	10105	:	367f47;
	10106	:	387f47;
	10107	:	397e47;
	10108	:	387f47;
	10109	:	387f47;
	10110	:	367f47;
	10111	:	367f47;
	10112	:	387f47;
	10113	:	387f47;
	10114	:	387f47;
	10115	:	387f47;
	10116	:	387f47;
	10117	:	387f47;
	10118	:	387f47;
	10119	:	387f47;
	10120	:	387f47;
	10121	:	387f47;
	10122	:	387f47;
	10123	:	387f47;
	10124	:	387f47;
	10125	:	387f47;
	10126	:	387f47;
	10127	:	387f47;
	10128	:	387f47;
	10129	:	387f47;
	10130	:	387f47;
	10131	:	387f47;
	10132	:	387f47;
	10133	:	387f47;
	10134	:	387f47;
	10135	:	387f47;
	10136	:	387f47;
	10137	:	387f47;
	10138	:	387f47;
	10139	:	387f47;
	10140	:	387f47;
	10141	:	387f47;
	10142	:	387f47;
	10143	:	387f47;
	10144	:	387f47;
	10145	:	387f47;
	10146	:	387f47;
	10147	:	387f47;
	10148	:	387f47;
	10149	:	387f47;
	10150	:	387f47;
	10151	:	387f47;
	10152	:	387f47;
	10153	:	387f47;
	10154	:	387f47;
	10155	:	387f47;
	10156	:	387f47;
	10157	:	387f47;
	10158	:	387f47;
	10159	:	387f47;
	10160	:	368045;
	10161	:	3a7e45;
	10162	:	417a47;
	10163	:	e4211;
	10164	:	2f6937;
	10165	:	2e6939;
	10166	:	2c6a3b;
	10167	:	2e693b;
	10168	:	2f683b;
	10169	:	2f683b;
	10170	:	2e693b;
	10171	:	2e693b;
	10172	:	2f683b;
	10173	:	2f683b;
	10174	:	2e693b;
	10175	:	2e693b;
	10176	:	2f683b;
	10177	:	30683b;
	10178	:	30673d;
	10179	:	2f683b;
	10180	:	2d6838;
	10181	:	306a38;
	10182	:	326837;
	10183	:	b4411;
	10184	:	3c7d47;
	10185	:	457a44;
	10186	:	4c5e2c;
	10187	:	5d5024;
	10188	:	6c4621;
	10189	:	6325c;
	10190	:	64158;
	10191	:	6f2011;
	10192	:	7a3f1f;
	10193	:	5f2f7;
	10194	:	572a1;
	10195	:	75481e;
	10196	:	704115;
	10197	:	774419;
	10198	:	7e451a;
	10199	:	7e4319;
	10200	:	5b2b5;
	10201	:	6a4920;
	10202	:	585125;
	10203	:	475d2e;
	10204	:	447945;
	10205	:	3a7d47;
	10206	:	3f7c43;
	10207	:	b44d;
	10208	:	306837;
	10209	:	2f683b;
	10210	:	2e6939;
	10211	:	2e693b;
	10212	:	2c693d;
	10213	:	2c693d;
	10214	:	2e6939;
	10215	:	2f6939;
	10216	:	2f683b;
	10217	:	2f683d;
	10218	:	2e693b;
	10219	:	2e693b;
	10220	:	2e6939;
	10221	:	306a38;
	10222	:	a4310;
	10223	:	3f7b47;
	10224	:	387f47;
	10225	:	367f47;
	10226	:	387f47;
	10227	:	397e47;
	10228	:	387f47;
	10229	:	387f47;
	10230	:	367f47;
	10231	:	367f47;
	10232	:	387f47;
	10233	:	387f47;
	10234	:	387f47;
	10235	:	387f47;
	10236	:	387f47;
	10237	:	387f47;
	10238	:	387f47;
	10239	:	387f47;
	10240	:	387f47;
	10241	:	387f47;
	10242	:	387f47;
	10243	:	387f47;
	10244	:	387f47;
	10245	:	387f47;
	10246	:	387f47;
	10247	:	387f47;
	10248	:	387f47;
	10249	:	387f47;
	10250	:	387f47;
	10251	:	387f47;
	10252	:	387f47;
	10253	:	387f47;
	10254	:	387f47;
	10255	:	387f47;
	10256	:	387f47;
	10257	:	387f47;
	10258	:	387f47;
	10259	:	387f47;
	10260	:	387f47;
	10261	:	387f47;
	10262	:	387f47;
	10263	:	387f47;
	10264	:	387f47;
	10265	:	387f47;
	10266	:	387f47;
	10267	:	387f47;
	10268	:	387f47;
	10269	:	387f47;
	10270	:	387f47;
	10271	:	387f47;
	10272	:	387f47;
	10273	:	387f47;
	10274	:	387f47;
	10275	:	387f47;
	10276	:	387f47;
	10277	:	387f47;
	10278	:	387f47;
	10279	:	387f47;
	10280	:	368045;
	10281	:	3a7e45;
	10282	:	417a47;
	10283	:	e4211;
	10284	:	2f6937;
	10285	:	2e6a37;
	10286	:	2c6a39;
	10287	:	2c6a3b;
	10288	:	2e693b;
	10289	:	2e693b;
	10290	:	2c6a3b;
	10291	:	2c6a3b;
	10292	:	2e693b;
	10293	:	2e693b;
	10294	:	2c6a3b;
	10295	:	2e693b;
	10296	:	30683b;
	10297	:	30683b;
	10298	:	30673d;
	10299	:	2f683b;
	10300	:	2b693a;
	10301	:	2f6a3a;
	10302	:	326836;
	10303	:	d4311;
	10304	:	3b7c46;
	10305	:	447943;
	10306	:	4b5d2b;
	10307	:	5b5023;
	10308	:	6c4621;
	10309	:	6426d;
	10310	:	6814a;
	10311	:	721e13;
	10312	:	7b4022;
	10313	:	54270;
	10314	:	592f5;
	10315	:	572d3;
	10316	:	6e4318;
	10317	:	76471b;
	10318	:	7b4519;
	10319	:	763b11;
	10320	:	5b2b5;
	10321	:	6b4820;
	10322	:	595025;
	10323	:	475d2e;
	10324	:	447945;
	10325	:	3c7d47;
	10326	:	407b43;
	10327	:	b44f;
	10328	:	306839;
	10329	:	30683b;
	10330	:	2f6939;
	10331	:	2e693b;
	10332	:	2c693d;
	10333	:	2e693d;
	10334	:	2f6939;
	10335	:	2f6939;
	10336	:	2f683b;
	10337	:	2f683d;
	10338	:	2e693b;
	10339	:	2e693b;
	10340	:	2e6939;
	10341	:	306a3a;
	10342	:	a4211;
	10343	:	407a47;
	10344	:	397e47;
	10345	:	367f47;
	10346	:	387f47;
	10347	:	397e47;
	10348	:	387f47;
	10349	:	387f47;
	10350	:	367f47;
	10351	:	367f47;
	10352	:	387f47;
	10353	:	387f47;
	10354	:	387f47;
	10355	:	387f47;
	10356	:	387f47;
	10357	:	387f47;
	10358	:	387f47;
	10359	:	387f47;
	10360	:	387f47;
	10361	:	387f47;
	10362	:	387f47;
	10363	:	387f47;
	10364	:	387f47;
	10365	:	387f47;
	10366	:	387f47;
	10367	:	387f47;
	10368	:	387f47;
	10369	:	387f47;
	10370	:	387f47;
	10371	:	387f47;
	10372	:	387f47;
	10373	:	387f47;
	10374	:	387f47;
	10375	:	387f47;
	10376	:	387f47;
	10377	:	387f47;
	10378	:	387f47;
	10379	:	387f47;
	10380	:	387f47;
	10381	:	387f47;
	10382	:	387f47;
	10383	:	387f47;
	10384	:	387f47;
	10385	:	387f47;
	10386	:	387f47;
	10387	:	387f47;
	10388	:	387f47;
	10389	:	387f47;
	10390	:	387f47;
	10391	:	387f47;
	10392	:	387f47;
	10393	:	387f47;
	10394	:	387f47;
	10395	:	387f47;
	10396	:	387f47;
	10397	:	387f47;
	10398	:	387f47;
	10399	:	387f47;
	10400	:	368045;
	10401	:	3a7e45;
	10402	:	417a47;
	10403	:	e4211;
	10404	:	2f6937;
	10405	:	2e6939;
	10406	:	2c6a3b;
	10407	:	2e693b;
	10408	:	2f683b;
	10409	:	2f683b;
	10410	:	2e693b;
	10411	:	2e693b;
	10412	:	2f683b;
	10413	:	2f683b;
	10414	:	2e693b;
	10415	:	2e693b;
	10416	:	30683b;
	10417	:	30683b;
	10418	:	2e693b;
	10419	:	2e693b;
	10420	:	2d683a;
	10421	:	306a3a;
	10422	:	336736;
	10423	:	b4411;
	10424	:	397c46;
	10425	:	437a43;
	10426	:	4a5c2a;
	10427	:	5b5022;
	10428	:	6a4823;
	10429	:	6327f;
	10430	:	6b10b;
	10431	:	741710;
	10432	:	7e3e22;
	10433	:	73461f;
	10434	:	552e3;
	10435	:	502e1;
	10436	:	57325;
	10437	:	6f4618;
	10438	:	734315;
	10439	:	7c471b;
	10440	:	5b2b5;
	10441	:	6a4920;
	10442	:	585125;
	10443	:	475d2e;
	10444	:	447945;
	10445	:	3a7d47;
	10446	:	3f7c43;
	10447	:	b44d;
	10448	:	306837;
	10449	:	2f683b;
	10450	:	2e6939;
	10451	:	2e693b;
	10452	:	2c693d;
	10453	:	2c693d;
	10454	:	2e6939;
	10455	:	2f6939;
	10456	:	2f683b;
	10457	:	2f683d;
	10458	:	2e693b;
	10459	:	2e693b;
	10460	:	2e6939;
	10461	:	306a38;
	10462	:	a4310;
	10463	:	3f7b47;
	10464	:	387f47;
	10465	:	367f47;
	10466	:	387f47;
	10467	:	397e47;
	10468	:	387f47;
	10469	:	387f47;
	10470	:	367f47;
	10471	:	367f47;
	10472	:	387f47;
	10473	:	387f47;
	10474	:	387f47;
	10475	:	387f47;
	10476	:	387f47;
	10477	:	387f47;
	10478	:	387f47;
	10479	:	387f47;
	10480	:	387f47;
	10481	:	387f47;
	10482	:	387f47;
	10483	:	387f47;
	10484	:	387f47;
	10485	:	387f47;
	10486	:	387f47;
	10487	:	387f47;
	10488	:	387f47;
	10489	:	387f47;
	10490	:	387f47;
	10491	:	387f47;
	10492	:	387f47;
	10493	:	387f47;
	10494	:	387f47;
	10495	:	387f47;
	10496	:	387f47;
	10497	:	387f47;
	10498	:	387f47;
	10499	:	387f47;
	10500	:	387f47;
	10501	:	387f47;
	10502	:	387f47;
	10503	:	387f47;
	10504	:	387f47;
	10505	:	387f47;
	10506	:	387f47;
	10507	:	387f47;
	10508	:	387f47;
	10509	:	387f47;
	10510	:	387f47;
	10511	:	387f47;
	10512	:	387f47;
	10513	:	387f47;
	10514	:	387f47;
	10515	:	387f47;
	10516	:	387f47;
	10517	:	387f47;
	10518	:	387f47;
	10519	:	387f47;
	10520	:	368045;
	10521	:	3a7e45;
	10522	:	417a47;
	10523	:	e4211;
	10524	:	2f6937;
	10525	:	2e6a37;
	10526	:	2c6a39;
	10527	:	2c6a3b;
	10528	:	2e693b;
	10529	:	2e693b;
	10530	:	2c6a3b;
	10531	:	2c6a3b;
	10532	:	2e693b;
	10533	:	2e693b;
	10534	:	2c6a3b;
	10535	:	2e693b;
	10536	:	30683b;
	10537	:	30683b;
	10538	:	2c6a3b;
	10539	:	2b6a3b;
	10540	:	2d683a;
	10541	:	31693a;
	10542	:	356736;
	10543	:	d43f;
	10544	:	397e47;
	10545	:	417a43;
	10546	:	495d28;
	10547	:	595122;
	10548	:	674923;
	10549	:	6127f;
	10550	:	6db8;
	10551	:	76ed;
	10552	:	6c1fb;
	10553	:	794120;
	10554	:	734521;
	10555	:	542d4;
	10556	:	54317;
	10557	:	532e2;
	10558	:	5a2d3;
	10559	:	734217;
	10560	:	5b2b5;
	10561	:	6b4820;
	10562	:	595025;
	10563	:	475d2e;
	10564	:	447945;
	10565	:	3c7d47;
	10566	:	407b43;
	10567	:	b44f;
	10568	:	306839;
	10569	:	30683b;
	10570	:	2f6939;
	10571	:	2e693b;
	10572	:	2c693d;
	10573	:	2e693d;
	10574	:	2f6939;
	10575	:	2f6939;
	10576	:	2f683b;
	10577	:	2f683d;
	10578	:	2e693b;
	10579	:	2e693b;
	10580	:	2e6939;
	10581	:	306a3a;
	10582	:	a4211;
	10583	:	407a47;
	10584	:	397e47;
	10585	:	367f47;
	10586	:	387f47;
	10587	:	397e47;
	10588	:	387f47;
	10589	:	387f47;
	10590	:	367f47;
	10591	:	367f47;
	10592	:	387f47;
	10593	:	387f47;
	10594	:	387f47;
	10595	:	387f47;
	10596	:	387f47;
	10597	:	387f47;
	10598	:	387f47;
	10599	:	387f47;
	10600	:	387f47;
	10601	:	387f47;
	10602	:	387f47;
	10603	:	387f47;
	10604	:	387f47;
	10605	:	387f47;
	10606	:	387f47;
	10607	:	387f47;
	10608	:	387f47;
	10609	:	387f47;
	10610	:	387f47;
	10611	:	387f47;
	10612	:	387f47;
	10613	:	387f47;
	10614	:	387f47;
	10615	:	387f47;
	10616	:	387f47;
	10617	:	387f47;
	10618	:	387f47;
	10619	:	387f47;
	10620	:	387f47;
	10621	:	387f47;
	10622	:	387f47;
	10623	:	387f47;
	10624	:	387f47;
	10625	:	387f47;
	10626	:	387f47;
	10627	:	387f47;
	10628	:	387f47;
	10629	:	387f47;
	10630	:	387f47;
	10631	:	387f47;
	10632	:	387f47;
	10633	:	387f47;
	10634	:	387f47;
	10635	:	387f47;
	10636	:	387f47;
	10637	:	387f47;
	10638	:	387f47;
	10639	:	387f47;
	10640	:	368045;
	10641	:	3a7e45;
	10642	:	417a47;
	10643	:	e4211;
	10644	:	2f6937;
	10645	:	2e6939;
	10646	:	2c6a3b;
	10647	:	2e693b;
	10648	:	2f683b;
	10649	:	2f683b;
	10650	:	2e693b;
	10651	:	2e693b;
	10652	:	2f683b;
	10653	:	2f683b;
	10654	:	2e693b;
	10655	:	2e693b;
	10656	:	30683b;
	10657	:	2e673a;
	10658	:	2a693a;
	10659	:	2b6a3b;
	10660	:	2f6a3e;
	10661	:	32673b;
	10662	:	376737;
	10663	:	e43f;
	10664	:	3a7d47;
	10665	:	427b44;
	10666	:	475c24;
	10667	:	56501e;
	10668	:	695028;
	10669	:	5e24e;
	10670	:	76ce;
	10671	:	7c5b;
	10672	:	6fd4;
	10673	:	7221e;
	10674	:	7e3e25;
	10675	:	764324;
	10676	:	5a2fc;
	10677	:	4f292;
	10678	:	582e8;
	10679	:	562a5;
	10680	:	5b2b5;
	10681	:	6a4920;
	10682	:	585125;
	10683	:	475d2e;
	10684	:	447945;
	10685	:	3a7d47;
	10686	:	3f7c43;
	10687	:	b44d;
	10688	:	306837;
	10689	:	2f683b;
	10690	:	2e6939;
	10691	:	2e693b;
	10692	:	2c693d;
	10693	:	2c693d;
	10694	:	2e6939;
	10695	:	2f6939;
	10696	:	2f683b;
	10697	:	2f683d;
	10698	:	2e693b;
	10699	:	2e693b;
	10700	:	2e6939;
	10701	:	306a38;
	10702	:	a4310;
	10703	:	3f7b47;
	10704	:	387f47;
	10705	:	367f47;
	10706	:	387f47;
	10707	:	397e47;
	10708	:	387f47;
	10709	:	387f47;
	10710	:	367f47;
	10711	:	367f47;
	10712	:	387f47;
	10713	:	387f47;
	10714	:	387f47;
	10715	:	387f47;
	10716	:	387f47;
	10717	:	387f47;
	10718	:	387f47;
	10719	:	387f47;
	10720	:	387f47;
	10721	:	387f47;
	10722	:	387f47;
	10723	:	387f47;
	10724	:	387f47;
	10725	:	387f47;
	10726	:	387f47;
	10727	:	387f47;
	10728	:	387f47;
	10729	:	387f47;
	10730	:	387f47;
	10731	:	387f47;
	10732	:	387f47;
	10733	:	387f47;
	10734	:	387f47;
	10735	:	387f47;
	10736	:	387f47;
	10737	:	387f47;
	10738	:	387f47;
	10739	:	387f47;
	10740	:	387f47;
	10741	:	387f47;
	10742	:	387f47;
	10743	:	387f47;
	10744	:	387f47;
	10745	:	387f47;
	10746	:	387f47;
	10747	:	387f47;
	10748	:	387f47;
	10749	:	387f47;
	10750	:	387f47;
	10751	:	387f47;
	10752	:	387f47;
	10753	:	387f47;
	10754	:	387f47;
	10755	:	387f47;
	10756	:	387f47;
	10757	:	387f47;
	10758	:	387f47;
	10759	:	387f47;
	10760	:	368045;
	10761	:	3a7e45;
	10762	:	417a47;
	10763	:	e4211;
	10764	:	2f6937;
	10765	:	2e6a37;
	10766	:	2c6a39;
	10767	:	2c6a3b;
	10768	:	2e693b;
	10769	:	2e693b;
	10770	:	2c6a3b;
	10771	:	2c6a3b;
	10772	:	2e693b;
	10773	:	2e693b;
	10774	:	2c6a3b;
	10775	:	2e693b;
	10776	:	30693c;
	10777	:	2c6739;
	10778	:	2d6c3d;
	10779	:	2c6b3e;
	10780	:	29663c;
	10781	:	326a3d;
	10782	:	306030;
	10783	:	124411;
	10784	:	397c46;
	10785	:	437c45;
	10786	:	4c6129;
	10787	:	554f1d;
	10788	:	664a23;
	10789	:	6123e;
	10790	:	7cbf;
	10791	:	853f;
	10792	:	7e7b;
	10793	:	72a7;
	10794	:	742015;
	10795	:	7c3727;
	10796	:	773f28;
	10797	:	754227;
	10798	:	784528;
	10799	:	784226;
	10800	:	5b2b5;
	10801	:	6b4820;
	10802	:	595025;
	10803	:	475d2e;
	10804	:	447945;
	10805	:	3c7d47;
	10806	:	407b43;
	10807	:	b44f;
	10808	:	306839;
	10809	:	30683b;
	10810	:	2f6939;
	10811	:	2e693b;
	10812	:	2c693d;
	10813	:	2e693d;
	10814	:	2f6939;
	10815	:	2f6939;
	10816	:	2f683b;
	10817	:	2f683d;
	10818	:	2e693b;
	10819	:	2e693b;
	10820	:	2e6939;
	10821	:	306a3a;
	10822	:	a4211;
	10823	:	407a47;
	10824	:	397e47;
	10825	:	367f47;
	10826	:	387f47;
	10827	:	397e47;
	10828	:	387f47;
	10829	:	387f47;
	10830	:	367f47;
	10831	:	367f47;
	10832	:	387f47;
	10833	:	387f47;
	10834	:	387f47;
	10835	:	387f47;
	10836	:	387f47;
	10837	:	387f47;
	10838	:	387f47;
	10839	:	387f47;
	10840	:	387f47;
	10841	:	387f47;
	10842	:	387f47;
	10843	:	387f47;
	10844	:	387f47;
	10845	:	387f47;
	10846	:	387f47;
	10847	:	387f47;
	10848	:	387f47;
	10849	:	387f47;
	10850	:	387f47;
	10851	:	387f47;
	10852	:	387f47;
	10853	:	387f47;
	10854	:	387f47;
	10855	:	387f47;
	10856	:	387f47;
	10857	:	387f47;
	10858	:	387f47;
	10859	:	387f47;
	10860	:	387f47;
	10861	:	387f47;
	10862	:	387f47;
	10863	:	387f47;
	10864	:	387f47;
	10865	:	387f47;
	10866	:	387f47;
	10867	:	387f47;
	10868	:	387f47;
	10869	:	387f47;
	10870	:	387f47;
	10871	:	387f47;
	10872	:	387f47;
	10873	:	387f47;
	10874	:	387f47;
	10875	:	387f47;
	10876	:	387f47;
	10877	:	387f47;
	10878	:	387f47;
	10879	:	387f47;
	10880	:	368045;
	10881	:	3a7e45;
	10882	:	417a47;
	10883	:	e4211;
	10884	:	2f6937;
	10885	:	2e6939;
	10886	:	2c6a3b;
	10887	:	2e693b;
	10888	:	2f683b;
	10889	:	2f683b;
	10890	:	2e693b;
	10891	:	2e693b;
	10892	:	2f683b;
	10893	:	2f683b;
	10894	:	2e693b;
	10895	:	2c6a3b;
	10896	:	2d683a;
	10897	:	296738;
	10898	:	2d6b3c;
	10899	:	2d6c3f;
	10900	:	2a693e;
	10901	:	2e673c;
	10902	:	154312;
	10903	:	1040c;
	10904	:	3c7b46;
	10905	:	417640;
	10906	:	4e6129;
	10907	:	5b5120;
	10908	:	674721;
	10909	:	672413;
	10910	:	7c7f;
	10911	:	8a012;
	10912	:	8c514;
	10913	:	7d1c;
	10914	:	74ae;
	10915	:	761b1a;
	10916	:	72221b;
	10917	:	6a2015;
	10918	:	691f12;
	10919	:	691f12;
	10920	:	5b2b5;
	10921	:	6a4920;
	10922	:	585125;
	10923	:	475d2e;
	10924	:	447945;
	10925	:	3a7d47;
	10926	:	3f7c43;
	10927	:	b44d;
	10928	:	306837;
	10929	:	2f683b;
	10930	:	2e6939;
	10931	:	2e693b;
	10932	:	2c693d;
	10933	:	2c693d;
	10934	:	2e6939;
	10935	:	2f6939;
	10936	:	2f683b;
	10937	:	2f683d;
	10938	:	2e693b;
	10939	:	2e693b;
	10940	:	2e6939;
	10941	:	306a38;
	10942	:	a4310;
	10943	:	3f7b47;
	10944	:	387f47;
	10945	:	367f47;
	10946	:	387f47;
	10947	:	397e47;
	10948	:	387f47;
	10949	:	387f47;
	10950	:	367f47;
	10951	:	367f47;
	10952	:	387f47;
	10953	:	387f47;
	10954	:	387f47;
	10955	:	387f47;
	10956	:	387f47;
	10957	:	387f47;
	10958	:	387f47;
	10959	:	387f47;
	10960	:	387f47;
	10961	:	387f47;
	10962	:	387f47;
	10963	:	387f47;
	10964	:	387f47;
	10965	:	387f47;
	10966	:	387f47;
	10967	:	387f47;
	10968	:	387f47;
	10969	:	387f47;
	10970	:	387f47;
	10971	:	387f47;
	10972	:	387f47;
	10973	:	387f47;
	10974	:	387f47;
	10975	:	387f47;
	10976	:	387f47;
	10977	:	387f47;
	10978	:	387f47;
	10979	:	387f47;
	10980	:	387f47;
	10981	:	387f47;
	10982	:	387f47;
	10983	:	387f47;
	10984	:	387f47;
	10985	:	387f47;
	10986	:	387f47;
	10987	:	387f47;
	10988	:	387f47;
	10989	:	387f47;
	10990	:	387f47;
	10991	:	387f47;
	10992	:	387f47;
	10993	:	387f47;
	10994	:	387f47;
	10995	:	387f47;
	10996	:	387f47;
	10997	:	387f47;
	10998	:	387f47;
	10999	:	387f47;
	11000	:	368045;
	11001	:	3a7e45;
	11002	:	417a47;
	11003	:	e4211;
	11004	:	2f6937;
	11005	:	2e6a37;
	11006	:	2c6a39;
	11007	:	2c6a3b;
	11008	:	2e693b;
	11009	:	2e693b;
	11010	:	2c6a3b;
	11011	:	2c6a3b;
	11012	:	2e693b;
	11013	:	2e693b;
	11014	:	2c6a3b;
	11015	:	2c6a3b;
	11016	:	2c6a3b;
	11017	:	2d6b3c;
	11018	:	2d6b3c;
	11019	:	29683b;
	11020	:	2b6a3f;
	11021	:	2f683d;
	11022	:	134311;
	11023	:	43733f;
	11024	:	3e7d48;
	11025	:	396935;
	11026	:	4e5823;
	11027	:	635121;
	11028	:	6a4624;
	11029	:	6c2415;
	11030	:	7c4d;
	11031	:	8d014;
	11032	:	8b013;
	11033	:	88014;
	11034	:	80615;
	11035	:	79a13;
	11036	:	72a11;
	11037	:	6dad;
	11038	:	6ecd;
	11039	:	71f10;
	11040	:	5b2b5;
	11041	:	6b4820;
	11042	:	595025;
	11043	:	475d2e;
	11044	:	447945;
	11045	:	3c7d47;
	11046	:	407b43;
	11047	:	b44f;
	11048	:	306839;
	11049	:	30683b;
	11050	:	2f6939;
	11051	:	2e693b;
	11052	:	2c693d;
	11053	:	2e693d;
	11054	:	2f6939;
	11055	:	2f6939;
	11056	:	2f683b;
	11057	:	2f683d;
	11058	:	2e693b;
	11059	:	2e693b;
	11060	:	2e6939;
	11061	:	306a3a;
	11062	:	a4211;
	11063	:	407a47;
	11064	:	397e47;
	11065	:	367f47;
	11066	:	387f47;
	11067	:	397e47;
	11068	:	387f47;
	11069	:	387f47;
	11070	:	367f47;
	11071	:	367f47;
	11072	:	387f47;
	11073	:	387f47;
	11074	:	387f47;
	11075	:	387f47;
	11076	:	387f47;
	11077	:	387f47;
	11078	:	387f47;
	11079	:	387f47;
	11080	:	387f47;
	11081	:	387f47;
	11082	:	387f47;
	11083	:	387f47;
	11084	:	387f47;
	11085	:	387f47;
	11086	:	387f47;
	11087	:	387f47;
	11088	:	387f47;
	11089	:	387f47;
	11090	:	387f47;
	11091	:	387f47;
	11092	:	387f47;
	11093	:	387f47;
	11094	:	387f47;
	11095	:	387f47;
	11096	:	387f47;
	11097	:	387f47;
	11098	:	387f47;
	11099	:	387f47;
	11100	:	387f47;
	11101	:	387f47;
	11102	:	387f47;
	11103	:	387f47;
	11104	:	387f47;
	11105	:	387f47;
	11106	:	387f47;
	11107	:	387f47;
	11108	:	387f47;
	11109	:	387f47;
	11110	:	387f47;
	11111	:	387f47;
	11112	:	387f47;
	11113	:	387f47;
	11114	:	387f47;
	11115	:	387f47;
	11116	:	387f47;
	11117	:	387f47;
	11118	:	387f47;
	11119	:	387f47;
	11120	:	368045;
	11121	:	3a7e45;
	11122	:	417a47;
	11123	:	e4211;
	11124	:	2f6937;
	11125	:	2e6939;
	11126	:	2c6a3b;
	11127	:	2e693b;
	11128	:	2f683b;
	11129	:	2f683b;
	11130	:	2e693b;
	11131	:	2e693b;
	11132	:	2f683b;
	11133	:	2f683b;
	11134	:	2e693b;
	11135	:	2c6a3b;
	11136	:	2e6939;
	11137	:	2c6a39;
	11138	:	296937;
	11139	:	286738;
	11140	:	316b43;
	11141	:	32693f;
	11142	:	a3c9;
	11143	:	477c44;
	11144	:	3d7c47;
	11145	:	386230;
	11146	:	545020;
	11147	:	6c4b20;
	11148	:	693e1e;
	11149	:	6d2316;
	11150	:	7d3e;
	11151	:	8d014;
	11152	:	88016;
	11153	:	8a21a;
	11154	:	86219;
	11155	:	80114;
	11156	:	7e315;
	11157	:	80615;
	11158	:	7f512;
	11159	:	7e411;
	11160	:	5b2b5;
	11161	:	6a4920;
	11162	:	585125;
	11163	:	475d2e;
	11164	:	447945;
	11165	:	3a7d47;
	11166	:	3f7c43;
	11167	:	b44d;
	11168	:	306837;
	11169	:	2f683b;
	11170	:	2e6939;
	11171	:	2e693b;
	11172	:	2c693d;
	11173	:	2c693d;
	11174	:	2e6939;
	11175	:	2f6939;
	11176	:	2f683b;
	11177	:	2f683d;
	11178	:	2e693b;
	11179	:	2e693b;
	11180	:	2e6939;
	11181	:	306a38;
	11182	:	a4310;
	11183	:	3f7b47;
	11184	:	387f47;
	11185	:	367f47;
	11186	:	387f47;
	11187	:	397e47;
	11188	:	387f47;
	11189	:	387f47;
	11190	:	367f47;
	11191	:	367f47;
	11192	:	387f47;
	11193	:	387f47;
	11194	:	387f47;
	11195	:	387f47;
	11196	:	387f47;
	11197	:	387f47;
	11198	:	387f47;
	11199	:	387f47;
	11200	:	387f47;
	11201	:	387f47;
	11202	:	387f47;
	11203	:	387f47;
	11204	:	387f47;
	11205	:	387f47;
	11206	:	387f47;
	11207	:	387f47;
	11208	:	387f47;
	11209	:	387f47;
	11210	:	387f47;
	11211	:	387f47;
	11212	:	387f47;
	11213	:	387f47;
	11214	:	387f47;
	11215	:	387f47;
	11216	:	387f47;
	11217	:	387f47;
	11218	:	387f47;
	11219	:	387f47;
	11220	:	387f47;
	11221	:	387f47;
	11222	:	387f47;
	11223	:	387f47;
	11224	:	387f47;
	11225	:	387f47;
	11226	:	387f47;
	11227	:	387f47;
	11228	:	387f47;
	11229	:	387f47;
	11230	:	387f47;
	11231	:	387f47;
	11232	:	387f47;
	11233	:	387f47;
	11234	:	387f47;
	11235	:	387f47;
	11236	:	387f47;
	11237	:	387f47;
	11238	:	387f47;
	11239	:	387f47;
	11240	:	368045;
	11241	:	3a7e45;
	11242	:	417a47;
	11243	:	e4211;
	11244	:	2f6937;
	11245	:	2e6a37;
	11246	:	2c6a39;
	11247	:	2c6a3b;
	11248	:	2e693b;
	11249	:	2e693b;
	11250	:	2c6a3b;
	11251	:	2c6a3b;
	11252	:	2e693b;
	11253	:	2e693b;
	11254	:	2c6a3b;
	11255	:	2c6a3b;
	11256	:	2c6737;
	11257	:	2b6938;
	11258	:	306e3d;
	11259	:	2d6b3c;
	11260	:	2e663f;
	11261	:	30673d;
	11262	:	d42e;
	11263	:	447b42;
	11264	:	3c7b46;
	11265	:	3e6433;
	11266	:	5f4e20;
	11267	:	72451e;
	11268	:	622f12;
	11269	:	6a1c10;
	11270	:	7f510;
	11271	:	8b015;
	11272	:	89018;
	11273	:	89119;
	11274	:	87017;
	11275	:	88016;
	11276	:	8a218;
	11277	:	89115;
	11278	:	88014;
	11279	:	88014;
	11280	:	5b2b5;
	11281	:	6b4820;
	11282	:	595025;
	11283	:	475d2e;
	11284	:	447945;
	11285	:	3c7d47;
	11286	:	407b43;
	11287	:	b44f;
	11288	:	306839;
	11289	:	30683b;
	11290	:	2f6939;
	11291	:	2e693b;
	11292	:	2c693d;
	11293	:	2e693d;
	11294	:	2f6939;
	11295	:	2f6939;
	11296	:	2f683b;
	11297	:	2f683d;
	11298	:	2e693b;
	11299	:	2e693b;
	11300	:	2e6939;
	11301	:	306a3a;
	11302	:	a4211;
	11303	:	407a47;
	11304	:	397e47;
	11305	:	367f47;
	11306	:	387f47;
	11307	:	397e47;
	11308	:	387f47;
	11309	:	387f47;
	11310	:	367f47;
	11311	:	367f47;
	11312	:	387f47;
	11313	:	387f47;
	11314	:	387f47;
	11315	:	387f47;
	11316	:	387f47;
	11317	:	387f47;
	11318	:	387f47;
	11319	:	387f47;
	11320	:	387f47;
	11321	:	387f47;
	11322	:	387f47;
	11323	:	387f47;
	11324	:	387f47;
	11325	:	387f47;
	11326	:	387f47;
	11327	:	387f47;
	11328	:	387f47;
	11329	:	387f47;
	11330	:	387f47;
	11331	:	387f47;
	11332	:	387f47;
	11333	:	387f47;
	11334	:	387f47;
	11335	:	387f47;
	11336	:	387f47;
	11337	:	387f47;
	11338	:	387f47;
	11339	:	387f47;
	11340	:	387f47;
	11341	:	387f47;
	11342	:	387f47;
	11343	:	387f47;
	11344	:	387f47;
	11345	:	387f47;
	11346	:	387f47;
	11347	:	387f47;
	11348	:	387f47;
	11349	:	387f47;
	11350	:	387f47;
	11351	:	387f47;
	11352	:	387f47;
	11353	:	387f47;
	11354	:	387f47;
	11355	:	387f47;
	11356	:	387f47;
	11357	:	387f47;
	11358	:	387f47;
	11359	:	387f47;
	11360	:	368045;
	11361	:	3a7e45;
	11362	:	417a47;
	11363	:	e4211;
	11364	:	2f6937;
	11365	:	2e6939;
	11366	:	2c6a3b;
	11367	:	2e693b;
	11368	:	2f683b;
	11369	:	2f683b;
	11370	:	2e693b;
	11371	:	2e693b;
	11372	:	2f683b;
	11373	:	2f683b;
	11374	:	2e693b;
	11375	:	2c6a3b;
	11376	:	2d6b3a;
	11377	:	2d6838;
	11378	:	31693a;
	11379	:	2e6639;
	11380	:	2e6840;
	11381	:	2f683f;
	11382	:	114811;
	11383	:	3d773d;
	11384	:	3e7a46;
	11385	:	426334;
	11386	:	644c20;
	11387	:	79411c;
	11388	:	6224b;
	11389	:	6915b;
	11390	:	7f713;
	11391	:	87015;
	11392	:	85015;
	11393	:	85015;
	11394	:	88016;
	11395	:	8b015;
	11396	:	89013;
	11397	:	87011;
	11398	:	88012;
	11399	:	8b013;
	11400	:	592c5;
	11401	:	6a4920;
	11402	:	585125;
	11403	:	475d2c;
	11404	:	447943;
	11405	:	3c7d45;
	11406	:	3f7c43;
	11407	:	a45f;
	11408	:	2f6939;
	11409	:	2f683b;
	11410	:	2e6939;
	11411	:	2e693b;
	11412	:	2c693d;
	11413	:	2c693d;
	11414	:	2c6a39;
	11415	:	2e6939;
	11416	:	2e693b;
	11417	:	2e693d;
	11418	:	2e693b;
	11419	:	2e693b;
	11420	:	2e6939;
	11421	:	306a38;
	11422	:	a4310;
	11423	:	3f7b47;
	11424	:	397e47;
	11425	:	387f47;
	11426	:	397e47;
	11427	:	397e47;
	11428	:	387f47;
	11429	:	387f47;
	11430	:	367f47;
	11431	:	367f47;
	11432	:	387f47;
	11433	:	387f47;
	11434	:	387f47;
	11435	:	387f47;
	11436	:	387f47;
	11437	:	387f47;
	11438	:	387f47;
	11439	:	387f47;
	11440	:	387f47;
	11441	:	387f47;
	11442	:	387f47;
	11443	:	387f47;
	11444	:	387f47;
	11445	:	387f47;
	11446	:	387f47;
	11447	:	387f47;
	11448	:	387f47;
	11449	:	387f47;
	11450	:	387f47;
	11451	:	387f47;
	11452	:	387f47;
	11453	:	387f47;
	11454	:	387f47;
	11455	:	387f47;
	11456	:	387f47;
	11457	:	387f47;
	11458	:	387f47;
	11459	:	387f47;
	11460	:	387f47;
	11461	:	387f47;
	11462	:	387f47;
	11463	:	387f47;
	11464	:	387f47;
	11465	:	387f47;
	11466	:	387f47;
	11467	:	387f47;
	11468	:	387f47;
	11469	:	387f47;
	11470	:	387f47;
	11471	:	387f47;
	11472	:	387f47;
	11473	:	387f47;
	11474	:	387f47;
	11475	:	387f47;
	11476	:	387f47;
	11477	:	387f47;
	11478	:	387f47;
	11479	:	387f47;
	11480	:	368045;
	11481	:	3a7e45;
	11482	:	417a47;
	11483	:	e4211;
	11484	:	2f6937;
	11485	:	2e6a37;
	11486	:	2c6a39;
	11487	:	2c6a3b;
	11488	:	2e693b;
	11489	:	2e693b;
	11490	:	2c6a3b;
	11491	:	2c6a3b;
	11492	:	2e693b;
	11493	:	2e693b;
	11494	:	2c6a3b;
	11495	:	2c6a3b;
	11496	:	2c6a39;
	11497	:	2f6a3a;
	11498	:	306839;
	11499	:	306539;
	11500	:	336a42;
	11501	:	296237;
	11502	:	d4611;
	11503	:	407b41;
	11504	:	3d7c47;
	11505	:	3e6232;
	11506	:	60481c;
	11507	:	7e421e;
	11508	:	6821b;
	11509	:	6910a;
	11510	:	7e612;
	11511	:	87015;
	11512	:	86217;
	11513	:	86116;
	11514	:	89014;
	11515	:	8a014;
	11516	:	8b013;
	11517	:	8c014;
	11518	:	8b015;
	11519	:	8a113;
	11520	:	582c5;
	11521	:	694920;
	11522	:	595123;
	11523	:	495d2a;
	11524	:	467941;
	11525	:	3c7d45;
	11526	:	3f7b47;
	11527	:	a4412;
	11528	:	2f6939;
	11529	:	2e6939;
	11530	:	2e6939;
	11531	:	2e6939;
	11532	:	2c6a3b;
	11533	:	2b6a3b;
	11534	:	2b6a3b;
	11535	:	2b6a3b;
	11536	:	2b6a3b;
	11537	:	2c6a3b;
	11538	:	2e693b;
	11539	:	2e693b;
	11540	:	2f6939;
	11541	:	306a38;
	11542	:	94310;
	11543	:	3f7b47;
	11544	:	3c7d47;
	11545	:	3a7d47;
	11546	:	397e47;
	11547	:	397e47;
	11548	:	387e48;
	11549	:	387e48;
	11550	:	387e48;
	11551	:	387e48;
	11552	:	387f47;
	11553	:	387f47;
	11554	:	387f47;
	11555	:	387f47;
	11556	:	387f47;
	11557	:	387f47;
	11558	:	387f47;
	11559	:	387f47;
	11560	:	387f47;
	11561	:	387f47;
	11562	:	387f47;
	11563	:	387f47;
	11564	:	387f47;
	11565	:	387f47;
	11566	:	387f47;
	11567	:	387f47;
	11568	:	387f47;
	11569	:	387f47;
	11570	:	387f47;
	11571	:	387f47;
	11572	:	387f47;
	11573	:	387f47;
	11574	:	387f47;
	11575	:	387f47;
	11576	:	387f47;
	11577	:	387f47;
	11578	:	387f47;
	11579	:	387f47;
	11580	:	387f47;
	11581	:	387f47;
	11582	:	387f47;
	11583	:	387f47;
	11584	:	387f47;
	11585	:	387f47;
	11586	:	387f47;
	11587	:	387f47;
	11588	:	387f47;
	11589	:	387f47;
	11590	:	387f47;
	11591	:	387f47;
	11592	:	387f47;
	11593	:	387f47;
	11594	:	387f47;
	11595	:	387f47;
	11596	:	387f47;
	11597	:	387f47;
	11598	:	387f47;
	11599	:	387f47;
	11600	:	368045;
	11601	:	3a7e45;
	11602	:	417a47;
	11603	:	e4211;
	11604	:	2f6937;
	11605	:	2e6939;
	11606	:	2c6a3b;
	11607	:	2e693b;
	11608	:	2f683b;
	11609	:	2f683b;
	11610	:	2e693b;
	11611	:	2e693b;
	11612	:	2f683b;
	11613	:	2f683b;
	11614	:	2e693b;
	11615	:	2c6a3b;
	11616	:	2a693a;
	11617	:	2c6b3c;
	11618	:	2d683a;
	11619	:	326a3d;
	11620	:	336339;
	11621	:	38693c;
	11622	:	740b;
	11623	:	407f48;
	11624	:	387f47;
	11625	:	39642f;
	11626	:	644d21;
	11627	:	7d411f;
	11628	:	691eb;
	11629	:	6f10e;
	11630	:	7e411;
	11631	:	89117;
	11632	:	88016;
	11633	:	88016;
	11634	:	88016;
	11635	:	89016;
	11636	:	89016;
	11637	:	89016;
	11638	:	89016;
	11639	:	89016;
	11640	:	572d5;
	11641	:	674a20;
	11642	:	585123;
	11643	:	495d2a;
	11644	:	467940;
	11645	:	3c7d43;
	11646	:	3f7b47;
	11647	:	a4412;
	11648	:	2f6939;
	11649	:	2f6939;
	11650	:	2f6939;
	11651	:	2e6939;
	11652	:	2c6a3b;
	11653	:	2c6a3b;
	11654	:	2b6a3b;
	11655	:	2b6a3b;
	11656	:	2b6a3b;
	11657	:	2c6a3b;
	11658	:	2e693b;
	11659	:	2e6939;
	11660	:	2f6937;
	11661	:	306a38;
	11662	:	84410;
	11663	:	3d7c47;
	11664	:	3c7d47;
	11665	:	3a7d47;
	11666	:	397e47;
	11667	:	387f47;
	11668	:	387e48;
	11669	:	367f48;
	11670	:	367f48;
	11671	:	367f48;
	11672	:	387f47;
	11673	:	387f47;
	11674	:	387f47;
	11675	:	387f47;
	11676	:	387f47;
	11677	:	387f47;
	11678	:	387f47;
	11679	:	387f47;
	11680	:	387f47;
	11681	:	387f47;
	11682	:	387f47;
	11683	:	387f47;
	11684	:	387f47;
	11685	:	387f47;
	11686	:	387f47;
	11687	:	387f47;
	11688	:	387f47;
	11689	:	387f47;
	11690	:	387f47;
	11691	:	387f47;
	11692	:	387f47;
	11693	:	387f47;
	11694	:	387f47;
	11695	:	387f47;
	11696	:	387f47;
	11697	:	387f47;
	11698	:	387f47;
	11699	:	387f47;
	11700	:	387f47;
	11701	:	387f47;
	11702	:	387f47;
	11703	:	387f47;
	11704	:	387f47;
	11705	:	387f47;
	11706	:	387f47;
	11707	:	387f47;
	11708	:	387f47;
	11709	:	387f47;
	11710	:	387f47;
	11711	:	387f47;
	11712	:	387f47;
	11713	:	387f47;
	11714	:	387f47;
	11715	:	387f47;
	11716	:	387f47;
	11717	:	387f47;
	11718	:	387f47;
	11719	:	387f47;
	11720	:	368045;
	11721	:	3a7e45;
	11722	:	417a47;
	11723	:	e4211;
	11724	:	2f6937;
	11725	:	2e6a37;
	11726	:	2c6a39;
	11727	:	2c6a3b;
	11728	:	2e693b;
	11729	:	2e693b;
	11730	:	2c6a3b;
	11731	:	2c6a3b;
	11732	:	2e693b;
	11733	:	2e693b;
	11734	:	2c6a3b;
	11735	:	2c6a3b;
	11736	:	2c6b3c;
	11737	:	296839;
	11738	:	2e6c3d;
	11739	:	2d6538;
	11740	:	356639;
	11741	:	346536;
	11742	:	d4613;
	11743	:	3b7a43;
	11744	:	3b8047;
	11745	:	3d6530;
	11746	:	624c1d;
	11747	:	7c401e;
	11748	:	6c1ff;
	11749	:	71fe;
	11750	:	81412;
	11751	:	88015;
	11752	:	88016;
	11753	:	88016;
	11754	:	88016;
	11755	:	88016;
	11756	:	88016;
	11757	:	88016;
	11758	:	88016;
	11759	:	88016;
	11760	:	572d5;
	11761	:	694920;
	11762	:	595123;
	11763	:	495d2a;
	11764	:	467940;
	11765	:	3d7c43;
	11766	:	407a47;
	11767	:	b4312;
	11768	:	306839;
	11769	:	306839;
	11770	:	326739;
	11771	:	326739;
	11772	:	30683b;
	11773	:	2f683b;
	11774	:	2e693b;
	11775	:	2e693b;
	11776	:	2e693d;
	11777	:	2e693d;
	11778	:	2e693b;
	11779	:	2f683b;
	11780	:	306839;
	11781	:	306a38;
	11782	:	84410;
	11783	:	3d7c47;
	11784	:	3c7d47;
	11785	:	3a7d47;
	11786	:	387f47;
	11787	:	367f47;
	11788	:	367f47;
	11789	:	358047;
	11790	:	358048;
	11791	:	358048;
	11792	:	367f47;
	11793	:	387f47;
	11794	:	387f47;
	11795	:	387f47;
	11796	:	387f47;
	11797	:	387f47;
	11798	:	387f47;
	11799	:	387f47;
	11800	:	387f47;
	11801	:	387f47;
	11802	:	387f47;
	11803	:	387f47;
	11804	:	387f47;
	11805	:	387f47;
	11806	:	387f47;
	11807	:	387f47;
	11808	:	387f47;
	11809	:	387f47;
	11810	:	387f47;
	11811	:	387f47;
	11812	:	387f47;
	11813	:	387f47;
	11814	:	387f47;
	11815	:	387f47;
	11816	:	387f47;
	11817	:	387f47;
	11818	:	387f47;
	11819	:	387f47;
	11820	:	387f47;
	11821	:	387f47;
	11822	:	387f47;
	11823	:	387f47;
	11824	:	387f47;
	11825	:	387f47;
	11826	:	387f47;
	11827	:	387f47;
	11828	:	387f47;
	11829	:	387f47;
	11830	:	387f47;
	11831	:	387f47;
	11832	:	387f47;
	11833	:	387f47;
	11834	:	387f47;
	11835	:	387f47;
	11836	:	387f47;
	11837	:	387f47;
	11838	:	387f47;
	11839	:	387f47;
	11840	:	368045;
	11841	:	3a7e45;
	11842	:	417a47;
	11843	:	e4211;
	11844	:	2f6937;
	11845	:	2e6939;
	11846	:	2c6a3b;
	11847	:	2e693b;
	11848	:	2f683b;
	11849	:	2f683b;
	11850	:	2e693b;
	11851	:	2e693b;
	11852	:	2f683b;
	11853	:	2f683b;
	11854	:	2e693b;
	11855	:	2c6a3b;
	11856	:	2d6b3c;
	11857	:	2a6839;
	11858	:	2f6a3c;
	11859	:	316a3d;
	11860	:	33683a;
	11861	:	b4110;
	11862	:	a4310;
	11863	:	427d47;
	11864	:	3d7641;
	11865	:	45612e;
	11866	:	664b1e;
	11867	:	7c401e;
	11868	:	6d2111;
	11869	:	6eef;
	11870	:	82515;
	11871	:	88015;
	11872	:	88016;
	11873	:	88016;
	11874	:	88016;
	11875	:	88016;
	11876	:	88016;
	11877	:	88016;
	11878	:	88016;
	11879	:	88016;
	11880	:	572d5;
	11881	:	694920;
	11882	:	595123;
	11883	:	4a5c2a;
	11884	:	477840;
	11885	:	3d7c43;
	11886	:	407a47;
	11887	:	b4312;
	11888	:	306839;
	11889	:	326739;
	11890	:	326739;
	11891	:	326739;
	11892	:	30683b;
	11893	:	30683b;
	11894	:	2f683b;
	11895	:	2f683b;
	11896	:	2e693d;
	11897	:	2e693d;
	11898	:	2f683b;
	11899	:	2f6939;
	11900	:	2f6937;
	11901	:	306a38;
	11902	:	84410;
	11903	:	3d7c47;
	11904	:	3c7d47;
	11905	:	397e47;
	11906	:	387f47;
	11907	:	367f47;
	11908	:	358047;
	11909	:	358047;
	11910	:	338048;
	11911	:	358048;
	11912	:	367f47;
	11913	:	387f47;
	11914	:	387f47;
	11915	:	387f47;
	11916	:	387f47;
	11917	:	387f47;
	11918	:	387f47;
	11919	:	387f47;
	11920	:	387f47;
	11921	:	387f47;
	11922	:	387f47;
	11923	:	387f47;
	11924	:	387f47;
	11925	:	387f47;
	11926	:	387f47;
	11927	:	387f47;
	11928	:	387f47;
	11929	:	387f47;
	11930	:	387f47;
	11931	:	387f47;
	11932	:	387f47;
	11933	:	387f47;
	11934	:	387f47;
	11935	:	387f47;
	11936	:	387f47;
	11937	:	387f47;
	11938	:	387f47;
	11939	:	387f47;
	11940	:	387f47;
	11941	:	387f47;
	11942	:	387f47;
	11943	:	387f47;
	11944	:	387f47;
	11945	:	387f47;
	11946	:	387f47;
	11947	:	387f47;
	11948	:	387f47;
	11949	:	387f47;
	11950	:	387f47;
	11951	:	387f47;
	11952	:	387f47;
	11953	:	387f47;
	11954	:	387f47;
	11955	:	387f47;
	11956	:	387f47;
	11957	:	387f47;
	11958	:	387f47;
	11959	:	387f47;
	11960	:	368045;
	11961	:	3a7e45;
	11962	:	417a47;
	11963	:	e4211;
	11964	:	2f6937;
	11965	:	2e6a37;
	11966	:	2c6a39;
	11967	:	2c6a3b;
	11968	:	2e693b;
	11969	:	2e693b;
	11970	:	2c6a3b;
	11971	:	2c6a3b;
	11972	:	2e693b;
	11973	:	2e693b;
	11974	:	2c6a3b;
	11975	:	2c6a3b;
	11976	:	2e693b;
	11977	:	2e693b;
	11978	:	2e673a;
	11979	:	2f683b;
	11980	:	2e6637;
	11981	:	f4716;
	11982	:	417b48;
	11983	:	407642;
	11984	:	3b6734;
	11985	:	4b5b2c;
	11986	:	6b4c20;
	11987	:	7c401e;
	11988	:	702313;
	11989	:	6ecd;
	11990	:	82515;
	11991	:	89117;
	11992	:	88016;
	11993	:	88016;
	11994	:	88016;
	11995	:	88016;
	11996	:	88016;
	11997	:	88016;
	11998	:	88016;
	11999	:	88016;
	12000	:	582c5;
	12001	:	694920;
	12002	:	595123;
	12003	:	4a5c2a;
	12004	:	477841;
	12005	:	3d7c45;
	12006	:	3f7b47;
	12007	:	b4312;
	12008	:	306839;
	12009	:	326739;
	12010	:	32673b;
	12011	:	32673b;
	12012	:	30683b;
	12013	:	30683b;
	12014	:	2f683d;
	12015	:	2f683d;
	12016	:	2e693b;
	12017	:	2e693b;
	12018	:	2e693b;
	12019	:	2f683b;
	12020	:	2f6939;
	12021	:	306a38;
	12022	:	84410;
	12023	:	3d7c47;
	12024	:	3c7d47;
	12025	:	397e47;
	12026	:	387f47;
	12027	:	367f47;
	12028	:	358047;
	12029	:	358047;
	12030	:	358047;
	12031	:	358047;
	12032	:	367f47;
	12033	:	387f47;
	12034	:	387f47;
	12035	:	387f47;
	12036	:	387f47;
	12037	:	387f47;
	12038	:	387f47;
	12039	:	387f47;
	12040	:	387f47;
	12041	:	387f47;
	12042	:	387f47;
	12043	:	387f47;
	12044	:	387f47;
	12045	:	387f47;
	12046	:	387f47;
	12047	:	387f47;
	12048	:	387f47;
	12049	:	387f47;
	12050	:	387f47;
	12051	:	387f47;
	12052	:	387f47;
	12053	:	387f47;
	12054	:	387f47;
	12055	:	387f47;
	12056	:	387f47;
	12057	:	387f47;
	12058	:	387f47;
	12059	:	387f47;
	12060	:	387f47;
	12061	:	387f47;
	12062	:	387f47;
	12063	:	387f47;
	12064	:	387f47;
	12065	:	387f47;
	12066	:	387f47;
	12067	:	387f47;
	12068	:	387f47;
	12069	:	387f47;
	12070	:	387f47;
	12071	:	387f47;
	12072	:	387f47;
	12073	:	387f47;
	12074	:	387f47;
	12075	:	387f47;
	12076	:	387f47;
	12077	:	387f47;
	12078	:	387f47;
	12079	:	387f47;
	12080	:	368045;
	12081	:	3a7e45;
	12082	:	417a47;
	12083	:	e4211;
	12084	:	2f6937;
	12085	:	2e6939;
	12086	:	2c6a3b;
	12087	:	2e693b;
	12088	:	2f683b;
	12089	:	2f683b;
	12090	:	2e693b;
	12091	:	2e693b;
	12092	:	2f683b;
	12093	:	2f683b;
	12094	:	2e693b;
	12095	:	2c6a3b;
	12096	:	2c6739;
	12097	:	336c3f;
	12098	:	2e6639;
	12099	:	2e6639;
	12100	:	336b3c;
	12101	:	33db;
	12102	:	41804b;
	12103	:	457a44;
	12104	:	415e2e;
	12105	:	525327;
	12106	:	6c4921;
	12107	:	77371b;
	12108	:	711f14;
	12109	:	71ae;
	12110	:	82515;
	12111	:	89117;
	12112	:	88016;
	12113	:	88016;
	12114	:	88016;
	12115	:	88016;
	12116	:	88016;
	12117	:	88016;
	12118	:	88016;
	12119	:	88016;
	12120	:	582c5;
	12121	:	6a4920;
	12122	:	5b5023;
	12123	:	4a5c2a;
	12124	:	477841;
	12125	:	3c7d45;
	12126	:	3f7b47;
	12127	:	a4412;
	12128	:	2f6939;
	12129	:	2f6939;
	12130	:	30683b;
	12131	:	30683b;
	12132	:	2f683b;
	12133	:	2e693b;
	12134	:	2e693d;
	12135	:	2e693d;
	12136	:	2e693b;
	12137	:	2e693b;
	12138	:	2e693b;
	12139	:	2e6939;
	12140	:	2e6a37;
	12141	:	2f6b38;
	12142	:	64510;
	12143	:	3d7c47;
	12144	:	3c7d47;
	12145	:	3a7d47;
	12146	:	387f47;
	12147	:	387f47;
	12148	:	367f47;
	12149	:	367f47;
	12150	:	367f47;
	12151	:	367f47;
	12152	:	387f47;
	12153	:	387f47;
	12154	:	387f47;
	12155	:	387f47;
	12156	:	387f47;
	12157	:	387f47;
	12158	:	387f47;
	12159	:	387f47;
	12160	:	387f47;
	12161	:	387f47;
	12162	:	387f47;
	12163	:	387f47;
	12164	:	387f47;
	12165	:	387f47;
	12166	:	387f47;
	12167	:	387f47;
	12168	:	387f47;
	12169	:	387f47;
	12170	:	387f47;
	12171	:	387f47;
	12172	:	387f47;
	12173	:	387f47;
	12174	:	387f47;
	12175	:	387f47;
	12176	:	387f47;
	12177	:	387f47;
	12178	:	387f47;
	12179	:	387f47;
	12180	:	387f47;
	12181	:	387f47;
	12182	:	387f47;
	12183	:	387f47;
	12184	:	387f47;
	12185	:	387f47;
	12186	:	387f47;
	12187	:	387f47;
	12188	:	387f47;
	12189	:	387f47;
	12190	:	387f47;
	12191	:	387f47;
	12192	:	387f47;
	12193	:	387f47;
	12194	:	387f47;
	12195	:	387f47;
	12196	:	387f47;
	12197	:	387f47;
	12198	:	387f47;
	12199	:	387f47;
	12200	:	368045;
	12201	:	3a7e45;
	12202	:	417a47;
	12203	:	e4211;
	12204	:	2f6937;
	12205	:	2e6a37;
	12206	:	2c6a39;
	12207	:	2c6a3b;
	12208	:	2e693b;
	12209	:	2e693b;
	12210	:	2c6a3b;
	12211	:	2c6a3b;
	12212	:	2e693b;
	12213	:	2e693b;
	12214	:	2c6a3b;
	12215	:	2c6a3b;
	12216	:	306b3d;
	12217	:	2c6538;
	12218	:	34693d;
	12219	:	33683c;
	12220	:	326a3b;
	12221	:	642f;
	12222	:	3f804a;
	12223	:	447943;
	12224	:	486030;
	12225	:	585125;
	12226	:	6c461f;
	12227	:	6d2c10;
	12228	:	7117f;
	12229	:	77a10;
	12230	:	81414;
	12231	:	86116;
	12232	:	88016;
	12233	:	88016;
	12234	:	88016;
	12235	:	88016;
	12236	:	88016;
	12237	:	88016;
	12238	:	88016;
	12239	:	88016;
	12240	:	592b7;
	12241	:	6a4822;
	12242	:	5b5023;
	12243	:	4a5c2a;
	12244	:	467941;
	12245	:	3c7d45;
	12246	:	3d7c47;
	12247	:	94512;
	12248	:	2e6939;
	12249	:	2e6939;
	12250	:	2e693b;
	12251	:	2e693b;
	12252	:	2c6a3b;
	12253	:	2b6a3b;
	12254	:	2b6a3d;
	12255	:	2b6a3d;
	12256	:	2b6a3b;
	12257	:	2c6a3b;
	12258	:	2c6a39;
	12259	:	2e6939;
	12260	:	2e6a37;
	12261	:	2f6b38;
	12262	:	64510;
	12263	:	3d7c47;
	12264	:	3c7d47;
	12265	:	3a7d47;
	12266	:	3a7e45;
	12267	:	397e45;
	12268	:	397e45;
	12269	:	397e45;
	12270	:	3a7e45;
	12271	:	397e45;
	12272	:	387f47;
	12273	:	387f47;
	12274	:	387f47;
	12275	:	387f47;
	12276	:	387f47;
	12277	:	387f47;
	12278	:	387f47;
	12279	:	387f47;
	12280	:	387f47;
	12281	:	387f47;
	12282	:	387f47;
	12283	:	387f47;
	12284	:	387f47;
	12285	:	387f47;
	12286	:	387f47;
	12287	:	387f47;
	12288	:	387f47;
	12289	:	387f47;
	12290	:	387f47;
	12291	:	387f47;
	12292	:	387f47;
	12293	:	387f47;
	12294	:	387f47;
	12295	:	387f47;
	12296	:	387f47;
	12297	:	387f47;
	12298	:	387f47;
	12299	:	387f47;
	12300	:	387f47;
	12301	:	387f47;
	12302	:	387f47;
	12303	:	387f47;
	12304	:	387f47;
	12305	:	387f47;
	12306	:	387f47;
	12307	:	387f47;
	12308	:	387f47;
	12309	:	387f47;
	12310	:	387f47;
	12311	:	387f47;
	12312	:	387f47;
	12313	:	387f47;
	12314	:	387f47;
	12315	:	387f47;
	12316	:	387f47;
	12317	:	387f47;
	12318	:	387f47;
	12319	:	387f47;
	12320	:	368045;
	12321	:	3a7e45;
	12322	:	417a47;
	12323	:	e4211;
	12324	:	2f6937;
	12325	:	2e6939;
	12326	:	2c6a3b;
	12327	:	2e693b;
	12328	:	2f683b;
	12329	:	2f683b;
	12330	:	2e693b;
	12331	:	2e693b;
	12332	:	2f683b;
	12333	:	2f683b;
	12334	:	2e693b;
	12335	:	2c6a3b;
	12336	:	2b6938;
	12337	:	306a3a;
	12338	:	34673c;
	12339	:	326238;
	12340	:	366a3c;
	12341	:	e4816;
	12342	:	377a44;
	12343	:	427942;
	12344	:	4c602f;
	12345	:	5a4e24;
	12346	:	6d4720;
	12347	:	66239;
	12348	:	73fd;
	12349	:	7f713;
	12350	:	81213;
	12351	:	85116;
	12352	:	86116;
	12353	:	88016;
	12354	:	88016;
	12355	:	88016;
	12356	:	88016;
	12357	:	88016;
	12358	:	88016;
	12359	:	88016;
	12360	:	592b7;
	12361	:	6a4822;
	12362	:	5b5023;
	12363	:	4a5c2a;
	12364	:	467941;
	12365	:	3a7e45;
	12366	:	3c7d47;
	12367	:	74512;
	12368	:	2c6a39;
	12369	:	2c6a39;
	12370	:	2c6a3b;
	12371	:	2c6a3b;
	12372	:	2b6a3b;
	12373	:	2b6a3b;
	12374	:	296b3b;
	12375	:	296b3b;
	12376	:	2b6a3b;
	12377	:	2c6a3b;
	12378	:	2e6939;
	12379	:	2e6939;
	12380	:	2e6a37;
	12381	:	2f6b38;
	12382	:	84410;
	12383	:	3d7c47;
	12384	:	3c7d47;
	12385	:	3c7d47;
	12386	:	3a7e45;
	12387	:	3a7e45;
	12388	:	3a7e45;
	12389	:	3a7e45;
	12390	:	3a7e45;
	12391	:	3a7e45;
	12392	:	397e47;
	12393	:	387f47;
	12394	:	387f47;
	12395	:	387f47;
	12396	:	387f47;
	12397	:	387f47;
	12398	:	387f47;
	12399	:	387f47;
	12400	:	387f47;
	12401	:	387f47;
	12402	:	387f47;
	12403	:	387f47;
	12404	:	387f47;
	12405	:	387f47;
	12406	:	387f47;
	12407	:	387f47;
	12408	:	387f47;
	12409	:	387f47;
	12410	:	387f47;
	12411	:	387f47;
	12412	:	387f47;
	12413	:	387f47;
	12414	:	387f47;
	12415	:	387f47;
	12416	:	387f47;
	12417	:	387f47;
	12418	:	387f47;
	12419	:	387f47;
	12420	:	387f47;
	12421	:	387f47;
	12422	:	387f47;
	12423	:	387f47;
	12424	:	387f47;
	12425	:	387f47;
	12426	:	387f47;
	12427	:	387f47;
	12428	:	387f47;
	12429	:	387f47;
	12430	:	387f47;
	12431	:	387f47;
	12432	:	387f47;
	12433	:	387f47;
	12434	:	387f47;
	12435	:	387f47;
	12436	:	387f47;
	12437	:	387f47;
	12438	:	387f47;
	12439	:	387f47;
	12440	:	368045;
	12441	:	3a7e45;
	12442	:	417a47;
	12443	:	e4211;
	12444	:	2f6937;
	12445	:	2e6a37;
	12446	:	2c6a39;
	12447	:	2c6a3b;
	12448	:	2e693b;
	12449	:	2e693b;
	12450	:	2c6a3b;
	12451	:	2c6a3b;
	12452	:	2e693b;
	12453	:	2e693b;
	12454	:	2c6a3b;
	12455	:	2c6a3b;
	12456	:	2c6a39;
	12457	:	2f6939;
	12458	:	32653a;
	12459	:	396a3d;
	12460	:	316233;
	12461	:	94311;
	12462	:	3c814a;
	12463	:	407942;
	12464	:	4b5d2b;
	12465	:	5a4d20;
	12466	:	6d4a22;
	12467	:	62208;
	12468	:	75bd;
	12469	:	83415;
	12470	:	81012;
	12471	:	86217;
	12472	:	86116;
	12473	:	88016;
	12474	:	88016;
	12475	:	88016;
	12476	:	88016;
	12477	:	88016;
	12478	:	88016;
	12479	:	88016;
	12480	:	56284;
	12481	:	6d4b25;
	12482	:	585022;
	12483	:	485c29;
	12484	:	497c44;
	12485	:	397a42;
	12486	:	3e7d48;
	12487	:	442f;
	12488	:	2c6737;
	12489	:	306b3b;
	12490	:	2e6939;
	12491	:	2e6939;
	12492	:	306b3b;
	12493	:	316c3e;
	12494	:	2a6839;
	12495	:	2c6739;
	12496	:	2e673a;
	12497	:	306a3a;
	12498	:	2e6838;
	12499	:	2f6939;
	12500	:	316b39;
	12501	:	2d6735;
	12502	:	a4612;
	12503	:	3d7c47;
	12504	:	3c7d47;
	12505	:	3c7d47;
	12506	:	3a7e45;
	12507	:	397e45;
	12508	:	397e45;
	12509	:	3a7e45;
	12510	:	3a7e45;
	12511	:	3a7e45;
	12512	:	397e47;
	12513	:	387f47;
	12514	:	387f47;
	12515	:	387f47;
	12516	:	387f47;
	12517	:	387f47;
	12518	:	387f47;
	12519	:	387f47;
	12520	:	387f47;
	12521	:	387f47;
	12522	:	387f47;
	12523	:	387f47;
	12524	:	387f47;
	12525	:	387f47;
	12526	:	387f47;
	12527	:	387f47;
	12528	:	387f47;
	12529	:	387f47;
	12530	:	387f47;
	12531	:	387f47;
	12532	:	387f47;
	12533	:	387f47;
	12534	:	387f47;
	12535	:	387f47;
	12536	:	387f47;
	12537	:	387f47;
	12538	:	387f47;
	12539	:	387f47;
	12540	:	387f47;
	12541	:	387f47;
	12542	:	387f47;
	12543	:	387f47;
	12544	:	387f47;
	12545	:	387f47;
	12546	:	387f47;
	12547	:	387f47;
	12548	:	387f47;
	12549	:	387f47;
	12550	:	387f47;
	12551	:	387f47;
	12552	:	387f47;
	12553	:	387f47;
	12554	:	387f47;
	12555	:	387f47;
	12556	:	387f47;
	12557	:	387f47;
	12558	:	387f47;
	12559	:	387f47;
	12560	:	368045;
	12561	:	3a7e45;
	12562	:	417a47;
	12563	:	e4211;
	12564	:	2f6937;
	12565	:	2e6939;
	12566	:	2c6a3b;
	12567	:	2e693b;
	12568	:	2f683b;
	12569	:	2f683b;
	12570	:	2e693b;
	12571	:	2e693b;
	12572	:	2f683b;
	12573	:	2f683b;
	12574	:	2e693b;
	12575	:	2c6a3b;
	12576	:	2f6a3a;
	12577	:	2e6838;
	12578	:	366b3f;
	12579	:	326238;
	12580	:	38693c;
	12581	:	73fe;
	12582	:	3b8049;
	12583	:	417841;
	12584	:	4c5d29;
	12585	:	5d4f20;
	12586	:	68481f;
	12587	:	6322c;
	12588	:	79a10;
	12589	:	87013;
	12590	:	88316;
	12591	:	85013;
	12592	:	88016;
	12593	:	88016;
	12594	:	88016;
	12595	:	88016;
	12596	:	88016;
	12597	:	88016;
	12598	:	88016;
	12599	:	88016;
	12600	:	592d8;
	12601	:	694721;
	12602	:	595123;
	12603	:	4a5e2b;
	12604	:	447941;
	12605	:	3a7e45;
	12606	:	41804b;
	12607	:	c4815;
	12608	:	2f6b38;
	12609	:	2d6737;
	12610	:	336b3c;
	12611	:	306537;
	12612	:	306537;
	12613	:	316638;
	12614	:	326a3b;
	12615	:	346c3d;
	12616	:	33683a;
	12617	:	316638;
	12618	:	316638;
	12619	:	34693b;
	12620	:	306635;
	12621	:	316938;
	12622	:	a4411;
	12623	:	407f4a;
	12624	:	3c7d47;
	12625	:	3a7d47;
	12626	:	397e45;
	12627	:	387f45;
	12628	:	387f45;
	12629	:	387f45;
	12630	:	397e45;
	12631	:	397e45;
	12632	:	387f47;
	12633	:	387f47;
	12634	:	387f47;
	12635	:	387f47;
	12636	:	387f47;
	12637	:	387f47;
	12638	:	387f47;
	12639	:	387f47;
	12640	:	387f47;
	12641	:	387f47;
	12642	:	387f47;
	12643	:	387f47;
	12644	:	387f47;
	12645	:	387f47;
	12646	:	387f47;
	12647	:	387f47;
	12648	:	387f47;
	12649	:	387f47;
	12650	:	387f47;
	12651	:	387f47;
	12652	:	387f47;
	12653	:	387f47;
	12654	:	387f47;
	12655	:	387f47;
	12656	:	387f47;
	12657	:	387f47;
	12658	:	387f47;
	12659	:	387f47;
	12660	:	387f47;
	12661	:	387f47;
	12662	:	387f47;
	12663	:	387f47;
	12664	:	387f47;
	12665	:	387f47;
	12666	:	387f47;
	12667	:	387f47;
	12668	:	387f47;
	12669	:	387f47;
	12670	:	387f47;
	12671	:	387f47;
	12672	:	387f47;
	12673	:	387f47;
	12674	:	387f47;
	12675	:	387f47;
	12676	:	387f47;
	12677	:	387f47;
	12678	:	387f47;
	12679	:	387f47;
	12680	:	368045;
	12681	:	3a7e45;
	12682	:	417a47;
	12683	:	e4211;
	12684	:	2f6937;
	12685	:	2e6a37;
	12686	:	2c6a39;
	12687	:	2c6a3b;
	12688	:	2e693b;
	12689	:	2e693b;
	12690	:	2c6a3b;
	12691	:	2c6a3b;
	12692	:	2e693b;
	12693	:	2e693b;
	12694	:	2c6a3b;
	12695	:	2c6a3b;
	12696	:	2e6939;
	12697	:	2d6737;
	12698	:	2f673a;
	12699	:	2f6436;
	12700	:	e4212;
	12701	:	c4413;
	12702	:	367943;
	12703	:	487d45;
	12704	:	515b26;
	12705	:	5e4e1d;
	12706	:	6b4b22;
	12707	:	632510;
	12708	:	7a810;
	12709	:	8a016;
	12710	:	88013;
	12711	:	89014;
	12712	:	88016;
	12713	:	88016;
	12714	:	88016;
	12715	:	88016;
	12716	:	88016;
	12717	:	88016;
	12718	:	88016;
	12719	:	88016;
	12720	:	562a5;
	12721	:	684821;
	12722	:	5a5327;
	12723	:	485c2b;
	12724	:	447941;
	12725	:	3b7f46;
	12726	:	377641;
	12727	:	94512;
	12728	:	a4211;
	12729	:	c4211;
	12730	:	d3ef;
	12731	:	124113;
	12732	:	124113;
	12733	:	e3df;
	12734	:	f3e10;
	12735	:	103f11;
	12736	:	114012;
	12737	:	114012;
	12738	:	e3f10;
	12739	:	124314;
	12740	:	d4111;
	12741	:	d4312;
	12742	:	a4411;
	12743	:	3a7944;
	12744	:	3a7d47;
	12745	:	397e47;
	12746	:	367f47;
	12747	:	367f47;
	12748	:	368045;
	12749	:	368045;
	12750	:	368045;
	12751	:	368045;
	12752	:	387f47;
	12753	:	387f47;
	12754	:	387f47;
	12755	:	387f47;
	12756	:	387f47;
	12757	:	387f47;
	12758	:	387f47;
	12759	:	387f47;
	12760	:	387f47;
	12761	:	387f47;
	12762	:	387f47;
	12763	:	387f47;
	12764	:	387f47;
	12765	:	387f47;
	12766	:	387f47;
	12767	:	387f47;
	12768	:	387f47;
	12769	:	387f47;
	12770	:	387f47;
	12771	:	387f47;
	12772	:	387f47;
	12773	:	387f47;
	12774	:	387f47;
	12775	:	387f47;
	12776	:	387f47;
	12777	:	387f47;
	12778	:	387f47;
	12779	:	387f47;
	12780	:	387f47;
	12781	:	387f47;
	12782	:	387f47;
	12783	:	387f47;
	12784	:	387f47;
	12785	:	387f47;
	12786	:	387f47;
	12787	:	387f47;
	12788	:	387f47;
	12789	:	387f47;
	12790	:	387f47;
	12791	:	387f47;
	12792	:	387f47;
	12793	:	387f47;
	12794	:	387f47;
	12795	:	387f47;
	12796	:	387f47;
	12797	:	387f47;
	12798	:	387f47;
	12799	:	387f47;
	12800	:	368045;
	12801	:	3a7e45;
	12802	:	417a47;
	12803	:	e4211;
	12804	:	2f6937;
	12805	:	2e6939;
	12806	:	2c6a3b;
	12807	:	2e693b;
	12808	:	2f683b;
	12809	:	2f683b;
	12810	:	2e693b;
	12811	:	2e693b;
	12812	:	2f683b;
	12813	:	2f683b;
	12814	:	2e693b;
	12815	:	2e693b;
	12816	:	31693a;
	12817	:	336b3c;
	12818	:	30693c;
	12819	:	316b3b;
	12820	:	b4312;
	12821	:	407a47;
	12822	:	40804c;
	12823	:	34632d;
	12824	:	555823;
	12825	:	634b1b;
	12826	:	6c4c25;
	12827	:	642611;
	12828	:	7a812;
	12829	:	8b019;
	12830	:	89013;
	12831	:	8b015;
	12832	:	89016;
	12833	:	88016;
	12834	:	88016;
	12835	:	88016;
	12836	:	88016;
	12837	:	88016;
	12838	:	88016;
	12839	:	88016;
	12840	:	592f9;
	12841	:	664921;
	12842	:	585125;
	12843	:	465c2b;
	12844	:	467b43;
	12845	:	397d42;
	12846	:	3e7d46;
	12847	:	3e7a46;
	12848	:	c4413;
	12849	:	336938;
	12850	:	346536;
	12851	:	39683a;
	12852	:	376537;
	12853	:	366436;
	12854	:	3c6a3c;
	12855	:	356335;
	12856	:	366537;
	12857	:	366537;
	12858	:	356637;
	12859	:	396a3b;
	12860	:	326636;
	12861	:	c4413;
	12862	:	3f7b47;
	12863	:	3e7f49;
	12864	:	397e47;
	12865	:	387f47;
	12866	:	367f47;
	12867	:	358047;
	12868	:	358045;
	12869	:	358045;
	12870	:	358045;
	12871	:	368045;
	12872	:	387f47;
	12873	:	387f47;
	12874	:	387f47;
	12875	:	387f47;
	12876	:	387f47;
	12877	:	387f47;
	12878	:	387f47;
	12879	:	387f47;
	12880	:	387f47;
	12881	:	387f47;
	12882	:	387f47;
	12883	:	387f47;
	12884	:	387f47;
	12885	:	387f47;
	12886	:	387f47;
	12887	:	387f47;
	12888	:	387f47;
	12889	:	387f47;
	12890	:	387f47;
	12891	:	387f47;
	12892	:	387f47;
	12893	:	387f47;
	12894	:	387f47;
	12895	:	387f47;
	12896	:	387f47;
	12897	:	387f47;
	12898	:	387f47;
	12899	:	387f47;
	12900	:	387f47;
	12901	:	387f47;
	12902	:	387f47;
	12903	:	387f47;
	12904	:	387f47;
	12905	:	387f47;
	12906	:	387f47;
	12907	:	387f47;
	12908	:	387f47;
	12909	:	387f47;
	12910	:	387f47;
	12911	:	387f47;
	12912	:	387f47;
	12913	:	387f47;
	12914	:	387f47;
	12915	:	387f47;
	12916	:	387f47;
	12917	:	387f47;
	12918	:	387f47;
	12919	:	387f47;
	12920	:	368045;
	12921	:	3a7e45;
	12922	:	417a47;
	12923	:	e4211;
	12924	:	2f6937;
	12925	:	2e6a37;
	12926	:	2c6a39;
	12927	:	2c6a3b;
	12928	:	2e693b;
	12929	:	2e693b;
	12930	:	2c6a3b;
	12931	:	2c6a3b;
	12932	:	2e693b;
	12933	:	2e693b;
	12934	:	2c6a3b;
	12935	:	2e693b;
	12936	:	306839;
	12937	:	2f6738;
	12938	:	2e693b;
	12939	:	2c6737;
	12940	:	84210;
	12941	:	437d4a;
	12942	:	3b7946;
	12943	:	3d6531;
	12944	:	59531f;
	12945	:	69491a;
	12946	:	68421d;
	12947	:	652412;
	12948	:	7b815;
	12949	:	8b019;
	12950	:	8a014;
	12951	:	8d015;
	12952	:	89016;
	12953	:	88016;
	12954	:	88016;
	12955	:	88016;
	12956	:	88016;
	12957	:	88016;
	12958	:	88016;
	12959	:	88016;
	12960	:	572c9;
	12961	:	684a24;
	12962	:	595226;
	12963	:	435928;
	12964	:	447941;
	12965	:	3d8148;
	12966	:	3c7d47;
	12967	:	407c48;
	12968	:	407a47;
	12969	:	841e;
	12970	:	336736;
	12971	:	366837;
	12972	:	316131;
	12973	:	396939;
	12974	:	346434;
	12975	:	366837;
	12976	:	346837;
	12977	:	336736;
	12978	:	326635;
	12979	:	306634;
	12980	:	f4815;
	12981	:	3a7441;
	12982	:	407f4a;
	12983	:	387943;
	12984	:	397e47;
	12985	:	367f47;
	12986	:	358047;
	12987	:	358047;
	12988	:	358047;
	12989	:	358047;
	12990	:	367f47;
	12991	:	367f47;
	12992	:	387f47;
	12993	:	387f47;
	12994	:	387f47;
	12995	:	387f47;
	12996	:	387f47;
	12997	:	387f47;
	12998	:	387f47;
	12999	:	387f47;
	13000	:	387f47;
	13001	:	387f47;
	13002	:	387f47;
	13003	:	387f47;
	13004	:	387f47;
	13005	:	387f47;
	13006	:	387f47;
	13007	:	387f47;
	13008	:	387f47;
	13009	:	387f47;
	13010	:	387f47;
	13011	:	387f47;
	13012	:	387f47;
	13013	:	387f47;
	13014	:	387f47;
	13015	:	387f47;
	13016	:	387f47;
	13017	:	387f47;
	13018	:	387f47;
	13019	:	387f47;
	13020	:	387f47;
	13021	:	387f47;
	13022	:	387f47;
	13023	:	387f47;
	13024	:	387f47;
	13025	:	387f47;
	13026	:	387f47;
	13027	:	387f47;
	13028	:	387f47;
	13029	:	387f47;
	13030	:	387f47;
	13031	:	387f47;
	13032	:	387f47;
	13033	:	387f47;
	13034	:	387f47;
	13035	:	387f47;
	13036	:	387f47;
	13037	:	387f47;
	13038	:	387f47;
	13039	:	387f47;
	13040	:	368045;
	13041	:	3a7e45;
	13042	:	417a47;
	13043	:	e4211;
	13044	:	2f6937;
	13045	:	2e6939;
	13046	:	2c6a3b;
	13047	:	2e693b;
	13048	:	2f683b;
	13049	:	2f683b;
	13050	:	2e693b;
	13051	:	2e693b;
	13052	:	2f683b;
	13053	:	2f683b;
	13054	:	2e693b;
	13055	:	2e693b;
	13056	:	31693a;
	13057	:	2e6637;
	13058	:	2f6a3c;
	13059	:	2e6939;
	13060	:	b4513;
	13061	:	3f7946;
	13062	:	3d7946;
	13063	:	426734;
	13064	:	604e1e;
	13065	:	72451b;
	13066	:	623110;
	13067	:	651de;
	13068	:	7c815;
	13069	:	88018;
	13070	:	8b017;
	13071	:	89013;
	13072	:	89016;
	13073	:	88016;
	13074	:	88016;
	13075	:	88016;
	13076	:	88016;
	13077	:	88016;
	13078	:	88016;
	13079	:	88016;
	13080	:	582da;
	13081	:	664620;
	13082	:	5b5428;
	13083	:	4b6130;
	13084	:	41783f;
	13085	:	397f43;
	13086	:	397d44;
	13087	:	3d7e48;
	13088	:	3a7944;
	13089	:	44804c;
	13090	:	842f;
	13091	:	b4411;
	13092	:	d4613;
	13093	:	942f;
	13094	:	a4310;
	13095	:	c4512;
	13096	:	741e;
	13097	:	b4512;
	13098	:	e4815;
	13099	:	640d;
	13100	:	407c48;
	13101	:	3f7e49;
	13102	:	3d7e48;
	13103	:	397e47;
	13104	:	387f47;
	13105	:	367f47;
	13106	:	358047;
	13107	:	358047;
	13108	:	367f47;
	13109	:	367f47;
	13110	:	387f47;
	13111	:	387f47;
	13112	:	387f47;
	13113	:	387f47;
	13114	:	387f47;
	13115	:	387f47;
	13116	:	387f47;
	13117	:	387f47;
	13118	:	387f47;
	13119	:	387f47;
	13120	:	387f47;
	13121	:	387f47;
	13122	:	387f47;
	13123	:	387f47;
	13124	:	387f47;
	13125	:	387f47;
	13126	:	387f47;
	13127	:	387f47;
	13128	:	387f47;
	13129	:	387f47;
	13130	:	387f47;
	13131	:	387f47;
	13132	:	387f47;
	13133	:	387f47;
	13134	:	387f47;
	13135	:	387f47;
	13136	:	387f47;
	13137	:	387f47;
	13138	:	387f47;
	13139	:	387f47;
	13140	:	387f47;
	13141	:	387f47;
	13142	:	387f47;
	13143	:	387f47;
	13144	:	387f47;
	13145	:	387f47;
	13146	:	387f47;
	13147	:	387f47;
	13148	:	387f47;
	13149	:	387f47;
	13150	:	387f47;
	13151	:	387f47;
	13152	:	387f47;
	13153	:	387f47;
	13154	:	387f47;
	13155	:	387f47;
	13156	:	387f47;
	13157	:	387f47;
	13158	:	387f47;
	13159	:	387f47;
	13160	:	368045;
	13161	:	3a7e45;
	13162	:	417a47;
	13163	:	e4211;
	13164	:	2f6937;
	13165	:	2e6a37;
	13166	:	2c6a39;
	13167	:	2c6a3b;
	13168	:	2e693b;
	13169	:	2e693b;
	13170	:	2c6a3b;
	13171	:	2c6a3b;
	13172	:	2e693b;
	13173	:	2e693b;
	13174	:	2c6a3b;
	13175	:	2c6a39;
	13176	:	2c6835;
	13177	:	2f6937;
	13178	:	316c3c;
	13179	:	316b3b;
	13180	:	84210;
	13181	:	407a47;
	13182	:	407c49;
	13183	:	40602f;
	13184	:	654a1b;
	13185	:	7a431a;
	13186	:	60257;
	13187	:	6717c;
	13188	:	7d717;
	13189	:	87018;
	13190	:	8c219;
	13191	:	87012;
	13192	:	88016;
	13193	:	88016;
	13194	:	88016;
	13195	:	88016;
	13196	:	88016;
	13197	:	88016;
	13198	:	88016;
	13199	:	88016;
	13200	:	5a2ca;
	13201	:	694722;
	13202	:	595025;
	13203	:	485e2d;
	13204	:	3f763d;
	13205	:	3c8349;
	13206	:	3a7f48;
	13207	:	357a43;
	13208	:	3c814a;
	13209	:	357a43;
	13210	:	3f834a;
	13211	:	367a41;
	13212	:	3e8249;
	13213	:	377b42;
	13214	:	3c8047;
	13215	:	387c43;
	13216	:	3c8047;
	13217	:	3b7f46;
	13218	:	397a42;
	13219	:	3f8048;
	13220	:	377a44;
	13221	:	3d804a;
	13222	:	357a43;
	13223	:	3b824a;
	13224	:	367f47;
	13225	:	367f47;
	13226	:	367f47;
	13227	:	367f47;
	13228	:	387f47;
	13229	:	397e47;
	13230	:	3a7d47;
	13231	:	3a7d47;
	13232	:	397e47;
	13233	:	387f47;
	13234	:	387f47;
	13235	:	387f47;
	13236	:	387f47;
	13237	:	387f47;
	13238	:	387f47;
	13239	:	387f47;
	13240	:	387f47;
	13241	:	387f47;
	13242	:	387f47;
	13243	:	387f47;
	13244	:	387f47;
	13245	:	387f47;
	13246	:	387f47;
	13247	:	387f47;
	13248	:	387f47;
	13249	:	387f47;
	13250	:	387f47;
	13251	:	387f47;
	13252	:	387f47;
	13253	:	387f47;
	13254	:	387f47;
	13255	:	387f47;
	13256	:	387f47;
	13257	:	387f47;
	13258	:	387f47;
	13259	:	387f47;
	13260	:	387f47;
	13261	:	387f47;
	13262	:	387f47;
	13263	:	387f47;
	13264	:	387f47;
	13265	:	387f47;
	13266	:	387f47;
	13267	:	387f47;
	13268	:	387f47;
	13269	:	387f47;
	13270	:	387f47;
	13271	:	387f47;
	13272	:	387f47;
	13273	:	387f47;
	13274	:	387f47;
	13275	:	387f47;
	13276	:	387f47;
	13277	:	387f47;
	13278	:	387f47;
	13279	:	387f47;
	13280	:	368045;
	13281	:	3a7e45;
	13282	:	417a47;
	13283	:	e4211;
	13284	:	2f6937;
	13285	:	2e6939;
	13286	:	2c6a3b;
	13287	:	2e693b;
	13288	:	2f683b;
	13289	:	2f683b;
	13290	:	2e693b;
	13291	:	2e693b;
	13292	:	2f683b;
	13293	:	2f683b;
	13294	:	2e693b;
	13295	:	2c6a3b;
	13296	:	2e6c3b;
	13297	:	2d6838;
	13298	:	2f673a;
	13299	:	2d6234;
	13300	:	114716;
	13301	:	407946;
	13302	:	3e7a47;
	13303	:	416130;
	13304	:	694a1c;
	13305	:	81401a;
	13306	:	661e5;
	13307	:	6d13b;
	13308	:	7d415;
	13309	:	8801b;
	13310	:	87217;
	13311	:	85013;
	13312	:	88016;
	13313	:	88016;
	13314	:	88016;
	13315	:	88016;
	13316	:	88016;
	13317	:	88016;
	13318	:	88016;
	13319	:	88016;
	13320	:	592b7;
	13321	:	6a4822;
	13322	:	564d22;
	13323	:	495f2e;
	13324	:	417b41;
	13325	:	357f44;
	13326	:	347b43;
	13327	:	3c834b;
	13328	:	357e46;
	13329	:	357e46;
	13330	:	377e44;
	13331	:	387f45;
	13332	:	367d43;
	13333	:	3c8349;
	13334	:	347e43;
	13335	:	378146;
	13336	:	367d43;
	13337	:	387f45;
	13338	:	397e45;
	13339	:	3b8047;
	13340	:	397e47;
	13341	:	3a7f48;
	13342	:	387f47;
	13343	:	377e46;
	13344	:	367f47;
	13345	:	367f47;
	13346	:	367f47;
	13347	:	387f47;
	13348	:	397e47;
	13349	:	3a7d47;
	13350	:	3c7d47;
	13351	:	3a7d47;
	13352	:	397e47;
	13353	:	387f47;
	13354	:	387f47;
	13355	:	387f47;
	13356	:	387f47;
	13357	:	387f47;
	13358	:	387f47;
	13359	:	387f47;
	13360	:	387f47;
	13361	:	387f47;
	13362	:	387f47;
	13363	:	387f47;
	13364	:	387f47;
	13365	:	387f47;
	13366	:	387f47;
	13367	:	387f47;
	13368	:	387f47;
	13369	:	387f47;
	13370	:	387f47;
	13371	:	387f47;
	13372	:	387f47;
	13373	:	387f47;
	13374	:	387f47;
	13375	:	387f47;
	13376	:	387f47;
	13377	:	387f47;
	13378	:	387f47;
	13379	:	387f47;
	13380	:	387f47;
	13381	:	387f47;
	13382	:	387f47;
	13383	:	387f47;
	13384	:	387f47;
	13385	:	387f47;
	13386	:	387f47;
	13387	:	387f47;
	13388	:	387f47;
	13389	:	387f47;
	13390	:	387f47;
	13391	:	387f47;
	13392	:	387f47;
	13393	:	387f47;
	13394	:	387f47;
	13395	:	387f47;
	13396	:	387f47;
	13397	:	387f47;
	13398	:	387f47;
	13399	:	387f47;
	13400	:	387f45;
	13401	:	3a7e45;
	13402	:	407a47;
	13403	:	d4311;
	13404	:	2f6936;
	13405	:	2e6a37;
	13406	:	2e6939;
	13407	:	2f6939;
	13408	:	306839;
	13409	:	306839;
	13410	:	2f6939;
	13411	:	2f6939;
	13412	:	306839;
	13413	:	306839;
	13414	:	2f6939;
	13415	:	2e6939;
	13416	:	2c6835;
	13417	:	336d3b;
	13418	:	316638;
	13419	:	104615;
	13420	:	843d;
	13421	:	3f7a44;
	13422	:	437b4a;
	13423	:	465d31;
	13424	:	6c4a1d;
	13425	:	823e19;
	13426	:	6b1f8;
	13427	:	7011d;
	13428	:	7d312;
	13429	:	8901a;
	13430	:	83016;
	13431	:	86217;
	13432	:	86116;
	13433	:	88016;
	13434	:	88016;
	13435	:	88016;
	13436	:	88016;
	13437	:	88016;
	13438	:	88016;
	13439	:	88016;
	13440	:	5a2a6;
	13441	:	6c4923;
	13442	:	584f24;
	13443	:	4a5e2d;
	13444	:	427942;
	13445	:	368045;
	13446	:	387f47;
	13447	:	387e48;
	13448	:	387f47;
	13449	:	387f47;
	13450	:	397e45;
	13451	:	397e45;
	13452	:	387f45;
	13453	:	387f45;
	13454	:	387f47;
	13455	:	387f47;
	13456	:	387f47;
	13457	:	387f47;
	13458	:	387f47;
	13459	:	387f47;
	13460	:	387f47;
	13461	:	387f47;
	13462	:	387f47;
	13463	:	387f47;
	13464	:	387f47;
	13465	:	387f47;
	13466	:	387f47;
	13467	:	387f47;
	13468	:	387f47;
	13469	:	397e47;
	13470	:	397e47;
	13471	:	397e47;
	13472	:	387f47;
	13473	:	387f47;
	13474	:	387f47;
	13475	:	387f47;
	13476	:	387f47;
	13477	:	387f47;
	13478	:	387f47;
	13479	:	387f47;
	13480	:	387f47;
	13481	:	387f47;
	13482	:	387f47;
	13483	:	387f47;
	13484	:	387f47;
	13485	:	387f47;
	13486	:	387f47;
	13487	:	387f47;
	13488	:	387f47;
	13489	:	387f47;
	13490	:	387f47;
	13491	:	387f47;
	13492	:	387f47;
	13493	:	387f47;
	13494	:	387f47;
	13495	:	387f47;
	13496	:	387f47;
	13497	:	387f47;
	13498	:	387f47;
	13499	:	387f47;
	13500	:	387f47;
	13501	:	387f47;
	13502	:	387f47;
	13503	:	387f47;
	13504	:	387f47;
	13505	:	387f47;
	13506	:	387f47;
	13507	:	387f47;
	13508	:	387f47;
	13509	:	387f47;
	13510	:	387f47;
	13511	:	387f47;
	13512	:	387f47;
	13513	:	387f47;
	13514	:	387f47;
	13515	:	387f47;
	13516	:	387f47;
	13517	:	387f47;
	13518	:	387f47;
	13519	:	387f47;
	13520	:	387d44;
	13521	:	3d8148;
	13522	:	3a7942;
	13523	:	f4916;
	13524	:	741e;
	13525	:	942f;
	13526	:	f4514;
	13527	:	c4010;
	13528	:	104414;
	13529	:	f4011;
	13530	:	b3ff;
	13531	:	d4111;
	13532	:	114515;
	13533	:	f4315;
	13534	:	c4113;
	13535	:	e4413;
	13536	:	f4011;
	13537	:	114213;
	13538	:	83ed;
	13539	:	c4814;
	13540	:	397f40;
	13541	:	3f8144;
	13542	:	356033;
	13543	:	545c37;
	13544	:	6c451c;
	13545	:	813f1d;
	13546	:	6e2310;
	13547	:	6ad8;
	13548	:	83712;
	13549	:	8b017;
	13550	:	88018;
	13551	:	86019;
	13552	:	88018;
	13553	:	88016;
	13554	:	88016;
	13555	:	88016;
	13556	:	88016;
	13557	:	88016;
	13558	:	88016;
	13559	:	88016;
	13560	:	5a2a4;
	13561	:	6c4921;
	13562	:	584f24;
	13563	:	485e2d;
	13564	:	407942;
	13565	:	368045;
	13566	:	387f47;
	13567	:	387e48;
	13568	:	387f47;
	13569	:	387f47;
	13570	:	397e45;
	13571	:	397e45;
	13572	:	387f45;
	13573	:	387f45;
	13574	:	387f47;
	13575	:	387f47;
	13576	:	387f47;
	13577	:	387f47;
	13578	:	387f47;
	13579	:	387f47;
	13580	:	387f47;
	13581	:	387f47;
	13582	:	387f47;
	13583	:	387f47;
	13584	:	387f47;
	13585	:	387f47;
	13586	:	387f47;
	13587	:	387f47;
	13588	:	387f47;
	13589	:	387f47;
	13590	:	387f47;
	13591	:	387f47;
	13592	:	387f47;
	13593	:	387f47;
	13594	:	387f47;
	13595	:	387f47;
	13596	:	387f47;
	13597	:	387f47;
	13598	:	387f47;
	13599	:	387f47;
	13600	:	387f47;
	13601	:	387f47;
	13602	:	387f47;
	13603	:	387f47;
	13604	:	387f47;
	13605	:	387f47;
	13606	:	387f47;
	13607	:	387f47;
	13608	:	387f47;
	13609	:	387f47;
	13610	:	387f47;
	13611	:	387f47;
	13612	:	387f47;
	13613	:	387f47;
	13614	:	387f47;
	13615	:	387f47;
	13616	:	387f47;
	13617	:	387f47;
	13618	:	387f47;
	13619	:	387f47;
	13620	:	387f47;
	13621	:	387f47;
	13622	:	387f47;
	13623	:	387f47;
	13624	:	387f47;
	13625	:	387f47;
	13626	:	387f47;
	13627	:	387f47;
	13628	:	387f47;
	13629	:	387f47;
	13630	:	387f47;
	13631	:	387f47;
	13632	:	387f47;
	13633	:	387f47;
	13634	:	387f47;
	13635	:	387f47;
	13636	:	387f47;
	13637	:	387f47;
	13638	:	387f47;
	13639	:	387f47;
	13640	:	397e45;
	13641	:	397d44;
	13642	:	397a42;
	13643	:	342b;
	13644	:	336d3a;
	13645	:	306936;
	13646	:	2f6332;
	13647	:	396b3a;
	13648	:	356736;
	13649	:	366837;
	13650	:	366837;
	13651	:	356736;
	13652	:	336435;
	13653	:	306434;
	13654	:	326636;
	13655	:	346838;
	13656	:	356436;
	13657	:	376638;
	13658	:	b4312;
	13659	:	3e7f47;
	13660	:	327d3c;
	13661	:	3c7c3f;
	13662	:	406037;
	13663	:	51512d;
	13664	:	704a23;
	13665	:	7c3d1a;
	13666	:	6f2212;
	13667	:	70ed;
	13668	:	83510;
	13669	:	8a014;
	13670	:	88017;
	13671	:	88019;
	13672	:	88018;
	13673	:	88016;
	13674	:	88016;
	13675	:	88016;
	13676	:	88016;
	13677	:	88016;
	13678	:	88016;
	13679	:	88016;
	13680	:	5a2a4;
	13681	:	6c4921;
	13682	:	584f24;
	13683	:	4a5e2d;
	13684	:	427942;
	13685	:	367f47;
	13686	:	387e48;
	13687	:	387e48;
	13688	:	387f47;
	13689	:	387f47;
	13690	:	397e45;
	13691	:	397e45;
	13692	:	387f45;
	13693	:	387f45;
	13694	:	387f47;
	13695	:	387f47;
	13696	:	387f47;
	13697	:	387f47;
	13698	:	387f47;
	13699	:	387f47;
	13700	:	387f47;
	13701	:	387f47;
	13702	:	387f47;
	13703	:	387f47;
	13704	:	387f47;
	13705	:	387f47;
	13706	:	387f47;
	13707	:	387f47;
	13708	:	387f47;
	13709	:	387f47;
	13710	:	387f47;
	13711	:	387f47;
	13712	:	387f47;
	13713	:	387f47;
	13714	:	387f47;
	13715	:	387f47;
	13716	:	387f47;
	13717	:	387f47;
	13718	:	387f47;
	13719	:	387f47;
	13720	:	387f47;
	13721	:	387f47;
	13722	:	387f47;
	13723	:	387f47;
	13724	:	387f47;
	13725	:	387f47;
	13726	:	387f47;
	13727	:	387f47;
	13728	:	387f47;
	13729	:	387f47;
	13730	:	387f47;
	13731	:	387f47;
	13732	:	387f47;
	13733	:	387f47;
	13734	:	387f47;
	13735	:	387f47;
	13736	:	387f47;
	13737	:	387f47;
	13738	:	387f47;
	13739	:	387f47;
	13740	:	387f47;
	13741	:	387f47;
	13742	:	387f47;
	13743	:	387f47;
	13744	:	387f47;
	13745	:	387f47;
	13746	:	387f47;
	13747	:	387f47;
	13748	:	387f47;
	13749	:	387f47;
	13750	:	387f47;
	13751	:	387f47;
	13752	:	387f47;
	13753	:	387f47;
	13754	:	387f47;
	13755	:	387f47;
	13756	:	387f47;
	13757	:	387f47;
	13758	:	387f47;
	13759	:	387f47;
	13760	:	377c45;
	13761	:	3b7e48;
	13762	:	3f804a;
	13763	:	3f7e49;
	13764	:	842f;
	13765	:	346d3a;
	13766	:	316735;
	13767	:	326635;
	13768	:	336736;
	13769	:	336534;
	13770	:	366837;
	13771	:	366a39;
	13772	:	346837;
	13773	:	346a38;
	13774	:	336937;
	13775	:	316534;
	13776	:	39683a;
	13777	:	e4212;
	13778	:	3f7e49;
	13779	:	357a41;
	13780	:	397f41;
	13781	:	457c43;
	13782	:	486338;
	13783	:	53512b;
	13784	:	67481c;
	13785	:	682db;
	13786	:	6d16c;
	13787	:	769e;
	13788	:	822f;
	13789	:	89014;
	13790	:	88018;
	13791	:	8901a;
	13792	:	88018;
	13793	:	88016;
	13794	:	88016;
	13795	:	88016;
	13796	:	88016;
	13797	:	88016;
	13798	:	88016;
	13799	:	88016;
	13800	:	5a2a4;
	13801	:	6c4921;
	13802	:	584f24;
	13803	:	485e2d;
	13804	:	407942;
	13805	:	368045;
	13806	:	387f47;
	13807	:	387e48;
	13808	:	387f47;
	13809	:	387f47;
	13810	:	397e45;
	13811	:	397e45;
	13812	:	387f45;
	13813	:	387f45;
	13814	:	387f47;
	13815	:	387f47;
	13816	:	387f47;
	13817	:	387f47;
	13818	:	387f47;
	13819	:	387f47;
	13820	:	387f47;
	13821	:	387f47;
	13822	:	387f47;
	13823	:	387f47;
	13824	:	387f47;
	13825	:	387f47;
	13826	:	387f47;
	13827	:	387f47;
	13828	:	387f47;
	13829	:	387f47;
	13830	:	387f47;
	13831	:	387f47;
	13832	:	387f47;
	13833	:	387f47;
	13834	:	387f47;
	13835	:	387f47;
	13836	:	387f47;
	13837	:	387f47;
	13838	:	387f47;
	13839	:	387f47;
	13840	:	387f47;
	13841	:	387f47;
	13842	:	387f47;
	13843	:	387f47;
	13844	:	387f47;
	13845	:	387f47;
	13846	:	387f47;
	13847	:	387f47;
	13848	:	387f47;
	13849	:	387f47;
	13850	:	387f47;
	13851	:	387f47;
	13852	:	387f47;
	13853	:	387f47;
	13854	:	387f47;
	13855	:	387f47;
	13856	:	387f47;
	13857	:	387f47;
	13858	:	387f47;
	13859	:	387f47;
	13860	:	387f47;
	13861	:	387f47;
	13862	:	387f47;
	13863	:	387f47;
	13864	:	387f47;
	13865	:	387f47;
	13866	:	387f47;
	13867	:	387f47;
	13868	:	387f47;
	13869	:	387f47;
	13870	:	387f47;
	13871	:	387f47;
	13872	:	387f47;
	13873	:	387f47;
	13874	:	387f47;
	13875	:	387f47;
	13876	:	387f47;
	13877	:	387f47;
	13878	:	387f47;
	13879	:	387f47;
	13880	:	3a7f48;
	13881	:	397e47;
	13882	:	387b45;
	13883	:	3d7e48;
	13884	:	3c7844;
	13885	:	741e;
	13886	:	f4815;
	13887	:	2d6633;
	13888	:	316735;
	13889	:	326836;
	13890	:	326836;
	13891	:	2e6432;
	13892	:	2e6734;
	13893	:	356e3b;
	13894	:	28622f;
	13895	:	e4714;
	13896	:	e4413;
	13897	:	3c7643;
	13898	:	3d8148;
	13899	:	387f43;
	13900	:	3c8045;
	13901	:	4a7c47;
	13902	:	465b30;
	13903	:	565129;
	13904	:	674a1e;
	13905	:	60255;
	13906	:	7211a;
	13907	:	80811;
	13908	:	83312;
	13909	:	88316;
	13910	:	88018;
	13911	:	88018;
	13912	:	88016;
	13913	:	88016;
	13914	:	88016;
	13915	:	88016;
	13916	:	88016;
	13917	:	88016;
	13918	:	88016;
	13919	:	88016;
	13920	:	5a2a4;
	13921	:	6c4921;
	13922	:	584f24;
	13923	:	4a5e2d;
	13924	:	427942;
	13925	:	367f47;
	13926	:	387e48;
	13927	:	387e48;
	13928	:	387f47;
	13929	:	387f47;
	13930	:	397e45;
	13931	:	397e45;
	13932	:	387f45;
	13933	:	387f45;
	13934	:	387f47;
	13935	:	387f47;
	13936	:	387f47;
	13937	:	387f47;
	13938	:	387f47;
	13939	:	387f47;
	13940	:	387f47;
	13941	:	387f47;
	13942	:	387f47;
	13943	:	387f47;
	13944	:	387f47;
	13945	:	387f47;
	13946	:	387f47;
	13947	:	387f47;
	13948	:	387f47;
	13949	:	387f47;
	13950	:	387f47;
	13951	:	387f47;
	13952	:	387f47;
	13953	:	387f47;
	13954	:	387f47;
	13955	:	387f47;
	13956	:	387f47;
	13957	:	387f47;
	13958	:	387f47;
	13959	:	387f47;
	13960	:	387f47;
	13961	:	387f47;
	13962	:	387f47;
	13963	:	387f47;
	13964	:	387f47;
	13965	:	387f47;
	13966	:	387f47;
	13967	:	387f47;
	13968	:	387f47;
	13969	:	387f47;
	13970	:	387f47;
	13971	:	387f47;
	13972	:	387f47;
	13973	:	387f47;
	13974	:	387f47;
	13975	:	387f47;
	13976	:	387f47;
	13977	:	387f47;
	13978	:	387f47;
	13979	:	387f47;
	13980	:	387f47;
	13981	:	387f47;
	13982	:	387f47;
	13983	:	387f47;
	13984	:	387f47;
	13985	:	387f47;
	13986	:	387f47;
	13987	:	387f47;
	13988	:	387f47;
	13989	:	387f47;
	13990	:	387f47;
	13991	:	387f47;
	13992	:	387f47;
	13993	:	387f47;
	13994	:	387f47;
	13995	:	387f47;
	13996	:	387f47;
	13997	:	387f47;
	13998	:	387f47;
	13999	:	387f47;
	14000	:	377e46;
	14001	:	387d46;
	14002	:	387d46;
	14003	:	3a7d47;
	14004	:	3f804a;
	14005	:	3e7d48;
	14006	:	642e;
	14007	:	b4512;
	14008	:	c4512;
	14009	:	b4411;
	14010	:	c4613;
	14011	:	c4613;
	14012	:	741e;
	14013	:	94310;
	14014	:	c4814;
	14015	:	84410;
	14016	:	3b7a45;
	14017	:	3d7e48;
	14018	:	3a8044;
	14019	:	397d42;
	14020	:	3b7a45;
	14021	:	447241;
	14022	:	4a5a2d;
	14023	:	5b5227;
	14024	:	6a4d21;
	14025	:	60236;
	14026	:	75bb;
	14027	:	85514;
	14028	:	82211;
	14029	:	86315;
	14030	:	88018;
	14031	:	89018;
	14032	:	88016;
	14033	:	88016;
	14034	:	88016;
	14035	:	88016;
	14036	:	88016;
	14037	:	88016;
	14038	:	88016;
	14039	:	88016;
	14040	:	5a2a4;
	14041	:	6c4921;
	14042	:	584f24;
	14043	:	485e2d;
	14044	:	407942;
	14045	:	368045;
	14046	:	387f47;
	14047	:	387e48;
	14048	:	387f47;
	14049	:	387f47;
	14050	:	397e45;
	14051	:	397e45;
	14052	:	387f45;
	14053	:	387f45;
	14054	:	387f47;
	14055	:	387f47;
	14056	:	387f47;
	14057	:	387f47;
	14058	:	387f47;
	14059	:	387f47;
	14060	:	387f47;
	14061	:	387f47;
	14062	:	387f47;
	14063	:	387f47;
	14064	:	387f47;
	14065	:	387f47;
	14066	:	387f47;
	14067	:	387f47;
	14068	:	387f47;
	14069	:	387f47;
	14070	:	387f47;
	14071	:	387f47;
	14072	:	387f47;
	14073	:	387f47;
	14074	:	387f47;
	14075	:	387f47;
	14076	:	387f47;
	14077	:	387f47;
	14078	:	387f47;
	14079	:	387f47;
	14080	:	387f47;
	14081	:	387f47;
	14082	:	387f47;
	14083	:	387f47;
	14084	:	387f47;
	14085	:	387f47;
	14086	:	387f47;
	14087	:	387f47;
	14088	:	387f47;
	14089	:	387f47;
	14090	:	387f47;
	14091	:	387f47;
	14092	:	387f47;
	14093	:	387f47;
	14094	:	387f47;
	14095	:	387f47;
	14096	:	387f47;
	14097	:	387f47;
	14098	:	387f47;
	14099	:	387f47;
	14100	:	387f47;
	14101	:	387f47;
	14102	:	387f47;
	14103	:	387f47;
	14104	:	387f47;
	14105	:	387f47;
	14106	:	387f47;
	14107	:	387f47;
	14108	:	387f47;
	14109	:	387f47;
	14110	:	387f47;
	14111	:	387f47;
	14112	:	387f47;
	14113	:	387f47;
	14114	:	387f47;
	14115	:	387f47;
	14116	:	387f47;
	14117	:	387f47;
	14118	:	387f47;
	14119	:	387f47;
	14120	:	387f47;
	14121	:	377e46;
	14122	:	377e46;
	14123	:	3a7f48;
	14124	:	387b45;
	14125	:	3c7d47;
	14126	:	3f7e49;
	14127	:	3a7944;
	14128	:	3e7a46;
	14129	:	3c7844;
	14130	:	3c7b46;
	14131	:	3d7c47;
	14132	:	3c7b46;
	14133	:	3e7d48;
	14134	:	3e7f49;
	14135	:	3c7d47;
	14136	:	3b7e48;
	14137	:	3c8148;
	14138	:	377e42;
	14139	:	387e42;
	14140	:	3e7e4a;
	14141	:	376133;
	14142	:	595f31;
	14143	:	5d4a1f;
	14144	:	694a1e;
	14145	:	62259;
	14146	:	787b;
	14147	:	87013;
	14148	:	83012;
	14149	:	84015;
	14150	:	89117;
	14151	:	8a017;
	14152	:	88016;
	14153	:	88016;
	14154	:	88016;
	14155	:	88016;
	14156	:	88016;
	14157	:	88016;
	14158	:	88016;
	14159	:	88016;
	14160	:	5a2a4;
	14161	:	6c4921;
	14162	:	584f24;
	14163	:	4a5e2d;
	14164	:	427942;
	14165	:	367f47;
	14166	:	387e48;
	14167	:	387e48;
	14168	:	387f47;
	14169	:	387f47;
	14170	:	397e45;
	14171	:	397e45;
	14172	:	387f45;
	14173	:	387f45;
	14174	:	387f47;
	14175	:	387f47;
	14176	:	387f47;
	14177	:	387f47;
	14178	:	387f47;
	14179	:	387f47;
	14180	:	387f47;
	14181	:	387f47;
	14182	:	387f47;
	14183	:	387f47;
	14184	:	387f47;
	14185	:	387f47;
	14186	:	387f47;
	14187	:	387f47;
	14188	:	387f47;
	14189	:	387f47;
	14190	:	387f47;
	14191	:	387f47;
	14192	:	387f47;
	14193	:	387f47;
	14194	:	387f47;
	14195	:	387f47;
	14196	:	387f47;
	14197	:	387f47;
	14198	:	387f47;
	14199	:	387f47;
	14200	:	387f47;
	14201	:	387f47;
	14202	:	387f47;
	14203	:	387f47;
	14204	:	387f47;
	14205	:	387f47;
	14206	:	387f47;
	14207	:	387f47;
	14208	:	387f47;
	14209	:	387f47;
	14210	:	387f47;
	14211	:	387f47;
	14212	:	387f47;
	14213	:	387f47;
	14214	:	387f47;
	14215	:	387f47;
	14216	:	387f47;
	14217	:	387f47;
	14218	:	387f47;
	14219	:	387f47;
	14220	:	387f47;
	14221	:	387f47;
	14222	:	387f47;
	14223	:	387f47;
	14224	:	387f47;
	14225	:	387f47;
	14226	:	387f47;
	14227	:	387f47;
	14228	:	387f47;
	14229	:	387f47;
	14230	:	387f47;
	14231	:	387f47;
	14232	:	387f47;
	14233	:	387f47;
	14234	:	387f47;
	14235	:	387f47;
	14236	:	387f47;
	14237	:	387f47;
	14238	:	387f47;
	14239	:	387f47;
	14240	:	337c45;
	14241	:	3b814b;
	14242	:	3b814b;
	14243	:	3a7f49;
	14244	:	3d824b;
	14245	:	357842;
	14246	:	3a7d47;
	14247	:	3f804a;
	14248	:	41804b;
	14249	:	3c7b46;
	14250	:	3a7b45;
	14251	:	3e7f49;
	14252	:	3c8047;
	14253	:	387c43;
	14254	:	387c43;
	14255	:	3b8047;
	14256	:	367d45;
	14257	:	377e44;
	14258	:	368041;
	14259	:	357c40;
	14260	:	3c7f4c;
	14261	:	3f6639;
	14262	:	554d1f;
	14263	:	6e4b21;
	14264	:	68421b;
	14265	:	682a13;
	14266	:	7ca12;
	14267	:	8a017;
	14268	:	8b017;
	14269	:	87014;
	14270	:	86116;
	14271	:	85015;
	14272	:	88016;
	14273	:	88016;
	14274	:	88016;
	14275	:	88016;
	14276	:	88016;
	14277	:	88016;
	14278	:	88016;
	14279	:	88016;
	14280	:	5a2a4;
	14281	:	6c4921;
	14282	:	584f24;
	14283	:	485e2d;
	14284	:	407942;
	14285	:	368045;
	14286	:	387f47;
	14287	:	387e48;
	14288	:	387f47;
	14289	:	387f47;
	14290	:	397e45;
	14291	:	397e45;
	14292	:	387f45;
	14293	:	387f45;
	14294	:	387f47;
	14295	:	387f47;
	14296	:	387f47;
	14297	:	387f47;
	14298	:	387f47;
	14299	:	387f47;
	14300	:	387f47;
	14301	:	387f47;
	14302	:	387f47;
	14303	:	387f47;
	14304	:	387f47;
	14305	:	387f47;
	14306	:	387f47;
	14307	:	387f47;
	14308	:	387f47;
	14309	:	387f47;
	14310	:	387f47;
	14311	:	387f47;
	14312	:	387f47;
	14313	:	387f47;
	14314	:	387f47;
	14315	:	387f47;
	14316	:	387f47;
	14317	:	387f47;
	14318	:	387f47;
	14319	:	387f47;
	14320	:	387f47;
	14321	:	387f47;
	14322	:	387f47;
	14323	:	387f47;
	14324	:	387f47;
	14325	:	387f47;
	14326	:	387f47;
	14327	:	387f47;
	14328	:	387f47;
	14329	:	387f47;
	14330	:	387f47;
	14331	:	387f47;
	14332	:	387f47;
	14333	:	387f47;
	14334	:	387f47;
	14335	:	387f47;
	14336	:	387f47;
	14337	:	387f47;
	14338	:	387f47;
	14339	:	387f47;
	14340	:	387f47;
	14341	:	387f47;
	14342	:	387f47;
	14343	:	387f47;
	14344	:	387f47;
	14345	:	387f47;
	14346	:	387f47;
	14347	:	387f47;
	14348	:	387f47;
	14349	:	387f47;
	14350	:	387f47;
	14351	:	387f47;
	14352	:	387f47;
	14353	:	387f47;
	14354	:	387f47;
	14355	:	387f47;
	14356	:	387f47;
	14357	:	387f47;
	14358	:	387f47;
	14359	:	387f47;
	14360	:	367f48;
	14361	:	378049;
	14362	:	327b44;
	14363	:	397f49;
	14364	:	347b43;
	14365	:	3e834c;
	14366	:	357a43;
	14367	:	3b7e48;
	14368	:	377a44;
	14369	:	3c7f49;
	14370	:	3b7e48;
	14371	:	367b44;
	14372	:	387d44;
	14373	:	3a7f46;
	14374	:	397e45;
	14375	:	377e44;
	14376	:	358047;
	14377	:	378247;
	14378	:	357f40;
	14379	:	398044;
	14380	:	3b7d4d;
	14381	:	3a5e32;
	14382	:	645126;
	14383	:	70431a;
	14384	:	5b2db;
	14385	:	6521e;
	14386	:	784f;
	14387	:	89018;
	14388	:	8c118;
	14389	:	89015;
	14390	:	87215;
	14391	:	86114;
	14392	:	88016;
	14393	:	88016;
	14394	:	88016;
	14395	:	88016;
	14396	:	88016;
	14397	:	88016;
	14398	:	88016;
	14399	:	88016;
	14400	:	5a2a4;
	14401	:	6c4921;
	14402	:	584f24;
	14403	:	4a5e2d;
	14404	:	427942;
	14405	:	367f47;
	14406	:	387e48;
	14407	:	387e48;
	14408	:	387f47;
	14409	:	387f47;
	14410	:	397e45;
	14411	:	397e45;
	14412	:	387f45;
	14413	:	387f45;
	14414	:	387f47;
	14415	:	387f47;
	14416	:	387f47;
	14417	:	387f47;
	14418	:	387f47;
	14419	:	387f47;
	14420	:	387f47;
	14421	:	387f47;
	14422	:	387f47;
	14423	:	387f47;
	14424	:	387f47;
	14425	:	387f47;
	14426	:	387f47;
	14427	:	387f47;
	14428	:	387f47;
	14429	:	387f47;
	14430	:	387f47;
	14431	:	387f47;
	14432	:	387f47;
	14433	:	387f47;
	14434	:	387f47;
	14435	:	387f47;
	14436	:	387f47;
	14437	:	387f47;
	14438	:	387f47;
	14439	:	387f47;
	14440	:	387f47;
	14441	:	387f47;
	14442	:	387f47;
	14443	:	387f47;
	14444	:	387f47;
	14445	:	387f47;
	14446	:	387f47;
	14447	:	387f47;
	14448	:	387f47;
	14449	:	387f47;
	14450	:	387f47;
	14451	:	387f47;
	14452	:	387f47;
	14453	:	387f47;
	14454	:	387f47;
	14455	:	387f47;
	14456	:	387f47;
	14457	:	387f47;
	14458	:	387f47;
	14459	:	387f47;
	14460	:	387f47;
	14461	:	387f47;
	14462	:	387f47;
	14463	:	387f47;
	14464	:	387f47;
	14465	:	387f47;
	14466	:	387f47;
	14467	:	387f47;
	14468	:	387f47;
	14469	:	387f47;
	14470	:	387f47;
	14471	:	387f47;
	14472	:	387f47;
	14473	:	387f47;
	14474	:	387f47;
	14475	:	387f47;
	14476	:	387f47;
	14477	:	387f47;
	14478	:	387f47;
	14479	:	387f47;
	14480	:	367f48;
	14481	:	367f48;
	14482	:	367f48;
	14483	:	387e48;
	14484	:	387f47;
	14485	:	387f47;
	14486	:	387f47;
	14487	:	397e47;
	14488	:	397e47;
	14489	:	397e47;
	14490	:	397e47;
	14491	:	387f47;
	14492	:	387f45;
	14493	:	387f45;
	14494	:	387f45;
	14495	:	358045;
	14496	:	318146;
	14497	:	338147;
	14498	:	397f41;
	14499	:	3a7b41;
	14500	:	3f7f4d;
	14501	:	416235;
	14502	:	634c20;
	14503	:	78411a;
	14504	:	6427b;
	14505	:	66149;
	14506	:	7c614;
	14507	:	89119;
	14508	:	86014;
	14509	:	87015;
	14510	:	89014;
	14511	:	88013;
	14512	:	88016;
	14513	:	88016;
	14514	:	88016;
	14515	:	88016;
	14516	:	88016;
	14517	:	88016;
	14518	:	88016;
	14519	:	88016;
	14520	:	5a2a4;
	14521	:	6c4921;
	14522	:	584f24;
	14523	:	485e2d;
	14524	:	407942;
	14525	:	368045;
	14526	:	387f47;
	14527	:	387e48;
	14528	:	387f47;
	14529	:	387f47;
	14530	:	397e45;
	14531	:	397e45;
	14532	:	387f45;
	14533	:	387f45;
	14534	:	387f47;
	14535	:	387f47;
	14536	:	387f47;
	14537	:	387f47;
	14538	:	387f47;
	14539	:	387f47;
	14540	:	387f47;
	14541	:	387f47;
	14542	:	387f47;
	14543	:	387f47;
	14544	:	387f47;
	14545	:	387f47;
	14546	:	387f47;
	14547	:	387f47;
	14548	:	387f47;
	14549	:	387f47;
	14550	:	387f47;
	14551	:	387f47;
	14552	:	387f47;
	14553	:	387f47;
	14554	:	387f47;
	14555	:	387f47;
	14556	:	387f47;
	14557	:	387f47;
	14558	:	387f47;
	14559	:	387f47;
	14560	:	387f47;
	14561	:	387f47;
	14562	:	387f47;
	14563	:	387f47;
	14564	:	387f47;
	14565	:	387f47;
	14566	:	387f47;
	14567	:	387f47;
	14568	:	387f47;
	14569	:	387f47;
	14570	:	387f47;
	14571	:	387f47;
	14572	:	387f47;
	14573	:	387f47;
	14574	:	387f47;
	14575	:	387f47;
	14576	:	387f47;
	14577	:	387f47;
	14578	:	387f47;
	14579	:	387f47;
	14580	:	387f47;
	14581	:	387f47;
	14582	:	387f47;
	14583	:	387f47;
	14584	:	387f47;
	14585	:	387f47;
	14586	:	387f47;
	14587	:	387f47;
	14588	:	387f47;
	14589	:	387f47;
	14590	:	387f47;
	14591	:	387f47;
	14592	:	387f47;
	14593	:	387f47;
	14594	:	387f47;
	14595	:	387f47;
	14596	:	387f47;
	14597	:	387f47;
	14598	:	387f47;
	14599	:	387f47;
	14600	:	367f48;
	14601	:	358048;
	14602	:	367f48;
	14603	:	367f48;
	14604	:	387f47;
	14605	:	387f47;
	14606	:	387f47;
	14607	:	387f47;
	14608	:	387f47;
	14609	:	387f47;
	14610	:	387f47;
	14611	:	387f47;
	14612	:	387f45;
	14613	:	387f45;
	14614	:	368045;
	14615	:	358047;
	14616	:	338249;
	14617	:	348248;
	14618	:	398142;
	14619	:	3f8046;
	14620	:	3f7947;
	14621	:	435d30;
	14622	:	65481c;
	14623	:	7e401b;
	14624	:	6a22c;
	14625	:	6b10b;
	14626	:	7e514;
	14627	:	89119;
	14628	:	87015;
	14629	:	88016;
	14630	:	89014;
	14631	:	89014;
	14632	:	88016;
	14633	:	88016;
	14634	:	88016;
	14635	:	88016;
	14636	:	88016;
	14637	:	88016;
	14638	:	88016;
	14639	:	88016;
	14640	:	5a2a4;
	14641	:	6c4921;
	14642	:	584f24;
	14643	:	4a5e2d;
	14644	:	427942;
	14645	:	367f47;
	14646	:	387e48;
	14647	:	387e48;
	14648	:	387f47;
	14649	:	387f47;
	14650	:	397e45;
	14651	:	397e45;
	14652	:	387f45;
	14653	:	387f45;
	14654	:	387f47;
	14655	:	387f47;
	14656	:	387f47;
	14657	:	387f47;
	14658	:	387f47;
	14659	:	387f47;
	14660	:	387f47;
	14661	:	387f47;
	14662	:	387f47;
	14663	:	387f47;
	14664	:	387f47;
	14665	:	387f47;
	14666	:	387f47;
	14667	:	387f47;
	14668	:	387f47;
	14669	:	387f47;
	14670	:	387f47;
	14671	:	387f47;
	14672	:	387f47;
	14673	:	387f47;
	14674	:	387f47;
	14675	:	387f47;
	14676	:	387f47;
	14677	:	387f47;
	14678	:	387f47;
	14679	:	387f47;
	14680	:	387f47;
	14681	:	387f47;
	14682	:	387f47;
	14683	:	387f47;
	14684	:	387f47;
	14685	:	387f47;
	14686	:	387f47;
	14687	:	387f47;
	14688	:	387f47;
	14689	:	387f47;
	14690	:	387f47;
	14691	:	387f47;
	14692	:	387f47;
	14693	:	387f47;
	14694	:	387f47;
	14695	:	387f47;
	14696	:	387f47;
	14697	:	387f47;
	14698	:	387f47;
	14699	:	387f47;
	14700	:	387f47;
	14701	:	387f47;
	14702	:	387f47;
	14703	:	387f47;
	14704	:	387f47;
	14705	:	387f47;
	14706	:	387f47;
	14707	:	387f47;
	14708	:	387f47;
	14709	:	387f47;
	14710	:	387f47;
	14711	:	387f47;
	14712	:	387f47;
	14713	:	387f47;
	14714	:	387f47;
	14715	:	387f47;
	14716	:	387f47;
	14717	:	387f47;
	14718	:	387f47;
	14719	:	387f47;
	14720	:	367f47;
	14721	:	367f47;
	14722	:	367f47;
	14723	:	367f47;
	14724	:	367f47;
	14725	:	367f47;
	14726	:	367f47;
	14727	:	367f47;
	14728	:	387f47;
	14729	:	387f47;
	14730	:	387f47;
	14731	:	387f47;
	14732	:	367f47;
	14733	:	367f47;
	14734	:	367f47;
	14735	:	367f47;
	14736	:	337c45;
	14737	:	368148;
	14738	:	348042;
	14739	:	397a40;
	14740	:	386637;
	14741	:	4c592e;
	14742	:	6f4a20;
	14743	:	823d1c;
	14744	:	701fe;
	14745	:	71dd;
	14746	:	81416;
	14747	:	88019;
	14748	:	88017;
	14749	:	8a017;
	14750	:	89014;
	14751	:	88014;
	14752	:	88016;
	14753	:	88016;
	14754	:	88016;
	14755	:	88016;
	14756	:	88016;
	14757	:	88016;
	14758	:	88016;
	14759	:	88016;
	14760	:	5a2a4;
	14761	:	6c4921;
	14762	:	584f24;
	14763	:	485e2d;
	14764	:	407942;
	14765	:	368045;
	14766	:	387f47;
	14767	:	387e48;
	14768	:	387f47;
	14769	:	387f47;
	14770	:	397e45;
	14771	:	397e45;
	14772	:	387f45;
	14773	:	387f45;
	14774	:	387f47;
	14775	:	387f47;
	14776	:	387f47;
	14777	:	387f47;
	14778	:	387f47;
	14779	:	387f47;
	14780	:	387f47;
	14781	:	387f47;
	14782	:	387f47;
	14783	:	387f47;
	14784	:	387f47;
	14785	:	387f47;
	14786	:	387f47;
	14787	:	387f47;
	14788	:	387f47;
	14789	:	387f47;
	14790	:	387f47;
	14791	:	387f47;
	14792	:	387f47;
	14793	:	387f47;
	14794	:	387f47;
	14795	:	387f47;
	14796	:	387f47;
	14797	:	387f47;
	14798	:	387f47;
	14799	:	387f47;
	14800	:	387f47;
	14801	:	387f47;
	14802	:	387f47;
	14803	:	387f47;
	14804	:	387f47;
	14805	:	387f47;
	14806	:	387f47;
	14807	:	387f47;
	14808	:	387f47;
	14809	:	387f47;
	14810	:	387f47;
	14811	:	387f47;
	14812	:	387f47;
	14813	:	387f47;
	14814	:	387f47;
	14815	:	387f47;
	14816	:	387f47;
	14817	:	387f47;
	14818	:	387f47;
	14819	:	387f47;
	14820	:	387f47;
	14821	:	387f47;
	14822	:	387f47;
	14823	:	387f47;
	14824	:	387f47;
	14825	:	387f47;
	14826	:	387f47;
	14827	:	387f47;
	14828	:	387f47;
	14829	:	387f47;
	14830	:	387f47;
	14831	:	387f47;
	14832	:	387f47;
	14833	:	387f47;
	14834	:	387f47;
	14835	:	387f47;
	14836	:	387f47;
	14837	:	387f47;
	14838	:	387f47;
	14839	:	387f47;
	14840	:	367f47;
	14841	:	367f47;
	14842	:	367f47;
	14843	:	367f47;
	14844	:	367f47;
	14845	:	367f47;
	14846	:	367f47;
	14847	:	367f47;
	14848	:	387f47;
	14849	:	387f47;
	14850	:	387f47;
	14851	:	387f47;
	14852	:	367f47;
	14853	:	367f47;
	14854	:	367f47;
	14855	:	367f47;
	14856	:	3a804a;
	14857	:	367f47;
	14858	:	327e40;
	14859	:	3f7f43;
	14860	:	3f6333;
	14861	:	53542a;
	14862	:	6f481f;
	14863	:	823d1e;
	14864	:	741c10;
	14865	:	76c10;
	14866	:	82316;
	14867	:	88018;
	14868	:	88015;
	14869	:	8a017;
	14870	:	87013;
	14871	:	87013;
	14872	:	88016;
	14873	:	88016;
	14874	:	88016;
	14875	:	88016;
	14876	:	88016;
	14877	:	88016;
	14878	:	88016;
	14879	:	88016;
	14880	:	5a2a4;
	14881	:	6c4921;
	14882	:	584f24;
	14883	:	4a5e2d;
	14884	:	427942;
	14885	:	367f47;
	14886	:	387e48;
	14887	:	387e48;
	14888	:	387f47;
	14889	:	387f47;
	14890	:	397e45;
	14891	:	397e45;
	14892	:	387f45;
	14893	:	387f45;
	14894	:	387f47;
	14895	:	387f47;
	14896	:	387f47;
	14897	:	387f47;
	14898	:	387f47;
	14899	:	387f47;
	14900	:	387f47;
	14901	:	387f47;
	14902	:	387f47;
	14903	:	387f47;
	14904	:	387f47;
	14905	:	387f47;
	14906	:	387f47;
	14907	:	387f47;
	14908	:	387f47;
	14909	:	387f47;
	14910	:	387f47;
	14911	:	387f47;
	14912	:	387f47;
	14913	:	387f47;
	14914	:	387f47;
	14915	:	387f47;
	14916	:	387f47;
	14917	:	387f47;
	14918	:	387f47;
	14919	:	387f47;
	14920	:	387f47;
	14921	:	387f47;
	14922	:	387f47;
	14923	:	387f47;
	14924	:	387f47;
	14925	:	387f47;
	14926	:	387f47;
	14927	:	387f47;
	14928	:	387f47;
	14929	:	387f47;
	14930	:	387f47;
	14931	:	387f47;
	14932	:	387f47;
	14933	:	387f47;
	14934	:	387f47;
	14935	:	387f47;
	14936	:	387f47;
	14937	:	387f47;
	14938	:	387f47;
	14939	:	387f47;
	14940	:	387f47;
	14941	:	387f47;
	14942	:	387f47;
	14943	:	387f47;
	14944	:	387f47;
	14945	:	387f47;
	14946	:	387f47;
	14947	:	387f47;
	14948	:	387f47;
	14949	:	387f47;
	14950	:	387f47;
	14951	:	387f47;
	14952	:	387f47;
	14953	:	387f47;
	14954	:	387f47;
	14955	:	387f47;
	14956	:	387f47;
	14957	:	387f47;
	14958	:	387f47;
	14959	:	387f47;
	14960	:	387f47;
	14961	:	387f47;
	14962	:	387f47;
	14963	:	387f47;
	14964	:	387f47;
	14965	:	387f47;
	14966	:	387f47;
	14967	:	387f47;
	14968	:	387f47;
	14969	:	387f47;
	14970	:	387f47;
	14971	:	387f47;
	14972	:	387f47;
	14973	:	387f47;
	14974	:	387f47;
	14975	:	387f47;
	14976	:	357b45;
	14977	:	3a8149;
	14978	:	398046;
	14979	:	437a41;
	14980	:	455b2c;
	14981	:	5c5328;
	14982	:	67441a;
	14983	:	6726a;
	14984	:	781711;
	14985	:	7f713;
	14986	:	85116;
	14987	:	88018;
	14988	:	86116;
	14989	:	87215;
	14990	:	87015;
	14991	:	88015;
	14992	:	88016;
	14993	:	88016;
	14994	:	88016;
	14995	:	88016;
	14996	:	88016;
	14997	:	88016;
	14998	:	88016;
	14999	:	88016;
	15000	:	5a2a4;
	15001	:	6c4921;
	15002	:	584f24;
	15003	:	485e2d;
	15004	:	407942;
	15005	:	368045;
	15006	:	387f47;
	15007	:	387e48;
	15008	:	387f47;
	15009	:	387f47;
	15010	:	397e45;
	15011	:	397e45;
	15012	:	387f45;
	15013	:	387f45;
	15014	:	387f47;
	15015	:	387f47;
	15016	:	387f47;
	15017	:	387f47;
	15018	:	387f47;
	15019	:	387f47;
	15020	:	387f47;
	15021	:	387f47;
	15022	:	387f47;
	15023	:	387f47;
	15024	:	387f47;
	15025	:	387f47;
	15026	:	387f47;
	15027	:	387f47;
	15028	:	387f47;
	15029	:	387f47;
	15030	:	387f47;
	15031	:	387f47;
	15032	:	387f47;
	15033	:	387f47;
	15034	:	387f47;
	15035	:	387f47;
	15036	:	387f47;
	15037	:	387f47;
	15038	:	387f47;
	15039	:	387f47;
	15040	:	387f47;
	15041	:	387f47;
	15042	:	387f47;
	15043	:	387f47;
	15044	:	387f47;
	15045	:	387f47;
	15046	:	387f47;
	15047	:	387f47;
	15048	:	387f47;
	15049	:	387f47;
	15050	:	387f47;
	15051	:	387f47;
	15052	:	387f47;
	15053	:	387f47;
	15054	:	387f47;
	15055	:	387f47;
	15056	:	387f47;
	15057	:	387f47;
	15058	:	387f47;
	15059	:	387f47;
	15060	:	387f47;
	15061	:	387f47;
	15062	:	387f47;
	15063	:	387f47;
	15064	:	387f47;
	15065	:	387f47;
	15066	:	387f47;
	15067	:	387f47;
	15068	:	387f47;
	15069	:	387f47;
	15070	:	387f47;
	15071	:	387f47;
	15072	:	387f47;
	15073	:	387f47;
	15074	:	387f47;
	15075	:	387f47;
	15076	:	387f47;
	15077	:	387f47;
	15078	:	387f47;
	15079	:	387f47;
	15080	:	387f47;
	15081	:	387f47;
	15082	:	387f47;
	15083	:	387f47;
	15084	:	387f47;
	15085	:	387f47;
	15086	:	387f47;
	15087	:	387f47;
	15088	:	387f47;
	15089	:	387f47;
	15090	:	387f47;
	15091	:	387f47;
	15092	:	387f47;
	15093	:	387f47;
	15094	:	387f47;
	15095	:	387f47;
	15096	:	3a804a;
	15097	:	397e47;
	15098	:	397e45;
	15099	:	467740;
	15100	:	505c2c;
	15101	:	605225;
	15102	:	66451a;
	15103	:	6326a;
	15104	:	7711f;
	15105	:	81311;
	15106	:	86116;
	15107	:	88016;
	15108	:	88014;
	15109	:	8a216;
	15110	:	88016;
	15111	:	88016;
	15112	:	88016;
	15113	:	88016;
	15114	:	88016;
	15115	:	88016;
	15116	:	88016;
	15117	:	88016;
	15118	:	88016;
	15119	:	88016;
	15120	:	5a2a4;
	15121	:	6c4921;
	15122	:	584f24;
	15123	:	4a5e2d;
	15124	:	427942;
	15125	:	367f47;
	15126	:	387e48;
	15127	:	387e48;
	15128	:	387f47;
	15129	:	387f47;
	15130	:	397e45;
	15131	:	397e45;
	15132	:	387f45;
	15133	:	387f45;
	15134	:	387f47;
	15135	:	387f47;
	15136	:	387f47;
	15137	:	387f47;
	15138	:	387f47;
	15139	:	387f47;
	15140	:	387f47;
	15141	:	387f47;
	15142	:	387f47;
	15143	:	387f47;
	15144	:	387f47;
	15145	:	387f47;
	15146	:	387f47;
	15147	:	387f47;
	15148	:	387f47;
	15149	:	387f47;
	15150	:	387f47;
	15151	:	387f47;
	15152	:	387f47;
	15153	:	387f47;
	15154	:	387f47;
	15155	:	387f47;
	15156	:	387f47;
	15157	:	387f47;
	15158	:	387f47;
	15159	:	387f47;
	15160	:	387f47;
	15161	:	387f47;
	15162	:	387f47;
	15163	:	387f47;
	15164	:	387f47;
	15165	:	387f47;
	15166	:	387f47;
	15167	:	387f47;
	15168	:	387f47;
	15169	:	387f47;
	15170	:	387f47;
	15171	:	387f47;
	15172	:	387f47;
	15173	:	387f47;
	15174	:	387f47;
	15175	:	387f47;
	15176	:	387f47;
	15177	:	387f47;
	15178	:	387f47;
	15179	:	387f47;
	15180	:	387f47;
	15181	:	387f47;
	15182	:	387f47;
	15183	:	387f47;
	15184	:	387f47;
	15185	:	387f47;
	15186	:	387f47;
	15187	:	387f47;
	15188	:	387f47;
	15189	:	387f47;
	15190	:	387f47;
	15191	:	387f47;
	15192	:	387f47;
	15193	:	387f47;
	15194	:	387f47;
	15195	:	387f47;
	15196	:	387f47;
	15197	:	387f47;
	15198	:	387f47;
	15199	:	387f47;
	15200	:	387f45;
	15201	:	387f45;
	15202	:	387f45;
	15203	:	387f45;
	15204	:	387f47;
	15205	:	387f47;
	15206	:	387f47;
	15207	:	387f47;
	15208	:	387f47;
	15209	:	387f47;
	15210	:	397e47;
	15211	:	397e47;
	15212	:	397e48;
	15213	:	397e48;
	15214	:	397e48;
	15215	:	397e48;
	15216	:	387c49;
	15217	:	387d47;
	15218	:	387b45;
	15219	:	3c6833;
	15220	:	4f5321;
	15221	:	654e22;
	15222	:	6b4a21;
	15223	:	6325c;
	15224	:	76ce;
	15225	:	81012;
	15226	:	85116;
	15227	:	88016;
	15228	:	8a014;
	15229	:	8a115;
	15230	:	85015;
	15231	:	87119;
	15232	:	88016;
	15233	:	88016;
	15234	:	88016;
	15235	:	88016;
	15236	:	88016;
	15237	:	88016;
	15238	:	88016;
	15239	:	88016;
	15240	:	582b4;
	15241	:	6b4a21;
	15242	:	584f24;
	15243	:	4a5e2d;
	15244	:	427942;
	15245	:	387f45;
	15246	:	387f47;
	15247	:	387e48;
	15248	:	387f47;
	15249	:	387f47;
	15250	:	387f45;
	15251	:	397e45;
	15252	:	387f45;
	15253	:	387f45;
	15254	:	387f47;
	15255	:	387f47;
	15256	:	387f47;
	15257	:	387f47;
	15258	:	387f47;
	15259	:	387f47;
	15260	:	387f47;
	15261	:	387f47;
	15262	:	387f47;
	15263	:	387f47;
	15264	:	387f47;
	15265	:	387f47;
	15266	:	387f47;
	15267	:	387f47;
	15268	:	387f47;
	15269	:	387f47;
	15270	:	387f47;
	15271	:	387f47;
	15272	:	387f47;
	15273	:	387f47;
	15274	:	387f47;
	15275	:	387f47;
	15276	:	387f47;
	15277	:	387f47;
	15278	:	387f47;
	15279	:	387f47;
	15280	:	387f47;
	15281	:	387f47;
	15282	:	387f47;
	15283	:	387f47;
	15284	:	387f47;
	15285	:	387f47;
	15286	:	387f47;
	15287	:	387f47;
	15288	:	387f47;
	15289	:	387f47;
	15290	:	387f47;
	15291	:	387f47;
	15292	:	387f47;
	15293	:	387f47;
	15294	:	387f47;
	15295	:	387f47;
	15296	:	387f47;
	15297	:	387f47;
	15298	:	387f47;
	15299	:	387f47;
	15300	:	387f47;
	15301	:	387f47;
	15302	:	387f47;
	15303	:	387f47;
	15304	:	387f47;
	15305	:	387f47;
	15306	:	387f47;
	15307	:	387f47;
	15308	:	387f47;
	15309	:	387f47;
	15310	:	387f47;
	15311	:	387f47;
	15312	:	387f47;
	15313	:	387f47;
	15314	:	387f47;
	15315	:	387f47;
	15316	:	387f47;
	15317	:	387f47;
	15318	:	387f47;
	15319	:	387f47;
	15320	:	387f45;
	15321	:	387f45;
	15322	:	368045;
	15323	:	368045;
	15324	:	367f47;
	15325	:	387f47;
	15326	:	387f47;
	15327	:	387f47;
	15328	:	387f47;
	15329	:	397e47;
	15330	:	397e47;
	15331	:	397e47;
	15332	:	387f47;
	15333	:	387f47;
	15334	:	387f47;
	15335	:	387e48;
	15336	:	3a7f49;
	15337	:	3a7d48;
	15338	:	3c7d47;
	15339	:	3e6631;
	15340	:	565222;
	15341	:	68491d;
	15342	:	6e4720;
	15343	:	6524e;
	15344	:	77af;
	15345	:	83012;
	15346	:	87215;
	15347	:	88014;
	15348	:	89014;
	15349	:	89014;
	15350	:	84014;
	15351	:	86116;
	15352	:	88016;
	15353	:	88016;
	15354	:	88016;
	15355	:	88016;
	15356	:	88016;
	15357	:	88016;
	15358	:	88016;
	15359	:	88016;
	15360	:	572a3;
	15361	:	6c4b22;
	15362	:	585022;
	15363	:	495d2c;
	15364	:	437842;
	15365	:	3c814a;
	15366	:	367b45;
	15367	:	397f49;
	15368	:	387f47;
	15369	:	387f47;
	15370	:	387f45;
	15371	:	387f45;
	15372	:	387f47;
	15373	:	387f47;
	15374	:	387e48;
	15375	:	387e48;
	15376	:	387f47;
	15377	:	387f47;
	15378	:	387f47;
	15379	:	387f47;
	15380	:	387f47;
	15381	:	387f47;
	15382	:	387f47;
	15383	:	387f47;
	15384	:	387f47;
	15385	:	387f47;
	15386	:	387f47;
	15387	:	387f47;
	15388	:	387f47;
	15389	:	387f47;
	15390	:	387f47;
	15391	:	387f47;
	15392	:	387f47;
	15393	:	387f47;
	15394	:	387f47;
	15395	:	387f47;
	15396	:	387f47;
	15397	:	387f47;
	15398	:	387f47;
	15399	:	387f47;
	15400	:	387f47;
	15401	:	387f47;
	15402	:	387f47;
	15403	:	387f47;
	15404	:	387f47;
	15405	:	387f47;
	15406	:	387f47;
	15407	:	387f47;
	15408	:	387f47;
	15409	:	387f47;
	15410	:	387f47;
	15411	:	387f47;
	15412	:	387f47;
	15413	:	387f47;
	15414	:	387f47;
	15415	:	387f47;
	15416	:	387f47;
	15417	:	387f47;
	15418	:	387f47;
	15419	:	387f47;
	15420	:	387f47;
	15421	:	387f47;
	15422	:	387f47;
	15423	:	387f47;
	15424	:	387f47;
	15425	:	387f47;
	15426	:	387f47;
	15427	:	387f47;
	15428	:	387f47;
	15429	:	387f47;
	15430	:	387f47;
	15431	:	387f47;
	15432	:	387f47;
	15433	:	387f47;
	15434	:	387f47;
	15435	:	387f47;
	15436	:	387f47;
	15437	:	387f47;
	15438	:	387f47;
	15439	:	387f47;
	15440	:	387f45;
	15441	:	368045;
	15442	:	338147;
	15443	:	338147;
	15444	:	338048;
	15445	:	367f48;
	15446	:	397e48;
	15447	:	3a7d48;
	15448	:	3a7d47;
	15449	:	397e47;
	15450	:	397e45;
	15451	:	387f45;
	15452	:	368045;
	15453	:	367f47;
	15454	:	358047;
	15455	:	367f47;
	15456	:	3b8049;
	15457	:	3a7b45;
	15458	:	427e48;
	15459	:	3f612e;
	15460	:	635123;
	15461	:	70431a;
	15462	:	5f2dc;
	15463	:	671ed;
	15464	:	7a810;
	15465	:	86116;
	15466	:	88014;
	15467	:	88014;
	15468	:	86114;
	15469	:	86114;
	15470	:	88014;
	15471	:	89016;
	15472	:	88016;
	15473	:	88016;
	15474	:	88016;
	15475	:	88016;
	15476	:	88016;
	15477	:	88016;
	15478	:	88016;
	15479	:	88016;
	15480	:	592d6;
	15481	:	66461d;
	15482	:	5c5426;
	15483	:	485c29;
	15484	:	457a42;
	15485	:	367b42;
	15486	:	397e47;
	15487	:	397f49;
	15488	:	367f47;
	15489	:	367f47;
	15490	:	387f45;
	15491	:	387f45;
	15492	:	387f47;
	15493	:	387f47;
	15494	:	387e48;
	15495	:	387e48;
	15496	:	387f47;
	15497	:	387f47;
	15498	:	387f47;
	15499	:	387f47;
	15500	:	387f47;
	15501	:	387f47;
	15502	:	387f47;
	15503	:	387f47;
	15504	:	387f47;
	15505	:	387f47;
	15506	:	387f47;
	15507	:	387f47;
	15508	:	387f47;
	15509	:	387f47;
	15510	:	387f47;
	15511	:	387f47;
	15512	:	387f47;
	15513	:	387f47;
	15514	:	387f47;
	15515	:	387f47;
	15516	:	387f47;
	15517	:	387f47;
	15518	:	387f47;
	15519	:	387f47;
	15520	:	387f47;
	15521	:	387f47;
	15522	:	387f47;
	15523	:	387f47;
	15524	:	387f47;
	15525	:	387f47;
	15526	:	387f47;
	15527	:	387f47;
	15528	:	387f47;
	15529	:	387f47;
	15530	:	387f47;
	15531	:	387f47;
	15532	:	387f47;
	15533	:	387f47;
	15534	:	387f47;
	15535	:	387f47;
	15536	:	387f47;
	15537	:	387f47;
	15538	:	387f47;
	15539	:	387f47;
	15540	:	387f47;
	15541	:	387f47;
	15542	:	387f47;
	15543	:	387f47;
	15544	:	387f47;
	15545	:	387f47;
	15546	:	387f47;
	15547	:	387f47;
	15548	:	387f47;
	15549	:	387f47;
	15550	:	387f47;
	15551	:	387f47;
	15552	:	387f47;
	15553	:	387f47;
	15554	:	387f47;
	15555	:	387f47;
	15556	:	387f47;
	15557	:	387f47;
	15558	:	387f47;
	15559	:	387f47;
	15560	:	387f45;
	15561	:	368045;
	15562	:	338147;
	15563	:	338147;
	15564	:	358048;
	15565	:	367f48;
	15566	:	397e48;
	15567	:	3a7d48;
	15568	:	3a7d47;
	15569	:	397e47;
	15570	:	387f45;
	15571	:	368045;
	15572	:	368045;
	15573	:	358045;
	15574	:	358045;
	15575	:	367f47;
	15576	:	357c44;
	15577	:	3e7d48;
	15578	:	326733;
	15579	:	465e2c;
	15580	:	624a1e;
	15581	:	77411d;
	15582	:	6828d;
	15583	:	6814a;
	15584	:	7b712;
	15585	:	86116;
	15586	:	89014;
	15587	:	88112;
	15588	:	85214;
	15589	:	86114;
	15590	:	89014;
	15591	:	89016;
	15592	:	88016;
	15593	:	88016;
	15594	:	88016;
	15595	:	88016;
	15596	:	88016;
	15597	:	88016;
	15598	:	88016;
	15599	:	88016;
	15600	:	582c5;
	15601	:	694920;
	15602	:	564e20;
	15603	:	4f6332;
	15604	:	417640;
	15605	:	3b8049;
	15606	:	367b45;
	15607	:	3b804a;
	15608	:	387f47;
	15609	:	367f47;
	15610	:	387f45;
	15611	:	387f45;
	15612	:	387f47;
	15613	:	387f47;
	15614	:	387e48;
	15615	:	387e48;
	15616	:	387f47;
	15617	:	387f47;
	15618	:	387f47;
	15619	:	387f47;
	15620	:	387f47;
	15621	:	387f47;
	15622	:	387f47;
	15623	:	387f47;
	15624	:	387f47;
	15625	:	387f47;
	15626	:	387f47;
	15627	:	387f47;
	15628	:	387f47;
	15629	:	387f47;
	15630	:	387f47;
	15631	:	387f47;
	15632	:	387f47;
	15633	:	387f47;
	15634	:	387f47;
	15635	:	387f47;
	15636	:	387f47;
	15637	:	387f47;
	15638	:	387f47;
	15639	:	387f47;
	15640	:	387f47;
	15641	:	387f47;
	15642	:	387f47;
	15643	:	387f47;
	15644	:	387f47;
	15645	:	387f47;
	15646	:	387f47;
	15647	:	387f47;
	15648	:	387f47;
	15649	:	387f47;
	15650	:	387f47;
	15651	:	387f47;
	15652	:	387f47;
	15653	:	387f47;
	15654	:	387f47;
	15655	:	387f47;
	15656	:	387f47;
	15657	:	387f47;
	15658	:	387f47;
	15659	:	387f47;
	15660	:	387f47;
	15661	:	387f47;
	15662	:	387f47;
	15663	:	387f47;
	15664	:	387f47;
	15665	:	387f47;
	15666	:	387f47;
	15667	:	387f47;
	15668	:	387f47;
	15669	:	387f47;
	15670	:	387f47;
	15671	:	387f47;
	15672	:	387f47;
	15673	:	387f47;
	15674	:	387f47;
	15675	:	387f47;
	15676	:	387f47;
	15677	:	387f47;
	15678	:	387f47;
	15679	:	387f47;
	15680	:	397e47;
	15681	:	397e47;
	15682	:	387f47;
	15683	:	387f47;
	15684	:	387e48;
	15685	:	397e48;
	15686	:	3a7d47;
	15687	:	3a7d47;
	15688	:	397e47;
	15689	:	387f47;
	15690	:	368045;
	15691	:	368045;
	15692	:	367f47;
	15693	:	367f47;
	15694	:	367f47;
	15695	:	367f48;
	15696	:	368149;
	15697	:	3e7f49;
	15698	:	3c622f;
	15699	:	545a2c;
	15700	:	694920;
	15701	:	773f1e;
	15702	:	6b20d;
	15703	:	6fda;
	15704	:	7e514;
	15705	:	86018;
	15706	:	89016;
	15707	:	8a014;
	15708	:	88014;
	15709	:	86114;
	15710	:	89016;
	15711	:	89016;
	15712	:	88016;
	15713	:	88016;
	15714	:	88016;
	15715	:	88016;
	15716	:	88016;
	15717	:	88016;
	15718	:	88016;
	15719	:	88016;
	15720	:	582c5;
	15721	:	694920;
	15722	:	595123;
	15723	:	495d2a;
	15724	:	487d45;
	15725	:	3b8047;
	15726	:	387d46;
	15727	:	397e48;
	15728	:	387f47;
	15729	:	367f47;
	15730	:	387f45;
	15731	:	387f45;
	15732	:	387f47;
	15733	:	387f47;
	15734	:	387e48;
	15735	:	387e48;
	15736	:	387f47;
	15737	:	387f47;
	15738	:	387f47;
	15739	:	387f47;
	15740	:	387f47;
	15741	:	387f47;
	15742	:	387f47;
	15743	:	387f47;
	15744	:	387f47;
	15745	:	387f47;
	15746	:	387f47;
	15747	:	387f47;
	15748	:	387f47;
	15749	:	387f47;
	15750	:	387f47;
	15751	:	387f47;
	15752	:	387f47;
	15753	:	387f47;
	15754	:	387f47;
	15755	:	387f47;
	15756	:	387f47;
	15757	:	387f47;
	15758	:	387f47;
	15759	:	387f47;
	15760	:	387f47;
	15761	:	387f47;
	15762	:	387f47;
	15763	:	387f47;
	15764	:	387f47;
	15765	:	387f47;
	15766	:	387f47;
	15767	:	387f47;
	15768	:	387f47;
	15769	:	387f47;
	15770	:	387f47;
	15771	:	387f47;
	15772	:	387f47;
	15773	:	387f47;
	15774	:	387f47;
	15775	:	387f47;
	15776	:	387f47;
	15777	:	387f47;
	15778	:	387f47;
	15779	:	387f47;
	15780	:	387f47;
	15781	:	387f47;
	15782	:	387f47;
	15783	:	387f47;
	15784	:	387f47;
	15785	:	387f47;
	15786	:	387f47;
	15787	:	387f47;
	15788	:	387f47;
	15789	:	387f47;
	15790	:	387f47;
	15791	:	387f47;
	15792	:	387f47;
	15793	:	387f47;
	15794	:	387f47;
	15795	:	387f47;
	15796	:	387f47;
	15797	:	387f47;
	15798	:	387f47;
	15799	:	387f47;
	15800	:	397e47;
	15801	:	397e47;
	15802	:	397e47;
	15803	:	397e47;
	15804	:	397e48;
	15805	:	397e47;
	15806	:	397e47;
	15807	:	397e47;
	15808	:	387f47;
	15809	:	367f47;
	15810	:	368045;
	15811	:	368045;
	15812	:	367f47;
	15813	:	387f47;
	15814	:	387e48;
	15815	:	367f48;
	15816	:	348149;
	15817	:	3f7b45;
	15818	:	445c2a;
	15819	:	574e23;
	15820	:	6d4a24;
	15821	:	61248;
	15822	:	751b12;
	15823	:	789f;
	15824	:	7f416;
	15825	:	85119;
	15826	:	89016;
	15827	:	8a014;
	15828	:	89014;
	15829	:	88014;
	15830	:	88018;
	15831	:	88018;
	15832	:	88016;
	15833	:	88016;
	15834	:	88016;
	15835	:	88016;
	15836	:	88016;
	15837	:	88016;
	15838	:	88016;
	15839	:	88016;
	15840	:	582c5;
	15841	:	68481f;
	15842	:	5a5224;
	15843	:	485c2b;
	15844	:	427741;
	15845	:	397e47;
	15846	:	3a7f49;
	15847	:	387d47;
	15848	:	387f47;
	15849	:	387f47;
	15850	:	387f45;
	15851	:	387f45;
	15852	:	387f47;
	15853	:	387f47;
	15854	:	387e48;
	15855	:	387e48;
	15856	:	387f47;
	15857	:	387f47;
	15858	:	387f47;
	15859	:	387f47;
	15860	:	387f47;
	15861	:	387f47;
	15862	:	387f47;
	15863	:	387f47;
	15864	:	387f47;
	15865	:	387f47;
	15866	:	387f47;
	15867	:	387f47;
	15868	:	387f47;
	15869	:	387f47;
	15870	:	387f47;
	15871	:	387f47;
	15872	:	387f47;
	15873	:	387f47;
	15874	:	387f47;
	15875	:	387f47;
	15876	:	387f47;
	15877	:	387f47;
	15878	:	387f47;
	15879	:	387f47;
	15880	:	387f47;
	15881	:	387f47;
	15882	:	387f47;
	15883	:	387f47;
	15884	:	387f47;
	15885	:	387f47;
	15886	:	387f47;
	15887	:	387f47;
	15888	:	387f47;
	15889	:	387f47;
	15890	:	387f47;
	15891	:	387f47;
	15892	:	387f47;
	15893	:	387f47;
	15894	:	387f47;
	15895	:	387f47;
	15896	:	387f47;
	15897	:	387f47;
	15898	:	387f47;
	15899	:	387f47;
	15900	:	387f47;
	15901	:	387f47;
	15902	:	387f47;
	15903	:	387f47;
	15904	:	387f47;
	15905	:	387f47;
	15906	:	387f47;
	15907	:	387f47;
	15908	:	387f47;
	15909	:	387f47;
	15910	:	387f47;
	15911	:	387f47;
	15912	:	387f47;
	15913	:	387f47;
	15914	:	387f47;
	15915	:	387f47;
	15916	:	387f47;
	15917	:	387f47;
	15918	:	387f47;
	15919	:	387f47;
	15920	:	387e48;
	15921	:	397e48;
	15922	:	3a7d47;
	15923	:	3c7d47;
	15924	:	3c7d47;
	15925	:	3a7d47;
	15926	:	397e47;
	15927	:	387f45;
	15928	:	367f47;
	15929	:	367f47;
	15930	:	367f47;
	15931	:	367f47;
	15932	:	387e48;
	15933	:	397e48;
	15934	:	3a7d4a;
	15935	:	397d4a;
	15936	:	337e46;
	15937	:	306730;
	15938	:	555f2d;
	15939	:	5e471d;
	15940	:	704824;
	15941	:	6521c;
	15942	:	75bd;
	15943	:	84516;
	15944	:	81318;
	15945	:	83119;
	15946	:	89018;
	15947	:	8c016;
	15948	:	8c014;
	15949	:	8a014;
	15950	:	86018;
	15951	:	85118;
	15952	:	86116;
	15953	:	88016;
	15954	:	88016;
	15955	:	88016;
	15956	:	88016;
	15957	:	88016;
	15958	:	88016;
	15959	:	88016;
	15960	:	582c5;
	15961	:	67471e;
	15962	:	595123;
	15963	:	4d6130;
	15964	:	356a34;
	15965	:	357a41;
	15966	:	397e47;
	15967	:	3a7f49;
	15968	:	387f47;
	15969	:	387f47;
	15970	:	387f45;
	15971	:	387f45;
	15972	:	387f47;
	15973	:	387f47;
	15974	:	387e48;
	15975	:	387e48;
	15976	:	387f47;
	15977	:	387f47;
	15978	:	387f47;
	15979	:	387f47;
	15980	:	387f47;
	15981	:	387f47;
	15982	:	387f47;
	15983	:	387f47;
	15984	:	387f47;
	15985	:	387f47;
	15986	:	387f47;
	15987	:	387f47;
	15988	:	387f47;
	15989	:	387f47;
	15990	:	387f47;
	15991	:	387f47;
	15992	:	387f47;
	15993	:	387f47;
	15994	:	387f47;
	15995	:	387f47;
	15996	:	387f47;
	15997	:	387f47;
	15998	:	387f47;
	15999	:	387f47;
	16000	:	387f47;
	16001	:	387f47;
	16002	:	387f47;
	16003	:	387f47;
	16004	:	387f47;
	16005	:	387f47;
	16006	:	387f47;
	16007	:	387f47;
	16008	:	387f47;
	16009	:	387f47;
	16010	:	387f47;
	16011	:	387f47;
	16012	:	387f47;
	16013	:	387f47;
	16014	:	387f47;
	16015	:	387f47;
	16016	:	387f47;
	16017	:	387f47;
	16018	:	387f47;
	16019	:	387f47;
	16020	:	387f47;
	16021	:	387f47;
	16022	:	387f47;
	16023	:	387f47;
	16024	:	387f47;
	16025	:	387f47;
	16026	:	387f47;
	16027	:	387f47;
	16028	:	387f47;
	16029	:	387f47;
	16030	:	387f47;
	16031	:	387f47;
	16032	:	387f47;
	16033	:	387f47;
	16034	:	387f47;
	16035	:	387f47;
	16036	:	387f47;
	16037	:	387f47;
	16038	:	387f47;
	16039	:	387f47;
	16040	:	367f48;
	16041	:	387e48;
	16042	:	3a7d47;
	16043	:	3a7d47;
	16044	:	3a7d47;
	16045	:	397e47;
	16046	:	387f45;
	16047	:	368045;
	16048	:	367f47;
	16049	:	367f47;
	16050	:	367f47;
	16051	:	387f47;
	16052	:	397e48;
	16053	:	397e48;
	16054	:	3a7d4a;
	16055	:	3a7d4a;
	16056	:	387d47;
	16057	:	396832;
	16058	:	575323;
	16059	:	704b21;
	16060	:	734221;
	16061	:	6c2010;
	16062	:	7d912;
	16063	:	84014;
	16064	:	83119;
	16065	:	85119;
	16066	:	89018;
	16067	:	8c016;
	16068	:	8c014;
	16069	:	89014;
	16070	:	85118;
	16071	:	85118;
	16072	:	86116;
	16073	:	88016;
	16074	:	88016;
	16075	:	88016;
	16076	:	88016;
	16077	:	88016;
	16078	:	88016;
	16079	:	88016;
	16080	:	592d6;
	16081	:	66461d;
	16082	:	5d5429;
	16083	:	485c2b;
	16084	:	3f743e;
	16085	:	2e733c;
	16086	:	367b45;
	16087	:	397e48;
	16088	:	387e48;
	16089	:	387f47;
	16090	:	387f45;
	16091	:	387f45;
	16092	:	387f47;
	16093	:	387f47;
	16094	:	387e48;
	16095	:	387e48;
	16096	:	387f47;
	16097	:	387f47;
	16098	:	387f47;
	16099	:	387f47;
	16100	:	387f47;
	16101	:	387f47;
	16102	:	387f47;
	16103	:	387f47;
	16104	:	387f47;
	16105	:	387f47;
	16106	:	387f47;
	16107	:	387f47;
	16108	:	387f47;
	16109	:	387f47;
	16110	:	387f47;
	16111	:	387f47;
	16112	:	387f47;
	16113	:	387f47;
	16114	:	387f47;
	16115	:	387f47;
	16116	:	387f47;
	16117	:	387f47;
	16118	:	387f47;
	16119	:	387f47;
	16120	:	387f47;
	16121	:	387f47;
	16122	:	387f47;
	16123	:	387f47;
	16124	:	387f47;
	16125	:	387f47;
	16126	:	387f47;
	16127	:	387f47;
	16128	:	387f47;
	16129	:	387f47;
	16130	:	387f47;
	16131	:	387f47;
	16132	:	387f47;
	16133	:	387f47;
	16134	:	387f47;
	16135	:	387f47;
	16136	:	387f47;
	16137	:	387f47;
	16138	:	387f47;
	16139	:	387f47;
	16140	:	387f47;
	16141	:	387f47;
	16142	:	387f47;
	16143	:	387f47;
	16144	:	387f47;
	16145	:	387f47;
	16146	:	387f47;
	16147	:	387f47;
	16148	:	387f47;
	16149	:	387f47;
	16150	:	387f47;
	16151	:	387f47;
	16152	:	387f47;
	16153	:	387f47;
	16154	:	387f47;
	16155	:	387f47;
	16156	:	387f47;
	16157	:	387f47;
	16158	:	387f47;
	16159	:	367f47;
	16160	:	358048;
	16161	:	367f48;
	16162	:	397e47;
	16163	:	397e47;
	16164	:	387f45;
	16165	:	368045;
	16166	:	358045;
	16167	:	358045;
	16168	:	367f47;
	16169	:	387f47;
	16170	:	397e48;
	16171	:	397e48;
	16172	:	397d4a;
	16173	:	397d4a;
	16174	:	3a7d4a;
	16175	:	3c7c48;
	16176	:	407c48;
	16177	:	41622d;
	16178	:	624d1e;
	16179	:	724119;
	16180	:	6229c;
	16181	:	6d1d12;
	16182	:	78411;
	16183	:	8711a;
	16184	:	88019;
	16185	:	89019;
	16186	:	8c018;
	16187	:	8c016;
	16188	:	88112;
	16189	:	86112;
	16190	:	86018;
	16191	:	86019;
	16192	:	88018;
	16193	:	88016;
	16194	:	88016;
	16195	:	88016;
	16196	:	88016;
	16197	:	88016;
	16198	:	88016;
	16199	:	88016;
	16200	:	562a3;
	16201	:	6c4c23;
	16202	:	574e23;
	16203	:	4b5f2e;
	16204	:	477c46;
	16205	:	357a41;
	16206	:	2a6f38;
	16207	:	397e48;
	16208	:	387e48;
	16209	:	387e48;
	16210	:	387f47;
	16211	:	387f45;
	16212	:	387f47;
	16213	:	387f47;
	16214	:	387e48;
	16215	:	387e48;
	16216	:	387f47;
	16217	:	387f47;
	16218	:	387f47;
	16219	:	387f47;
	16220	:	387f47;
	16221	:	387f47;
	16222	:	387f47;
	16223	:	387f47;
	16224	:	387f47;
	16225	:	387f47;
	16226	:	387f47;
	16227	:	387f47;
	16228	:	387f47;
	16229	:	387f47;
	16230	:	387f47;
	16231	:	387f47;
	16232	:	387f47;
	16233	:	387f47;
	16234	:	387f47;
	16235	:	387f47;
	16236	:	387f47;
	16237	:	387f47;
	16238	:	387f47;
	16239	:	387f47;
	16240	:	387f47;
	16241	:	387f47;
	16242	:	387f47;
	16243	:	387f47;
	16244	:	387f47;
	16245	:	387f47;
	16246	:	387f47;
	16247	:	387f47;
	16248	:	387f47;
	16249	:	387f47;
	16250	:	387f47;
	16251	:	387f47;
	16252	:	387f47;
	16253	:	387f47;
	16254	:	387f47;
	16255	:	387f47;
	16256	:	387f47;
	16257	:	387f47;
	16258	:	387f47;
	16259	:	387f47;
	16260	:	387f47;
	16261	:	387f47;
	16262	:	387f47;
	16263	:	387f47;
	16264	:	387f47;
	16265	:	387f47;
	16266	:	387f47;
	16267	:	387f47;
	16268	:	387f47;
	16269	:	387f47;
	16270	:	387f47;
	16271	:	387f47;
	16272	:	387f47;
	16273	:	387f47;
	16274	:	387f47;
	16275	:	387f47;
	16276	:	387f47;
	16277	:	387f47;
	16278	:	387f47;
	16279	:	367f47;
	16280	:	358048;
	16281	:	358048;
	16282	:	387f47;
	16283	:	387f47;
	16284	:	368045;
	16285	:	358045;
	16286	:	338145;
	16287	:	358045;
	16288	:	387f47;
	16289	:	397e47;
	16290	:	397e48;
	16291	:	397e48;
	16292	:	387e4a;
	16293	:	387e4a;
	16294	:	397d4a;
	16295	:	3f7b47;
	16296	:	376632;
	16297	:	4a5a29;
	16298	:	6a4b1c;
	16299	:	7c421c;
	16300	:	6622b;
	16301	:	6b14d;
	16302	:	7b815;
	16303	:	84018;
	16304	:	89019;
	16305	:	8c018;
	16306	:	8c018;
	16307	:	8a016;
	16308	:	85212;
	16309	:	85212;
	16310	:	88018;
	16311	:	88018;
	16312	:	88016;
	16313	:	88016;
	16314	:	88016;
	16315	:	88016;
	16316	:	88016;
	16317	:	88016;
	16318	:	88016;
	16319	:	88016;
	16320	:	582c5;
	16321	:	694920;
	16322	:	595025;
	16323	:	4b5f2e;
	16324	:	447943;
	16325	:	387d46;
	16326	:	3a7d48;
	16327	:	296e38;
	16328	:	367c46;
	16329	:	3b814b;
	16330	:	367d45;
	16331	:	377e46;
	16332	:	398048;
	16333	:	367d45;
	16334	:	3b814b;
	16335	:	357b45;
	16336	:	387f47;
	16337	:	387f47;
	16338	:	387f47;
	16339	:	387f47;
	16340	:	387f47;
	16341	:	387f47;
	16342	:	387f47;
	16343	:	387f47;
	16344	:	387f47;
	16345	:	387f47;
	16346	:	387f47;
	16347	:	387f47;
	16348	:	387f47;
	16349	:	387f47;
	16350	:	387f47;
	16351	:	387f47;
	16352	:	387f47;
	16353	:	387f47;
	16354	:	387f47;
	16355	:	387f47;
	16356	:	387f47;
	16357	:	387f47;
	16358	:	387f47;
	16359	:	387f47;
	16360	:	387f47;
	16361	:	387f47;
	16362	:	387f47;
	16363	:	387f47;
	16364	:	387f47;
	16365	:	387f47;
	16366	:	387f47;
	16367	:	387f47;
	16368	:	387f47;
	16369	:	387f47;
	16370	:	387f47;
	16371	:	387f47;
	16372	:	387f47;
	16373	:	387f47;
	16374	:	387f47;
	16375	:	387f47;
	16376	:	387f47;
	16377	:	387f47;
	16378	:	387f47;
	16379	:	387f47;
	16380	:	387f47;
	16381	:	387f47;
	16382	:	387f47;
	16383	:	387f47;
	16384	:	387f47;
	16385	:	387f47;
	16386	:	387f47;
	16387	:	387f47;
	16388	:	387f47;
	16389	:	387f47;
	16390	:	387f47;
	16391	:	387f47;
	16392	:	387f47;
	16393	:	387f47;
	16394	:	387f47;
	16395	:	387f47;
	16396	:	387f47;
	16397	:	387f47;
	16398	:	387f47;
	16399	:	367f47;
	16400	:	358048;
	16401	:	367f48;
	16402	:	387f47;
	16403	:	387f47;
	16404	:	358045;
	16405	:	338143;
	16406	:	338143;
	16407	:	358045;
	16408	:	387f47;
	16409	:	377c45;
	16410	:	3d824c;
	16411	:	357b45;
	16412	:	347f47;
	16413	:	368149;
	16414	:	357e47;
	16415	:	407b45;
	16416	:	44602f;
	16417	:	555323;
	16418	:	674716;
	16419	:	804620;
	16420	:	6b1ea;
	16421	:	6efd;
	16422	:	7c918;
	16423	:	82018;
	16424	:	8a018;
	16425	:	8d018;
	16426	:	8a018;
	16427	:	88014;
	16428	:	85212;
	16429	:	85212;
	16430	:	88016;
	16431	:	89018;
	16432	:	88016;
	16433	:	88016;
	16434	:	88016;
	16435	:	88016;
	16436	:	88016;
	16437	:	88016;
	16438	:	88016;
	16439	:	88016;
	16440	:	582c5;
	16441	:	694920;
	16442	:	574e23;
	16443	:	495d2c;
	16444	:	437842;
	16445	:	3d8249;
	16446	:	377a44;
	16447	:	3a7f49;
	16448	:	286e38;
	16449	:	347a44;
	16450	:	398048;
	16451	:	3c834b;
	16452	:	387f47;
	16453	:	398048;
	16454	:	357b45;
	16455	:	3a804a;
	16456	:	387f47;
	16457	:	387f47;
	16458	:	387f47;
	16459	:	387f47;
	16460	:	387f47;
	16461	:	387f47;
	16462	:	387f47;
	16463	:	387f47;
	16464	:	387f47;
	16465	:	387f47;
	16466	:	387f47;
	16467	:	387f47;
	16468	:	387f47;
	16469	:	387f47;
	16470	:	387f47;
	16471	:	387f47;
	16472	:	387f47;
	16473	:	387f47;
	16474	:	387f47;
	16475	:	387f47;
	16476	:	387f47;
	16477	:	387f47;
	16478	:	387f47;
	16479	:	387f47;
	16480	:	387f47;
	16481	:	387f47;
	16482	:	387f47;
	16483	:	387f47;
	16484	:	387f47;
	16485	:	387f47;
	16486	:	387f47;
	16487	:	387f47;
	16488	:	387f47;
	16489	:	387f47;
	16490	:	387f47;
	16491	:	387f47;
	16492	:	387f47;
	16493	:	387f47;
	16494	:	387f47;
	16495	:	387f47;
	16496	:	387f47;
	16497	:	387f47;
	16498	:	387f47;
	16499	:	387f47;
	16500	:	387f47;
	16501	:	387f47;
	16502	:	387f47;
	16503	:	387f47;
	16504	:	387f47;
	16505	:	387f47;
	16506	:	387f47;
	16507	:	387f47;
	16508	:	387f47;
	16509	:	387f47;
	16510	:	387f47;
	16511	:	387f47;
	16512	:	387f47;
	16513	:	387f47;
	16514	:	387f47;
	16515	:	387f47;
	16516	:	387f47;
	16517	:	387f47;
	16518	:	387f47;
	16519	:	387f47;
	16520	:	367f48;
	16521	:	387e48;
	16522	:	397e47;
	16523	:	397e45;
	16524	:	358143;
	16525	:	338143;
	16526	:	338143;
	16527	:	358045;
	16528	:	3b8049;
	16529	:	3b7e48;
	16530	:	337842;
	16531	:	3a834c;
	16532	:	307d45;
	16533	:	37854b;
	16534	:	378146;
	16535	:	376934;
	16536	:	51582c;
	16537	:	634e23;
	16538	:	6f4a1d;
	16539	:	5e240;
	16540	:	731bd;
	16541	:	78b10;
	16542	:	7e818;
	16543	:	82318;
	16544	:	89018;
	16545	:	8c016;
	16546	:	89016;
	16547	:	88014;
	16548	:	85212;
	16549	:	85212;
	16550	:	88016;
	16551	:	89018;
	16552	:	88016;
	16553	:	88016;
	16554	:	88016;
	16555	:	88016;
	16556	:	88016;
	16557	:	88016;
	16558	:	88016;
	16559	:	88016;
	16560	:	5a2d6;
	16561	:	69481f;
	16562	:	5c5328;
	16563	:	4a5e2d;
	16564	:	326731;
	16565	:	377c45;
	16566	:	3d804b;
	16567	:	367944;
	16568	:	3b804a;
	16569	:	286e38;
	16570	:	367d45;
	16571	:	367d45;
	16572	:	367d45;
	16573	:	387f47;
	16574	:	3b804a;
	16575	:	357a44;
	16576	:	387f47;
	16577	:	387f47;
	16578	:	387f47;
	16579	:	387f47;
	16580	:	387f47;
	16581	:	387f47;
	16582	:	387f47;
	16583	:	387f47;
	16584	:	387f47;
	16585	:	387f47;
	16586	:	387f47;
	16587	:	387f47;
	16588	:	387f47;
	16589	:	387f47;
	16590	:	387f47;
	16591	:	387f47;
	16592	:	387f47;
	16593	:	387f47;
	16594	:	387f47;
	16595	:	387f47;
	16596	:	387f47;
	16597	:	387f47;
	16598	:	387f47;
	16599	:	387f47;
	16600	:	387f47;
	16601	:	387f47;
	16602	:	387f47;
	16603	:	387f47;
	16604	:	387f47;
	16605	:	387f47;
	16606	:	387f47;
	16607	:	387f47;
	16608	:	387f47;
	16609	:	387f47;
	16610	:	387f47;
	16611	:	387f47;
	16612	:	387f47;
	16613	:	387f47;
	16614	:	387f47;
	16615	:	387f47;
	16616	:	387f47;
	16617	:	387f47;
	16618	:	387f47;
	16619	:	387f47;
	16620	:	387f47;
	16621	:	387f47;
	16622	:	387f47;
	16623	:	387f47;
	16624	:	387f47;
	16625	:	387f47;
	16626	:	387f47;
	16627	:	387f47;
	16628	:	387f47;
	16629	:	387f47;
	16630	:	387f47;
	16631	:	387f47;
	16632	:	387f47;
	16633	:	387f47;
	16634	:	387f47;
	16635	:	387f47;
	16636	:	387f47;
	16637	:	387f47;
	16638	:	387f47;
	16639	:	387e48;
	16640	:	397d4a;
	16641	:	3a7d4a;
	16642	:	3c7c48;
	16643	:	3a7d47;
	16644	:	368045;
	16645	:	358143;
	16646	:	358045;
	16647	:	368045;
	16648	:	3a7f48;
	16649	:	397c47;
	16650	:	397f49;
	16651	:	347f47;
	16652	:	348449;
	16653	:	2f7d41;
	16654	:	397d42;
	16655	:	39602b;
	16656	:	5d5026;
	16657	:	6e4823;
	16658	:	6e471e;
	16659	:	6429b;
	16660	:	7411b;
	16661	:	7b3c;
	16662	:	7d012;
	16663	:	8541a;
	16664	:	86018;
	16665	:	88016;
	16666	:	86116;
	16667	:	86114;
	16668	:	88112;
	16669	:	88112;
	16670	:	88016;
	16671	:	88016;
	16672	:	88016;
	16673	:	88016;
	16674	:	88016;
	16675	:	88016;
	16676	:	88016;
	16677	:	88016;
	16678	:	88016;
	16679	:	88016;
	16680	:	572a3;
	16681	:	6c4b22;
	16682	:	574e23;
	16683	:	485c2b;
	16684	:	487d47;
	16685	:	256a33;
	16686	:	3c7f4a;
	16687	:	3b804a;
	16688	:	347a44;
	16689	:	3b814b;
	16690	:	266d35;
	16691	:	367d45;
	16692	:	3b824a;
	16693	:	377e46;
	16694	:	397e48;
	16695	:	3a7f49;
	16696	:	387f47;
	16697	:	387f47;
	16698	:	387f47;
	16699	:	387f47;
	16700	:	387f47;
	16701	:	387f47;
	16702	:	387f47;
	16703	:	387f47;
	16704	:	387f47;
	16705	:	387f47;
	16706	:	387f47;
	16707	:	387f47;
	16708	:	387f47;
	16709	:	387f47;
	16710	:	387f47;
	16711	:	387f47;
	16712	:	387f47;
	16713	:	387f47;
	16714	:	387f47;
	16715	:	387f47;
	16716	:	387f47;
	16717	:	387f47;
	16718	:	387f47;
	16719	:	387f47;
	16720	:	387f47;
	16721	:	387f47;
	16722	:	387f47;
	16723	:	387f47;
	16724	:	387f47;
	16725	:	387f47;
	16726	:	387f47;
	16727	:	387f47;
	16728	:	387f47;
	16729	:	387f47;
	16730	:	387f47;
	16731	:	387f47;
	16732	:	387f47;
	16733	:	387f47;
	16734	:	387f47;
	16735	:	387f47;
	16736	:	387f47;
	16737	:	387f47;
	16738	:	387f47;
	16739	:	387f47;
	16740	:	387f47;
	16741	:	387f47;
	16742	:	387f47;
	16743	:	387f47;
	16744	:	387f47;
	16745	:	387f47;
	16746	:	387f47;
	16747	:	387f47;
	16748	:	387f47;
	16749	:	387f47;
	16750	:	387f47;
	16751	:	387f47;
	16752	:	387f47;
	16753	:	387f47;
	16754	:	387f47;
	16755	:	387f47;
	16756	:	387f47;
	16757	:	387f47;
	16758	:	387f47;
	16759	:	397e47;
	16760	:	3a7d48;
	16761	:	3c7c48;
	16762	:	3c7d47;
	16763	:	3a7d47;
	16764	:	368045;
	16765	:	358143;
	16766	:	358045;
	16767	:	367f47;
	16768	:	397c47;
	16769	:	3a7d48;
	16770	:	38814a;
	16771	:	358047;
	16772	:	347f44;
	16773	:	397f41;
	16774	:	356b31;
	16775	:	485f2b;
	16776	:	644b22;
	16777	:	713f1e;
	16778	:	5a278;
	16779	:	6a23f;
	16780	:	7377;
	16781	:	83310;
	16782	:	82113;
	16783	:	87318;
	16784	:	86116;
	16785	:	88016;
	16786	:	86114;
	16787	:	86114;
	16788	:	88014;
	16789	:	88014;
	16790	:	88016;
	16791	:	88016;
	16792	:	88016;
	16793	:	88016;
	16794	:	88016;
	16795	:	88016;
	16796	:	88016;
	16797	:	88016;
	16798	:	88016;
	16799	:	88016;
	16800	:	592c5;
	16801	:	69481f;
	16802	:	5a4e24;
	16803	:	506232;
	16804	:	40753f;
	16805	:	3d824b;
	16806	:	276a35;
	16807	:	3c7f4c;
	16808	:	397e48;
	16809	:	3a804a;
	16810	:	347b43;
	16811	:	2c733b;
	16812	:	398048;
	16813	:	347b43;
	16814	:	3a7f49;
	16815	:	3a7f49;
	16816	:	387f47;
	16817	:	387f47;
	16818	:	387f47;
	16819	:	387f47;
	16820	:	387f47;
	16821	:	387f47;
	16822	:	387f47;
	16823	:	387f47;
	16824	:	387f47;
	16825	:	387f47;
	16826	:	387f47;
	16827	:	387f47;
	16828	:	387f47;
	16829	:	387f47;
	16830	:	387f47;
	16831	:	387f47;
	16832	:	387f47;
	16833	:	387f47;
	16834	:	387f47;
	16835	:	387f47;
	16836	:	387f47;
	16837	:	387f47;
	16838	:	387f47;
	16839	:	387f47;
	16840	:	387f47;
	16841	:	387f47;
	16842	:	387f47;
	16843	:	387f47;
	16844	:	387f47;
	16845	:	387f47;
	16846	:	387f47;
	16847	:	387f47;
	16848	:	387f47;
	16849	:	387f47;
	16850	:	387f47;
	16851	:	387f47;
	16852	:	387f47;
	16853	:	387f47;
	16854	:	387f47;
	16855	:	387f47;
	16856	:	387f47;
	16857	:	387f47;
	16858	:	387f47;
	16859	:	387f47;
	16860	:	387f47;
	16861	:	387f47;
	16862	:	387f47;
	16863	:	387f47;
	16864	:	387f47;
	16865	:	387f47;
	16866	:	387f47;
	16867	:	387f47;
	16868	:	387f47;
	16869	:	387f47;
	16870	:	387f47;
	16871	:	387f47;
	16872	:	387f47;
	16873	:	387f47;
	16874	:	387f47;
	16875	:	387f47;
	16876	:	387f47;
	16877	:	387f47;
	16878	:	387f47;
	16879	:	397e47;
	16880	:	3a7d48;
	16881	:	3c7c48;
	16882	:	3c7d47;
	16883	:	3a7d47;
	16884	:	368045;
	16885	:	358045;
	16886	:	367f47;
	16887	:	387f47;
	16888	:	3d804b;
	16889	:	397c49;
	16890	:	347d46;
	16891	:	367f47;
	16892	:	3c8045;
	16893	:	43793f;
	16894	:	43602a;
	16895	:	535524;
	16896	:	6e4d24;
	16897	:	794022;
	16898	:	692512;
	16899	:	6b10b;
	16900	:	80811;
	16901	:	88314;
	16902	:	87416;
	16903	:	84014;
	16904	:	89016;
	16905	:	89016;
	16906	:	88014;
	16907	:	85214;
	16908	:	85214;
	16909	:	86116;
	16910	:	89016;
	16911	:	8a016;
	16912	:	89016;
	16913	:	88016;
	16914	:	88016;
	16915	:	88016;
	16916	:	88016;
	16917	:	88016;
	16918	:	88016;
	16919	:	88016;
	16920	:	572a3;
	16921	:	6c4b22;
	16922	:	5c5026;
	16923	:	495b2b;
	16924	:	437842;
	16925	:	387d46;
	16926	:	3b7e49;
	16927	:	286c39;
	16928	:	397f49;
	16929	:	377d47;
	16930	:	3a8149;
	16931	:	357c44;
	16932	:	256c34;
	16933	:	367d45;
	16934	:	3b804a;
	16935	:	357a44;
	16936	:	387f47;
	16937	:	387f47;
	16938	:	387f47;
	16939	:	387f47;
	16940	:	387f47;
	16941	:	387f47;
	16942	:	387f47;
	16943	:	387f47;
	16944	:	387f47;
	16945	:	387f47;
	16946	:	387f47;
	16947	:	387f47;
	16948	:	387f47;
	16949	:	387f47;
	16950	:	387f47;
	16951	:	387f47;
	16952	:	387f47;
	16953	:	387f47;
	16954	:	387f47;
	16955	:	387f47;
	16956	:	387f47;
	16957	:	387f47;
	16958	:	387f47;
	16959	:	387f47;
	16960	:	387f47;
	16961	:	387f47;
	16962	:	387f47;
	16963	:	387f47;
	16964	:	387f47;
	16965	:	387f47;
	16966	:	387f47;
	16967	:	387f47;
	16968	:	387f47;
	16969	:	387f47;
	16970	:	387f47;
	16971	:	387f47;
	16972	:	387f47;
	16973	:	387f47;
	16974	:	387f47;
	16975	:	387f47;
	16976	:	387f47;
	16977	:	387f47;
	16978	:	387f47;
	16979	:	387f47;
	16980	:	387f47;
	16981	:	387f47;
	16982	:	387f47;
	16983	:	387f47;
	16984	:	387f47;
	16985	:	387f47;
	16986	:	387f47;
	16987	:	387f47;
	16988	:	387f47;
	16989	:	387f47;
	16990	:	387f47;
	16991	:	387f47;
	16992	:	387f47;
	16993	:	387f47;
	16994	:	387f47;
	16995	:	387f47;
	16996	:	387f47;
	16997	:	387f47;
	16998	:	387f47;
	16999	:	387f47;
	17000	:	387e48;
	17001	:	397e48;
	17002	:	3a7d47;
	17003	:	397e47;
	17004	:	368045;
	17005	:	358045;
	17006	:	367f47;
	17007	:	387e48;
	17008	:	3c7f4c;
	17009	:	387b48;
	17010	:	378049;
	17011	:	398048;
	17012	:	407b41;
	17013	:	3f642e;
	17014	:	565d2a;
	17015	:	5d4b1d;
	17016	:	6a451b;
	17017	:	652ac;
	17018	:	741d16;
	17019	:	769f;
	17020	:	84413;
	17021	:	87012;
	17022	:	87013;
	17023	:	89016;
	17024	:	8a018;
	17025	:	8a018;
	17026	:	88016;
	17027	:	85116;
	17028	:	83216;
	17029	:	85118;
	17030	:	89016;
	17031	:	8a016;
	17032	:	89016;
	17033	:	88016;
	17034	:	88016;
	17035	:	88016;
	17036	:	88016;
	17037	:	88016;
	17038	:	88016;
	17039	:	88016;
	17040	:	572a3;
	17041	:	6d4c23;
	17042	:	584c22;
	17043	:	495b2b;
	17044	:	487d47;
	17045	:	387d46;
	17046	:	3b7e49;
	17047	:	387b48;
	17048	:	276c36;
	17049	:	387e48;
	17050	:	398048;
	17051	:	398048;
	17052	:	387f47;
	17053	:	2a7139;
	17054	:	387d47;
	17055	:	387d47;
	17056	:	387f47;
	17057	:	387f47;
	17058	:	387f47;
	17059	:	387f47;
	17060	:	387f47;
	17061	:	387f47;
	17062	:	387f47;
	17063	:	387f47;
	17064	:	387f47;
	17065	:	387f47;
	17066	:	387f47;
	17067	:	387f47;
	17068	:	387f47;
	17069	:	387f47;
	17070	:	387f47;
	17071	:	387f47;
	17072	:	387f47;
	17073	:	387f47;
	17074	:	387f47;
	17075	:	387f47;
	17076	:	387f47;
	17077	:	387f47;
	17078	:	387f47;
	17079	:	387f47;
	17080	:	387f47;
	17081	:	387f47;
	17082	:	387f47;
	17083	:	387f47;
	17084	:	387f47;
	17085	:	387f47;
	17086	:	387f47;
	17087	:	387f47;
	17088	:	387f47;
	17089	:	387f47;
	17090	:	387f47;
	17091	:	387f47;
	17092	:	387f47;
	17093	:	387f47;
	17094	:	387f47;
	17095	:	387f47;
	17096	:	387f47;
	17097	:	387f47;
	17098	:	387f47;
	17099	:	387f47;
	17100	:	387f47;
	17101	:	387f47;
	17102	:	387f47;
	17103	:	387f47;
	17104	:	387f47;
	17105	:	387f47;
	17106	:	387f47;
	17107	:	387f47;
	17108	:	387f47;
	17109	:	387f47;
	17110	:	387f47;
	17111	:	387f47;
	17112	:	387f47;
	17113	:	387f47;
	17114	:	387f47;
	17115	:	387f47;
	17116	:	387f47;
	17117	:	387f47;
	17118	:	387f47;
	17119	:	367f47;
	17120	:	358048;
	17121	:	358048;
	17122	:	387f47;
	17123	:	387f47;
	17124	:	358045;
	17125	:	358045;
	17126	:	367f47;
	17127	:	387e48;
	17128	:	377a47;
	17129	:	3d804d;
	17130	:	367c46;
	17131	:	3d7e48;
	17132	:	376831;
	17133	:	475b28;
	17134	:	614e23;
	17135	:	6e471e;
	17136	:	72481e;
	17137	:	5f226;
	17138	:	6fde;
	17139	:	82719;
	17140	:	85013;
	17141	:	8d015;
	17142	:	8d014;
	17143	:	8e017;
	17144	:	8c018;
	17145	:	8a018;
	17146	:	88016;
	17147	:	85116;
	17148	:	83119;
	17149	:	85119;
	17150	:	89018;
	17151	:	8a016;
	17152	:	89016;
	17153	:	88016;
	17154	:	88016;
	17155	:	88016;
	17156	:	88016;
	17157	:	88016;
	17158	:	88016;
	17159	:	88016;
	17160	:	592d6;
	17161	:	67461d;
	17162	:	5e5228;
	17163	:	4b5f2e;
	17164	:	336a33;
	17165	:	347b43;
	17166	:	3c814b;
	17167	:	387d47;
	17168	:	378049;
	17169	:	246d35;
	17170	:	378048;
	17171	:	377e46;
	17172	:	377e46;
	17173	:	3b8049;
	17174	:	256a33;
	17175	:	397f49;
	17176	:	387f47;
	17177	:	387f47;
	17178	:	387f47;
	17179	:	387f47;
	17180	:	387f47;
	17181	:	387f47;
	17182	:	387f47;
	17183	:	387f47;
	17184	:	387f47;
	17185	:	387f47;
	17186	:	387f47;
	17187	:	387f47;
	17188	:	387f47;
	17189	:	387f47;
	17190	:	387f47;
	17191	:	387f47;
	17192	:	387f47;
	17193	:	387f47;
	17194	:	387f47;
	17195	:	387f47;
	17196	:	387f47;
	17197	:	387f47;
	17198	:	387f47;
	17199	:	387f47;
	17200	:	387f47;
	17201	:	387f45;
	17202	:	387f45;
	17203	:	387f45;
	17204	:	387f45;
	17205	:	397e45;
	17206	:	397e45;
	17207	:	387f45;
	17208	:	387f47;
	17209	:	387f47;
	17210	:	387f47;
	17211	:	387f47;
	17212	:	387f47;
	17213	:	387f47;
	17214	:	387f47;
	17215	:	387f47;
	17216	:	387f47;
	17217	:	387f47;
	17218	:	387f47;
	17219	:	387f47;
	17220	:	387f47;
	17221	:	387f47;
	17222	:	387f47;
	17223	:	387f47;
	17224	:	387f47;
	17225	:	387f47;
	17226	:	387f47;
	17227	:	387f47;
	17228	:	397e47;
	17229	:	387f47;
	17230	:	387f47;
	17231	:	387f47;
	17232	:	387f47;
	17233	:	387f47;
	17234	:	387f47;
	17235	:	387f47;
	17236	:	367f47;
	17237	:	367f47;
	17238	:	387f47;
	17239	:	367f47;
	17240	:	338048;
	17241	:	358048;
	17242	:	397e47;
	17243	:	397e47;
	17244	:	358047;
	17245	:	358047;
	17246	:	367f48;
	17247	:	387e4a;
	17248	:	3a7d4a;
	17249	:	3d7d4b;
	17250	:	3c7a47;
	17251	:	356533;
	17252	:	465e2e;
	17253	:	585427;
	17254	:	69461e;
	17255	:	78441f;
	17256	:	62279;
	17257	:	6e2111;
	17258	:	78912;
	17259	:	85118;
	17260	:	89117;
	17261	:	8a016;
	17262	:	8e015;
	17263	:	8c015;
	17264	:	8c018;
	17265	:	89018;
	17266	:	88016;
	17267	:	86018;
	17268	:	85119;
	17269	:	85119;
	17270	:	89018;
	17271	:	89016;
	17272	:	88016;
	17273	:	88016;
	17274	:	88016;
	17275	:	88016;
	17276	:	88016;
	17277	:	88016;
	17278	:	88016;
	17279	:	88016;
	17280	:	592d8;
	17281	:	694922;
	17282	:	5b4f27;
	17283	:	4d6032;
	17284	:	39783f;
	17285	:	27773c;
	17286	:	327741;
	17287	:	3c814b;
	17288	:	35824a;
	17289	:	328247;
	17290	:	226d34;
	17291	:	367d43;
	17292	:	3d8148;
	17293	:	397c46;
	17294	:	3a8149;
	17295	:	266d35;
	17296	:	367d45;
	17297	:	3c814a;
	17298	:	377c45;
	17299	:	387d46;
	17300	:	398048;
	17301	:	367d45;
	17302	:	3b824a;
	17303	:	357c44;
	17304	:	387f47;
	17305	:	387f47;
	17306	:	387f47;
	17307	:	387f47;
	17308	:	387f47;
	17309	:	387f47;
	17310	:	387f47;
	17311	:	387f47;
	17312	:	397e47;
	17313	:	397e47;
	17314	:	397e47;
	17315	:	3a7d47;
	17316	:	3a7e45;
	17317	:	3a7e45;
	17318	:	3a7e45;
	17319	:	397e45;
	17320	:	397e45;
	17321	:	397f43;
	17322	:	397f43;
	17323	:	397f43;
	17324	:	397f43;
	17325	:	3a7e43;
	17326	:	3a7e43;
	17327	:	397e45;
	17328	:	367f47;
	17329	:	367f48;
	17330	:	387e48;
	17331	:	387e48;
	17332	:	397e48;
	17333	:	3a7d48;
	17334	:	3a7d48;
	17335	:	397e48;
	17336	:	387e48;
	17337	:	387e48;
	17338	:	357e47;
	17339	:	357e47;
	17340	:	367f48;
	17341	:	367f48;
	17342	:	357e46;
	17343	:	357e46;
	17344	:	387f47;
	17345	:	387f47;
	17346	:	397e47;
	17347	:	397e47;
	17348	:	3b7e48;
	17349	:	3a7d47;
	17350	:	387f47;
	17351	:	367f47;
	17352	:	347e43;
	17353	:	378146;
	17354	:	377e44;
	17355	:	388247;
	17356	:	347f44;
	17357	:	327d42;
	17358	:	388247;
	17359	:	347d45;
	17360	:	367f48;
	17361	:	377d47;
	17362	:	3e7c49;
	17363	:	3f7d4a;
	17364	:	337c45;
	17365	:	337d48;
	17366	:	367f4a;
	17367	:	397f4b;
	17368	:	3a7d4a;
	17369	:	3e7846;
	17370	:	3c6739;
	17371	:	465c2e;
	17372	:	5e5029;
	17373	:	694721;
	17374	:	6e471c;
	17375	:	64299;
	17376	:	721911;
	17377	:	7bc13;
	17378	:	7e413;
	17379	:	82115;
	17380	:	87217;
	17381	:	89117;
	17382	:	89016;
	17383	:	89016;
	17384	:	89016;
	17385	:	89016;
	17386	:	88016;
	17387	:	88016;
	17388	:	86018;
	17389	:	86018;
	17390	:	88016;
	17391	:	88016;
	17392	:	88016;
	17393	:	88016;
	17394	:	88016;
	17395	:	88016;
	17396	:	88016;
	17397	:	88016;
	17398	:	88016;
	17399	:	88016;
	17400	:	552e7;
	17401	:	674a22;
	17402	:	5a4d23;
	17403	:	4c5d30;
	17404	:	3e7b42;
	17405	:	2f7d41;
	17406	:	317840;
	17407	:	327741;
	17408	:	337e45;
	17409	:	337e45;
	17410	:	398348;
	17411	:	296e35;
	17412	:	387941;
	17413	:	3d7e46;
	17414	:	357c44;
	17415	:	388149;
	17416	:	286f37;
	17417	:	357a43;
	17418	:	3a7f48;
	17419	:	3d824b;
	17420	:	387f47;
	17421	:	398048;
	17422	:	357c44;
	17423	:	3a8149;
	17424	:	387f47;
	17425	:	387f47;
	17426	:	387f47;
	17427	:	387f47;
	17428	:	387f47;
	17429	:	387f47;
	17430	:	387f47;
	17431	:	387f47;
	17432	:	387f47;
	17433	:	387f47;
	17434	:	397e47;
	17435	:	397e47;
	17436	:	397e47;
	17437	:	397e47;
	17438	:	397e47;
	17439	:	397e47;
	17440	:	387f45;
	17441	:	387f45;
	17442	:	387f45;
	17443	:	387f45;
	17444	:	397e45;
	17445	:	397e45;
	17446	:	3a7e45;
	17447	:	397e45;
	17448	:	387f47;
	17449	:	367f47;
	17450	:	387f47;
	17451	:	387f47;
	17452	:	397e47;
	17453	:	397e47;
	17454	:	397e47;
	17455	:	397e47;
	17456	:	397e47;
	17457	:	397e47;
	17458	:	387f47;
	17459	:	387f47;
	17460	:	398048;
	17461	:	398048;
	17462	:	378048;
	17463	:	388149;
	17464	:	347d45;
	17465	:	377e46;
	17466	:	377e46;
	17467	:	397e47;
	17468	:	3b7e48;
	17469	:	3a7d47;
	17470	:	377e46;
	17471	:	357e46;
	17472	:	398449;
	17473	:	358045;
	17474	:	337d42;
	17475	:	368045;
	17476	:	388247;
	17477	:	378146;
	17478	:	378146;
	17479	:	357f44;
	17480	:	388149;
	17481	:	387f47;
	17482	:	3d7b48;
	17483	:	3a7845;
	17484	:	3d824c;
	17485	:	3b804a;
	17486	:	3e7e4a;
	17487	:	3f7843;
	17488	:	356531;
	17489	:	416632;
	17490	:	4a5c2c;
	17491	:	565225;
	17492	:	694722;
	17493	:	774524;
	17494	:	602a8;
	17495	:	681d8;
	17496	:	7bc12;
	17497	:	82316;
	17498	:	82115;
	17499	:	83216;
	17500	:	86217;
	17501	:	86116;
	17502	:	88016;
	17503	:	89117;
	17504	:	88016;
	17505	:	88016;
	17506	:	88016;
	17507	:	88016;
	17508	:	88016;
	17509	:	88016;
	17510	:	86116;
	17511	:	86116;
	17512	:	88016;
	17513	:	88016;
	17514	:	88016;
	17515	:	88016;
	17516	:	88016;
	17517	:	88016;
	17518	:	88016;
	17519	:	88016;
	17520	:	502f4;
	17521	:	674a20;
	17522	:	5d4c21;
	17523	:	515a2d;
	17524	:	487844;
	17525	:	3a7f48;
	17526	:	347a44;
	17527	:	2d733d;
	17528	:	3a7d48;
	17529	:	3d7d49;
	17530	:	397c46;
	17531	:	3b7c46;
	17532	:	306c38;
	17533	:	3a7944;
	17534	:	3a804a;
	17535	:	357e47;
	17536	:	3a804a;
	17537	:	296e38;
	17538	:	367c46;
	17539	:	367c46;
	17540	:	367d45;
	17541	:	387f47;
	17542	:	3a8149;
	17543	:	347b43;
	17544	:	387f47;
	17545	:	387f47;
	17546	:	387f47;
	17547	:	387f47;
	17548	:	387f47;
	17549	:	387f47;
	17550	:	387f47;
	17551	:	387f47;
	17552	:	367f48;
	17553	:	367f48;
	17554	:	367f48;
	17555	:	367f48;
	17556	:	387e48;
	17557	:	387e48;
	17558	:	367f48;
	17559	:	367f48;
	17560	:	367f4a;
	17561	:	367f4a;
	17562	:	357f4a;
	17563	:	357f4a;
	17564	:	367f4a;
	17565	:	367f4a;
	17566	:	367f4a;
	17567	:	387e48;
	17568	:	397e47;
	17569	:	397e45;
	17570	:	387f45;
	17571	:	387f45;
	17572	:	368045;
	17573	:	368045;
	17574	:	387f45;
	17575	:	397e45;
	17576	:	3a7e45;
	17577	:	3a7d47;
	17578	:	3c7d47;
	17579	:	3a7d47;
	17580	:	397c46;
	17581	:	387d44;
	17582	:	377e44;
	17583	:	357f44;
	17584	:	388149;
	17585	:	388149;
	17586	:	378048;
	17587	:	387f47;
	17588	:	387f47;
	17589	:	397e47;
	17590	:	397e47;
	17591	:	398048;
	17592	:	337c44;
	17593	:	337e45;
	17594	:	367f47;
	17595	:	387f47;
	17596	:	3b7e48;
	17597	:	3b7e48;
	17598	:	377c45;
	17599	:	398048;
	17600	:	337e43;
	17601	:	358045;
	17602	:	327b43;
	17603	:	3c814b;
	17604	:	3e7c49;
	17605	:	3d7641;
	17606	:	36672f;
	17607	:	43642b;
	17608	:	515c24;
	17609	:	565119;
	17610	:	624e19;
	17611	:	694a1b;
	17612	:	6b451e;
	17613	:	6028d;
	17614	:	6f1b10;
	17615	:	77d11;
	17616	:	7d413;
	17617	:	82115;
	17618	:	85116;
	17619	:	86217;
	17620	:	87217;
	17621	:	85015;
	17622	:	88016;
	17623	:	89117;
	17624	:	89016;
	17625	:	89016;
	17626	:	88016;
	17627	:	88016;
	17628	:	88016;
	17629	:	88016;
	17630	:	86116;
	17631	:	86116;
	17632	:	88016;
	17633	:	88016;
	17634	:	88016;
	17635	:	88016;
	17636	:	88016;
	17637	:	88016;
	17638	:	88016;
	17639	:	88016;
	17640	:	512f2;
	17641	:	684b1f;
	17642	:	5e4d21;
	17643	:	525a2b;
	17644	:	4a7641;
	17645	:	3d7e46;
	17646	:	387f47;
	17647	:	347a44;
	17648	:	2f6f3b;
	17649	:	3c7a47;
	17650	:	3b7b47;
	17651	:	3e7f49;
	17652	:	3c7b46;
	17653	:	2e6e3a;
	17654	:	357b45;
	17655	:	37824a;
	17656	:	347a44;
	17657	:	3c814b;
	17658	:	266c36;
	17659	:	367c46;
	17660	:	3b824a;
	17661	:	377e46;
	17662	:	387f47;
	17663	:	398048;
	17664	:	387f47;
	17665	:	387f47;
	17666	:	387f47;
	17667	:	387f47;
	17668	:	387f47;
	17669	:	387f47;
	17670	:	387f47;
	17671	:	367f47;
	17672	:	367f47;
	17673	:	367f47;
	17674	:	367f47;
	17675	:	367f48;
	17676	:	367f48;
	17677	:	367f48;
	17678	:	367f48;
	17679	:	357f4a;
	17680	:	357f4a;
	17681	:	357f4a;
	17682	:	357f4c;
	17683	:	357f4c;
	17684	:	357f4c;
	17685	:	357f4c;
	17686	:	357f4c;
	17687	:	367f4a;
	17688	:	397e47;
	17689	:	397e45;
	17690	:	387f45;
	17691	:	368045;
	17692	:	368045;
	17693	:	368045;
	17694	:	368045;
	17695	:	387f45;
	17696	:	397e45;
	17697	:	387d44;
	17698	:	3a7e45;
	17699	:	3a7e45;
	17700	:	397e45;
	17701	:	3a7f46;
	17702	:	398046;
	17703	:	398048;
	17704	:	367d45;
	17705	:	377e46;
	17706	:	377e46;
	17707	:	377e46;
	17708	:	357e46;
	17709	:	377e46;
	17710	:	397e47;
	17711	:	397e47;
	17712	:	397e47;
	17713	:	3b824a;
	17714	:	3d844c;
	17715	:	377c45;
	17716	:	3c7b46;
	17717	:	417d49;
	17718	:	3d7744;
	17719	:	407b45;
	17720	:	417a43;
	17721	:	437d43;
	17722	:	407b43;
	17723	:	346631;
	17724	:	3e6330;
	17725	:	445c2a;
	17726	:	4c5d27;
	17727	:	50551d;
	17728	:	5e511a;
	17729	:	6b4d19;
	17730	:	74491c;
	17731	:	76421b;
	17732	:	622bd;
	17733	:	651cd;
	17734	:	78e12;
	17735	:	81414;
	17736	:	81215;
	17737	:	83216;
	17738	:	85116;
	17739	:	86217;
	17740	:	86116;
	17741	:	85015;
	17742	:	87015;
	17743	:	88016;
	17744	:	89016;
	17745	:	89016;
	17746	:	88016;
	17747	:	88016;
	17748	:	88016;
	17749	:	88016;
	17750	:	86116;
	17751	:	86116;
	17752	:	88016;
	17753	:	88016;
	17754	:	88016;
	17755	:	88016;
	17756	:	88016;
	17757	:	88016;
	17758	:	88016;
	17759	:	88016;
	17760	:	582f3;
	17761	:	6a4b1d;
	17762	:	5a501f;
	17763	:	4d5e28;
	17764	:	49763d;
	17765	:	3d7c43;
	17766	:	398046;
	17767	:	3a804a;
	17768	:	337842;
	17769	:	2b6e3b;
	17770	:	3a7e4b;
	17771	:	367c48;
	17772	:	3b7f4c;
	17773	:	397d4a;
	17774	:	26703b;
	17775	:	327c47;
	17776	:	387e48;
	17777	:	3a804a;
	17778	:	347a44;
	17779	:	2c723c;
	17780	:	397f49;
	17781	:	347a44;
	17782	:	397f49;
	17783	:	397f49;
	17784	:	387e48;
	17785	:	387e48;
	17786	:	387e48;
	17787	:	387e48;
	17788	:	367f48;
	17789	:	367f48;
	17790	:	367f48;
	17791	:	387f47;
	17792	:	387f47;
	17793	:	387f47;
	17794	:	387f47;
	17795	:	387f47;
	17796	:	387f47;
	17797	:	387e48;
	17798	:	387e48;
	17799	:	387e48;
	17800	:	387e48;
	17801	:	367f48;
	17802	:	367f48;
	17803	:	367f48;
	17804	:	367f4a;
	17805	:	367f4a;
	17806	:	367f4a;
	17807	:	367f48;
	17808	:	367f48;
	17809	:	367f47;
	17810	:	367f47;
	17811	:	387f47;
	17812	:	387f47;
	17813	:	387f47;
	17814	:	387f47;
	17815	:	367f47;
	17816	:	368148;
	17817	:	358047;
	17818	:	358047;
	17819	:	358047;
	17820	:	357e46;
	17821	:	387f47;
	17822	:	397e47;
	17823	:	387b45;
	17824	:	387b46;
	17825	:	3a7d4a;
	17826	:	3c7f4c;
	17827	:	3c814b;
	17828	:	37824a;
	17829	:	368149;
	17830	:	387d47;
	17831	:	3a7a46;
	17832	:	417d4a;
	17833	:	3a7845;
	17834	:	387b46;
	17835	:	377a45;
	17836	:	407c49;
	17837	:	447848;
	17838	:	3c673a;
	17839	:	3f6033;
	17840	:	4b5e30;
	17841	:	4d5d2c;
	17842	:	4a5c28;
	17843	:	535d29;
	17844	:	584c1c;
	17845	:	6a4f22;
	17846	:	694d1e;
	17847	:	664a1b;
	17848	:	684b1f;
	17849	:	6d4720;
	17850	:	5c257;
	17851	:	6a2311;
	17852	:	711d13;
	17853	:	71ad;
	17854	:	81714;
	17855	:	86114;
	17856	:	86217;
	17857	:	86217;
	17858	:	86116;
	17859	:	86116;
	17860	:	88016;
	17861	:	87015;
	17862	:	88015;
	17863	:	89016;
	17864	:	89016;
	17865	:	89016;
	17866	:	88016;
	17867	:	88016;
	17868	:	88016;
	17869	:	88016;
	17870	:	86116;
	17871	:	86116;
	17872	:	88016;
	17873	:	88016;
	17874	:	88016;
	17875	:	88016;
	17876	:	88016;
	17877	:	88016;
	17878	:	88016;
	17879	:	88016;
	17880	:	5a2d4;
	17881	:	6a491e;
	17882	:	565020;
	17883	:	4b5f2a;
	17884	:	487941;
	17885	:	3b7c42;
	17886	:	387d46;
	17887	:	378049;
	17888	:	39824d;
	17889	:	357e49;
	17890	:	236c37;
	17891	:	397f4b;
	17892	:	387d47;
	17893	:	387d47;
	17894	:	3b814b;
	17895	:	246d36;
	17896	:	397f49;
	17897	:	377d47;
	17898	:	3a804a;
	17899	:	357b45;
	17900	:	256b35;
	17901	:	367c46;
	17902	:	3a804a;
	17903	:	347b43;
	17904	:	387f47;
	17905	:	387f47;
	17906	:	387f47;
	17907	:	387f47;
	17908	:	367f47;
	17909	:	367f47;
	17910	:	367f47;
	17911	:	387f47;
	17912	:	387f47;
	17913	:	387f47;
	17914	:	387f47;
	17915	:	387f47;
	17916	:	387f47;
	17917	:	387f47;
	17918	:	387f47;
	17919	:	387f47;
	17920	:	387f47;
	17921	:	387f47;
	17922	:	387f47;
	17923	:	387f47;
	17924	:	387f47;
	17925	:	387f47;
	17926	:	387f47;
	17927	:	387f47;
	17928	:	367f47;
	17929	:	367f47;
	17930	:	387f47;
	17931	:	387f47;
	17932	:	387f47;
	17933	:	387e48;
	17934	:	367f48;
	17935	:	358048;
	17936	:	348248;
	17937	:	328046;
	17938	:	338147;
	17939	:	368148;
	17940	:	357e46;
	17941	:	397e47;
	17942	:	3b7e48;
	17943	:	3c7c48;
	17944	:	3c7c48;
	17945	:	3d7d49;
	17946	:	3d7d49;
	17947	:	3b7c46;
	17948	:	3b7a45;
	17949	:	3f7a44;
	17950	:	457a46;
	17951	:	497746;
	17952	:	497341;
	17953	:	406635;
	17954	:	3a6230;
	17955	:	3d6330;
	17956	:	426432;
	17957	:	456131;
	17958	:	495a2e;
	17959	:	51582e;
	17960	:	575026;
	17961	:	584b1f;
	17962	:	5e5325;
	17963	:	604b1e;
	17964	:	724820;
	17965	:	7b451f;
	17966	:	7a3e1c;
	17967	:	61245;
	17968	:	6128d;
	17969	:	6221d;
	17970	:	722219;
	17971	:	6bbc;
	17972	:	78b11;
	17973	:	82817;
	17974	:	84113;
	17975	:	87015;
	17976	:	87217;
	17977	:	86116;
	17978	:	85015;
	17979	:	85015;
	17980	:	88016;
	17981	:	89117;
	17982	:	8a017;
	17983	:	8a017;
	17984	:	89016;
	17985	:	89016;
	17986	:	88016;
	17987	:	88016;
	17988	:	88016;
	17989	:	88016;
	17990	:	86116;
	17991	:	86116;
	17992	:	88016;
	17993	:	88016;
	17994	:	88016;
	17995	:	88016;
	17996	:	88016;
	17997	:	88016;
	17998	:	88016;
	17999	:	88016;
	18000	:	592ac;
	18001	:	694825;
	18002	:	544f27;
	18003	:	486030;
	18004	:	437945;
	18005	:	387f47;
	18006	:	377d49;
	18007	:	377d49;
	18008	:	347e4b;
	18009	:	327f49;
	18010	:	357f4a;
	18011	:	296f39;
	18012	:	3a7b45;
	18013	:	3e7d48;
	18014	:	3a7b43;
	18015	:	3a7e45;
	18016	:	276c35;
	18017	:	387f47;
	18018	:	398048;
	18019	:	398048;
	18020	:	387f47;
	18021	:	2a7139;
	18022	:	377e46;
	18023	:	377e46;
	18024	:	387f47;
	18025	:	387f47;
	18026	:	387f47;
	18027	:	387f47;
	18028	:	387f47;
	18029	:	387f47;
	18030	:	387f47;
	18031	:	387f47;
	18032	:	387e48;
	18033	:	387e48;
	18034	:	387e48;
	18035	:	387e48;
	18036	:	387e48;
	18037	:	387e48;
	18038	:	387f47;
	18039	:	387f47;
	18040	:	397e45;
	18041	:	3a7e45;
	18042	:	3a7e45;
	18043	:	3a7e45;
	18044	:	3a7e45;
	18045	:	3a7e45;
	18046	:	397e45;
	18047	:	3a7e45;
	18048	:	3c7d45;
	18049	:	3c7d45;
	18050	:	3a7e45;
	18051	:	397e47;
	18052	:	387f47;
	18053	:	367f47;
	18054	:	367f47;
	18055	:	367f47;
	18056	:	357e46;
	18057	:	347d45;
	18058	:	397f49;
	18059	:	3b804a;
	18060	:	387b46;
	18061	:	397c49;
	18062	:	3e7e4c;
	18063	:	3d7d49;
	18064	:	3b7f46;
	18065	:	3a7e43;
	18066	:	37783e;
	18067	:	366d34;
	18068	:	3e632f;
	18069	:	465e2c;
	18070	:	4b5d2d;
	18071	:	4e5c2b;
	18072	:	535d2b;
	18073	:	535524;
	18074	:	5c4f22;
	18075	:	615022;
	18076	:	5c4e1d;
	18077	:	5c4e1d;
	18078	:	61511e;
	18079	:	5f4a1b;
	18080	:	644e1f;
	18081	:	684d22;
	18082	:	6a4920;
	18083	:	6d421f;
	18084	:	5e2bc;
	18085	:	6022b;
	18086	:	6b1ee;
	18087	:	771d15;
	18088	:	75ef;
	18089	:	7a810;
	18090	:	7c410;
	18091	:	87819;
	18092	:	7f010;
	18093	:	86018;
	18094	:	8841b;
	18095	:	8731a;
	18096	:	86116;
	18097	:	88016;
	18098	:	88016;
	18099	:	87015;
	18100	:	89016;
	18101	:	8a017;
	18102	:	8a017;
	18103	:	89016;
	18104	:	89016;
	18105	:	89016;
	18106	:	88016;
	18107	:	88016;
	18108	:	88016;
	18109	:	88016;
	18110	:	86116;
	18111	:	86116;
	18112	:	88016;
	18113	:	88016;
	18114	:	88016;
	18115	:	88016;
	18116	:	88016;
	18117	:	88016;
	18118	:	88016;
	18119	:	88016;
	18120	:	5629c;
	18121	:	6a4928;
	18122	:	595029;
	18123	:	4a5d30;
	18124	:	427844;
	18125	:	387f47;
	18126	:	3a7f49;
	18127	:	397f4b;
	18128	:	37814c;
	18129	:	337d48;
	18130	:	3a834c;
	18131	:	337842;
	18132	:	306f3a;
	18133	:	407c46;
	18134	:	3a7942;
	18135	:	3c8047;
	18136	:	3a7f48;
	18137	:	266d35;
	18138	:	398048;
	18139	:	377e46;
	18140	:	377e46;
	18141	:	3a8149;
	18142	:	246b33;
	18143	:	398046;
	18144	:	387f45;
	18145	:	387f45;
	18146	:	387f45;
	18147	:	387f45;
	18148	:	387f45;
	18149	:	387f45;
	18150	:	387f45;
	18151	:	387f47;
	18152	:	387f47;
	18153	:	387e48;
	18154	:	367f48;
	18155	:	367f48;
	18156	:	367f47;
	18157	:	367f47;
	18158	:	387f47;
	18159	:	387f47;
	18160	:	397e45;
	18161	:	3a7e45;
	18162	:	3c7d45;
	18163	:	3c7d45;
	18164	:	3c7d45;
	18165	:	3a7e45;
	18166	:	3a7e45;
	18167	:	3a7e45;
	18168	:	3c7d45;
	18169	:	3c7d47;
	18170	:	3a7d47;
	18171	:	397e47;
	18172	:	397e47;
	18173	:	397e45;
	18174	:	3a7e45;
	18175	:	3d7c45;
	18176	:	427d47;
	18177	:	437a43;
	18178	:	477944;
	18179	:	457440;
	18180	:	3e6836;
	18181	:	3b6331;
	18182	:	3d6332;
	18183	:	3c622f;
	18184	:	39642c;
	18185	:	3d662c;
	18186	:	41642c;
	18187	:	465d27;
	18188	:	4f5525;
	18189	:	565223;
	18190	:	585123;
	18191	:	5a4f21;
	18192	:	5e4d1f;
	18193	:	654d21;
	18194	:	70461e;
	18195	:	76441f;
	18196	:	73421a;
	18197	:	76451d;
	18198	:	72421a;
	18199	:	5c2b3;
	18200	:	5f297;
	18201	:	62259;
	18202	:	6824d;
	18203	:	6c2312;
	18204	:	6a2013;
	18205	:	6714e;
	18206	:	6fde;
	18207	:	7a810;
	18208	:	81110;
	18209	:	8c418;
	18210	:	87013;
	18211	:	87014;
	18212	:	8c21b;
	18213	:	86015;
	18214	:	8711a;
	18215	:	84018;
	18216	:	86018;
	18217	:	88016;
	18218	:	89117;
	18219	:	88016;
	18220	:	89016;
	18221	:	89016;
	18222	:	89016;
	18223	:	88015;
	18224	:	89016;
	18225	:	89016;
	18226	:	88016;
	18227	:	88016;
	18228	:	88016;
	18229	:	88016;
	18230	:	86116;
	18231	:	86116;
	18232	:	88016;
	18233	:	88016;
	18234	:	88016;
	18235	:	88016;
	18236	:	88016;
	18237	:	88016;
	18238	:	88016;
	18239	:	88016;
	18240	:	562eb;
	18241	:	674520;
	18242	:	634d26;
	18243	:	54572a;
	18244	:	3a652f;
	18245	:	3a7c3f;
	18246	:	3d8148;
	18247	:	387d46;
	18248	:	3a7f48;
	18249	:	387d47;
	18250	:	397f49;
	18251	:	3b804a;
	18252	:	397744;
	18253	:	32713c;
	18254	:	327740;
	18255	:	3b824a;
	18256	:	397e47;
	18257	:	387d47;
	18258	:	256a34;
	18259	:	3a7f49;
	18260	:	397e48;
	18261	:	387d47;
	18262	:	397e48;
	18263	:	296e38;
	18264	:	377c46;
	18265	:	3a7f49;
	18266	:	3a804a;
	18267	:	377d47;
	18268	:	367c46;
	18269	:	377d47;
	18270	:	397f49;
	18271	:	3a8149;
	18272	:	3a7f46;
	18273	:	387e42;
	18274	:	387f45;
	18275	:	398046;
	18276	:	357f44;
	18277	:	378146;
	18278	:	3a8147;
	18279	:	387d44;
	18280	:	3a7e45;
	18281	:	3b7f46;
	18282	:	3a7e45;
	18283	:	397c46;
	18284	:	3b7e48;
	18285	:	3a7f48;
	18286	:	397e47;
	18287	:	3a7f49;
	18288	:	3b7f4c;
	18289	:	397d4a;
	18290	:	377b48;
	18291	:	397d4a;
	18292	:	3e7e4a;
	18293	:	3c7844;
	18294	:	376c36;
	18295	:	39642f;
	18296	:	41612f;
	18297	:	475f2d;
	18298	:	4f5d2c;
	18299	:	545a2a;
	18300	:	585626;
	18301	:	595122;
	18302	:	5b4e21;
	18303	:	5c5020;
	18304	:	5e521e;
	18305	:	5f4d1b;
	18306	:	6a4b1d;
	18307	:	6c4b20;
	18308	:	674a1e;
	18309	:	644c1e;
	18310	:	654d21;
	18311	:	664921;
	18312	:	6c4824;
	18313	:	6b401e;
	18314	:	622f12;
	18315	:	5f239;
	18316	:	6922e;
	18317	:	6f2210;
	18318	:	6d2010;
	18319	:	731c12;
	18320	:	73d8;
	18321	:	7aa9;
	18322	:	7b8f;
	18323	:	7b712;
	18324	:	7a716;
	18325	:	7b618;
	18326	:	81318;
	18327	:	85116;
	18328	:	88014;
	18329	:	89012;
	18330	:	86210;
	18331	:	85210;
	18332	:	86112;
	18333	:	86116;
	18334	:	86019;
	18335	:	86019;
	18336	:	88018;
	18337	:	88016;
	18338	:	89016;
	18339	:	89016;
	18340	:	89016;
	18341	:	89016;
	18342	:	89016;
	18343	:	89016;
	18344	:	89016;
	18345	:	89016;
	18346	:	88016;
	18347	:	88016;
	18348	:	88016;
	18349	:	88016;
	18350	:	86116;
	18351	:	86116;
	18352	:	88016;
	18353	:	88016;
	18354	:	88016;
	18355	:	88016;
	18356	:	88016;
	18357	:	88016;
	18358	:	88016;
	18359	:	88016;
	18360	:	5f269;
	18361	:	633212;
	18362	:	6b4725;
	18363	:	5d5127;
	18364	:	46632d;
	18365	:	32682e;
	18366	:	3b7b3f;
	18367	:	3b7f44;
	18368	:	3c7d45;
	18369	:	397c46;
	18370	:	377d47;
	18371	:	397e48;
	18372	:	3b7b47;
	18373	:	377743;
	18374	:	317741;
	18375	:	317741;
	18376	:	3c814b;
	18377	:	397e48;
	18378	:	3d824c;
	18379	:	266b35;
	18380	:	3c814b;
	18381	:	367b45;
	18382	:	3a7f49;
	18383	:	387d47;
	18384	:	2e733d;
	18385	:	327741;
	18386	:	377c46;
	18387	:	3a7f49;
	18388	:	3a7f49;
	18389	:	397e48;
	18390	:	377c46;
	18391	:	367b45;
	18392	:	3a7d47;
	18393	:	3b7f46;
	18394	:	3a7f46;
	18395	:	397e45;
	18396	:	397e45;
	18397	:	397d44;
	18398	:	3b7c44;
	18399	:	417d47;
	18400	:	427b44;
	18401	:	427942;
	18402	:	437842;
	18403	:	477946;
	18404	:	477946;
	18405	:	417340;
	18406	:	386a37;
	18407	:	346432;
	18408	:	376332;
	18409	:	3c6636;
	18410	:	3f6735;
	18411	:	3d6332;
	18412	:	3f612f;
	18413	:	435f2e;
	18414	:	465c2b;
	18415	:	4a5827;
	18416	:	525526;
	18417	:	555122;
	18418	:	5b4d20;
	18419	:	614a1e;
	18420	:	694a1e;
	18421	:	6e491d;
	18422	:	71471d;
	18423	:	75451d;
	18424	:	75411a;
	18425	:	7b3f1d;
	18426	:	843f22;
	18427	:	7d381b;
	18428	:	682be;
	18429	:	5d247;
	18430	:	6024a;
	18431	:	6325e;
	18432	:	672310;
	18433	:	6a2213;
	18434	:	651be;
	18435	:	6512a;
	18436	:	6efd;
	18437	:	73cd;
	18438	:	73ae;
	18439	:	78910;
	18440	:	82410;
	18441	:	88112;
	18442	:	89014;
	18443	:	89018;
	18444	:	8801b;
	18445	:	8801b;
	18446	:	88019;
	18447	:	88018;
	18448	:	88014;
	18449	:	86112;
	18450	:	85210;
	18451	:	85210;
	18452	:	86112;
	18453	:	88014;
	18454	:	88018;
	18455	:	88018;
	18456	:	88016;
	18457	:	88016;
	18458	:	89016;
	18459	:	89016;
	18460	:	89016;
	18461	:	89016;
	18462	:	89016;
	18463	:	89016;
	18464	:	89016;
	18465	:	89016;
	18466	:	88016;
	18467	:	88016;
	18468	:	88016;
	18469	:	88016;
	18470	:	86116;
	18471	:	86116;
	18472	:	88016;
	18473	:	88016;
	18474	:	88016;
	18475	:	88016;
	18476	:	88016;
	18477	:	88016;
	18478	:	88016;
	18479	:	88016;
	18480	:	72148;
	18481	:	68176;
	18482	:	6028f;
	18483	:	604623;
	18484	:	50562a;
	18485	:	436331;
	18486	:	41783f;
	18487	:	3d8146;
	18488	:	3c7d45;
	18489	:	3a7d47;
	18490	:	387e48;
	18491	:	387e4a;
	18492	:	3b7e4b;
	18493	:	3d7d4b;
	18494	:	367946;
	18495	:	2f723f;
	18496	:	387b48;
	18497	:	397947;
	18498	:	3d7d4b;
	18499	:	3a7a48;
	18500	:	276735;
	18501	:	428250;
	18502	:	377745;
	18503	:	3c7c4a;
	18504	:	347442;
	18505	:	347744;
	18506	:	387b48;
	18507	:	3b7e4b;
	18508	:	3c7f4c;
	18509	:	3b7e4b;
	18510	:	3a7d4a;
	18511	:	3b7e4b;
	18512	:	3c7e4e;
	18513	:	3b7d4d;
	18514	:	377949;
	18515	:	3b7b49;
	18516	:	407e4b;
	18517	:	3d7544;
	18518	:	376938;
	18519	:	386431;
	18520	:	406230;
	18521	:	466030;
	18522	:	4b5e30;
	18523	:	4a5a2b;
	18524	:	4c592b;
	18525	:	525e2e;
	18526	:	515d2d;
	18527	:	4f5321;
	18528	:	5c5020;
	18529	:	604c1a;
	18530	:	634d1e;
	18531	:	654f20;
	18532	:	644c1e;
	18533	:	654a1d;
	18534	:	664b1e;
	18535	:	654a1d;
	18536	:	66491d;
	18537	:	694920;
	18538	:	6c4b22;
	18539	:	704a23;
	18540	:	724621;
	18541	:	6e3e1a;
	18542	:	642fd;
	18543	:	5f226;
	18544	:	6d1f12;
	18545	:	711c15;
	18546	:	732018;
	18547	:	731e19;
	18548	:	701512;
	18549	:	72ee;
	18550	:	79c11;
	18551	:	7cb11;
	18552	:	7a6f;
	18553	:	7ea13;
	18554	:	7ca14;
	18555	:	7b712;
	18556	:	7e514;
	18557	:	81414;
	18558	:	82113;
	18559	:	83216;
	18560	:	82316;
	18561	:	83216;
	18562	:	89018;
	18563	:	8c018;
	18564	:	8c018;
	18565	:	89018;
	18566	:	86116;
	18567	:	83216;
	18568	:	83216;
	18569	:	85214;
	18570	:	86114;
	18571	:	88014;
	18572	:	8a012;
	18573	:	8a012;
	18574	:	89012;
	18575	:	88014;
	18576	:	88016;
	18577	:	88016;
	18578	:	88016;
	18579	:	88016;
	18580	:	88016;
	18581	:	88016;
	18582	:	88016;
	18583	:	88016;
	18584	:	88016;
	18585	:	88016;
	18586	:	88016;
	18587	:	88016;
	18588	:	88016;
	18589	:	88016;
	18590	:	88016;
	18591	:	88016;
	18592	:	88016;
	18593	:	88016;
	18594	:	88016;
	18595	:	88016;
	18596	:	88016;
	18597	:	88016;
	18598	:	88016;
	18599	:	88016;
	18600	:	7844;
	18601	:	7610b;
	18602	:	682512;
	18603	:	6e472a;
	18604	:	624e29;
	18605	:	57582c;
	18606	:	445f2a;
	18607	:	3d622c;
	18608	:	3f622c;
	18609	:	40622f;
	18610	:	3c6430;
	18611	:	3b6331;
	18612	:	3c6231;
	18613	:	3f6431;
	18614	:	3d622f;
	18615	:	3c5e2c;
	18616	:	406230;
	18617	:	3e6330;
	18618	:	426734;
	18619	:	3c612e;
	18620	:	406532;
	18621	:	3f6431;
	18622	:	3d622f;
	18623	:	406532;
	18624	:	3f6431;
	18625	:	3d622f;
	18626	:	3c612e;
	18627	:	3d622f;
	18628	:	3e6330;
	18629	:	3d622f;
	18630	:	3e6330;
	18631	:	406434;
	18632	:	3b5f31;
	18633	:	3e6234;
	18634	:	3f6335;
	18635	:	406132;
	18636	:	416132;
	18637	:	435f2f;
	18638	:	455b2c;
	18639	:	4c592b;
	18640	:	4d5325;
	18641	:	524f22;
	18642	:	5c5328;
	18643	:	615428;
	18644	:	5c4d22;
	18645	:	5d4c21;
	18646	:	604f23;
	18647	:	654a1f;
	18648	:	78471f;
	18649	:	7c401b;
	18650	:	7c401b;
	18651	:	7e3f1c;
	18652	:	7f401d;
	18653	:	834423;
	18654	:	7a3b1a;
	18655	:	65289;
	18656	:	63269;
	18657	:	6525a;
	18658	:	6523b;
	18659	:	6622b;
	18660	:	6922e;
	18661	:	6d22f;
	18662	:	6a1dd;
	18663	:	6b14b;
	18664	:	73f11;
	18665	:	73a11;
	18666	:	6ea12;
	18667	:	73b14;
	18668	:	7c916;
	18669	:	83616;
	18670	:	86114;
	18671	:	85010;
	18672	:	89016;
	18673	:	89117;
	18674	:	88016;
	18675	:	85015;
	18676	:	86219;
	18677	:	8821a;
	18678	:	8b019;
	18679	:	8a019;
	18680	:	83218;
	18681	:	83216;
	18682	:	89016;
	18683	:	8c016;
	18684	:	8c016;
	18685	:	8a016;
	18686	:	86116;
	18687	:	85116;
	18688	:	83216;
	18689	:	85116;
	18690	:	88016;
	18691	:	8a016;
	18692	:	8c014;
	18693	:	8c012;
	18694	:	89012;
	18695	:	88112;
	18696	:	88014;
	18697	:	88016;
	18698	:	88016;
	18699	:	88016;
	18700	:	88016;
	18701	:	88016;
	18702	:	88016;
	18703	:	88016;
	18704	:	88016;
	18705	:	88016;
	18706	:	88016;
	18707	:	88016;
	18708	:	88016;
	18709	:	88016;
	18710	:	88016;
	18711	:	88016;
	18712	:	88016;
	18713	:	88016;
	18714	:	88016;
	18715	:	88016;
	18716	:	88016;
	18717	:	88016;
	18718	:	88016;
	18719	:	88016;
	18720	:	836e;
	18721	:	76cc;
	18722	:	651df;
	18723	:	602c14;
	18724	:	724121;
	18725	:	6b431f;
	18726	:	654d21;
	18727	:	614c1d;
	18728	:	674c1f;
	18729	:	684b1f;
	18730	:	674c1f;
	18731	:	634d1e;
	18732	:	634d1e;
	18733	:	634d1c;
	18734	:	654d1d;
	18735	:	674f1f;
	18736	:	654d1d;
	18737	:	644c1e;
	18738	:	60481a;
	18739	:	624a1c;
	18740	:	674f21;
	18741	:	61491b;
	18742	:	644c1e;
	18743	:	654d1f;
	18744	:	654d1f;
	18745	:	634b1d;
	18746	:	634b1d;
	18747	:	654d1d;
	18748	:	654d1d;
	18749	:	634b1b;
	18750	:	624a1a;
	18751	:	634b1b;
	18752	:	634c1a;
	18753	:	644d1b;
	18754	:	66501e;
	18755	:	634f1d;
	18756	:	604c1a;
	18757	:	655021;
	18758	:	675122;
	18759	:	62471a;
	18760	:	6c4d21;
	18761	:	6b4820;
	18762	:	6d4720;
	18763	:	6c4621;
	18764	:	6c4621;
	18765	:	6f4c26;
	18766	:	674520;
	18767	:	5c2fe;
	18768	:	6824d;
	18769	:	6b1cb;
	18770	:	6e1fe;
	18771	:	6f2011;
	18772	:	6a1bc;
	18773	:	6d1bf;
	18774	:	751e15;
	18775	:	761b16;
	18776	:	70ed;
	18777	:	74bf;
	18778	:	77a10;
	18779	:	797f;
	18780	:	7b712;
	18781	:	7e814;
	18782	:	80716;
	18783	:	7f615;
	18784	:	7e413;
	18785	:	7d312;
	18786	:	80313;
	18787	:	82314;
	18788	:	84113;
	18789	:	85013;
	18790	:	86116;
	18791	:	87217;
	18792	:	89117;
	18793	:	88016;
	18794	:	86014;
	18795	:	86014;
	18796	:	84015;
	18797	:	85116;
	18798	:	88017;
	18799	:	88015;
	18800	:	88112;
	18801	:	88112;
	18802	:	89012;
	18803	:	8a014;
	18804	:	8a016;
	18805	:	8a016;
	18806	:	8a016;
	18807	:	89016;
	18808	:	88016;
	18809	:	88016;
	18810	:	88016;
	18811	:	89016;
	18812	:	8d016;
	18813	:	8c014;
	18814	:	89014;
	18815	:	86114;
	18816	:	88016;
	18817	:	88016;
	18818	:	88016;
	18819	:	88016;
	18820	:	88016;
	18821	:	88016;
	18822	:	88016;
	18823	:	88016;
	18824	:	88016;
	18825	:	88016;
	18826	:	88016;
	18827	:	88016;
	18828	:	88016;
	18829	:	88016;
	18830	:	88016;
	18831	:	88016;
	18832	:	88016;
	18833	:	88016;
	18834	:	88016;
	18835	:	88016;
	18836	:	88016;
	18837	:	88016;
	18838	:	88016;
	18839	:	88016;
	18840	:	87412;
	18841	:	7b8f;
	18842	:	66f8;
	18843	:	6a2213;
	18844	:	803923;
	18845	:	814024;
	18846	:	7a4221;
	18847	:	79411e;
	18848	:	803f1f;
	18849	:	7f3d1d;
	18850	:	7e3d1d;
	18851	:	7e3f1e;
	18852	:	7f401d;
	18853	:	7d3e1b;
	18854	:	7d3e1b;
	18855	:	7f401d;
	18856	:	80411e;
	18857	:	783c18;
	18858	:	7d411d;
	18859	:	7e421e;
	18860	:	7a3e1a;
	18861	:	7c401c;
	18862	:	7f431f;
	18863	:	7b3f1b;
	18864	:	7b3f1b;
	18865	:	7b3f1b;
	18866	:	7b3f1b;
	18867	:	7c401b;
	18868	:	7d411c;
	18869	:	7c401b;
	18870	:	7c401b;
	18871	:	7e4019;
	18872	:	81431c;
	18873	:	7d3f18;
	18874	:	7b4119;
	18875	:	78411a;
	18876	:	773f1a;
	18877	:	7b431e;
	18878	:	773c1a;
	18879	:	65297;
	18880	:	6928a;
	18881	:	68228;
	18882	:	69219;
	18883	:	6a22c;
	18884	:	6821d;
	18885	:	6521c;
	18886	:	6423f;
	18887	:	671ef;
	18888	:	6afa;
	18889	:	71fe;
	18890	:	7210f;
	18891	:	6fde;
	18892	:	6fbd;
	18893	:	75e12;
	18894	:	78d13;
	18895	:	745e;
	18896	:	7e514;
	18897	:	83415;
	18898	:	86217;
	18899	:	88018;
	18900	:	87016;
	18901	:	88016;
	18902	:	89018;
	18903	:	88017;
	18904	:	87416;
	18905	:	86315;
	18906	:	89115;
	18907	:	89014;
	18908	:	88013;
	18909	:	88013;
	18910	:	85015;
	18911	:	86116;
	18912	:	86116;
	18913	:	89117;
	18914	:	89117;
	18915	:	89117;
	18916	:	86116;
	18917	:	86116;
	18918	:	88018;
	18919	:	8a017;
	18920	:	89014;
	18921	:	89012;
	18922	:	89014;
	18923	:	88016;
	18924	:	88016;
	18925	:	89018;
	18926	:	8a018;
	18927	:	8a016;
	18928	:	8a016;
	18929	:	89014;
	18930	:	89014;
	18931	:	89016;
	18932	:	8a016;
	18933	:	8a016;
	18934	:	88018;
	18935	:	88018;
	18936	:	88016;
	18937	:	88016;
	18938	:	88016;
	18939	:	88016;
	18940	:	88016;
	18941	:	88016;
	18942	:	88016;
	18943	:	88016;
	18944	:	88016;
	18945	:	88016;
	18946	:	88016;
	18947	:	88016;
	18948	:	88016;
	18949	:	88016;
	18950	:	88016;
	18951	:	88016;
	18952	:	88016;
	18953	:	88016;
	18954	:	88016;
	18955	:	88016;
	18956	:	88016;
	18957	:	88016;
	18958	:	88016;
	18959	:	88016;
	18960	:	85015;
	18961	:	86519;
	18962	:	79711;
	18963	:	7b1918;
	18964	:	711d13;
	18965	:	6e2212;
	18966	:	6521c;
	18967	:	6b24e;
	18968	:	6e1fe;
	18969	:	6f1df;
	18970	:	6d1e11;
	18971	:	6e1f12;
	18972	:	701e13;
	18973	:	6f1d12;
	18974	:	6c1e12;
	18975	:	6c1e12;
	18976	:	691be;
	18977	:	722314;
	18978	:	6e1f10;
	18979	:	6e1f10;
	18980	:	6f2011;
	18981	:	722314;
	18982	:	691ab;
	18983	:	6f2011;
	18984	:	6e1f10;
	18985	:	6e1f10;
	18986	:	6e1f10;
	18987	:	6d1ef;
	18988	:	6d1ef;
	18989	:	6f20f;
	18990	:	702110;
	18991	:	6f2212;
	18992	:	6e2111;
	18993	:	6d2010;
	18994	:	6e2212;
	18995	:	6d2113;
	18996	:	6b1f11;
	18997	:	702015;
	18998	:	752117;
	18999	:	751b13;
	19000	:	6fb9;
	19001	:	76ce;
	19002	:	7acf;
	19003	:	7b8f;
	19004	:	7b8f;
	19005	:	7b911;
	19006	:	7ca12;
	19007	:	7b911;
	19008	:	7d713;
	19009	:	7d511;
	19010	:	7d511;
	19011	:	7e514;
	19012	:	80615;
	19013	:	7f514;
	19014	:	81414;
	19015	:	84516;
	19016	:	82113;
	19017	:	85214;
	19018	:	87215;
	19019	:	8a216;
	19020	:	8b216;
	19021	:	8a115;
	19022	:	8a014;
	19023	:	8a115;
	19024	:	86315;
	19025	:	84111;
	19026	:	84012;
	19027	:	87013;
	19028	:	8a216;
	19029	:	8a216;
	19030	:	89115;
	19031	:	88014;
	19032	:	87015;
	19033	:	85015;
	19034	:	87217;
	19035	:	89117;
	19036	:	89018;
	19037	:	88017;
	19038	:	89018;
	19039	:	8a019;
	19040	:	8a018;
	19041	:	89018;
	19042	:	85119;
	19043	:	83119;
	19044	:	83119;
	19045	:	85119;
	19046	:	86018;
	19047	:	88016;
	19048	:	8a014;
	19049	:	8a014;
	19050	:	8a014;
	19051	:	89014;
	19052	:	86116;
	19053	:	85118;
	19054	:	88019;
	19055	:	88019;
	19056	:	88018;
	19057	:	86116;
	19058	:	86116;
	19059	:	86116;
	19060	:	86116;
	19061	:	86116;
	19062	:	86116;
	19063	:	86116;
	19064	:	86116;
	19065	:	86116;
	19066	:	88016;
	19067	:	88016;
	19068	:	88016;
	19069	:	88016;
	19070	:	88016;
	19071	:	88016;
	19072	:	88016;
	19073	:	88016;
	19074	:	88016;
	19075	:	88016;
	19076	:	88016;
	19077	:	88016;
	19078	:	88016;
	19079	:	88016;
	19080	:	89019;
	19081	:	86018;
	19082	:	83415;
	19083	:	767e;
	19084	:	6b10b;
	19085	:	61136;
	19086	:	65199;
	19087	:	62155;
	19088	:	67106;
	19089	:	6b12c;
	19090	:	6b13f;
	19091	:	6911f;
	19092	:	6aef;
	19093	:	6bf10;
	19094	:	681213;
	19095	:	671311;
	19096	:	681310;
	19097	:	6911d;
	19098	:	67fb;
	19099	:	6911d;
	19100	:	6911d;
	19101	:	66ea;
	19102	:	6d1511;
	19103	:	67fb;
	19104	:	67fb;
	19105	:	6a12e;
	19106	:	6a12e;
	19107	:	6911d;
	19108	:	6811a;
	19109	:	6912b;
	19110	:	6912b;
	19111	:	6811a;
	19112	:	6813e;
	19113	:	6712f;
	19114	:	6512e;
	19115	:	6613f;
	19116	:	671110;
	19117	:	6aef;
	19118	:	6fcf;
	19119	:	75a10;
	19120	:	7b712;
	19121	:	81412;
	19122	:	84113;
	19123	:	87013;
	19124	:	8a017;
	19125	:	89016;
	19126	:	86014;
	19127	:	87217;
	19128	:	85116;
	19129	:	85418;
	19130	:	86217;
	19131	:	84015;
	19132	:	86116;
	19133	:	85015;
	19134	:	85015;
	19135	:	87217;
	19136	:	87215;
	19137	:	85013;
	19138	:	84012;
	19139	:	85013;
	19140	:	88112;
	19141	:	89012;
	19142	:	89011;
	19143	:	89012;
	19144	:	84111;
	19145	:	85212;
	19146	:	87215;
	19147	:	89115;
	19148	:	89115;
	19149	:	87013;
	19150	:	88013;
	19151	:	89115;
	19152	:	87217;
	19153	:	85015;
	19154	:	85015;
	19155	:	88016;
	19156	:	8a018;
	19157	:	8a018;
	19158	:	89018;
	19159	:	89018;
	19160	:	8a019;
	19161	:	8901b;
	19162	:	8311b;
	19163	:	8131b;
	19164	:	8221b;
	19165	:	82219;
	19166	:	83218;
	19167	:	86114;
	19168	:	8a012;
	19169	:	8c012;
	19170	:	8a012;
	19171	:	88112;
	19172	:	83214;
	19173	:	82318;
	19174	:	86019;
	19175	:	88019;
	19176	:	86018;
	19177	:	86116;
	19178	:	86116;
	19179	:	86116;
	19180	:	86116;
	19181	:	86116;
	19182	:	86116;
	19183	:	86116;
	19184	:	86116;
	19185	:	86116;
	19186	:	88016;
	19187	:	88016;
	19188	:	88016;
	19189	:	88016;
	19190	:	88016;
	19191	:	88016;
	19192	:	88016;
	19193	:	88016;
	19194	:	88016;
	19195	:	88016;
	19196	:	88016;
	19197	:	88016;
	19198	:	88016;
	19199	:	88016;
END;
