Analysis & Synthesis report for vga_driver_memory_2
Mon Nov 17 16:20:51 2025
Quartus Prime Version 23.1std.1 Build 993 05/14/2024 SC Lite Edition


---------------------
; Table of Contents ;
---------------------
  1. Legal Notice
  2. Analysis & Synthesis Summary
  3. Analysis & Synthesis Settings
  4. Parallel Compilation
  5. Analysis & Synthesis Source Files Read
  6. Analysis & Synthesis Resource Usage Summary
  7. Analysis & Synthesis Resource Utilization by Entity
  8. State Machine - |vga_driver_memory_2|S
  9. State Machine - |vga_driver_memory_2|debounce_switches:db|debounce:db19|S
 10. State Machine - |vga_driver_memory_2|debounce_switches:db|debounce:db18|S
 11. State Machine - |vga_driver_memory_2|debounce_switches:db|debounce:db17|S
 12. State Machine - |vga_driver_memory_2|debounce_switches:db|debounce:db16|S
 13. State Machine - |vga_driver_memory_2|debounce_switches:db|debounce:db15|S
 14. State Machine - |vga_driver_memory_2|debounce_switches:db|debounce:db14|S
 15. State Machine - |vga_driver_memory_2|debounce_switches:db|debounce:db13|S
 16. State Machine - |vga_driver_memory_2|debounce_switches:db|debounce:db12|S
 17. State Machine - |vga_driver_memory_2|debounce_switches:db|debounce:db11|S
 18. State Machine - |vga_driver_memory_2|debounce_switches:db|debounce:db10|S
 19. State Machine - |vga_driver_memory_2|debounce_switches:db|debounce:db7|S
 20. State Machine - |vga_driver_memory_2|debounce_switches:db|debounce:db6|S
 21. State Machine - |vga_driver_memory_2|debounce_switches:db|debounce:db5|S
 22. State Machine - |vga_driver_memory_2|debounce_switches:db|debounce:db4|S
 23. State Machine - |vga_driver_memory_2|debounce_switches:db|debounce:db3|S
 24. State Machine - |vga_driver_memory_2|debounce_switches:db|debounce:db2|S
 25. State Machine - |vga_driver_memory_2|debounce_switches:db|debounce:db1|S
 26. State Machine - |vga_driver_memory_2|debounce_switches:db|debounce:db0|S
 27. Registers Removed During Synthesis
 28. Removed Registers Triggering Further Register Optimizations
 29. General Register Statistics
 30. Multiplexer Restructuring Statistics (Restructuring Performed)
 31. Parameter Settings for User Entity Instance: Top-level Entity: |vga_driver_memory_2
 32. Parameter Settings for User Entity Instance: debounce_switches:db|debounce:db0
 33. Parameter Settings for User Entity Instance: debounce_switches:db|debounce:db1
 34. Parameter Settings for User Entity Instance: debounce_switches:db|debounce:db2
 35. Parameter Settings for User Entity Instance: debounce_switches:db|debounce:db3
 36. Parameter Settings for User Entity Instance: debounce_switches:db|debounce:db4
 37. Parameter Settings for User Entity Instance: debounce_switches:db|debounce:db5
 38. Parameter Settings for User Entity Instance: debounce_switches:db|debounce:db6
 39. Parameter Settings for User Entity Instance: debounce_switches:db|debounce:db7
 40. Parameter Settings for User Entity Instance: debounce_switches:db|debounce:db10
 41. Parameter Settings for User Entity Instance: debounce_switches:db|debounce:db11
 42. Parameter Settings for User Entity Instance: debounce_switches:db|debounce:db12
 43. Parameter Settings for User Entity Instance: debounce_switches:db|debounce:db13
 44. Parameter Settings for User Entity Instance: debounce_switches:db|debounce:db14
 45. Parameter Settings for User Entity Instance: debounce_switches:db|debounce:db15
 46. Parameter Settings for User Entity Instance: debounce_switches:db|debounce:db16
 47. Parameter Settings for User Entity Instance: debounce_switches:db|debounce:db17
 48. Parameter Settings for User Entity Instance: debounce_switches:db|debounce:db18
 49. Parameter Settings for User Entity Instance: debounce_switches:db|debounce:db19
 50. Parameter Settings for User Entity Instance: vga_driver:the_vga
 51. Port Connectivity Checks: "vga_driver:the_vga"
 52. Port Connectivity Checks: "debounce_switches:db"
 53. Post-Synthesis Netlist Statistics for Top Partition
 54. Elapsed Time Per Partition
 55. Analysis & Synthesis Messages
 56. Analysis & Synthesis Suppressed Messages



----------------
; Legal Notice ;
----------------
Copyright (C) 2024  Intel Corporation. All rights reserved.
Your use of Intel Corporation's design tools, logic functions 
and other software and tools, and any partner logic 
functions, and any output files from any of the foregoing 
(including device programming or simulation files), and any 
associated documentation or information are expressly subject 
to the terms and conditions of the Intel Program License 
Subscription Agreement, the Intel Quartus Prime License Agreement,
the Intel FPGA IP License Agreement, or other applicable license
agreement, including, without limitation, that your use is for
the sole purpose of programming logic devices manufactured by
Intel and sold by Intel or its authorized distributors.  Please
refer to the applicable agreement for further details, at
https://fpgasoftware.intel.com/eula.



+----------------------------------------------------------------------------------+
; Analysis & Synthesis Summary                                                     ;
+---------------------------------+------------------------------------------------+
; Analysis & Synthesis Status     ; Successful - Mon Nov 17 16:20:51 2025          ;
; Quartus Prime Version           ; 23.1std.1 Build 993 05/14/2024 SC Lite Edition ;
; Revision Name                   ; vga_driver_memory_2                            ;
; Top-level Entity Name           ; vga_driver_memory_2                            ;
; Family                          ; Cyclone V                                      ;
; Logic utilization (in ALMs)     ; N/A                                            ;
; Total registers                 ; 43                                             ;
; Total pins                      ; 82                                             ;
; Total virtual pins              ; 0                                              ;
; Total block memory bits         ; 0                                              ;
; Total DSP Blocks                ; 0                                              ;
; Total HSSI RX PCSs              ; 0                                              ;
; Total HSSI PMA RX Deserializers ; 0                                              ;
; Total HSSI TX PCSs              ; 0                                              ;
; Total HSSI PMA TX Serializers   ; 0                                              ;
; Total PLLs                      ; 0                                              ;
; Total DLLs                      ; 0                                              ;
+---------------------------------+------------------------------------------------+


+-----------------------------------------------------------------------------------------------------------------------------+
; Analysis & Synthesis Settings                                                                                               ;
+---------------------------------------------------------------------------------+---------------------+---------------------+
; Option                                                                          ; Setting             ; Default Value       ;
+---------------------------------------------------------------------------------+---------------------+---------------------+
; Device                                                                          ; 5CSEMA5F31C6        ;                     ;
; Top-level entity name                                                           ; vga_driver_memory_2 ; vga_driver_memory_2 ;
; Family name                                                                     ; Cyclone V           ; Cyclone V           ;
; Maximum processors allowed for parallel compilation                             ; All                 ;                     ;
; Use smart compilation                                                           ; Off                 ; Off                 ;
; Enable parallel Assembler and Timing Analyzer during compilation                ; On                  ; On                  ;
; Enable compact report table                                                     ; Off                 ; Off                 ;
; Restructure Multiplexers                                                        ; Auto                ; Auto                ;
; MLAB Add Timing Constraints For Mixed-Port Feed-Through Mode Setting Don't Care ; Off                 ; Off                 ;
; Create Debugging Nodes for IP Cores                                             ; Off                 ; Off                 ;
; Preserve fewer node names                                                       ; On                  ; On                  ;
; Intel FPGA IP Evaluation Mode                                                   ; Enable              ; Enable              ;
; Verilog Version                                                                 ; Verilog_2001        ; Verilog_2001        ;
; VHDL Version                                                                    ; VHDL_1993           ; VHDL_1993           ;
; State Machine Processing                                                        ; Auto                ; Auto                ;
; Safe State Machine                                                              ; Off                 ; Off                 ;
; Extract Verilog State Machines                                                  ; On                  ; On                  ;
; Extract VHDL State Machines                                                     ; On                  ; On                  ;
; Ignore Verilog initial constructs                                               ; Off                 ; Off                 ;
; Iteration limit for constant Verilog loops                                      ; 5000                ; 5000                ;
; Iteration limit for non-constant Verilog loops                                  ; 250                 ; 250                 ;
; Add Pass-Through Logic to Inferred RAMs                                         ; On                  ; On                  ;
; Infer RAMs from Raw Logic                                                       ; On                  ; On                  ;
; Parallel Synthesis                                                              ; On                  ; On                  ;
; DSP Block Balancing                                                             ; Auto                ; Auto                ;
; NOT Gate Push-Back                                                              ; On                  ; On                  ;
; Power-Up Don't Care                                                             ; On                  ; On                  ;
; Remove Redundant Logic Cells                                                    ; Off                 ; Off                 ;
; Remove Duplicate Registers                                                      ; On                  ; On                  ;
; Ignore CARRY Buffers                                                            ; Off                 ; Off                 ;
; Ignore CASCADE Buffers                                                          ; Off                 ; Off                 ;
; Ignore GLOBAL Buffers                                                           ; Off                 ; Off                 ;
; Ignore ROW GLOBAL Buffers                                                       ; Off                 ; Off                 ;
; Ignore LCELL Buffers                                                            ; Off                 ; Off                 ;
; Ignore SOFT Buffers                                                             ; On                  ; On                  ;
; Limit AHDL Integers to 32 Bits                                                  ; Off                 ; Off                 ;
; Optimization Technique                                                          ; Balanced            ; Balanced            ;
; Carry Chain Length                                                              ; 70                  ; 70                  ;
; Auto Carry Chains                                                               ; On                  ; On                  ;
; Auto Open-Drain Pins                                                            ; On                  ; On                  ;
; Perform WYSIWYG Primitive Resynthesis                                           ; Off                 ; Off                 ;
; Auto ROM Replacement                                                            ; On                  ; On                  ;
; Auto RAM Replacement                                                            ; On                  ; On                  ;
; Auto DSP Block Replacement                                                      ; On                  ; On                  ;
; Auto Shift Register Replacement                                                 ; Auto                ; Auto                ;
; Allow Shift Register Merging across Hierarchies                                 ; Auto                ; Auto                ;
; Auto Clock Enable Replacement                                                   ; On                  ; On                  ;
; Strict RAM Replacement                                                          ; Off                 ; Off                 ;
; Allow Synchronous Control Signals                                               ; On                  ; On                  ;
; Force Use of Synchronous Clear Signals                                          ; Off                 ; Off                 ;
; Auto Resource Sharing                                                           ; Off                 ; Off                 ;
; Allow Any RAM Size For Recognition                                              ; Off                 ; Off                 ;
; Allow Any ROM Size For Recognition                                              ; Off                 ; Off                 ;
; Allow Any Shift Register Size For Recognition                                   ; Off                 ; Off                 ;
; Use LogicLock Constraints during Resource Balancing                             ; On                  ; On                  ;
; Ignore translate_off and synthesis_off directives                               ; Off                 ; Off                 ;
; Timing-Driven Synthesis                                                         ; On                  ; On                  ;
; Report Parameter Settings                                                       ; On                  ; On                  ;
; Report Source Assignments                                                       ; On                  ; On                  ;
; Report Connectivity Checks                                                      ; On                  ; On                  ;
; Ignore Maximum Fan-Out Assignments                                              ; Off                 ; Off                 ;
; Synchronization Register Chain Length                                           ; 3                   ; 3                   ;
; Power Optimization During Synthesis                                             ; Normal compilation  ; Normal compilation  ;
; HDL message level                                                               ; Level2              ; Level2              ;
; Suppress Register Optimization Related Messages                                 ; Off                 ; Off                 ;
; Number of Removed Registers Reported in Synthesis Report                        ; 5000                ; 5000                ;
; Number of Swept Nodes Reported in Synthesis Report                              ; 5000                ; 5000                ;
; Number of Inverted Registers Reported in Synthesis Report                       ; 100                 ; 100                 ;
; Clock MUX Protection                                                            ; On                  ; On                  ;
; Auto Gated Clock Conversion                                                     ; Off                 ; Off                 ;
; Block Design Naming                                                             ; Auto                ; Auto                ;
; SDC constraint protection                                                       ; Off                 ; Off                 ;
; Synthesis Effort                                                                ; Auto                ; Auto                ;
; Shift Register Replacement - Allow Asynchronous Clear Signal                    ; On                  ; On                  ;
; Pre-Mapping Resynthesis Optimization                                            ; Off                 ; Off                 ;
; Analysis & Synthesis Message Level                                              ; Medium              ; Medium              ;
; Disable Register Merging Across Hierarchies                                     ; Auto                ; Auto                ;
; Resource Aware Inference For Block RAM                                          ; On                  ; On                  ;
; Automatic Parallel Synthesis                                                    ; On                  ; On                  ;
; Partial Reconfiguration Bitstream ID                                            ; Off                 ; Off                 ;
+---------------------------------------------------------------------------------+---------------------+---------------------+


+------------------------------------------+
; Parallel Compilation                     ;
+----------------------------+-------------+
; Processors                 ; Number      ;
+----------------------------+-------------+
; Number detected on machine ; 28          ;
; Maximum allowed            ; 16          ;
;                            ;             ;
; Average used               ; 1.00        ;
; Maximum used               ; 16          ;
;                            ;             ;
; Usage by Processor         ; % Time Used ;
;     Processor 1            ; 100.0%      ;
;     Processors 2-16        ;   0.0%      ;
+----------------------------+-------------+


+--------------------------------------------------------------------------------------------------------------------------------------------------------------------------------+
; Analysis & Synthesis Source Files Read                                                                                                                                         ;
+----------------------------------+-----------------+------------------------+----------------------------------------------------------------------------------------+---------+
; File Name with User-Entered Path ; Used in Netlist ; File Type              ; File Name with Absolute Path                                                           ; Library ;
+----------------------------------+-----------------+------------------------+----------------------------------------------------------------------------------------+---------+
; vga_driver_memory_2.v            ; yes             ; User Verilog HDL File  ; D:/ECE_287/Final_Project/VGA_ON_DE1_SOC_2024/vga_driver_memory_2/vga_driver_memory_2.v ;         ;
; vga_driver.v                     ; yes             ; User Verilog HDL File  ; D:/ECE_287/Final_Project/VGA_ON_DE1_SOC_2024/vga_driver_memory_2/vga_driver.v          ;         ;
; debounce.v                       ; yes             ; User Verilog HDL File  ; D:/ECE_287/Final_Project/VGA_ON_DE1_SOC_2024/vga_driver_memory_2/debounce.v            ;         ;
+----------------------------------+-----------------+------------------------+----------------------------------------------------------------------------------------+---------+


+--------------------------------------------------------------+
; Analysis & Synthesis Resource Usage Summary                  ;
+---------------------------------------------+----------------+
; Resource                                    ; Usage          ;
+---------------------------------------------+----------------+
; Estimate of Logic utilization (ALMs needed) ; 43             ;
;                                             ;                ;
; Combinational ALUT usage for logic          ; 78             ;
;     -- 7 input functions                    ; 0              ;
;     -- 6 input functions                    ; 6              ;
;     -- 5 input functions                    ; 5              ;
;     -- 4 input functions                    ; 24             ;
;     -- <=3 input functions                  ; 43             ;
;                                             ;                ;
; Dedicated logic registers                   ; 43             ;
;                                             ;                ;
; I/O pins                                    ; 82             ;
;                                             ;                ;
; Total DSP Blocks                            ; 0              ;
;                                             ;                ;
; Maximum fan-out node                        ; CLOCK_50~input ;
; Maximum fan-out                             ; 43             ;
; Total fan-out                               ; 519            ;
; Average fan-out                             ; 1.82           ;
+---------------------------------------------+----------------+


+--------------------------------------------------------------------------------------------------------------------------------------------------------------------------------------------------------------------+
; Analysis & Synthesis Resource Utilization by Entity                                                                                                                                                                ;
+----------------------------+---------------------+---------------------------+-------------------+------------+------+--------------+-----------------------------------------+---------------------+--------------+
; Compilation Hierarchy Node ; Combinational ALUTs ; Dedicated Logic Registers ; Block Memory Bits ; DSP Blocks ; Pins ; Virtual Pins ; Full Hierarchy Name                     ; Entity Name         ; Library Name ;
+----------------------------+---------------------+---------------------------+-------------------+------------+------+--------------+-----------------------------------------+---------------------+--------------+
; |vga_driver_memory_2       ; 78 (41)             ; 43 (22)                   ; 0                 ; 0          ; 82   ; 0            ; |vga_driver_memory_2                    ; vga_driver_memory_2 ; work         ;
;    |vga_driver:the_vga|    ; 37 (37)             ; 21 (21)                   ; 0                 ; 0          ; 0    ; 0            ; |vga_driver_memory_2|vga_driver:the_vga ; vga_driver          ; work         ;
+----------------------------+---------------------+---------------------------+-------------------+------------+------+--------------+-----------------------------------------+---------------------+--------------+
Note: For table entries with two numbers listed, the numbers in parentheses indicate the number of resources of the given type used by the specific entity alone. The numbers listed outside of parentheses indicate the total resources of the given type used by the specific entity and all of its sub-entities in the hierarchy.


Encoding Type:  One-Hot
+------------------------------------------------------------------------------------------------------+
; State Machine - |vga_driver_memory_2|S                                                               ;
+---------------+---------------+------------+-----------+------------+------------+---------+---------+
; Name          ; S.RFM_DRAWING ; S.RFM_INIT ; S.W2M_INC ; S.W2M_COND ; S.W2M_INIT ; S.START ; S.ERROR ;
+---------------+---------------+------------+-----------+------------+------------+---------+---------+
; S.START       ; 0             ; 0          ; 0         ; 0          ; 0          ; 0       ; 0       ;
; S.W2M_INIT    ; 0             ; 0          ; 0         ; 0          ; 1          ; 1       ; 0       ;
; S.W2M_COND    ; 0             ; 0          ; 0         ; 1          ; 0          ; 1       ; 0       ;
; S.W2M_INC     ; 0             ; 0          ; 1         ; 0          ; 0          ; 1       ; 0       ;
; S.RFM_INIT    ; 0             ; 1          ; 0         ; 0          ; 0          ; 1       ; 0       ;
; S.RFM_DRAWING ; 1             ; 0          ; 0         ; 0          ; 0          ; 1       ; 0       ;
; S.ERROR       ; 0             ; 0          ; 0         ; 0          ; 0          ; 1       ; 1       ;
+---------------+---------------+------------+-----------+------------+------------+---------+---------+


Encoding Type:  One-Hot
+--------------------------------------------------------------------------------+
; State Machine - |vga_driver_memory_2|debounce_switches:db|debounce:db19|S      ;
+--------------+---------+--------------+--------+-------------+-------+---------+
; Name         ; S.ERROR ; S.MAYBE_ZERO ; S.ZERO ; S.MAYBE_ONE ; S.ONE ; S.START ;
+--------------+---------+--------------+--------+-------------+-------+---------+
; S.START      ; 0       ; 0            ; 0      ; 0           ; 0     ; 0       ;
; S.ONE        ; 0       ; 0            ; 0      ; 0           ; 1     ; 1       ;
; S.MAYBE_ONE  ; 0       ; 0            ; 0      ; 1           ; 0     ; 1       ;
; S.ZERO       ; 0       ; 0            ; 1      ; 0           ; 0     ; 1       ;
; S.MAYBE_ZERO ; 0       ; 1            ; 0      ; 0           ; 0     ; 1       ;
; S.ERROR      ; 1       ; 0            ; 0      ; 0           ; 0     ; 1       ;
+--------------+---------+--------------+--------+-------------+-------+---------+


Encoding Type:  One-Hot
+--------------------------------------------------------------------------------+
; State Machine - |vga_driver_memory_2|debounce_switches:db|debounce:db18|S      ;
+--------------+---------+--------------+--------+-------------+-------+---------+
; Name         ; S.ERROR ; S.MAYBE_ZERO ; S.ZERO ; S.MAYBE_ONE ; S.ONE ; S.START ;
+--------------+---------+--------------+--------+-------------+-------+---------+
; S.START      ; 0       ; 0            ; 0      ; 0           ; 0     ; 0       ;
; S.ONE        ; 0       ; 0            ; 0      ; 0           ; 1     ; 1       ;
; S.MAYBE_ONE  ; 0       ; 0            ; 0      ; 1           ; 0     ; 1       ;
; S.ZERO       ; 0       ; 0            ; 1      ; 0           ; 0     ; 1       ;
; S.MAYBE_ZERO ; 0       ; 1            ; 0      ; 0           ; 0     ; 1       ;
; S.ERROR      ; 1       ; 0            ; 0      ; 0           ; 0     ; 1       ;
+--------------+---------+--------------+--------+-------------+-------+---------+


Encoding Type:  One-Hot
+--------------------------------------------------------------------------------+
; State Machine - |vga_driver_memory_2|debounce_switches:db|debounce:db17|S      ;
+--------------+---------+--------------+--------+-------------+-------+---------+
; Name         ; S.ERROR ; S.MAYBE_ZERO ; S.ZERO ; S.MAYBE_ONE ; S.ONE ; S.START ;
+--------------+---------+--------------+--------+-------------+-------+---------+
; S.START      ; 0       ; 0            ; 0      ; 0           ; 0     ; 0       ;
; S.ONE        ; 0       ; 0            ; 0      ; 0           ; 1     ; 1       ;
; S.MAYBE_ONE  ; 0       ; 0            ; 0      ; 1           ; 0     ; 1       ;
; S.ZERO       ; 0       ; 0            ; 1      ; 0           ; 0     ; 1       ;
; S.MAYBE_ZERO ; 0       ; 1            ; 0      ; 0           ; 0     ; 1       ;
; S.ERROR      ; 1       ; 0            ; 0      ; 0           ; 0     ; 1       ;
+--------------+---------+--------------+--------+-------------+-------+---------+


Encoding Type:  One-Hot
+--------------------------------------------------------------------------------+
; State Machine - |vga_driver_memory_2|debounce_switches:db|debounce:db16|S      ;
+--------------+---------+--------------+--------+-------------+-------+---------+
; Name         ; S.ERROR ; S.MAYBE_ZERO ; S.ZERO ; S.MAYBE_ONE ; S.ONE ; S.START ;
+--------------+---------+--------------+--------+-------------+-------+---------+
; S.START      ; 0       ; 0            ; 0      ; 0           ; 0     ; 0       ;
; S.ONE        ; 0       ; 0            ; 0      ; 0           ; 1     ; 1       ;
; S.MAYBE_ONE  ; 0       ; 0            ; 0      ; 1           ; 0     ; 1       ;
; S.ZERO       ; 0       ; 0            ; 1      ; 0           ; 0     ; 1       ;
; S.MAYBE_ZERO ; 0       ; 1            ; 0      ; 0           ; 0     ; 1       ;
; S.ERROR      ; 1       ; 0            ; 0      ; 0           ; 0     ; 1       ;
+--------------+---------+--------------+--------+-------------+-------+---------+


Encoding Type:  One-Hot
+--------------------------------------------------------------------------------+
; State Machine - |vga_driver_memory_2|debounce_switches:db|debounce:db15|S      ;
+--------------+---------+--------------+--------+-------------+-------+---------+
; Name         ; S.ERROR ; S.MAYBE_ZERO ; S.ZERO ; S.MAYBE_ONE ; S.ONE ; S.START ;
+--------------+---------+--------------+--------+-------------+-------+---------+
; S.START      ; 0       ; 0            ; 0      ; 0           ; 0     ; 0       ;
; S.ONE        ; 0       ; 0            ; 0      ; 0           ; 1     ; 1       ;
; S.MAYBE_ONE  ; 0       ; 0            ; 0      ; 1           ; 0     ; 1       ;
; S.ZERO       ; 0       ; 0            ; 1      ; 0           ; 0     ; 1       ;
; S.MAYBE_ZERO ; 0       ; 1            ; 0      ; 0           ; 0     ; 1       ;
; S.ERROR      ; 1       ; 0            ; 0      ; 0           ; 0     ; 1       ;
+--------------+---------+--------------+--------+-------------+-------+---------+


Encoding Type:  One-Hot
+--------------------------------------------------------------------------------+
; State Machine - |vga_driver_memory_2|debounce_switches:db|debounce:db14|S      ;
+--------------+---------+--------------+--------+-------------+-------+---------+
; Name         ; S.ERROR ; S.MAYBE_ZERO ; S.ZERO ; S.MAYBE_ONE ; S.ONE ; S.START ;
+--------------+---------+--------------+--------+-------------+-------+---------+
; S.START      ; 0       ; 0            ; 0      ; 0           ; 0     ; 0       ;
; S.ONE        ; 0       ; 0            ; 0      ; 0           ; 1     ; 1       ;
; S.MAYBE_ONE  ; 0       ; 0            ; 0      ; 1           ; 0     ; 1       ;
; S.ZERO       ; 0       ; 0            ; 1      ; 0           ; 0     ; 1       ;
; S.MAYBE_ZERO ; 0       ; 1            ; 0      ; 0           ; 0     ; 1       ;
; S.ERROR      ; 1       ; 0            ; 0      ; 0           ; 0     ; 1       ;
+--------------+---------+--------------+--------+-------------+-------+---------+


Encoding Type:  One-Hot
+--------------------------------------------------------------------------------+
; State Machine - |vga_driver_memory_2|debounce_switches:db|debounce:db13|S      ;
+--------------+---------+--------------+--------+-------------+-------+---------+
; Name         ; S.ERROR ; S.MAYBE_ZERO ; S.ZERO ; S.MAYBE_ONE ; S.ONE ; S.START ;
+--------------+---------+--------------+--------+-------------+-------+---------+
; S.START      ; 0       ; 0            ; 0      ; 0           ; 0     ; 0       ;
; S.ONE        ; 0       ; 0            ; 0      ; 0           ; 1     ; 1       ;
; S.MAYBE_ONE  ; 0       ; 0            ; 0      ; 1           ; 0     ; 1       ;
; S.ZERO       ; 0       ; 0            ; 1      ; 0           ; 0     ; 1       ;
; S.MAYBE_ZERO ; 0       ; 1            ; 0      ; 0           ; 0     ; 1       ;
; S.ERROR      ; 1       ; 0            ; 0      ; 0           ; 0     ; 1       ;
+--------------+---------+--------------+--------+-------------+-------+---------+


Encoding Type:  One-Hot
+--------------------------------------------------------------------------------+
; State Machine - |vga_driver_memory_2|debounce_switches:db|debounce:db12|S      ;
+--------------+---------+--------------+--------+-------------+-------+---------+
; Name         ; S.ERROR ; S.MAYBE_ZERO ; S.ZERO ; S.MAYBE_ONE ; S.ONE ; S.START ;
+--------------+---------+--------------+--------+-------------+-------+---------+
; S.START      ; 0       ; 0            ; 0      ; 0           ; 0     ; 0       ;
; S.ONE        ; 0       ; 0            ; 0      ; 0           ; 1     ; 1       ;
; S.MAYBE_ONE  ; 0       ; 0            ; 0      ; 1           ; 0     ; 1       ;
; S.ZERO       ; 0       ; 0            ; 1      ; 0           ; 0     ; 1       ;
; S.MAYBE_ZERO ; 0       ; 1            ; 0      ; 0           ; 0     ; 1       ;
; S.ERROR      ; 1       ; 0            ; 0      ; 0           ; 0     ; 1       ;
+--------------+---------+--------------+--------+-------------+-------+---------+


Encoding Type:  One-Hot
+--------------------------------------------------------------------------------+
; State Machine - |vga_driver_memory_2|debounce_switches:db|debounce:db11|S      ;
+--------------+---------+--------------+--------+-------------+-------+---------+
; Name         ; S.ERROR ; S.MAYBE_ZERO ; S.ZERO ; S.MAYBE_ONE ; S.ONE ; S.START ;
+--------------+---------+--------------+--------+-------------+-------+---------+
; S.START      ; 0       ; 0            ; 0      ; 0           ; 0     ; 0       ;
; S.ONE        ; 0       ; 0            ; 0      ; 0           ; 1     ; 1       ;
; S.MAYBE_ONE  ; 0       ; 0            ; 0      ; 1           ; 0     ; 1       ;
; S.ZERO       ; 0       ; 0            ; 1      ; 0           ; 0     ; 1       ;
; S.MAYBE_ZERO ; 0       ; 1            ; 0      ; 0           ; 0     ; 1       ;
; S.ERROR      ; 1       ; 0            ; 0      ; 0           ; 0     ; 1       ;
+--------------+---------+--------------+--------+-------------+-------+---------+


Encoding Type:  One-Hot
+--------------------------------------------------------------------------------+
; State Machine - |vga_driver_memory_2|debounce_switches:db|debounce:db10|S      ;
+--------------+---------+--------------+--------+-------------+-------+---------+
; Name         ; S.ERROR ; S.MAYBE_ZERO ; S.ZERO ; S.MAYBE_ONE ; S.ONE ; S.START ;
+--------------+---------+--------------+--------+-------------+-------+---------+
; S.START      ; 0       ; 0            ; 0      ; 0           ; 0     ; 0       ;
; S.ONE        ; 0       ; 0            ; 0      ; 0           ; 1     ; 1       ;
; S.MAYBE_ONE  ; 0       ; 0            ; 0      ; 1           ; 0     ; 1       ;
; S.ZERO       ; 0       ; 0            ; 1      ; 0           ; 0     ; 1       ;
; S.MAYBE_ZERO ; 0       ; 1            ; 0      ; 0           ; 0     ; 1       ;
; S.ERROR      ; 1       ; 0            ; 0      ; 0           ; 0     ; 1       ;
+--------------+---------+--------------+--------+-------------+-------+---------+


Encoding Type:  One-Hot
+--------------------------------------------------------------------------------+
; State Machine - |vga_driver_memory_2|debounce_switches:db|debounce:db7|S       ;
+--------------+---------+--------------+--------+-------------+-------+---------+
; Name         ; S.ERROR ; S.MAYBE_ZERO ; S.ZERO ; S.MAYBE_ONE ; S.ONE ; S.START ;
+--------------+---------+--------------+--------+-------------+-------+---------+
; S.START      ; 0       ; 0            ; 0      ; 0           ; 0     ; 0       ;
; S.ONE        ; 0       ; 0            ; 0      ; 0           ; 1     ; 1       ;
; S.MAYBE_ONE  ; 0       ; 0            ; 0      ; 1           ; 0     ; 1       ;
; S.ZERO       ; 0       ; 0            ; 1      ; 0           ; 0     ; 1       ;
; S.MAYBE_ZERO ; 0       ; 1            ; 0      ; 0           ; 0     ; 1       ;
; S.ERROR      ; 1       ; 0            ; 0      ; 0           ; 0     ; 1       ;
+--------------+---------+--------------+--------+-------------+-------+---------+


Encoding Type:  One-Hot
+--------------------------------------------------------------------------------+
; State Machine - |vga_driver_memory_2|debounce_switches:db|debounce:db6|S       ;
+--------------+---------+--------------+--------+-------------+-------+---------+
; Name         ; S.ERROR ; S.MAYBE_ZERO ; S.ZERO ; S.MAYBE_ONE ; S.ONE ; S.START ;
+--------------+---------+--------------+--------+-------------+-------+---------+
; S.START      ; 0       ; 0            ; 0      ; 0           ; 0     ; 0       ;
; S.ONE        ; 0       ; 0            ; 0      ; 0           ; 1     ; 1       ;
; S.MAYBE_ONE  ; 0       ; 0            ; 0      ; 1           ; 0     ; 1       ;
; S.ZERO       ; 0       ; 0            ; 1      ; 0           ; 0     ; 1       ;
; S.MAYBE_ZERO ; 0       ; 1            ; 0      ; 0           ; 0     ; 1       ;
; S.ERROR      ; 1       ; 0            ; 0      ; 0           ; 0     ; 1       ;
+--------------+---------+--------------+--------+-------------+-------+---------+


Encoding Type:  One-Hot
+--------------------------------------------------------------------------------+
; State Machine - |vga_driver_memory_2|debounce_switches:db|debounce:db5|S       ;
+--------------+---------+--------------+--------+-------------+-------+---------+
; Name         ; S.ERROR ; S.MAYBE_ZERO ; S.ZERO ; S.MAYBE_ONE ; S.ONE ; S.START ;
+--------------+---------+--------------+--------+-------------+-------+---------+
; S.START      ; 0       ; 0            ; 0      ; 0           ; 0     ; 0       ;
; S.ONE        ; 0       ; 0            ; 0      ; 0           ; 1     ; 1       ;
; S.MAYBE_ONE  ; 0       ; 0            ; 0      ; 1           ; 0     ; 1       ;
; S.ZERO       ; 0       ; 0            ; 1      ; 0           ; 0     ; 1       ;
; S.MAYBE_ZERO ; 0       ; 1            ; 0      ; 0           ; 0     ; 1       ;
; S.ERROR      ; 1       ; 0            ; 0      ; 0           ; 0     ; 1       ;
+--------------+---------+--------------+--------+-------------+-------+---------+


Encoding Type:  One-Hot
+--------------------------------------------------------------------------------+
; State Machine - |vga_driver_memory_2|debounce_switches:db|debounce:db4|S       ;
+--------------+---------+--------------+--------+-------------+-------+---------+
; Name         ; S.ERROR ; S.MAYBE_ZERO ; S.ZERO ; S.MAYBE_ONE ; S.ONE ; S.START ;
+--------------+---------+--------------+--------+-------------+-------+---------+
; S.START      ; 0       ; 0            ; 0      ; 0           ; 0     ; 0       ;
; S.ONE        ; 0       ; 0            ; 0      ; 0           ; 1     ; 1       ;
; S.MAYBE_ONE  ; 0       ; 0            ; 0      ; 1           ; 0     ; 1       ;
; S.ZERO       ; 0       ; 0            ; 1      ; 0           ; 0     ; 1       ;
; S.MAYBE_ZERO ; 0       ; 1            ; 0      ; 0           ; 0     ; 1       ;
; S.ERROR      ; 1       ; 0            ; 0      ; 0           ; 0     ; 1       ;
+--------------+---------+--------------+--------+-------------+-------+---------+


Encoding Type:  One-Hot
+--------------------------------------------------------------------------------+
; State Machine - |vga_driver_memory_2|debounce_switches:db|debounce:db3|S       ;
+--------------+---------+--------------+--------+-------------+-------+---------+
; Name         ; S.ERROR ; S.MAYBE_ZERO ; S.ZERO ; S.MAYBE_ONE ; S.ONE ; S.START ;
+--------------+---------+--------------+--------+-------------+-------+---------+
; S.START      ; 0       ; 0            ; 0      ; 0           ; 0     ; 0       ;
; S.ONE        ; 0       ; 0            ; 0      ; 0           ; 1     ; 1       ;
; S.MAYBE_ONE  ; 0       ; 0            ; 0      ; 1           ; 0     ; 1       ;
; S.ZERO       ; 0       ; 0            ; 1      ; 0           ; 0     ; 1       ;
; S.MAYBE_ZERO ; 0       ; 1            ; 0      ; 0           ; 0     ; 1       ;
; S.ERROR      ; 1       ; 0            ; 0      ; 0           ; 0     ; 1       ;
+--------------+---------+--------------+--------+-------------+-------+---------+


Encoding Type:  One-Hot
+--------------------------------------------------------------------------------+
; State Machine - |vga_driver_memory_2|debounce_switches:db|debounce:db2|S       ;
+--------------+---------+--------------+--------+-------------+-------+---------+
; Name         ; S.ERROR ; S.MAYBE_ZERO ; S.ZERO ; S.MAYBE_ONE ; S.ONE ; S.START ;
+--------------+---------+--------------+--------+-------------+-------+---------+
; S.START      ; 0       ; 0            ; 0      ; 0           ; 0     ; 0       ;
; S.ONE        ; 0       ; 0            ; 0      ; 0           ; 1     ; 1       ;
; S.MAYBE_ONE  ; 0       ; 0            ; 0      ; 1           ; 0     ; 1       ;
; S.ZERO       ; 0       ; 0            ; 1      ; 0           ; 0     ; 1       ;
; S.MAYBE_ZERO ; 0       ; 1            ; 0      ; 0           ; 0     ; 1       ;
; S.ERROR      ; 1       ; 0            ; 0      ; 0           ; 0     ; 1       ;
+--------------+---------+--------------+--------+-------------+-------+---------+


Encoding Type:  One-Hot
+--------------------------------------------------------------------------------+
; State Machine - |vga_driver_memory_2|debounce_switches:db|debounce:db1|S       ;
+--------------+---------+--------------+--------+-------------+-------+---------+
; Name         ; S.ERROR ; S.MAYBE_ZERO ; S.ZERO ; S.MAYBE_ONE ; S.ONE ; S.START ;
+--------------+---------+--------------+--------+-------------+-------+---------+
; S.START      ; 0       ; 0            ; 0      ; 0           ; 0     ; 0       ;
; S.ONE        ; 0       ; 0            ; 0      ; 0           ; 1     ; 1       ;
; S.MAYBE_ONE  ; 0       ; 0            ; 0      ; 1           ; 0     ; 1       ;
; S.ZERO       ; 0       ; 0            ; 1      ; 0           ; 0     ; 1       ;
; S.MAYBE_ZERO ; 0       ; 1            ; 0      ; 0           ; 0     ; 1       ;
; S.ERROR      ; 1       ; 0            ; 0      ; 0           ; 0     ; 1       ;
+--------------+---------+--------------+--------+-------------+-------+---------+


Encoding Type:  One-Hot
+--------------------------------------------------------------------------------+
; State Machine - |vga_driver_memory_2|debounce_switches:db|debounce:db0|S       ;
+--------------+---------+--------------+--------+-------------+-------+---------+
; Name         ; S.ERROR ; S.MAYBE_ZERO ; S.ZERO ; S.MAYBE_ONE ; S.ONE ; S.START ;
+--------------+---------+--------------+--------+-------------+-------+---------+
; S.START      ; 0       ; 0            ; 0      ; 0           ; 0     ; 0       ;
; S.ONE        ; 0       ; 0            ; 0      ; 0           ; 1     ; 1       ;
; S.MAYBE_ONE  ; 0       ; 0            ; 0      ; 1           ; 0     ; 1       ;
; S.ZERO       ; 0       ; 0            ; 1      ; 0           ; 0     ; 1       ;
; S.MAYBE_ZERO ; 0       ; 1            ; 0      ; 0           ; 0     ; 1       ;
; S.ERROR      ; 1       ; 0            ; 0      ; 0           ; 0     ; 1       ;
+--------------+---------+--------------+--------+-------------+-------+---------+


+------------------------------------------------------------------------------------------+
; Registers Removed During Synthesis                                                       ;
+-------------------------------------------------+----------------------------------------+
; Register name                                   ; Reason for Removal                     ;
+-------------------------------------------------+----------------------------------------+
; debounce_switches:db|debounce:db19|S.MAYBE_ONE  ; Lost fanout                            ;
; debounce_switches:db|debounce:db18|S.MAYBE_ONE  ; Lost fanout                            ;
; debounce_switches:db|debounce:db17|S.MAYBE_ONE  ; Lost fanout                            ;
; debounce_switches:db|debounce:db16|S.MAYBE_ONE  ; Lost fanout                            ;
; debounce_switches:db|debounce:db15|S.MAYBE_ONE  ; Lost fanout                            ;
; debounce_switches:db|debounce:db14|S.MAYBE_ONE  ; Lost fanout                            ;
; debounce_switches:db|debounce:db13|S.MAYBE_ONE  ; Lost fanout                            ;
; debounce_switches:db|debounce:db12|S.MAYBE_ONE  ; Lost fanout                            ;
; debounce_switches:db|debounce:db19|S.START      ; Lost fanout                            ;
; debounce_switches:db|debounce:db19|S.ZERO       ; Lost fanout                            ;
; debounce_switches:db|debounce:db18|S.START      ; Lost fanout                            ;
; debounce_switches:db|debounce:db18|S.ZERO       ; Lost fanout                            ;
; debounce_switches:db|debounce:db17|S.START      ; Lost fanout                            ;
; debounce_switches:db|debounce:db17|S.ZERO       ; Lost fanout                            ;
; debounce_switches:db|debounce:db16|S.START      ; Lost fanout                            ;
; debounce_switches:db|debounce:db16|S.ZERO       ; Lost fanout                            ;
; debounce_switches:db|debounce:db15|S.START      ; Lost fanout                            ;
; debounce_switches:db|debounce:db15|S.ZERO       ; Lost fanout                            ;
; debounce_switches:db|debounce:db14|S.START      ; Lost fanout                            ;
; debounce_switches:db|debounce:db14|S.ZERO       ; Lost fanout                            ;
; debounce_switches:db|debounce:db13|S.START      ; Lost fanout                            ;
; debounce_switches:db|debounce:db13|S.ZERO       ; Lost fanout                            ;
; debounce_switches:db|debounce:db12|S.START      ; Lost fanout                            ;
; debounce_switches:db|debounce:db12|S.ZERO       ; Lost fanout                            ;
; S~4                                             ; Lost fanout                            ;
; S~5                                             ; Lost fanout                            ;
; S~6                                             ; Lost fanout                            ;
; S~8                                             ; Lost fanout                            ;
; S~9                                             ; Lost fanout                            ;
; S~10                                            ; Lost fanout                            ;
; S~11                                            ; Lost fanout                            ;
; debounce_switches:db|debounce:db19|S~4          ; Lost fanout                            ;
; debounce_switches:db|debounce:db19|S~5          ; Lost fanout                            ;
; debounce_switches:db|debounce:db19|S~6          ; Lost fanout                            ;
; debounce_switches:db|debounce:db18|S~4          ; Lost fanout                            ;
; debounce_switches:db|debounce:db18|S~5          ; Lost fanout                            ;
; debounce_switches:db|debounce:db18|S~6          ; Lost fanout                            ;
; debounce_switches:db|debounce:db17|S~4          ; Lost fanout                            ;
; debounce_switches:db|debounce:db17|S~5          ; Lost fanout                            ;
; debounce_switches:db|debounce:db17|S~6          ; Lost fanout                            ;
; debounce_switches:db|debounce:db16|S~4          ; Lost fanout                            ;
; debounce_switches:db|debounce:db16|S~5          ; Lost fanout                            ;
; debounce_switches:db|debounce:db16|S~6          ; Lost fanout                            ;
; debounce_switches:db|debounce:db15|S~4          ; Lost fanout                            ;
; debounce_switches:db|debounce:db15|S~5          ; Lost fanout                            ;
; debounce_switches:db|debounce:db15|S~6          ; Lost fanout                            ;
; debounce_switches:db|debounce:db14|S~4          ; Lost fanout                            ;
; debounce_switches:db|debounce:db14|S~5          ; Lost fanout                            ;
; debounce_switches:db|debounce:db14|S~6          ; Lost fanout                            ;
; debounce_switches:db|debounce:db13|S~4          ; Lost fanout                            ;
; debounce_switches:db|debounce:db13|S~5          ; Lost fanout                            ;
; debounce_switches:db|debounce:db13|S~6          ; Lost fanout                            ;
; debounce_switches:db|debounce:db12|S~4          ; Lost fanout                            ;
; debounce_switches:db|debounce:db12|S~5          ; Lost fanout                            ;
; debounce_switches:db|debounce:db12|S~6          ; Lost fanout                            ;
; debounce_switches:db|debounce:db11|S~4          ; Lost fanout                            ;
; debounce_switches:db|debounce:db11|S~5          ; Lost fanout                            ;
; debounce_switches:db|debounce:db11|S~6          ; Lost fanout                            ;
; debounce_switches:db|debounce:db10|S~4          ; Lost fanout                            ;
; debounce_switches:db|debounce:db10|S~5          ; Lost fanout                            ;
; debounce_switches:db|debounce:db10|S~6          ; Lost fanout                            ;
; debounce_switches:db|debounce:db7|S~4           ; Lost fanout                            ;
; debounce_switches:db|debounce:db7|S~5           ; Lost fanout                            ;
; debounce_switches:db|debounce:db7|S~6           ; Lost fanout                            ;
; debounce_switches:db|debounce:db6|S~4           ; Lost fanout                            ;
; debounce_switches:db|debounce:db6|S~5           ; Lost fanout                            ;
; debounce_switches:db|debounce:db6|S~6           ; Lost fanout                            ;
; debounce_switches:db|debounce:db5|S~4           ; Lost fanout                            ;
; debounce_switches:db|debounce:db5|S~5           ; Lost fanout                            ;
; debounce_switches:db|debounce:db5|S~6           ; Lost fanout                            ;
; debounce_switches:db|debounce:db4|S~4           ; Lost fanout                            ;
; debounce_switches:db|debounce:db4|S~5           ; Lost fanout                            ;
; debounce_switches:db|debounce:db4|S~6           ; Lost fanout                            ;
; debounce_switches:db|debounce:db3|S~4           ; Lost fanout                            ;
; debounce_switches:db|debounce:db3|S~5           ; Lost fanout                            ;
; debounce_switches:db|debounce:db3|S~6           ; Lost fanout                            ;
; debounce_switches:db|debounce:db2|S~4           ; Lost fanout                            ;
; debounce_switches:db|debounce:db2|S~5           ; Lost fanout                            ;
; debounce_switches:db|debounce:db2|S~6           ; Lost fanout                            ;
; debounce_switches:db|debounce:db1|S~4           ; Lost fanout                            ;
; debounce_switches:db|debounce:db1|S~5           ; Lost fanout                            ;
; debounce_switches:db|debounce:db1|S~6           ; Lost fanout                            ;
; debounce_switches:db|debounce:db0|S~4           ; Lost fanout                            ;
; debounce_switches:db|debounce:db0|S~5           ; Lost fanout                            ;
; debounce_switches:db|debounce:db0|S~6           ; Lost fanout                            ;
; debounce_switches:db|debounce:db19|count[0..7]  ; Lost fanout                            ;
; debounce_switches:db|debounce:db18|count[0..7]  ; Lost fanout                            ;
; debounce_switches:db|debounce:db17|count[0..7]  ; Lost fanout                            ;
; debounce_switches:db|debounce:db16|count[0..7]  ; Lost fanout                            ;
; debounce_switches:db|debounce:db15|count[0..7]  ; Lost fanout                            ;
; debounce_switches:db|debounce:db14|count[0..7]  ; Lost fanout                            ;
; debounce_switches:db|debounce:db13|count[0..7]  ; Lost fanout                            ;
; debounce_switches:db|debounce:db12|count[0..7]  ; Lost fanout                            ;
; debounce_switches:db|debounce:db11|count[0..7]  ; Lost fanout                            ;
; debounce_switches:db|debounce:db10|count[0..7]  ; Lost fanout                            ;
; debounce_switches:db|debounce:db7|count[0..7]   ; Lost fanout                            ;
; debounce_switches:db|debounce:db6|count[0..7]   ; Lost fanout                            ;
; debounce_switches:db|debounce:db5|count[0..7]   ; Lost fanout                            ;
; debounce_switches:db|debounce:db4|count[0..7]   ; Lost fanout                            ;
; debounce_switches:db|debounce:db3|count[0..7]   ; Lost fanout                            ;
; debounce_switches:db|debounce:db2|count[0..7]   ; Lost fanout                            ;
; debounce_switches:db|debounce:db1|count[0..7]   ; Lost fanout                            ;
; debounce_switches:db|debounce:db0|count[0..7]   ; Lost fanout                            ;
; debounce_switches:db|debounce:db19|S.ONE        ; Lost fanout                            ;
; debounce_switches:db|debounce:db19|S.MAYBE_ZERO ; Lost fanout                            ;
; debounce_switches:db|debounce:db19|S.ERROR      ; Lost fanout                            ;
; debounce_switches:db|debounce:db18|S.ONE        ; Lost fanout                            ;
; debounce_switches:db|debounce:db18|S.MAYBE_ZERO ; Lost fanout                            ;
; debounce_switches:db|debounce:db18|S.ERROR      ; Lost fanout                            ;
; debounce_switches:db|debounce:db17|S.ONE        ; Lost fanout                            ;
; debounce_switches:db|debounce:db17|S.MAYBE_ZERO ; Lost fanout                            ;
; debounce_switches:db|debounce:db17|S.ERROR      ; Lost fanout                            ;
; debounce_switches:db|debounce:db16|S.ONE        ; Lost fanout                            ;
; debounce_switches:db|debounce:db16|S.MAYBE_ZERO ; Lost fanout                            ;
; debounce_switches:db|debounce:db16|S.ERROR      ; Lost fanout                            ;
; debounce_switches:db|debounce:db15|S.ONE        ; Lost fanout                            ;
; debounce_switches:db|debounce:db15|S.MAYBE_ZERO ; Lost fanout                            ;
; debounce_switches:db|debounce:db15|S.ERROR      ; Lost fanout                            ;
; debounce_switches:db|debounce:db14|S.ONE        ; Lost fanout                            ;
; debounce_switches:db|debounce:db14|S.MAYBE_ZERO ; Lost fanout                            ;
; debounce_switches:db|debounce:db14|S.ERROR      ; Lost fanout                            ;
; debounce_switches:db|debounce:db13|S.ONE        ; Lost fanout                            ;
; debounce_switches:db|debounce:db13|S.MAYBE_ZERO ; Lost fanout                            ;
; debounce_switches:db|debounce:db13|S.ERROR      ; Lost fanout                            ;
; debounce_switches:db|debounce:db12|S.ONE        ; Lost fanout                            ;
; debounce_switches:db|debounce:db12|S.MAYBE_ZERO ; Lost fanout                            ;
; debounce_switches:db|debounce:db12|S.ERROR      ; Lost fanout                            ;
; debounce_switches:db|debounce:db11|S.START      ; Lost fanout                            ;
; debounce_switches:db|debounce:db11|S.ONE        ; Lost fanout                            ;
; debounce_switches:db|debounce:db11|S.MAYBE_ONE  ; Lost fanout                            ;
; debounce_switches:db|debounce:db11|S.ZERO       ; Lost fanout                            ;
; debounce_switches:db|debounce:db11|S.MAYBE_ZERO ; Lost fanout                            ;
; debounce_switches:db|debounce:db11|S.ERROR      ; Lost fanout                            ;
; debounce_switches:db|debounce:db10|S.START      ; Lost fanout                            ;
; debounce_switches:db|debounce:db10|S.ONE        ; Lost fanout                            ;
; debounce_switches:db|debounce:db10|S.MAYBE_ONE  ; Lost fanout                            ;
; debounce_switches:db|debounce:db10|S.ZERO       ; Lost fanout                            ;
; debounce_switches:db|debounce:db10|S.MAYBE_ZERO ; Lost fanout                            ;
; debounce_switches:db|debounce:db10|S.ERROR      ; Lost fanout                            ;
; debounce_switches:db|debounce:db7|S.START       ; Lost fanout                            ;
; debounce_switches:db|debounce:db7|S.ONE         ; Lost fanout                            ;
; debounce_switches:db|debounce:db7|S.MAYBE_ONE   ; Lost fanout                            ;
; debounce_switches:db|debounce:db7|S.ZERO        ; Lost fanout                            ;
; debounce_switches:db|debounce:db7|S.MAYBE_ZERO  ; Lost fanout                            ;
; debounce_switches:db|debounce:db7|S.ERROR       ; Lost fanout                            ;
; debounce_switches:db|debounce:db6|S.START       ; Lost fanout                            ;
; debounce_switches:db|debounce:db6|S.ONE         ; Lost fanout                            ;
; debounce_switches:db|debounce:db6|S.MAYBE_ONE   ; Lost fanout                            ;
; debounce_switches:db|debounce:db6|S.ZERO        ; Lost fanout                            ;
; debounce_switches:db|debounce:db6|S.MAYBE_ZERO  ; Lost fanout                            ;
; debounce_switches:db|debounce:db6|S.ERROR       ; Lost fanout                            ;
; debounce_switches:db|debounce:db5|S.START       ; Lost fanout                            ;
; debounce_switches:db|debounce:db5|S.ONE         ; Lost fanout                            ;
; debounce_switches:db|debounce:db5|S.MAYBE_ONE   ; Lost fanout                            ;
; debounce_switches:db|debounce:db5|S.ZERO        ; Lost fanout                            ;
; debounce_switches:db|debounce:db5|S.MAYBE_ZERO  ; Lost fanout                            ;
; debounce_switches:db|debounce:db5|S.ERROR       ; Lost fanout                            ;
; debounce_switches:db|debounce:db4|S.START       ; Lost fanout                            ;
; debounce_switches:db|debounce:db4|S.ONE         ; Lost fanout                            ;
; debounce_switches:db|debounce:db4|S.MAYBE_ONE   ; Lost fanout                            ;
; debounce_switches:db|debounce:db4|S.ZERO        ; Lost fanout                            ;
; debounce_switches:db|debounce:db4|S.MAYBE_ZERO  ; Lost fanout                            ;
; debounce_switches:db|debounce:db4|S.ERROR       ; Lost fanout                            ;
; debounce_switches:db|debounce:db3|S.START       ; Lost fanout                            ;
; debounce_switches:db|debounce:db3|S.ONE         ; Lost fanout                            ;
; debounce_switches:db|debounce:db3|S.MAYBE_ONE   ; Lost fanout                            ;
; debounce_switches:db|debounce:db3|S.ZERO        ; Lost fanout                            ;
; debounce_switches:db|debounce:db3|S.MAYBE_ZERO  ; Lost fanout                            ;
; debounce_switches:db|debounce:db3|S.ERROR       ; Lost fanout                            ;
; debounce_switches:db|debounce:db2|S.START       ; Lost fanout                            ;
; debounce_switches:db|debounce:db2|S.ONE         ; Lost fanout                            ;
; debounce_switches:db|debounce:db2|S.MAYBE_ONE   ; Lost fanout                            ;
; debounce_switches:db|debounce:db2|S.ZERO        ; Lost fanout                            ;
; debounce_switches:db|debounce:db2|S.MAYBE_ZERO  ; Lost fanout                            ;
; debounce_switches:db|debounce:db2|S.ERROR       ; Lost fanout                            ;
; debounce_switches:db|debounce:db1|S.START       ; Lost fanout                            ;
; debounce_switches:db|debounce:db1|S.ONE         ; Lost fanout                            ;
; debounce_switches:db|debounce:db1|S.MAYBE_ONE   ; Lost fanout                            ;
; debounce_switches:db|debounce:db1|S.ZERO        ; Lost fanout                            ;
; debounce_switches:db|debounce:db1|S.MAYBE_ZERO  ; Lost fanout                            ;
; debounce_switches:db|debounce:db1|S.ERROR       ; Lost fanout                            ;
; debounce_switches:db|debounce:db0|S.START       ; Lost fanout                            ;
; debounce_switches:db|debounce:db0|S.ONE         ; Lost fanout                            ;
; debounce_switches:db|debounce:db0|S.MAYBE_ONE   ; Lost fanout                            ;
; debounce_switches:db|debounce:db0|S.ZERO        ; Lost fanout                            ;
; debounce_switches:db|debounce:db0|S.MAYBE_ZERO  ; Lost fanout                            ;
; debounce_switches:db|debounce:db0|S.ERROR       ; Lost fanout                            ;
; S.ERROR                                         ; Stuck at GND due to stuck port data_in ;
; Total Number of Removed Registers = 314         ;                                        ;
+-------------------------------------------------+----------------------------------------+


+---------------------------------------------------------------------------------------------------------------------+
; Removed Registers Triggering Further Register Optimizations                                                         ;
+---------------------------------------------+--------------------+--------------------------------------------------+
; Register name                               ; Reason for Removal ; Registers Removed due to This Register           ;
+---------------------------------------------+--------------------+--------------------------------------------------+
; debounce_switches:db|debounce:db19|S.ZERO   ; Lost Fanouts       ; debounce_switches:db|debounce:db19|S.ONE,        ;
;                                             ;                    ; debounce_switches:db|debounce:db19|S.MAYBE_ZERO, ;
;                                             ;                    ; debounce_switches:db|debounce:db19|S.ERROR       ;
; debounce_switches:db|debounce:db18|S.ZERO   ; Lost Fanouts       ; debounce_switches:db|debounce:db18|S.ONE,        ;
;                                             ;                    ; debounce_switches:db|debounce:db18|S.MAYBE_ZERO, ;
;                                             ;                    ; debounce_switches:db|debounce:db18|S.ERROR       ;
; debounce_switches:db|debounce:db17|S.ZERO   ; Lost Fanouts       ; debounce_switches:db|debounce:db17|S.ONE,        ;
;                                             ;                    ; debounce_switches:db|debounce:db17|S.MAYBE_ZERO, ;
;                                             ;                    ; debounce_switches:db|debounce:db17|S.ERROR       ;
; debounce_switches:db|debounce:db16|S.ZERO   ; Lost Fanouts       ; debounce_switches:db|debounce:db16|S.ONE,        ;
;                                             ;                    ; debounce_switches:db|debounce:db16|S.MAYBE_ZERO, ;
;                                             ;                    ; debounce_switches:db|debounce:db16|S.ERROR       ;
; debounce_switches:db|debounce:db15|S.ZERO   ; Lost Fanouts       ; debounce_switches:db|debounce:db15|S.ONE,        ;
;                                             ;                    ; debounce_switches:db|debounce:db15|S.MAYBE_ZERO, ;
;                                             ;                    ; debounce_switches:db|debounce:db15|S.ERROR       ;
; debounce_switches:db|debounce:db14|S.ZERO   ; Lost Fanouts       ; debounce_switches:db|debounce:db14|S.ONE,        ;
;                                             ;                    ; debounce_switches:db|debounce:db14|S.MAYBE_ZERO, ;
;                                             ;                    ; debounce_switches:db|debounce:db14|S.ERROR       ;
; debounce_switches:db|debounce:db13|S.ZERO   ; Lost Fanouts       ; debounce_switches:db|debounce:db13|S.ONE,        ;
;                                             ;                    ; debounce_switches:db|debounce:db13|S.MAYBE_ZERO, ;
;                                             ;                    ; debounce_switches:db|debounce:db13|S.ERROR       ;
; debounce_switches:db|debounce:db12|S.ZERO   ; Lost Fanouts       ; debounce_switches:db|debounce:db12|S.ONE,        ;
;                                             ;                    ; debounce_switches:db|debounce:db12|S.MAYBE_ZERO, ;
;                                             ;                    ; debounce_switches:db|debounce:db12|S.ERROR       ;
; debounce_switches:db|debounce:db19|S~4      ; Lost Fanouts       ; debounce_switches:db|debounce:db19|count[6],     ;
;                                             ;                    ; debounce_switches:db|debounce:db19|count[7]      ;
; debounce_switches:db|debounce:db18|S~4      ; Lost Fanouts       ; debounce_switches:db|debounce:db18|count[6],     ;
;                                             ;                    ; debounce_switches:db|debounce:db18|count[7]      ;
; debounce_switches:db|debounce:db17|S~4      ; Lost Fanouts       ; debounce_switches:db|debounce:db17|count[6],     ;
;                                             ;                    ; debounce_switches:db|debounce:db17|count[7]      ;
; debounce_switches:db|debounce:db16|S~4      ; Lost Fanouts       ; debounce_switches:db|debounce:db16|count[6],     ;
;                                             ;                    ; debounce_switches:db|debounce:db16|count[7]      ;
; debounce_switches:db|debounce:db15|S~4      ; Lost Fanouts       ; debounce_switches:db|debounce:db15|count[6],     ;
;                                             ;                    ; debounce_switches:db|debounce:db15|count[7]      ;
; debounce_switches:db|debounce:db14|S~4      ; Lost Fanouts       ; debounce_switches:db|debounce:db14|count[6],     ;
;                                             ;                    ; debounce_switches:db|debounce:db14|count[7]      ;
; debounce_switches:db|debounce:db13|S~4      ; Lost Fanouts       ; debounce_switches:db|debounce:db13|count[6],     ;
;                                             ;                    ; debounce_switches:db|debounce:db13|count[7]      ;
; debounce_switches:db|debounce:db12|S~4      ; Lost Fanouts       ; debounce_switches:db|debounce:db12|count[6],     ;
;                                             ;                    ; debounce_switches:db|debounce:db12|count[7]      ;
; debounce_switches:db|debounce:db11|S~4      ; Lost Fanouts       ; debounce_switches:db|debounce:db11|S.ERROR       ;
; debounce_switches:db|debounce:db11|S~5      ; Lost Fanouts       ; debounce_switches:db|debounce:db11|S.ZERO        ;
; debounce_switches:db|debounce:db11|S~6      ; Lost Fanouts       ; debounce_switches:db|debounce:db11|S.ONE         ;
; debounce_switches:db|debounce:db10|S~4      ; Lost Fanouts       ; debounce_switches:db|debounce:db10|S.ERROR       ;
; debounce_switches:db|debounce:db10|S~5      ; Lost Fanouts       ; debounce_switches:db|debounce:db10|S.ZERO        ;
; debounce_switches:db|debounce:db10|S~6      ; Lost Fanouts       ; debounce_switches:db|debounce:db10|S.ONE         ;
; debounce_switches:db|debounce:db7|S~4       ; Lost Fanouts       ; debounce_switches:db|debounce:db7|S.ERROR        ;
; debounce_switches:db|debounce:db7|S~5       ; Lost Fanouts       ; debounce_switches:db|debounce:db7|S.ZERO         ;
; debounce_switches:db|debounce:db7|S~6       ; Lost Fanouts       ; debounce_switches:db|debounce:db7|S.ONE          ;
; debounce_switches:db|debounce:db6|S~4       ; Lost Fanouts       ; debounce_switches:db|debounce:db6|S.ERROR        ;
; debounce_switches:db|debounce:db6|S~5       ; Lost Fanouts       ; debounce_switches:db|debounce:db6|S.ZERO         ;
; debounce_switches:db|debounce:db6|S~6       ; Lost Fanouts       ; debounce_switches:db|debounce:db6|S.ONE          ;
; debounce_switches:db|debounce:db5|S~4       ; Lost Fanouts       ; debounce_switches:db|debounce:db5|S.ERROR        ;
; debounce_switches:db|debounce:db5|S~5       ; Lost Fanouts       ; debounce_switches:db|debounce:db5|S.ZERO         ;
; debounce_switches:db|debounce:db5|S~6       ; Lost Fanouts       ; debounce_switches:db|debounce:db5|S.ONE          ;
; debounce_switches:db|debounce:db4|S~4       ; Lost Fanouts       ; debounce_switches:db|debounce:db4|S.ERROR        ;
; debounce_switches:db|debounce:db4|S~5       ; Lost Fanouts       ; debounce_switches:db|debounce:db4|S.ZERO         ;
; debounce_switches:db|debounce:db4|S~6       ; Lost Fanouts       ; debounce_switches:db|debounce:db4|S.ONE          ;
; debounce_switches:db|debounce:db3|S~4       ; Lost Fanouts       ; debounce_switches:db|debounce:db3|S.ERROR        ;
; debounce_switches:db|debounce:db3|S~5       ; Lost Fanouts       ; debounce_switches:db|debounce:db3|S.ZERO         ;
; debounce_switches:db|debounce:db3|S~6       ; Lost Fanouts       ; debounce_switches:db|debounce:db3|S.ONE          ;
; debounce_switches:db|debounce:db2|S~4       ; Lost Fanouts       ; debounce_switches:db|debounce:db2|S.ERROR        ;
; debounce_switches:db|debounce:db2|S~5       ; Lost Fanouts       ; debounce_switches:db|debounce:db2|S.ZERO         ;
; debounce_switches:db|debounce:db2|S~6       ; Lost Fanouts       ; debounce_switches:db|debounce:db2|S.ONE          ;
; debounce_switches:db|debounce:db1|S~4       ; Lost Fanouts       ; debounce_switches:db|debounce:db1|S.ERROR        ;
; debounce_switches:db|debounce:db1|S~5       ; Lost Fanouts       ; debounce_switches:db|debounce:db1|S.ZERO         ;
; debounce_switches:db|debounce:db1|S~6       ; Lost Fanouts       ; debounce_switches:db|debounce:db1|S.ONE          ;
; debounce_switches:db|debounce:db0|S~4       ; Lost Fanouts       ; debounce_switches:db|debounce:db0|S.ERROR        ;
; debounce_switches:db|debounce:db0|S~5       ; Lost Fanouts       ; debounce_switches:db|debounce:db0|S.ZERO         ;
; debounce_switches:db|debounce:db0|S~6       ; Lost Fanouts       ; debounce_switches:db|debounce:db0|S.ONE          ;
; debounce_switches:db|debounce:db11|count[1] ; Lost Fanouts       ; debounce_switches:db|debounce:db11|S.START       ;
; debounce_switches:db|debounce:db10|count[1] ; Lost Fanouts       ; debounce_switches:db|debounce:db10|S.START       ;
; debounce_switches:db|debounce:db7|count[1]  ; Lost Fanouts       ; debounce_switches:db|debounce:db7|S.START        ;
; debounce_switches:db|debounce:db6|count[1]  ; Lost Fanouts       ; debounce_switches:db|debounce:db6|S.START        ;
; debounce_switches:db|debounce:db5|count[1]  ; Lost Fanouts       ; debounce_switches:db|debounce:db5|S.START        ;
; debounce_switches:db|debounce:db4|count[1]  ; Lost Fanouts       ; debounce_switches:db|debounce:db4|S.START        ;
; debounce_switches:db|debounce:db3|count[1]  ; Lost Fanouts       ; debounce_switches:db|debounce:db3|S.START        ;
; debounce_switches:db|debounce:db2|count[0]  ; Lost Fanouts       ; debounce_switches:db|debounce:db2|S.START        ;
; debounce_switches:db|debounce:db1|count[1]  ; Lost Fanouts       ; debounce_switches:db|debounce:db1|S.START        ;
; debounce_switches:db|debounce:db0|count[0]  ; Lost Fanouts       ; debounce_switches:db|debounce:db0|S.START        ;
+---------------------------------------------+--------------------+--------------------------------------------------+


+------------------------------------------------------+
; General Register Statistics                          ;
+----------------------------------------------+-------+
; Statistic                                    ; Value ;
+----------------------------------------------+-------+
; Total registers                              ; 43    ;
; Number of registers using Synchronous Clear  ; 20    ;
; Number of registers using Synchronous Load   ; 0     ;
; Number of registers using Asynchronous Clear ; 43    ;
; Number of registers using Asynchronous Load  ; 0     ;
; Number of registers using Clock Enable       ; 20    ;
; Number of registers using Preset             ; 0     ;
+----------------------------------------------+-------+


+--------------------------------------------------------------------------------------------------------------------------------------------------------------------------------+
; Multiplexer Restructuring Statistics (Restructuring Performed)                                                                                                                 ;
+--------------------+-----------+---------------+----------------------+------------------------+------------+------------------------------------------------------------------+
; Multiplexer Inputs ; Bus Width ; Baseline Area ; Area if Restructured ; Saving if Restructured ; Registered ; Example Multiplexer Output                                       ;
+--------------------+-----------+---------------+----------------------+------------------------+------------+------------------------------------------------------------------+
; 3:1                ; 8 bits    ; 16 LEs        ; 0 LEs                ; 16 LEs                 ; Yes        ; |vga_driver_memory_2|debounce_switches:db|debounce:db19|count[5] ;
; 3:1                ; 8 bits    ; 16 LEs        ; 0 LEs                ; 16 LEs                 ; Yes        ; |vga_driver_memory_2|debounce_switches:db|debounce:db18|count[2] ;
; 3:1                ; 8 bits    ; 16 LEs        ; 0 LEs                ; 16 LEs                 ; Yes        ; |vga_driver_memory_2|debounce_switches:db|debounce:db17|count[1] ;
; 3:1                ; 8 bits    ; 16 LEs        ; 0 LEs                ; 16 LEs                 ; Yes        ; |vga_driver_memory_2|debounce_switches:db|debounce:db16|count[5] ;
; 3:1                ; 8 bits    ; 16 LEs        ; 0 LEs                ; 16 LEs                 ; Yes        ; |vga_driver_memory_2|debounce_switches:db|debounce:db15|count[7] ;
; 3:1                ; 8 bits    ; 16 LEs        ; 0 LEs                ; 16 LEs                 ; Yes        ; |vga_driver_memory_2|debounce_switches:db|debounce:db14|count[6] ;
; 3:1                ; 8 bits    ; 16 LEs        ; 0 LEs                ; 16 LEs                 ; Yes        ; |vga_driver_memory_2|debounce_switches:db|debounce:db13|count[1] ;
; 3:1                ; 8 bits    ; 16 LEs        ; 0 LEs                ; 16 LEs                 ; Yes        ; |vga_driver_memory_2|debounce_switches:db|debounce:db12|count[2] ;
; 4:1                ; 8 bits    ; 16 LEs        ; 0 LEs                ; 16 LEs                 ; Yes        ; |vga_driver_memory_2|debounce_switches:db|debounce:db11|count[7] ;
; 4:1                ; 8 bits    ; 16 LEs        ; 0 LEs                ; 16 LEs                 ; Yes        ; |vga_driver_memory_2|debounce_switches:db|debounce:db10|count[7] ;
; 4:1                ; 8 bits    ; 16 LEs        ; 0 LEs                ; 16 LEs                 ; Yes        ; |vga_driver_memory_2|debounce_switches:db|debounce:db7|count[7]  ;
; 4:1                ; 8 bits    ; 16 LEs        ; 0 LEs                ; 16 LEs                 ; Yes        ; |vga_driver_memory_2|debounce_switches:db|debounce:db6|count[7]  ;
; 4:1                ; 8 bits    ; 16 LEs        ; 0 LEs                ; 16 LEs                 ; Yes        ; |vga_driver_memory_2|debounce_switches:db|debounce:db5|count[7]  ;
; 4:1                ; 8 bits    ; 16 LEs        ; 0 LEs                ; 16 LEs                 ; Yes        ; |vga_driver_memory_2|debounce_switches:db|debounce:db4|count[7]  ;
; 4:1                ; 8 bits    ; 16 LEs        ; 0 LEs                ; 16 LEs                 ; Yes        ; |vga_driver_memory_2|debounce_switches:db|debounce:db3|count[1]  ;
; 4:1                ; 8 bits    ; 16 LEs        ; 0 LEs                ; 16 LEs                 ; Yes        ; |vga_driver_memory_2|debounce_switches:db|debounce:db2|count[0]  ;
; 4:1                ; 8 bits    ; 16 LEs        ; 0 LEs                ; 16 LEs                 ; Yes        ; |vga_driver_memory_2|debounce_switches:db|debounce:db1|count[1]  ;
; 4:1                ; 8 bits    ; 16 LEs        ; 0 LEs                ; 16 LEs                 ; Yes        ; |vga_driver_memory_2|debounce_switches:db|debounce:db0|count[7]  ;
+--------------------+-----------+---------------+----------------------+------------------------+------------+------------------------------------------------------------------+


+-------------------------------------------------------------------------------------+
; Parameter Settings for User Entity Instance: Top-level Entity: |vga_driver_memory_2 ;
+------------------+------------------+-----------------------------------------------+
; Parameter Name   ; Value            ; Type                                          ;
+------------------+------------------+-----------------------------------------------+
; START            ; 00000000         ; Unsigned Binary                               ;
; W2M_INIT         ; 00000001         ; Unsigned Binary                               ;
; W2M_COND         ; 00000010         ; Unsigned Binary                               ;
; W2M_INC          ; 00000011         ; Unsigned Binary                               ;
; RFM_INIT         ; 00000100         ; Unsigned Binary                               ;
; RFM_DRAWING      ; 00000101         ; Unsigned Binary                               ;
; ERROR            ; 11111111         ; Unsigned Binary                               ;
; LOOP_SIZE        ; 0000000000010000 ; Unsigned Binary                               ;
; LOOP_I_SIZE      ; 0000000000000100 ; Unsigned Binary                               ;
; WIDTH            ; 0000001010000000 ; Unsigned Binary                               ;
; HEIGHT           ; 0000000111100000 ; Unsigned Binary                               ;
; PIXELS_IN_WIDTH  ; 0000000010100000 ; Unsigned Binary                               ;
; PIXELS_IN_HEIGHT ; 0000000001111000 ; Unsigned Binary                               ;
+------------------+------------------+-----------------------------------------------+
Note: In order to hide this table in the UI and the text report file, please set the "Show Parameter Settings in Synthesis Report" option in "Analysis and Synthesis Settings -> More Settings" to "Off".


+--------------------------------------------------------------------------------+
; Parameter Settings for User Entity Instance: debounce_switches:db|debounce:db0 ;
+----------------+----------+----------------------------------------------------+
; Parameter Name ; Value    ; Type                                               ;
+----------------+----------+----------------------------------------------------+
; CALMING_WINDOW ; 01100100 ; Unsigned Binary                                    ;
; START          ; 000      ; Unsigned Binary                                    ;
; ONE            ; 001      ; Unsigned Binary                                    ;
; MAYBE_ONE      ; 010      ; Unsigned Binary                                    ;
; ZERO           ; 011      ; Unsigned Binary                                    ;
; MAYBE_ZERO     ; 100      ; Unsigned Binary                                    ;
; ERROR          ; 111      ; Unsigned Binary                                    ;
+----------------+----------+----------------------------------------------------+
Note: In order to hide this table in the UI and the text report file, please set the "Show Parameter Settings in Synthesis Report" option in "Analysis and Synthesis Settings -> More Settings" to "Off".


+--------------------------------------------------------------------------------+
; Parameter Settings for User Entity Instance: debounce_switches:db|debounce:db1 ;
+----------------+----------+----------------------------------------------------+
; Parameter Name ; Value    ; Type                                               ;
+----------------+----------+----------------------------------------------------+
; CALMING_WINDOW ; 01100100 ; Unsigned Binary                                    ;
; START          ; 000      ; Unsigned Binary                                    ;
; ONE            ; 001      ; Unsigned Binary                                    ;
; MAYBE_ONE      ; 010      ; Unsigned Binary                                    ;
; ZERO           ; 011      ; Unsigned Binary                                    ;
; MAYBE_ZERO     ; 100      ; Unsigned Binary                                    ;
; ERROR          ; 111      ; Unsigned Binary                                    ;
+----------------+----------+----------------------------------------------------+
Note: In order to hide this table in the UI and the text report file, please set the "Show Parameter Settings in Synthesis Report" option in "Analysis and Synthesis Settings -> More Settings" to "Off".


+--------------------------------------------------------------------------------+
; Parameter Settings for User Entity Instance: debounce_switches:db|debounce:db2 ;
+----------------+----------+----------------------------------------------------+
; Parameter Name ; Value    ; Type                                               ;
+----------------+----------+----------------------------------------------------+
; CALMING_WINDOW ; 01100100 ; Unsigned Binary                                    ;
; START          ; 000      ; Unsigned Binary                                    ;
; ONE            ; 001      ; Unsigned Binary                                    ;
; MAYBE_ONE      ; 010      ; Unsigned Binary                                    ;
; ZERO           ; 011      ; Unsigned Binary                                    ;
; MAYBE_ZERO     ; 100      ; Unsigned Binary                                    ;
; ERROR          ; 111      ; Unsigned Binary                                    ;
+----------------+----------+----------------------------------------------------+
Note: In order to hide this table in the UI and the text report file, please set the "Show Parameter Settings in Synthesis Report" option in "Analysis and Synthesis Settings -> More Settings" to "Off".


+--------------------------------------------------------------------------------+
; Parameter Settings for User Entity Instance: debounce_switches:db|debounce:db3 ;
+----------------+----------+----------------------------------------------------+
; Parameter Name ; Value    ; Type                                               ;
+----------------+----------+----------------------------------------------------+
; CALMING_WINDOW ; 01100100 ; Unsigned Binary                                    ;
; START          ; 000      ; Unsigned Binary                                    ;
; ONE            ; 001      ; Unsigned Binary                                    ;
; MAYBE_ONE      ; 010      ; Unsigned Binary                                    ;
; ZERO           ; 011      ; Unsigned Binary                                    ;
; MAYBE_ZERO     ; 100      ; Unsigned Binary                                    ;
; ERROR          ; 111      ; Unsigned Binary                                    ;
+----------------+----------+----------------------------------------------------+
Note: In order to hide this table in the UI and the text report file, please set the "Show Parameter Settings in Synthesis Report" option in "Analysis and Synthesis Settings -> More Settings" to "Off".


+--------------------------------------------------------------------------------+
; Parameter Settings for User Entity Instance: debounce_switches:db|debounce:db4 ;
+----------------+----------+----------------------------------------------------+
; Parameter Name ; Value    ; Type                                               ;
+----------------+----------+----------------------------------------------------+
; CALMING_WINDOW ; 01100100 ; Unsigned Binary                                    ;
; START          ; 000      ; Unsigned Binary                                    ;
; ONE            ; 001      ; Unsigned Binary                                    ;
; MAYBE_ONE      ; 010      ; Unsigned Binary                                    ;
; ZERO           ; 011      ; Unsigned Binary                                    ;
; MAYBE_ZERO     ; 100      ; Unsigned Binary                                    ;
; ERROR          ; 111      ; Unsigned Binary                                    ;
+----------------+----------+----------------------------------------------------+
Note: In order to hide this table in the UI and the text report file, please set the "Show Parameter Settings in Synthesis Report" option in "Analysis and Synthesis Settings -> More Settings" to "Off".


+--------------------------------------------------------------------------------+
; Parameter Settings for User Entity Instance: debounce_switches:db|debounce:db5 ;
+----------------+----------+----------------------------------------------------+
; Parameter Name ; Value    ; Type                                               ;
+----------------+----------+----------------------------------------------------+
; CALMING_WINDOW ; 01100100 ; Unsigned Binary                                    ;
; START          ; 000      ; Unsigned Binary                                    ;
; ONE            ; 001      ; Unsigned Binary                                    ;
; MAYBE_ONE      ; 010      ; Unsigned Binary                                    ;
; ZERO           ; 011      ; Unsigned Binary                                    ;
; MAYBE_ZERO     ; 100      ; Unsigned Binary                                    ;
; ERROR          ; 111      ; Unsigned Binary                                    ;
+----------------+----------+----------------------------------------------------+
Note: In order to hide this table in the UI and the text report file, please set the "Show Parameter Settings in Synthesis Report" option in "Analysis and Synthesis Settings -> More Settings" to "Off".


+--------------------------------------------------------------------------------+
; Parameter Settings for User Entity Instance: debounce_switches:db|debounce:db6 ;
+----------------+----------+----------------------------------------------------+
; Parameter Name ; Value    ; Type                                               ;
+----------------+----------+----------------------------------------------------+
; CALMING_WINDOW ; 01100100 ; Unsigned Binary                                    ;
; START          ; 000      ; Unsigned Binary                                    ;
; ONE            ; 001      ; Unsigned Binary                                    ;
; MAYBE_ONE      ; 010      ; Unsigned Binary                                    ;
; ZERO           ; 011      ; Unsigned Binary                                    ;
; MAYBE_ZERO     ; 100      ; Unsigned Binary                                    ;
; ERROR          ; 111      ; Unsigned Binary                                    ;
+----------------+----------+----------------------------------------------------+
Note: In order to hide this table in the UI and the text report file, please set the "Show Parameter Settings in Synthesis Report" option in "Analysis and Synthesis Settings -> More Settings" to "Off".


+--------------------------------------------------------------------------------+
; Parameter Settings for User Entity Instance: debounce_switches:db|debounce:db7 ;
+----------------+----------+----------------------------------------------------+
; Parameter Name ; Value    ; Type                                               ;
+----------------+----------+----------------------------------------------------+
; CALMING_WINDOW ; 01100100 ; Unsigned Binary                                    ;
; START          ; 000      ; Unsigned Binary                                    ;
; ONE            ; 001      ; Unsigned Binary                                    ;
; MAYBE_ONE      ; 010      ; Unsigned Binary                                    ;
; ZERO           ; 011      ; Unsigned Binary                                    ;
; MAYBE_ZERO     ; 100      ; Unsigned Binary                                    ;
; ERROR          ; 111      ; Unsigned Binary                                    ;
+----------------+----------+----------------------------------------------------+
Note: In order to hide this table in the UI and the text report file, please set the "Show Parameter Settings in Synthesis Report" option in "Analysis and Synthesis Settings -> More Settings" to "Off".


+---------------------------------------------------------------------------------+
; Parameter Settings for User Entity Instance: debounce_switches:db|debounce:db10 ;
+----------------+----------+-----------------------------------------------------+
; Parameter Name ; Value    ; Type                                                ;
+----------------+----------+-----------------------------------------------------+
; CALMING_WINDOW ; 01100100 ; Unsigned Binary                                     ;
; START          ; 000      ; Unsigned Binary                                     ;
; ONE            ; 001      ; Unsigned Binary                                     ;
; MAYBE_ONE      ; 010      ; Unsigned Binary                                     ;
; ZERO           ; 011      ; Unsigned Binary                                     ;
; MAYBE_ZERO     ; 100      ; Unsigned Binary                                     ;
; ERROR          ; 111      ; Unsigned Binary                                     ;
+----------------+----------+-----------------------------------------------------+
Note: In order to hide this table in the UI and the text report file, please set the "Show Parameter Settings in Synthesis Report" option in "Analysis and Synthesis Settings -> More Settings" to "Off".


+---------------------------------------------------------------------------------+
; Parameter Settings for User Entity Instance: debounce_switches:db|debounce:db11 ;
+----------------+----------+-----------------------------------------------------+
; Parameter Name ; Value    ; Type                                                ;
+----------------+----------+-----------------------------------------------------+
; CALMING_WINDOW ; 01100100 ; Unsigned Binary                                     ;
; START          ; 000      ; Unsigned Binary                                     ;
; ONE            ; 001      ; Unsigned Binary                                     ;
; MAYBE_ONE      ; 010      ; Unsigned Binary                                     ;
; ZERO           ; 011      ; Unsigned Binary                                     ;
; MAYBE_ZERO     ; 100      ; Unsigned Binary                                     ;
; ERROR          ; 111      ; Unsigned Binary                                     ;
+----------------+----------+-----------------------------------------------------+
Note: In order to hide this table in the UI and the text report file, please set the "Show Parameter Settings in Synthesis Report" option in "Analysis and Synthesis Settings -> More Settings" to "Off".


+---------------------------------------------------------------------------------+
; Parameter Settings for User Entity Instance: debounce_switches:db|debounce:db12 ;
+----------------+----------+-----------------------------------------------------+
; Parameter Name ; Value    ; Type                                                ;
+----------------+----------+-----------------------------------------------------+
; CALMING_WINDOW ; 01100100 ; Unsigned Binary                                     ;
; START          ; 000      ; Unsigned Binary                                     ;
; ONE            ; 001      ; Unsigned Binary                                     ;
; MAYBE_ONE      ; 010      ; Unsigned Binary                                     ;
; ZERO           ; 011      ; Unsigned Binary                                     ;
; MAYBE_ZERO     ; 100      ; Unsigned Binary                                     ;
; ERROR          ; 111      ; Unsigned Binary                                     ;
+----------------+----------+-----------------------------------------------------+
Note: In order to hide this table in the UI and the text report file, please set the "Show Parameter Settings in Synthesis Report" option in "Analysis and Synthesis Settings -> More Settings" to "Off".


+---------------------------------------------------------------------------------+
; Parameter Settings for User Entity Instance: debounce_switches:db|debounce:db13 ;
+----------------+----------+-----------------------------------------------------+
; Parameter Name ; Value    ; Type                                                ;
+----------------+----------+-----------------------------------------------------+
; CALMING_WINDOW ; 01100100 ; Unsigned Binary                                     ;
; START          ; 000      ; Unsigned Binary                                     ;
; ONE            ; 001      ; Unsigned Binary                                     ;
; MAYBE_ONE      ; 010      ; Unsigned Binary                                     ;
; ZERO           ; 011      ; Unsigned Binary                                     ;
; MAYBE_ZERO     ; 100      ; Unsigned Binary                                     ;
; ERROR          ; 111      ; Unsigned Binary                                     ;
+----------------+----------+-----------------------------------------------------+
Note: In order to hide this table in the UI and the text report file, please set the "Show Parameter Settings in Synthesis Report" option in "Analysis and Synthesis Settings -> More Settings" to "Off".


+---------------------------------------------------------------------------------+
; Parameter Settings for User Entity Instance: debounce_switches:db|debounce:db14 ;
+----------------+----------+-----------------------------------------------------+
; Parameter Name ; Value    ; Type                                                ;
+----------------+----------+-----------------------------------------------------+
; CALMING_WINDOW ; 01100100 ; Unsigned Binary                                     ;
; START          ; 000      ; Unsigned Binary                                     ;
; ONE            ; 001      ; Unsigned Binary                                     ;
; MAYBE_ONE      ; 010      ; Unsigned Binary                                     ;
; ZERO           ; 011      ; Unsigned Binary                                     ;
; MAYBE_ZERO     ; 100      ; Unsigned Binary                                     ;
; ERROR          ; 111      ; Unsigned Binary                                     ;
+----------------+----------+-----------------------------------------------------+
Note: In order to hide this table in the UI and the text report file, please set the "Show Parameter Settings in Synthesis Report" option in "Analysis and Synthesis Settings -> More Settings" to "Off".


+---------------------------------------------------------------------------------+
; Parameter Settings for User Entity Instance: debounce_switches:db|debounce:db15 ;
+----------------+----------+-----------------------------------------------------+
; Parameter Name ; Value    ; Type                                                ;
+----------------+----------+-----------------------------------------------------+
; CALMING_WINDOW ; 01100100 ; Unsigned Binary                                     ;
; START          ; 000      ; Unsigned Binary                                     ;
; ONE            ; 001      ; Unsigned Binary                                     ;
; MAYBE_ONE      ; 010      ; Unsigned Binary                                     ;
; ZERO           ; 011      ; Unsigned Binary                                     ;
; MAYBE_ZERO     ; 100      ; Unsigned Binary                                     ;
; ERROR          ; 111      ; Unsigned Binary                                     ;
+----------------+----------+-----------------------------------------------------+
Note: In order to hide this table in the UI and the text report file, please set the "Show Parameter Settings in Synthesis Report" option in "Analysis and Synthesis Settings -> More Settings" to "Off".


+---------------------------------------------------------------------------------+
; Parameter Settings for User Entity Instance: debounce_switches:db|debounce:db16 ;
+----------------+----------+-----------------------------------------------------+
; Parameter Name ; Value    ; Type                                                ;
+----------------+----------+-----------------------------------------------------+
; CALMING_WINDOW ; 01100100 ; Unsigned Binary                                     ;
; START          ; 000      ; Unsigned Binary                                     ;
; ONE            ; 001      ; Unsigned Binary                                     ;
; MAYBE_ONE      ; 010      ; Unsigned Binary                                     ;
; ZERO           ; 011      ; Unsigned Binary                                     ;
; MAYBE_ZERO     ; 100      ; Unsigned Binary                                     ;
; ERROR          ; 111      ; Unsigned Binary                                     ;
+----------------+----------+-----------------------------------------------------+
Note: In order to hide this table in the UI and the text report file, please set the "Show Parameter Settings in Synthesis Report" option in "Analysis and Synthesis Settings -> More Settings" to "Off".


+---------------------------------------------------------------------------------+
; Parameter Settings for User Entity Instance: debounce_switches:db|debounce:db17 ;
+----------------+----------+-----------------------------------------------------+
; Parameter Name ; Value    ; Type                                                ;
+----------------+----------+-----------------------------------------------------+
; CALMING_WINDOW ; 01100100 ; Unsigned Binary                                     ;
; START          ; 000      ; Unsigned Binary                                     ;
; ONE            ; 001      ; Unsigned Binary                                     ;
; MAYBE_ONE      ; 010      ; Unsigned Binary                                     ;
; ZERO           ; 011      ; Unsigned Binary                                     ;
; MAYBE_ZERO     ; 100      ; Unsigned Binary                                     ;
; ERROR          ; 111      ; Unsigned Binary                                     ;
+----------------+----------+-----------------------------------------------------+
Note: In order to hide this table in the UI and the text report file, please set the "Show Parameter Settings in Synthesis Report" option in "Analysis and Synthesis Settings -> More Settings" to "Off".


+---------------------------------------------------------------------------------+
; Parameter Settings for User Entity Instance: debounce_switches:db|debounce:db18 ;
+----------------+----------+-----------------------------------------------------+
; Parameter Name ; Value    ; Type                                                ;
+----------------+----------+-----------------------------------------------------+
; CALMING_WINDOW ; 01100100 ; Unsigned Binary                                     ;
; START          ; 000      ; Unsigned Binary                                     ;
; ONE            ; 001      ; Unsigned Binary                                     ;
; MAYBE_ONE      ; 010      ; Unsigned Binary                                     ;
; ZERO           ; 011      ; Unsigned Binary                                     ;
; MAYBE_ZERO     ; 100      ; Unsigned Binary                                     ;
; ERROR          ; 111      ; Unsigned Binary                                     ;
+----------------+----------+-----------------------------------------------------+
Note: In order to hide this table in the UI and the text report file, please set the "Show Parameter Settings in Synthesis Report" option in "Analysis and Synthesis Settings -> More Settings" to "Off".


+---------------------------------------------------------------------------------+
; Parameter Settings for User Entity Instance: debounce_switches:db|debounce:db19 ;
+----------------+----------+-----------------------------------------------------+
; Parameter Name ; Value    ; Type                                                ;
+----------------+----------+-----------------------------------------------------+
; CALMING_WINDOW ; 01100100 ; Unsigned Binary                                     ;
; START          ; 000      ; Unsigned Binary                                     ;
; ONE            ; 001      ; Unsigned Binary                                     ;
; MAYBE_ONE      ; 010      ; Unsigned Binary                                     ;
; ZERO           ; 011      ; Unsigned Binary                                     ;
; MAYBE_ZERO     ; 100      ; Unsigned Binary                                     ;
; ERROR          ; 111      ; Unsigned Binary                                     ;
+----------------+----------+-----------------------------------------------------+
Note: In order to hide this table in the UI and the text report file, please set the "Show Parameter Settings in Synthesis Report" option in "Analysis and Synthesis Settings -> More Settings" to "Off".


+---------------------------------------------------------------------+
; Parameter Settings for User Entity Instance: vga_driver:the_vga     ;
+----------------+----------------------------------+-----------------+
; Parameter Name ; Value                            ; Type            ;
+----------------+----------------------------------+-----------------+
; HA_END         ; 1001111111                       ; Unsigned Binary ;
; HS_STA         ; 00000000000000000000001010001111 ; Unsigned Binary ;
; HS_END         ; 00000000000000000000001011101111 ; Unsigned Binary ;
; WIDTH          ; 1100011111                       ; Unsigned Binary ;
; VA_END         ; 0111011111                       ; Unsigned Binary ;
; VS_STA         ; 00000000000000000000000111101001 ; Unsigned Binary ;
; VS_END         ; 00000000000000000000000111101011 ; Unsigned Binary ;
; HEIGHT         ; 1000001100                       ; Unsigned Binary ;
+----------------+----------------------------------+-----------------+
Note: In order to hide this table in the UI and the text report file, please set the "Show Parameter Settings in Synthesis Report" option in "Analysis and Synthesis Settings -> More Settings" to "Off".


+-------------------------------------------------------------------------------------------------------------------------+
; Port Connectivity Checks: "vga_driver:the_vga"                                                                          ;
+---------------+--------+----------+-------------------------------------------------------------------------------------+
; Port          ; Type   ; Severity ; Details                                                                             ;
+---------------+--------+----------+-------------------------------------------------------------------------------------+
; active_pixels ; Output ; Info     ; Connected to dangling logic. Logic that only feeds a dangling port will be removed. ;
; xPixel        ; Output ; Info     ; Connected to dangling logic. Logic that only feeds a dangling port will be removed. ;
; yPixel        ; Output ; Info     ; Connected to dangling logic. Logic that only feeds a dangling port will be removed. ;
+---------------+--------+----------+-------------------------------------------------------------------------------------+


+----------------------------------------------------------------------------------------------------------------------------------------------------------------------------+
; Port Connectivity Checks: "debounce_switches:db"                                                                                                                           ;
+-------+--------+----------+------------------------------------------------------------------------------------------------------------------------------------------------+
; Port  ; Type   ; Severity ; Details                                                                                                                                        ;
+-------+--------+----------+------------------------------------------------------------------------------------------------------------------------------------------------+
; SW    ; Input  ; Warning  ; Input port expression (10 bits) is smaller than the input port (18 bits) it drives.  Extra input bit(s) "SW[17..10]" will be connected to GND. ;
; SW_db ; Output ; Info     ; Connected to dangling logic. Logic that only feeds a dangling port will be removed.                                                            ;
+-------+--------+----------+------------------------------------------------------------------------------------------------------------------------------------------------+


+-----------------------------------------------------+
; Post-Synthesis Netlist Statistics for Top Partition ;
+-----------------------+-----------------------------+
; Type                  ; Count                       ;
+-----------------------+-----------------------------+
; arriav_ff             ; 43                          ;
;     CLR               ; 23                          ;
;     ENA CLR SCLR      ; 20                          ;
; arriav_lcell_comb     ; 82                          ;
;     arith             ; 36                          ;
;         1 data inputs ; 36                          ;
;     normal            ; 46                          ;
;         0 data inputs ; 2                           ;
;         1 data inputs ; 4                           ;
;         2 data inputs ; 2                           ;
;         3 data inputs ; 3                           ;
;         4 data inputs ; 24                          ;
;         5 data inputs ; 5                           ;
;         6 data inputs ; 6                           ;
; boundary_port         ; 82                          ;
;                       ;                             ;
; Max LUT depth         ; 3.50                        ;
; Average LUT depth     ; 2.35                        ;
+-----------------------+-----------------------------+


+-------------------------------+
; Elapsed Time Per Partition    ;
+----------------+--------------+
; Partition Name ; Elapsed Time ;
+----------------+--------------+
; Top            ; 00:00:00     ;
+----------------+--------------+


+-------------------------------+
; Analysis & Synthesis Messages ;
+-------------------------------+
Info: *******************************************************************
Info: Running Quartus Prime Analysis & Synthesis
    Info: Version 23.1std.1 Build 993 05/14/2024 SC Lite Edition
    Info: Processing started: Mon Nov 17 16:20:43 2025
Info: Command: quartus_map --read_settings_files=on --write_settings_files=off vga_driver_memory_2 -c vga_driver_memory_2
Info (20030): Parallel compilation is enabled and will use 16 of the 20 processors detected
Warning (10090): Verilog HDL syntax warning at vga_driver_memory_2.v(165): extra block comment delimiter characters /* within block comment File: D:/ECE_287/Final_Project/VGA_ON_DE1_SOC_2024/vga_driver_memory_2/vga_driver_memory_2.v Line: 165
Info (12021): Found 1 design units, including 1 entities, in source file vga_driver_memory_2.v
    Info (12023): Found entity 1: vga_driver_memory_2 File: D:/ECE_287/Final_Project/VGA_ON_DE1_SOC_2024/vga_driver_memory_2/vga_driver_memory_2.v Line: 1
Info (12021): Found 1 design units, including 1 entities, in source file vga_driver.v
    Info (12023): Found entity 1: vga_driver File: D:/ECE_287/Final_Project/VGA_ON_DE1_SOC_2024/vga_driver_memory_2/vga_driver.v Line: 11
Info (12021): Found 2 design units, including 2 entities, in source file debounce.v
    Info (12023): Found entity 1: debounce_switches File: D:/ECE_287/Final_Project/VGA_ON_DE1_SOC_2024/vga_driver_memory_2/debounce.v Line: 1
    Info (12023): Found entity 2: debounce File: D:/ECE_287/Final_Project/VGA_ON_DE1_SOC_2024/vga_driver_memory_2/debounce.v Line: 29
Info (12127): Elaborating entity "vga_driver_memory_2" for the top level hierarchy
Warning (10036): Verilog HDL or VHDL warning at vga_driver_memory_2.v(151): object "frame_buf_mem_data" assigned a value but never read File: D:/ECE_287/Final_Project/VGA_ON_DE1_SOC_2024/vga_driver_memory_2/vga_driver_memory_2.v Line: 151
Warning (10036): Verilog HDL or VHDL warning at vga_driver_memory_2.v(152): object "frame_buf_mem_wren" assigned a value but never read File: D:/ECE_287/Final_Project/VGA_ON_DE1_SOC_2024/vga_driver_memory_2/vga_driver_memory_2.v Line: 152
Warning (10858): Verilog HDL warning at vga_driver_memory_2.v(153): object frame_buf_mem_q used but never assigned File: D:/ECE_287/Final_Project/VGA_ON_DE1_SOC_2024/vga_driver_memory_2/vga_driver_memory_2.v Line: 153
Info (10264): Verilog HDL Case Statement information at vga_driver_memory_2.v(191): all case item expressions in this case statement are onehot File: D:/ECE_287/Final_Project/VGA_ON_DE1_SOC_2024/vga_driver_memory_2/vga_driver_memory_2.v Line: 191
Warning (10230): Verilog HDL assignment warning at vga_driver_memory_2.v(282): truncated value with size 16 to match size of target (15) File: D:/ECE_287/Final_Project/VGA_ON_DE1_SOC_2024/vga_driver_memory_2/vga_driver_memory_2.v Line: 282
Warning (10230): Verilog HDL assignment warning at vga_driver_memory_2.v(288): truncated value with size 16 to match size of target (15) File: D:/ECE_287/Final_Project/VGA_ON_DE1_SOC_2024/vga_driver_memory_2/vga_driver_memory_2.v Line: 288
Info (10264): Verilog HDL Case Statement information at vga_driver_memory_2.v(253): all case item expressions in this case statement are onehot File: D:/ECE_287/Final_Project/VGA_ON_DE1_SOC_2024/vga_driver_memory_2/vga_driver_memory_2.v Line: 253
Warning (10230): Verilog HDL assignment warning at vga_driver_memory_2.v(307): truncated value with size 32 to match size of target (8) File: D:/ECE_287/Final_Project/VGA_ON_DE1_SOC_2024/vga_driver_memory_2/vga_driver_memory_2.v Line: 307
Warning (10230): Verilog HDL assignment warning at vga_driver_memory_2.v(308): truncated value with size 32 to match size of target (8) File: D:/ECE_287/Final_Project/VGA_ON_DE1_SOC_2024/vga_driver_memory_2/vga_driver_memory_2.v Line: 308
Warning (10230): Verilog HDL assignment warning at vga_driver_memory_2.v(309): truncated value with size 32 to match size of target (8) File: D:/ECE_287/Final_Project/VGA_ON_DE1_SOC_2024/vga_driver_memory_2/vga_driver_memory_2.v Line: 309
Warning (10030): Net "frame_buf_mem_q" at vga_driver_memory_2.v(153) has no driver or initial value, using a default initial value '0' File: D:/ECE_287/Final_Project/VGA_ON_DE1_SOC_2024/vga_driver_memory_2/vga_driver_memory_2.v Line: 153
Warning (10034): Output port "LEDR" at vga_driver_memory_2.v(55) has no driver File: D:/ECE_287/Final_Project/VGA_ON_DE1_SOC_2024/vga_driver_memory_2/vga_driver_memory_2.v Line: 55
Info (12128): Elaborating entity "debounce_switches" for hierarchy "debounce_switches:db" File: D:/ECE_287/Final_Project/VGA_ON_DE1_SOC_2024/vga_driver_memory_2/vga_driver_memory_2.v Line: 113
Info (12128): Elaborating entity "debounce" for hierarchy "debounce_switches:db|debounce:db0" File: D:/ECE_287/Final_Project/VGA_ON_DE1_SOC_2024/vga_driver_memory_2/debounce.v Line: 8
Info (10264): Verilog HDL Case Statement information at debounce.v(59): all case item expressions in this case statement are onehot File: D:/ECE_287/Final_Project/VGA_ON_DE1_SOC_2024/vga_driver_memory_2/debounce.v Line: 59
Info (10264): Verilog HDL Case Statement information at debounce.v(95): all case item expressions in this case statement are onehot File: D:/ECE_287/Final_Project/VGA_ON_DE1_SOC_2024/vga_driver_memory_2/debounce.v Line: 95
Info (12128): Elaborating entity "vga_driver" for hierarchy "vga_driver:the_vga" File: D:/ECE_287/Final_Project/VGA_ON_DE1_SOC_2024/vga_driver_memory_2/vga_driver_memory_2.v Line: 144
Warning (12241): 1 hierarchies have connectivity warnings - see the Connectivity Checks report folder
Warning (13024): Output pins are stuck at VCC or GND
    Warning (13410): Pin "HEX0[0]" is stuck at GND File: D:/ECE_287/Final_Project/VGA_ON_DE1_SOC_2024/vga_driver_memory_2/vga_driver_memory_2.v Line: 40
    Warning (13410): Pin "HEX0[1]" is stuck at GND File: D:/ECE_287/Final_Project/VGA_ON_DE1_SOC_2024/vga_driver_memory_2/vga_driver_memory_2.v Line: 40
    Warning (13410): Pin "HEX0[2]" is stuck at GND File: D:/ECE_287/Final_Project/VGA_ON_DE1_SOC_2024/vga_driver_memory_2/vga_driver_memory_2.v Line: 40
    Warning (13410): Pin "HEX0[3]" is stuck at GND File: D:/ECE_287/Final_Project/VGA_ON_DE1_SOC_2024/vga_driver_memory_2/vga_driver_memory_2.v Line: 40
    Warning (13410): Pin "HEX0[4]" is stuck at GND File: D:/ECE_287/Final_Project/VGA_ON_DE1_SOC_2024/vga_driver_memory_2/vga_driver_memory_2.v Line: 40
    Warning (13410): Pin "HEX0[5]" is stuck at GND File: D:/ECE_287/Final_Project/VGA_ON_DE1_SOC_2024/vga_driver_memory_2/vga_driver_memory_2.v Line: 40
    Warning (13410): Pin "HEX0[6]" is stuck at GND File: D:/ECE_287/Final_Project/VGA_ON_DE1_SOC_2024/vga_driver_memory_2/vga_driver_memory_2.v Line: 40
    Warning (13410): Pin "HEX1[0]" is stuck at GND File: D:/ECE_287/Final_Project/VGA_ON_DE1_SOC_2024/vga_driver_memory_2/vga_driver_memory_2.v Line: 41
    Warning (13410): Pin "HEX1[1]" is stuck at GND File: D:/ECE_287/Final_Project/VGA_ON_DE1_SOC_2024/vga_driver_memory_2/vga_driver_memory_2.v Line: 41
    Warning (13410): Pin "HEX1[2]" is stuck at GND File: D:/ECE_287/Final_Project/VGA_ON_DE1_SOC_2024/vga_driver_memory_2/vga_driver_memory_2.v Line: 41
    Warning (13410): Pin "HEX1[3]" is stuck at GND File: D:/ECE_287/Final_Project/VGA_ON_DE1_SOC_2024/vga_driver_memory_2/vga_driver_memory_2.v Line: 41
    Warning (13410): Pin "HEX1[4]" is stuck at GND File: D:/ECE_287/Final_Project/VGA_ON_DE1_SOC_2024/vga_driver_memory_2/vga_driver_memory_2.v Line: 41
    Warning (13410): Pin "HEX1[5]" is stuck at GND File: D:/ECE_287/Final_Project/VGA_ON_DE1_SOC_2024/vga_driver_memory_2/vga_driver_memory_2.v Line: 41
    Warning (13410): Pin "HEX1[6]" is stuck at GND File: D:/ECE_287/Final_Project/VGA_ON_DE1_SOC_2024/vga_driver_memory_2/vga_driver_memory_2.v Line: 41
    Warning (13410): Pin "HEX2[0]" is stuck at GND File: D:/ECE_287/Final_Project/VGA_ON_DE1_SOC_2024/vga_driver_memory_2/vga_driver_memory_2.v Line: 42
    Warning (13410): Pin "HEX2[1]" is stuck at GND File: D:/ECE_287/Final_Project/VGA_ON_DE1_SOC_2024/vga_driver_memory_2/vga_driver_memory_2.v Line: 42
    Warning (13410): Pin "HEX2[2]" is stuck at GND File: D:/ECE_287/Final_Project/VGA_ON_DE1_SOC_2024/vga_driver_memory_2/vga_driver_memory_2.v Line: 42
    Warning (13410): Pin "HEX2[3]" is stuck at GND File: D:/ECE_287/Final_Project/VGA_ON_DE1_SOC_2024/vga_driver_memory_2/vga_driver_memory_2.v Line: 42
    Warning (13410): Pin "HEX2[4]" is stuck at GND File: D:/ECE_287/Final_Project/VGA_ON_DE1_SOC_2024/vga_driver_memory_2/vga_driver_memory_2.v Line: 42
    Warning (13410): Pin "HEX2[5]" is stuck at GND File: D:/ECE_287/Final_Project/VGA_ON_DE1_SOC_2024/vga_driver_memory_2/vga_driver_memory_2.v Line: 42
    Warning (13410): Pin "HEX2[6]" is stuck at GND File: D:/ECE_287/Final_Project/VGA_ON_DE1_SOC_2024/vga_driver_memory_2/vga_driver_memory_2.v Line: 42
    Warning (13410): Pin "HEX3[0]" is stuck at GND File: D:/ECE_287/Final_Project/VGA_ON_DE1_SOC_2024/vga_driver_memory_2/vga_driver_memory_2.v Line: 43
    Warning (13410): Pin "HEX3[1]" is stuck at GND File: D:/ECE_287/Final_Project/VGA_ON_DE1_SOC_2024/vga_driver_memory_2/vga_driver_memory_2.v Line: 43
    Warning (13410): Pin "HEX3[2]" is stuck at GND File: D:/ECE_287/Final_Project/VGA_ON_DE1_SOC_2024/vga_driver_memory_2/vga_driver_memory_2.v Line: 43
    Warning (13410): Pin "HEX3[3]" is stuck at GND File: D:/ECE_287/Final_Project/VGA_ON_DE1_SOC_2024/vga_driver_memory_2/vga_driver_memory_2.v Line: 43
    Warning (13410): Pin "HEX3[4]" is stuck at GND File: D:/ECE_287/Final_Project/VGA_ON_DE1_SOC_2024/vga_driver_memory_2/vga_driver_memory_2.v Line: 43
    Warning (13410): Pin "HEX3[5]" is stuck at GND File: D:/ECE_287/Final_Project/VGA_ON_DE1_SOC_2024/vga_driver_memory_2/vga_driver_memory_2.v Line: 43
    Warning (13410): Pin "HEX3[6]" is stuck at GND File: D:/ECE_287/Final_Project/VGA_ON_DE1_SOC_2024/vga_driver_memory_2/vga_driver_memory_2.v Line: 43
    Warning (13410): Pin "LEDR[0]" is stuck at GND File: D:/ECE_287/Final_Project/VGA_ON_DE1_SOC_2024/vga_driver_memory_2/vga_driver_memory_2.v Line: 55
    Warning (13410): Pin "LEDR[1]" is stuck at GND File: D:/ECE_287/Final_Project/VGA_ON_DE1_SOC_2024/vga_driver_memory_2/vga_driver_memory_2.v Line: 55
    Warning (13410): Pin "LEDR[2]" is stuck at GND File: D:/ECE_287/Final_Project/VGA_ON_DE1_SOC_2024/vga_driver_memory_2/vga_driver_memory_2.v Line: 55
    Warning (13410): Pin "LEDR[3]" is stuck at GND File: D:/ECE_287/Final_Project/VGA_ON_DE1_SOC_2024/vga_driver_memory_2/vga_driver_memory_2.v Line: 55
    Warning (13410): Pin "LEDR[4]" is stuck at GND File: D:/ECE_287/Final_Project/VGA_ON_DE1_SOC_2024/vga_driver_memory_2/vga_driver_memory_2.v Line: 55
    Warning (13410): Pin "LEDR[5]" is stuck at GND File: D:/ECE_287/Final_Project/VGA_ON_DE1_SOC_2024/vga_driver_memory_2/vga_driver_memory_2.v Line: 55
    Warning (13410): Pin "LEDR[6]" is stuck at GND File: D:/ECE_287/Final_Project/VGA_ON_DE1_SOC_2024/vga_driver_memory_2/vga_driver_memory_2.v Line: 55
    Warning (13410): Pin "LEDR[7]" is stuck at GND File: D:/ECE_287/Final_Project/VGA_ON_DE1_SOC_2024/vga_driver_memory_2/vga_driver_memory_2.v Line: 55
    Warning (13410): Pin "LEDR[8]" is stuck at GND File: D:/ECE_287/Final_Project/VGA_ON_DE1_SOC_2024/vga_driver_memory_2/vga_driver_memory_2.v Line: 55
    Warning (13410): Pin "LEDR[9]" is stuck at GND File: D:/ECE_287/Final_Project/VGA_ON_DE1_SOC_2024/vga_driver_memory_2/vga_driver_memory_2.v Line: 55
    Warning (13410): Pin "VGA_SYNC_N" is stuck at VCC File: D:/ECE_287/Final_Project/VGA_ON_DE1_SOC_2024/vga_driver_memory_2/vga_driver_memory_2.v Line: 80
Info (286030): Timing-Driven Synthesis is running
Info (17049): 313 registers lost all their fanouts during netlist optimizations.
Info (144001): Generated suppressed messages file D:/ECE_287/Final_Project/VGA_ON_DE1_SOC_2024/vga_driver_memory_2/output_files/vga_driver_memory_2.map.smsg
Info (16010): Generating hard_block partition "hard_block:auto_generated_inst"
    Info (16011): Adding 0 node(s), including 0 DDIO, 0 PLL, 0 transceiver and 0 LCELL
Warning (21074): Design contains 13 input pin(s) that do not drive logic
    Warning (15610): No output dependent on input pin "KEY[1]" File: D:/ECE_287/Final_Project/VGA_ON_DE1_SOC_2024/vga_driver_memory_2/vga_driver_memory_2.v Line: 52
    Warning (15610): No output dependent on input pin "KEY[2]" File: D:/ECE_287/Final_Project/VGA_ON_DE1_SOC_2024/vga_driver_memory_2/vga_driver_memory_2.v Line: 52
    Warning (15610): No output dependent on input pin "KEY[3]" File: D:/ECE_287/Final_Project/VGA_ON_DE1_SOC_2024/vga_driver_memory_2/vga_driver_memory_2.v Line: 52
    Warning (15610): No output dependent on input pin "SW[9]" File: D:/ECE_287/Final_Project/VGA_ON_DE1_SOC_2024/vga_driver_memory_2/vga_driver_memory_2.v Line: 64
    Warning (15610): No output dependent on input pin "SW[8]" File: D:/ECE_287/Final_Project/VGA_ON_DE1_SOC_2024/vga_driver_memory_2/vga_driver_memory_2.v Line: 64
    Warning (15610): No output dependent on input pin "SW[7]" File: D:/ECE_287/Final_Project/VGA_ON_DE1_SOC_2024/vga_driver_memory_2/vga_driver_memory_2.v Line: 64
    Warning (15610): No output dependent on input pin "SW[6]" File: D:/ECE_287/Final_Project/VGA_ON_DE1_SOC_2024/vga_driver_memory_2/vga_driver_memory_2.v Line: 64
    Warning (15610): No output dependent on input pin "SW[5]" File: D:/ECE_287/Final_Project/VGA_ON_DE1_SOC_2024/vga_driver_memory_2/vga_driver_memory_2.v Line: 64
    Warning (15610): No output dependent on input pin "SW[4]" File: D:/ECE_287/Final_Project/VGA_ON_DE1_SOC_2024/vga_driver_memory_2/vga_driver_memory_2.v Line: 64
    Warning (15610): No output dependent on input pin "SW[3]" File: D:/ECE_287/Final_Project/VGA_ON_DE1_SOC_2024/vga_driver_memory_2/vga_driver_memory_2.v Line: 64
    Warning (15610): No output dependent on input pin "SW[2]" File: D:/ECE_287/Final_Project/VGA_ON_DE1_SOC_2024/vga_driver_memory_2/vga_driver_memory_2.v Line: 64
    Warning (15610): No output dependent on input pin "SW[1]" File: D:/ECE_287/Final_Project/VGA_ON_DE1_SOC_2024/vga_driver_memory_2/vga_driver_memory_2.v Line: 64
    Warning (15610): No output dependent on input pin "SW[0]" File: D:/ECE_287/Final_Project/VGA_ON_DE1_SOC_2024/vga_driver_memory_2/vga_driver_memory_2.v Line: 64
Info (21057): Implemented 161 device resources after synthesis - the final resource count might be different
    Info (21058): Implemented 15 input pins
    Info (21059): Implemented 67 output pins
    Info (21061): Implemented 79 logic cells
Info: Quartus Prime Analysis & Synthesis was successful. 0 errors, 66 warnings
    Info: Peak virtual memory: 4873 megabytes
    Info: Processing ended: Mon Nov 17 16:20:52 2025
    Info: Elapsed time: 00:00:09
    Info: Total CPU time (on all processors): 00:00:03


+------------------------------------------+
; Analysis & Synthesis Suppressed Messages ;
+------------------------------------------+
The suppressed messages can be found in D:/ECE_287/Final_Project/VGA_ON_DE1_SOC_2024/vga_driver_memory_2/output_files/vga_driver_memory_2.map.smsg.


