Analysis & Synthesis report for black_jack
Thu Dec 11 13:27:15 2025
Quartus Prime Version 23.1std.1 Build 993 05/14/2024 SC Lite Edition


---------------------
; Table of Contents ;
---------------------
  1. Legal Notice
  2. Analysis & Synthesis Summary
  3. Analysis & Synthesis Settings
  4. Parallel Compilation
  5. Analysis & Synthesis Source Files Read
  6. Analysis & Synthesis Resource Usage Summary
  7. Analysis & Synthesis Resource Utilization by Entity
  8. Analysis & Synthesis RAM Summary
  9. Analysis & Synthesis DSP Block Usage Summary
 10. Analysis & Synthesis IP Cores Summary
 11. State Machine - |black_jack|shuffle_deck_v2:my_deck_v2|S
 12. State Machine - |black_jack|vga_frame_driver:my_frame_driver|wr_id
 13. State Machine - |black_jack|vga_frame_driver:my_frame_driver|S
 14. State Machine - |black_jack|asset_controller:my_asset_controller|S
 15. State Machine - |black_jack|debounce_switches:db|debounce:db19|S
 16. State Machine - |black_jack|debounce_switches:db|debounce:db18|S
 17. State Machine - |black_jack|debounce_switches:db|debounce:db17|S
 18. State Machine - |black_jack|debounce_switches:db|debounce:db16|S
 19. State Machine - |black_jack|debounce_switches:db|debounce:db15|S
 20. State Machine - |black_jack|debounce_switches:db|debounce:db14|S
 21. State Machine - |black_jack|debounce_switches:db|debounce:db13|S
 22. State Machine - |black_jack|debounce_switches:db|debounce:db12|S
 23. State Machine - |black_jack|debounce_switches:db|debounce:db11|S
 24. State Machine - |black_jack|debounce_switches:db|debounce:db10|S
 25. State Machine - |black_jack|debounce_switches:db|debounce:db7|S
 26. State Machine - |black_jack|debounce_switches:db|debounce:db6|S
 27. State Machine - |black_jack|debounce_switches:db|debounce:db5|S
 28. State Machine - |black_jack|debounce_switches:db|debounce:db4|S
 29. State Machine - |black_jack|debounce_switches:db|debounce:db3|S
 30. State Machine - |black_jack|debounce_switches:db|debounce:db2|S
 31. State Machine - |black_jack|debounce_switches:db|debounce:db1|S
 32. State Machine - |black_jack|debounce_switches:db|debounce:db0|S
 33. User-Specified and Inferred Latches
 34. Registers Removed During Synthesis
 35. Removed Registers Triggering Further Register Optimizations
 36. General Register Statistics
 37. Inverted Register Statistics
 38. Multiplexer Restructuring Statistics (Restructuring Performed)
 39. Source assignments for asset_controller:my_asset_controller|playing_card:cards|altsyncram:altsyncram_component|altsyncram_qng1:auto_generated
 40. Source assignments for asset_controller:my_asset_controller|player_chip_asset:chipP|altsyncram:altsyncram_component|altsyncram_vmg1:auto_generated
 41. Source assignments for asset_controller:my_asset_controller|dealer_chip_asset:chipD|altsyncram:altsyncram_component|altsyncram_vlg1:auto_generated
 42. Source assignments for asset_controller:my_asset_controller|rank_library:ranks|altsyncram:altsyncram_component|altsyncram_jqg1:auto_generated
 43. Source assignments for asset_controller:my_asset_controller|suit_library:suits|altsyncram:altsyncram_component|altsyncram_brg1:auto_generated
 44. Source assignments for asset_controller:my_asset_controller|replace_background:replacement|altsyncram:altsyncram_component|altsyncram_lbh1:auto_generated
 45. Source assignments for vga_frame_driver:my_frame_driver|vga_frame:vga_memory0|altsyncram:altsyncram_component|altsyncram_5kp1:auto_generated
 46. Source assignments for vga_frame_driver:my_frame_driver|vga_frame:vga_memory1|altsyncram:altsyncram_component|altsyncram_5kp1:auto_generated
 47. Source assignments for vga_frame_driver:my_frame_driver|vga_frame:the_vga_draw_frame|altsyncram:altsyncram_component|altsyncram_5kp1:auto_generated
 48. Source assignments for deck:memory|altsyncram:altsyncram_component|altsyncram_67p1:auto_generated
 49. Source assignments for sld_signaltap:auto_signaltap_0
 50. Parameter Settings for User Entity Instance: Top-level Entity: |black_jack
 51. Parameter Settings for User Entity Instance: debounce_switches:db|debounce:db0
 52. Parameter Settings for User Entity Instance: debounce_switches:db|debounce:db1
 53. Parameter Settings for User Entity Instance: debounce_switches:db|debounce:db2
 54. Parameter Settings for User Entity Instance: debounce_switches:db|debounce:db3
 55. Parameter Settings for User Entity Instance: debounce_switches:db|debounce:db4
 56. Parameter Settings for User Entity Instance: debounce_switches:db|debounce:db5
 57. Parameter Settings for User Entity Instance: debounce_switches:db|debounce:db6
 58. Parameter Settings for User Entity Instance: debounce_switches:db|debounce:db7
 59. Parameter Settings for User Entity Instance: debounce_switches:db|debounce:db10
 60. Parameter Settings for User Entity Instance: debounce_switches:db|debounce:db11
 61. Parameter Settings for User Entity Instance: debounce_switches:db|debounce:db12
 62. Parameter Settings for User Entity Instance: debounce_switches:db|debounce:db13
 63. Parameter Settings for User Entity Instance: debounce_switches:db|debounce:db14
 64. Parameter Settings for User Entity Instance: debounce_switches:db|debounce:db15
 65. Parameter Settings for User Entity Instance: debounce_switches:db|debounce:db16
 66. Parameter Settings for User Entity Instance: debounce_switches:db|debounce:db17
 67. Parameter Settings for User Entity Instance: debounce_switches:db|debounce:db18
 68. Parameter Settings for User Entity Instance: debounce_switches:db|debounce:db19
 69. Parameter Settings for User Entity Instance: get_suit_rank:my_get_suit_rank
 70. Parameter Settings for User Entity Instance: asset_controller:my_asset_controller
 71. Parameter Settings for User Entity Instance: asset_controller:my_asset_controller|playing_card:cards|altsyncram:altsyncram_component
 72. Parameter Settings for User Entity Instance: asset_controller:my_asset_controller|player_chip_asset:chipP|altsyncram:altsyncram_component
 73. Parameter Settings for User Entity Instance: asset_controller:my_asset_controller|dealer_chip_asset:chipD|altsyncram:altsyncram_component
 74. Parameter Settings for User Entity Instance: asset_controller:my_asset_controller|rank_library:ranks|altsyncram:altsyncram_component
 75. Parameter Settings for User Entity Instance: asset_controller:my_asset_controller|suit_library:suits|altsyncram:altsyncram_component
 76. Parameter Settings for User Entity Instance: asset_controller:my_asset_controller|replace_background:replacement|altsyncram:altsyncram_component
 77. Parameter Settings for User Entity Instance: vga_frame_driver:my_frame_driver
 78. Parameter Settings for User Entity Instance: vga_frame_driver:my_frame_driver|vga_frame:vga_memory0|altsyncram:altsyncram_component
 79. Parameter Settings for User Entity Instance: vga_frame_driver:my_frame_driver|vga_frame:vga_memory1|altsyncram:altsyncram_component
 80. Parameter Settings for User Entity Instance: vga_frame_driver:my_frame_driver|vga_frame:the_vga_draw_frame|altsyncram:altsyncram_component
 81. Parameter Settings for User Entity Instance: vga_frame_driver:my_frame_driver|vga_driver:the_vga
 82. Parameter Settings for User Entity Instance: get_suit_rank:suit_and_rank
 83. Parameter Settings for User Entity Instance: deck:memory|altsyncram:altsyncram_component
 84. Parameter Settings for User Entity Instance: shuffle_deck_v2:my_deck_v2
 85. Parameter Settings for Inferred Entity Instance: sld_signaltap:auto_signaltap_0
 86. Parameter Settings for Inferred Entity Instance: lpm_divide:Mod0
 87. Parameter Settings for Inferred Entity Instance: lpm_divide:Mod1
 88. Parameter Settings for Inferred Entity Instance: lpm_divide:Mod2
 89. Parameter Settings for Inferred Entity Instance: lpm_divide:Mod7
 90. Parameter Settings for Inferred Entity Instance: lpm_divide:Mod15
 91. Parameter Settings for Inferred Entity Instance: lpm_divide:Mod5
 92. Parameter Settings for Inferred Entity Instance: lpm_divide:Mod6
 93. Parameter Settings for Inferred Entity Instance: lpm_divide:Mod13
 94. Parameter Settings for Inferred Entity Instance: lpm_divide:Mod14
 95. Parameter Settings for Inferred Entity Instance: lpm_divide:Mod8
 96. Parameter Settings for Inferred Entity Instance: lpm_divide:Mod3
 97. Parameter Settings for Inferred Entity Instance: lpm_divide:Mod4
 98. Parameter Settings for Inferred Entity Instance: lpm_divide:Mod11
 99. Parameter Settings for Inferred Entity Instance: lpm_divide:Mod12
100. Parameter Settings for Inferred Entity Instance: lpm_divide:Div1
101. Parameter Settings for Inferred Entity Instance: lpm_divide:Div2
102. Parameter Settings for Inferred Entity Instance: lpm_divide:Div7
103. Parameter Settings for Inferred Entity Instance: lpm_divide:Div15
104. Parameter Settings for Inferred Entity Instance: lpm_divide:Div5
105. Parameter Settings for Inferred Entity Instance: lpm_divide:Div6
106. Parameter Settings for Inferred Entity Instance: lpm_divide:Div13
107. Parameter Settings for Inferred Entity Instance: lpm_divide:Div14
108. Parameter Settings for Inferred Entity Instance: lpm_divide:Div8
109. Parameter Settings for Inferred Entity Instance: lpm_divide:Div3
110. Parameter Settings for Inferred Entity Instance: lpm_divide:Div4
111. Parameter Settings for Inferred Entity Instance: lpm_divide:Div11
112. Parameter Settings for Inferred Entity Instance: lpm_divide:Div12
113. Parameter Settings for Inferred Entity Instance: shuffle_deck_v2:my_deck_v2|lpm_divide:Mod0
114. altsyncram Parameter Settings by Entity Instance
115. Port Connectivity Checks: "shuffle_deck_v2:my_deck_v2"
116. Port Connectivity Checks: "seven_segment:dig5"
117. Port Connectivity Checks: "seven_segment:dig4"
118. Port Connectivity Checks: "get_suit_rank:suit_and_rank"
119. Port Connectivity Checks: "vga_frame_driver:my_frame_driver|vga_frame:the_vga_draw_frame"
120. Port Connectivity Checks: "vga_frame_driver:my_frame_driver|vga_frame:vga_memory1"
121. Port Connectivity Checks: "vga_frame_driver:my_frame_driver|vga_frame:vga_memory0"
122. Port Connectivity Checks: "vga_frame_driver:my_frame_driver"
123. Port Connectivity Checks: "asset_controller:my_asset_controller|replace_background:replacement"
124. Port Connectivity Checks: "asset_controller:my_asset_controller|dealer_chip_asset:chipD"
125. Port Connectivity Checks: "asset_controller:my_asset_controller|player_chip_asset:chipP"
126. Port Connectivity Checks: "asset_controller:my_asset_controller"
127. Port Connectivity Checks: "get_suit_rank:my_get_suit_rank"
128. Port Connectivity Checks: "debounce_switches:db"
129. Signal Tap Logic Analyzer Settings
130. Post-Synthesis Netlist Statistics for Top Partition
131. Elapsed Time Per Partition
132. Connections to In-System Debugging Instance "auto_signaltap_0"
133. Analysis & Synthesis Messages
134. Analysis & Synthesis Suppressed Messages



----------------
; Legal Notice ;
----------------
Copyright (C) 2024  Intel Corporation. All rights reserved.
Your use of Intel Corporation's design tools, logic functions 
and other software and tools, and any partner logic 
functions, and any output files from any of the foregoing 
(including device programming or simulation files), and any 
associated documentation or information are expressly subject 
to the terms and conditions of the Intel Program License 
Subscription Agreement, the Intel Quartus Prime License Agreement,
the Intel FPGA IP License Agreement, or other applicable license
agreement, including, without limitation, that your use is for
the sole purpose of programming logic devices manufactured by
Intel and sold by Intel or its authorized distributors.  Please
refer to the applicable agreement for further details, at
https://fpgasoftware.intel.com/eula.



+----------------------------------------------------------------------------------+
; Analysis & Synthesis Summary                                                     ;
+---------------------------------+------------------------------------------------+
; Analysis & Synthesis Status     ; Successful - Thu Dec 11 13:27:15 2025          ;
; Quartus Prime Version           ; 23.1std.1 Build 993 05/14/2024 SC Lite Edition ;
; Revision Name                   ; black_jack                                     ;
; Top-level Entity Name           ; black_jack                                     ;
; Family                          ; Cyclone V                                      ;
; Logic utilization (in ALMs)     ; N/A                                            ;
; Total registers                 ; 1130                                           ;
; Total pins                      ; 96                                             ;
; Total virtual pins              ; 0                                              ;
; Total block memory bits         ; 2,765,424                                      ;
; Total DSP Blocks                ; 1                                              ;
; Total HSSI RX PCSs              ; 0                                              ;
; Total HSSI PMA RX Deserializers ; 0                                              ;
; Total HSSI TX PCSs              ; 0                                              ;
; Total HSSI PMA TX Serializers   ; 0                                              ;
; Total PLLs                      ; 0                                              ;
; Total DLLs                      ; 0                                              ;
+---------------------------------+------------------------------------------------+


+---------------------------------------------------------------------------------------------------------------------------+
; Analysis & Synthesis Settings                                                                                             ;
+---------------------------------------------------------------------------------+--------------------+--------------------+
; Option                                                                          ; Setting            ; Default Value      ;
+---------------------------------------------------------------------------------+--------------------+--------------------+
; Device                                                                          ; 5CSEMA5F31C6       ;                    ;
; Top-level entity name                                                           ; black_jack         ; black_jack         ;
; Family name                                                                     ; Cyclone V          ; Cyclone V          ;
; Maximum processors allowed for parallel compilation                             ; All                ;                    ;
; Use smart compilation                                                           ; Off                ; Off                ;
; Enable parallel Assembler and Timing Analyzer during compilation                ; On                 ; On                 ;
; Enable compact report table                                                     ; Off                ; Off                ;
; Restructure Multiplexers                                                        ; Auto               ; Auto               ;
; MLAB Add Timing Constraints For Mixed-Port Feed-Through Mode Setting Don't Care ; Off                ; Off                ;
; Create Debugging Nodes for IP Cores                                             ; Off                ; Off                ;
; Preserve fewer node names                                                       ; On                 ; On                 ;
; Intel FPGA IP Evaluation Mode                                                   ; Enable             ; Enable             ;
; Verilog Version                                                                 ; Verilog_2001       ; Verilog_2001       ;
; VHDL Version                                                                    ; VHDL_1993          ; VHDL_1993          ;
; State Machine Processing                                                        ; Auto               ; Auto               ;
; Safe State Machine                                                              ; Off                ; Off                ;
; Extract Verilog State Machines                                                  ; On                 ; On                 ;
; Extract VHDL State Machines                                                     ; On                 ; On                 ;
; Ignore Verilog initial constructs                                               ; Off                ; Off                ;
; Iteration limit for constant Verilog loops                                      ; 5000               ; 5000               ;
; Iteration limit for non-constant Verilog loops                                  ; 250                ; 250                ;
; Add Pass-Through Logic to Inferred RAMs                                         ; On                 ; On                 ;
; Infer RAMs from Raw Logic                                                       ; On                 ; On                 ;
; Parallel Synthesis                                                              ; On                 ; On                 ;
; DSP Block Balancing                                                             ; Auto               ; Auto               ;
; NOT Gate Push-Back                                                              ; On                 ; On                 ;
; Power-Up Don't Care                                                             ; On                 ; On                 ;
; Remove Redundant Logic Cells                                                    ; Off                ; Off                ;
; Remove Duplicate Registers                                                      ; On                 ; On                 ;
; Ignore CARRY Buffers                                                            ; Off                ; Off                ;
; Ignore CASCADE Buffers                                                          ; Off                ; Off                ;
; Ignore GLOBAL Buffers                                                           ; Off                ; Off                ;
; Ignore ROW GLOBAL Buffers                                                       ; Off                ; Off                ;
; Ignore LCELL Buffers                                                            ; Off                ; Off                ;
; Ignore SOFT Buffers                                                             ; On                 ; On                 ;
; Limit AHDL Integers to 32 Bits                                                  ; Off                ; Off                ;
; Optimization Technique                                                          ; Balanced           ; Balanced           ;
; Carry Chain Length                                                              ; 70                 ; 70                 ;
; Auto Carry Chains                                                               ; On                 ; On                 ;
; Auto Open-Drain Pins                                                            ; On                 ; On                 ;
; Perform WYSIWYG Primitive Resynthesis                                           ; Off                ; Off                ;
; Auto ROM Replacement                                                            ; On                 ; On                 ;
; Auto RAM Replacement                                                            ; On                 ; On                 ;
; Auto DSP Block Replacement                                                      ; On                 ; On                 ;
; Auto Shift Register Replacement                                                 ; Auto               ; Auto               ;
; Allow Shift Register Merging across Hierarchies                                 ; Auto               ; Auto               ;
; Auto Clock Enable Replacement                                                   ; On                 ; On                 ;
; Strict RAM Replacement                                                          ; Off                ; Off                ;
; Allow Synchronous Control Signals                                               ; On                 ; On                 ;
; Force Use of Synchronous Clear Signals                                          ; Off                ; Off                ;
; Auto Resource Sharing                                                           ; Off                ; Off                ;
; Allow Any RAM Size For Recognition                                              ; Off                ; Off                ;
; Allow Any ROM Size For Recognition                                              ; Off                ; Off                ;
; Allow Any Shift Register Size For Recognition                                   ; Off                ; Off                ;
; Use LogicLock Constraints during Resource Balancing                             ; On                 ; On                 ;
; Ignore translate_off and synthesis_off directives                               ; Off                ; Off                ;
; Timing-Driven Synthesis                                                         ; On                 ; On                 ;
; Report Parameter Settings                                                       ; On                 ; On                 ;
; Report Source Assignments                                                       ; On                 ; On                 ;
; Report Connectivity Checks                                                      ; On                 ; On                 ;
; Ignore Maximum Fan-Out Assignments                                              ; Off                ; Off                ;
; Synchronization Register Chain Length                                           ; 3                  ; 3                  ;
; Power Optimization During Synthesis                                             ; Normal compilation ; Normal compilation ;
; HDL message level                                                               ; Level2             ; Level2             ;
; Suppress Register Optimization Related Messages                                 ; Off                ; Off                ;
; Number of Removed Registers Reported in Synthesis Report                        ; 5000               ; 5000               ;
; Number of Swept Nodes Reported in Synthesis Report                              ; 5000               ; 5000               ;
; Number of Inverted Registers Reported in Synthesis Report                       ; 100                ; 100                ;
; Clock MUX Protection                                                            ; On                 ; On                 ;
; Auto Gated Clock Conversion                                                     ; Off                ; Off                ;
; Block Design Naming                                                             ; Auto               ; Auto               ;
; SDC constraint protection                                                       ; Off                ; Off                ;
; Synthesis Effort                                                                ; Auto               ; Auto               ;
; Shift Register Replacement - Allow Asynchronous Clear Signal                    ; On                 ; On                 ;
; Pre-Mapping Resynthesis Optimization                                            ; Off                ; Off                ;
; Analysis & Synthesis Message Level                                              ; Medium             ; Medium             ;
; Disable Register Merging Across Hierarchies                                     ; Auto               ; Auto               ;
; Resource Aware Inference For Block RAM                                          ; On                 ; On                 ;
; Automatic Parallel Synthesis                                                    ; On                 ; On                 ;
; Partial Reconfiguration Bitstream ID                                            ; Off                ; Off                ;
+---------------------------------------------------------------------------------+--------------------+--------------------+


+------------------------------------------+
; Parallel Compilation                     ;
+----------------------------+-------------+
; Processors                 ; Number      ;
+----------------------------+-------------+
; Number detected on machine ; 28          ;
; Maximum allowed            ; 16          ;
;                            ;             ;
; Average used               ; 1.00        ;
; Maximum used               ; 16          ;
;                            ;             ;
; Usage by Processor         ; % Time Used ;
;     Processor 1            ; 100.0%      ;
;     Processor 2            ;   0.0%      ;
;     Processor 3            ;   0.0%      ;
;     Processor 4            ;   0.0%      ;
;     Processor 5            ;   0.0%      ;
;     Processor 6            ;   0.0%      ;
;     Processor 7            ;   0.0%      ;
;     Processors 8-16        ;   0.0%      ;
+----------------------------+-------------+


+------------------------------------------------------------------------------------------------------------------------------------------------------------------------------------------------------------------------------------------------------------+
; Analysis & Synthesis Source Files Read                                                                                                                                                                                                                     ;
+--------------------------------------------------------------------+-----------------+----------------------------------------------+--------------------------------------------------------------------------------------------------------+-------------+
; File Name with User-Entered Path                                   ; Used in Netlist ; File Type                                    ; File Name with Absolute Path                                                                           ; Library     ;
+--------------------------------------------------------------------+-----------------+----------------------------------------------+--------------------------------------------------------------------------------------------------------+-------------+
; asset_controller.v                                                 ; yes             ; User Verilog HDL File                        ; D:/ECE_287/Final_Project/Black_Jack/asset_controller.v                                                 ;             ;
; get_suit_rank.v                                                    ; yes             ; User Verilog HDL File                        ; D:/ECE_287/Final_Project/Black_Jack/get_suit_rank.v                                                    ;             ;
; vga_frame.v                                                        ; yes             ; User Wizard-Generated File                   ; D:/ECE_287/Final_Project/Black_Jack/vga_frame.v                                                        ;             ;
; vga_frame_driver.v                                                 ; yes             ; User Verilog HDL File                        ; D:/ECE_287/Final_Project/Black_Jack/vga_frame_driver.v                                                 ;             ;
; vga_driver.v                                                       ; yes             ; User Verilog HDL File                        ; D:/ECE_287/Final_Project/Black_Jack/vga_driver.v                                                       ;             ;
; debounce.v                                                         ; yes             ; User Verilog HDL File                        ; D:/ECE_287/Final_Project/Black_Jack/debounce.v                                                         ;             ;
; black_jack.v                                                       ; yes             ; User Verilog HDL File                        ; D:/ECE_287/Final_Project/Black_Jack/black_jack.v                                                       ;             ;
; playing_card.v                                                     ; yes             ; User Wizard-Generated File                   ; D:/ECE_287/Final_Project/Black_Jack/playing_card.v                                                     ;             ;
; dealer_chip_asset.v                                                ; yes             ; User Wizard-Generated File                   ; D:/ECE_287/Final_Project/Black_Jack/dealer_chip_asset.v                                                ;             ;
; player_chip_asset.v                                                ; yes             ; User Wizard-Generated File                   ; D:/ECE_287/Final_Project/Black_Jack/player_chip_asset.v                                                ;             ;
; suit_library.v                                                     ; yes             ; User Wizard-Generated File                   ; D:/ECE_287/Final_Project/Black_Jack/suit_library.v                                                     ;             ;
; rank_library.v                                                     ; yes             ; User Wizard-Generated File                   ; D:/ECE_287/Final_Project/Black_Jack/rank_library.v                                                     ;             ;
; shuffle_deck_v2.v                                                  ; yes             ; User Verilog HDL File                        ; D:/ECE_287/Final_Project/Black_Jack/shuffle_deck_v2.v                                                  ;             ;
; replace_background.v                                               ; yes             ; User Wizard-Generated File                   ; D:/ECE_287/Final_Project/Black_Jack/replace_background.v                                               ;             ;
; seven_segment.v                                                    ; yes             ; User Verilog HDL File                        ; D:/ECE_287/Final_Project/Black_Jack/seven_segment.v                                                    ;             ;
; seven_segment_suit.v                                               ; yes             ; User Verilog HDL File                        ; D:/ECE_287/Final_Project/Black_Jack/seven_segment_suit.v                                               ;             ;
; deck.v                                                             ; yes             ; User Wizard-Generated File                   ; D:/ECE_287/Final_Project/Black_Jack/deck.v                                                             ;             ;
; altsyncram.tdf                                                     ; yes             ; Megafunction                                 ; c:/intelfpga_lite/23.1std/quartus/libraries/megafunctions/altsyncram.tdf                               ;             ;
; stratix_ram_block.inc                                              ; yes             ; Megafunction                                 ; c:/intelfpga_lite/23.1std/quartus/libraries/megafunctions/stratix_ram_block.inc                        ;             ;
; lpm_mux.inc                                                        ; yes             ; Megafunction                                 ; c:/intelfpga_lite/23.1std/quartus/libraries/megafunctions/lpm_mux.inc                                  ;             ;
; lpm_decode.inc                                                     ; yes             ; Megafunction                                 ; c:/intelfpga_lite/23.1std/quartus/libraries/megafunctions/lpm_decode.inc                               ;             ;
; aglobal231.inc                                                     ; yes             ; Megafunction                                 ; c:/intelfpga_lite/23.1std/quartus/libraries/megafunctions/aglobal231.inc                               ;             ;
; a_rdenreg.inc                                                      ; yes             ; Megafunction                                 ; c:/intelfpga_lite/23.1std/quartus/libraries/megafunctions/a_rdenreg.inc                                ;             ;
; altrom.inc                                                         ; yes             ; Megafunction                                 ; c:/intelfpga_lite/23.1std/quartus/libraries/megafunctions/altrom.inc                                   ;             ;
; altram.inc                                                         ; yes             ; Megafunction                                 ; c:/intelfpga_lite/23.1std/quartus/libraries/megafunctions/altram.inc                                   ;             ;
; altdpram.inc                                                       ; yes             ; Megafunction                                 ; c:/intelfpga_lite/23.1std/quartus/libraries/megafunctions/altdpram.inc                                 ;             ;
; db/altsyncram_qng1.tdf                                             ; yes             ; Auto-Generated Megafunction                  ; D:/ECE_287/Final_Project/Black_Jack/db/altsyncram_qng1.tdf                                             ;             ;
; ../card_asset.mif                                                  ; yes             ; Auto-Found Memory Initialization File        ; D:/ECE_287/Final_Project/Black_Jack/card_asset.mif                                                     ;             ;
; db/altsyncram_vmg1.tdf                                             ; yes             ; Auto-Generated Megafunction                  ; D:/ECE_287/Final_Project/Black_Jack/db/altsyncram_vmg1.tdf                                             ;             ;
; player_chip.mif                                                    ; yes             ; Auto-Found Memory Initialization File        ; D:/ECE_287/Final_Project/Black_Jack/player_chip.mif                                                    ;             ;
; db/altsyncram_vlg1.tdf                                             ; yes             ; Auto-Generated Megafunction                  ; D:/ECE_287/Final_Project/Black_Jack/db/altsyncram_vlg1.tdf                                             ;             ;
; dealer_chip.mif                                                    ; yes             ; Auto-Found Memory Initialization File        ; D:/ECE_287/Final_Project/Black_Jack/dealer_chip.mif                                                    ;             ;
; db/altsyncram_jqg1.tdf                                             ; yes             ; Auto-Generated Megafunction                  ; D:/ECE_287/Final_Project/Black_Jack/db/altsyncram_jqg1.tdf                                             ;             ;
; rank_library.mif                                                   ; yes             ; Auto-Found Memory Initialization File        ; D:/ECE_287/Final_Project/Black_Jack/rank_library.mif                                                   ;             ;
; db/altsyncram_brg1.tdf                                             ; yes             ; Auto-Generated Megafunction                  ; D:/ECE_287/Final_Project/Black_Jack/db/altsyncram_brg1.tdf                                             ;             ;
; suit_library.mif                                                   ; yes             ; Auto-Found Memory Initialization File        ; D:/ECE_287/Final_Project/Black_Jack/suit_library.mif                                                   ;             ;
; db/altsyncram_lbh1.tdf                                             ; yes             ; Auto-Generated Megafunction                  ; D:/ECE_287/Final_Project/Black_Jack/db/altsyncram_lbh1.tdf                                             ;             ;
; table_background.mif                                               ; yes             ; Auto-Found Memory Initialization File        ; D:/ECE_287/Final_Project/Black_Jack/table_background.mif                                               ;             ;
; db/decode_11a.tdf                                                  ; yes             ; Auto-Generated Megafunction                  ; D:/ECE_287/Final_Project/Black_Jack/db/decode_11a.tdf                                                  ;             ;
; db/mux_6hb.tdf                                                     ; yes             ; Auto-Generated Megafunction                  ; D:/ECE_287/Final_Project/Black_Jack/db/mux_6hb.tdf                                                     ;             ;
; db/altsyncram_5kp1.tdf                                             ; yes             ; Auto-Generated Megafunction                  ; D:/ECE_287/Final_Project/Black_Jack/db/altsyncram_5kp1.tdf                                             ;             ;
; db/decode_8la.tdf                                                  ; yes             ; Auto-Generated Megafunction                  ; D:/ECE_287/Final_Project/Black_Jack/db/decode_8la.tdf                                                  ;             ;
; db/altsyncram_67p1.tdf                                             ; yes             ; Auto-Generated Megafunction                  ; D:/ECE_287/Final_Project/Black_Jack/db/altsyncram_67p1.tdf                                             ;             ;
; black_jack_deck.mif                                                ; yes             ; Auto-Found Memory Initialization File        ; D:/ECE_287/Final_Project/Black_Jack/black_jack_deck.mif                                                ;             ;
; sld_signaltap.vhd                                                  ; yes             ; Megafunction                                 ; c:/intelfpga_lite/23.1std/quartus/libraries/megafunctions/sld_signaltap.vhd                            ;             ;
; sld_signaltap_impl.vhd                                             ; yes             ; Encrypted Megafunction                       ; c:/intelfpga_lite/23.1std/quartus/libraries/megafunctions/sld_signaltap_impl.vhd                       ;             ;
; sld_ela_control.vhd                                                ; yes             ; Encrypted Megafunction                       ; c:/intelfpga_lite/23.1std/quartus/libraries/megafunctions/sld_ela_control.vhd                          ;             ;
; lpm_shiftreg.tdf                                                   ; yes             ; Megafunction                                 ; c:/intelfpga_lite/23.1std/quartus/libraries/megafunctions/lpm_shiftreg.tdf                             ;             ;
; lpm_constant.inc                                                   ; yes             ; Megafunction                                 ; c:/intelfpga_lite/23.1std/quartus/libraries/megafunctions/lpm_constant.inc                             ;             ;
; dffeea.inc                                                         ; yes             ; Megafunction                                 ; c:/intelfpga_lite/23.1std/quartus/libraries/megafunctions/dffeea.inc                                   ;             ;
; sld_mbpmg.vhd                                                      ; yes             ; Encrypted Megafunction                       ; c:/intelfpga_lite/23.1std/quartus/libraries/megafunctions/sld_mbpmg.vhd                                ;             ;
; sld_ela_trigger_flow_mgr.vhd                                       ; yes             ; Encrypted Megafunction                       ; c:/intelfpga_lite/23.1std/quartus/libraries/megafunctions/sld_ela_trigger_flow_mgr.vhd                 ;             ;
; sld_buffer_manager.vhd                                             ; yes             ; Encrypted Megafunction                       ; c:/intelfpga_lite/23.1std/quartus/libraries/megafunctions/sld_buffer_manager.vhd                       ;             ;
; db/altsyncram_4i84.tdf                                             ; yes             ; Auto-Generated Megafunction                  ; D:/ECE_287/Final_Project/Black_Jack/db/altsyncram_4i84.tdf                                             ;             ;
; altdpram.tdf                                                       ; yes             ; Megafunction                                 ; c:/intelfpga_lite/23.1std/quartus/libraries/megafunctions/altdpram.tdf                                 ;             ;
; memmodes.inc                                                       ; yes             ; Megafunction                                 ; c:/intelfpga_lite/23.1std/quartus/libraries/others/maxplus2/memmodes.inc                               ;             ;
; a_hdffe.inc                                                        ; yes             ; Megafunction                                 ; c:/intelfpga_lite/23.1std/quartus/libraries/megafunctions/a_hdffe.inc                                  ;             ;
; alt_le_rden_reg.inc                                                ; yes             ; Megafunction                                 ; c:/intelfpga_lite/23.1std/quartus/libraries/megafunctions/alt_le_rden_reg.inc                          ;             ;
; altsyncram.inc                                                     ; yes             ; Megafunction                                 ; c:/intelfpga_lite/23.1std/quartus/libraries/megafunctions/altsyncram.inc                               ;             ;
; lpm_mux.tdf                                                        ; yes             ; Megafunction                                 ; c:/intelfpga_lite/23.1std/quartus/libraries/megafunctions/lpm_mux.tdf                                  ;             ;
; muxlut.inc                                                         ; yes             ; Megafunction                                 ; c:/intelfpga_lite/23.1std/quartus/libraries/megafunctions/muxlut.inc                                   ;             ;
; bypassff.inc                                                       ; yes             ; Megafunction                                 ; c:/intelfpga_lite/23.1std/quartus/libraries/megafunctions/bypassff.inc                                 ;             ;
; altshift.inc                                                       ; yes             ; Megafunction                                 ; c:/intelfpga_lite/23.1std/quartus/libraries/megafunctions/altshift.inc                                 ;             ;
; db/mux_hlc.tdf                                                     ; yes             ; Auto-Generated Megafunction                  ; D:/ECE_287/Final_Project/Black_Jack/db/mux_hlc.tdf                                                     ;             ;
; lpm_decode.tdf                                                     ; yes             ; Megafunction                                 ; c:/intelfpga_lite/23.1std/quartus/libraries/megafunctions/lpm_decode.tdf                               ;             ;
; declut.inc                                                         ; yes             ; Megafunction                                 ; c:/intelfpga_lite/23.1std/quartus/libraries/megafunctions/declut.inc                                   ;             ;
; lpm_compare.inc                                                    ; yes             ; Megafunction                                 ; c:/intelfpga_lite/23.1std/quartus/libraries/megafunctions/lpm_compare.inc                              ;             ;
; db/decode_vnf.tdf                                                  ; yes             ; Auto-Generated Megafunction                  ; D:/ECE_287/Final_Project/Black_Jack/db/decode_vnf.tdf                                                  ;             ;
; lpm_counter.tdf                                                    ; yes             ; Megafunction                                 ; c:/intelfpga_lite/23.1std/quartus/libraries/megafunctions/lpm_counter.tdf                              ;             ;
; lpm_add_sub.inc                                                    ; yes             ; Megafunction                                 ; c:/intelfpga_lite/23.1std/quartus/libraries/megafunctions/lpm_add_sub.inc                              ;             ;
; cmpconst.inc                                                       ; yes             ; Megafunction                                 ; c:/intelfpga_lite/23.1std/quartus/libraries/megafunctions/cmpconst.inc                                 ;             ;
; lpm_counter.inc                                                    ; yes             ; Megafunction                                 ; c:/intelfpga_lite/23.1std/quartus/libraries/megafunctions/lpm_counter.inc                              ;             ;
; alt_counter_stratix.inc                                            ; yes             ; Megafunction                                 ; c:/intelfpga_lite/23.1std/quartus/libraries/megafunctions/alt_counter_stratix.inc                      ;             ;
; db/cntr_89i.tdf                                                    ; yes             ; Auto-Generated Megafunction                  ; D:/ECE_287/Final_Project/Black_Jack/db/cntr_89i.tdf                                                    ;             ;
; db/cmpr_e9c.tdf                                                    ; yes             ; Auto-Generated Megafunction                  ; D:/ECE_287/Final_Project/Black_Jack/db/cmpr_e9c.tdf                                                    ;             ;
; db/cntr_a2j.tdf                                                    ; yes             ; Auto-Generated Megafunction                  ; D:/ECE_287/Final_Project/Black_Jack/db/cntr_a2j.tdf                                                    ;             ;
; db/cntr_69i.tdf                                                    ; yes             ; Auto-Generated Megafunction                  ; D:/ECE_287/Final_Project/Black_Jack/db/cntr_69i.tdf                                                    ;             ;
; db/cmpr_d9c.tdf                                                    ; yes             ; Auto-Generated Megafunction                  ; D:/ECE_287/Final_Project/Black_Jack/db/cmpr_d9c.tdf                                                    ;             ;
; db/cntr_kri.tdf                                                    ; yes             ; Auto-Generated Megafunction                  ; D:/ECE_287/Final_Project/Black_Jack/db/cntr_kri.tdf                                                    ;             ;
; db/cmpr_99c.tdf                                                    ; yes             ; Auto-Generated Megafunction                  ; D:/ECE_287/Final_Project/Black_Jack/db/cmpr_99c.tdf                                                    ;             ;
; sld_rom_sr.vhd                                                     ; yes             ; Encrypted Megafunction                       ; c:/intelfpga_lite/23.1std/quartus/libraries/megafunctions/sld_rom_sr.vhd                               ;             ;
; sld_jtag_endpoint_adapter.vhd                                      ; yes             ; Encrypted Megafunction                       ; c:/intelfpga_lite/23.1std/quartus/libraries/megafunctions/sld_jtag_endpoint_adapter.vhd                ;             ;
; sld_jtag_endpoint_adapter_impl.sv                                  ; yes             ; Encrypted Megafunction                       ; c:/intelfpga_lite/23.1std/quartus/libraries/megafunctions/sld_jtag_endpoint_adapter_impl.sv            ;             ;
; sld_hub.vhd                                                        ; yes             ; Encrypted Megafunction                       ; c:/intelfpga_lite/23.1std/quartus/libraries/megafunctions/sld_hub.vhd                                  ; altera_sld  ;
; db/ip/sldd4feb88e/alt_sld_fab.v                                    ; yes             ; Encrypted Auto-Found Verilog HDL File        ; D:/ECE_287/Final_Project/Black_Jack/db/ip/sldd4feb88e/alt_sld_fab.v                                    ; alt_sld_fab ;
; db/ip/sldd4feb88e/submodules/alt_sld_fab_alt_sld_fab.v             ; yes             ; Encrypted Auto-Found Verilog HDL File        ; D:/ECE_287/Final_Project/Black_Jack/db/ip/sldd4feb88e/submodules/alt_sld_fab_alt_sld_fab.v             ; alt_sld_fab ;
; db/ip/sldd4feb88e/submodules/alt_sld_fab_alt_sld_fab_ident.sv      ; yes             ; Auto-Found SystemVerilog HDL File            ; D:/ECE_287/Final_Project/Black_Jack/db/ip/sldd4feb88e/submodules/alt_sld_fab_alt_sld_fab_ident.sv      ; alt_sld_fab ;
; db/ip/sldd4feb88e/submodules/alt_sld_fab_alt_sld_fab_presplit.sv   ; yes             ; Encrypted Auto-Found SystemVerilog HDL File  ; D:/ECE_287/Final_Project/Black_Jack/db/ip/sldd4feb88e/submodules/alt_sld_fab_alt_sld_fab_presplit.sv   ; alt_sld_fab ;
; db/ip/sldd4feb88e/submodules/alt_sld_fab_alt_sld_fab_sldfabric.vhd ; yes             ; Encrypted Auto-Found VHDL File               ; D:/ECE_287/Final_Project/Black_Jack/db/ip/sldd4feb88e/submodules/alt_sld_fab_alt_sld_fab_sldfabric.vhd ; alt_sld_fab ;
; db/ip/sldd4feb88e/submodules/alt_sld_fab_alt_sld_fab_splitter.sv   ; yes             ; Encrypted Auto-Found SystemVerilog HDL File  ; D:/ECE_287/Final_Project/Black_Jack/db/ip/sldd4feb88e/submodules/alt_sld_fab_alt_sld_fab_splitter.sv   ; alt_sld_fab ;
; sld_jtag_hub.vhd                                                   ; yes             ; Encrypted Megafunction                       ; c:/intelfpga_lite/23.1std/quartus/libraries/megafunctions/sld_jtag_hub.vhd                             ;             ;
; lpm_divide.tdf                                                     ; yes             ; Megafunction                                 ; c:/intelfpga_lite/23.1std/quartus/libraries/megafunctions/lpm_divide.tdf                               ;             ;
; abs_divider.inc                                                    ; yes             ; Megafunction                                 ; c:/intelfpga_lite/23.1std/quartus/libraries/megafunctions/abs_divider.inc                              ;             ;
; sign_div_unsign.inc                                                ; yes             ; Megafunction                                 ; c:/intelfpga_lite/23.1std/quartus/libraries/megafunctions/sign_div_unsign.inc                          ;             ;
; db/lpm_divide_42m.tdf                                              ; yes             ; Auto-Generated Megafunction                  ; D:/ECE_287/Final_Project/Black_Jack/db/lpm_divide_42m.tdf                                              ;             ;
; db/sign_div_unsign_7kh.tdf                                         ; yes             ; Auto-Generated Megafunction                  ; D:/ECE_287/Final_Project/Black_Jack/db/sign_div_unsign_7kh.tdf                                         ;             ;
; db/alt_u_div_kse.tdf                                               ; yes             ; Auto-Generated Megafunction                  ; D:/ECE_287/Final_Project/Black_Jack/db/alt_u_div_kse.tdf                                               ;             ;
; db/lpm_divide_52m.tdf                                              ; yes             ; Auto-Generated Megafunction                  ; D:/ECE_287/Final_Project/Black_Jack/db/lpm_divide_52m.tdf                                              ;             ;
; db/sign_div_unsign_8kh.tdf                                         ; yes             ; Auto-Generated Megafunction                  ; D:/ECE_287/Final_Project/Black_Jack/db/sign_div_unsign_8kh.tdf                                         ;             ;
; db/alt_u_div_mse.tdf                                               ; yes             ; Auto-Generated Megafunction                  ; D:/ECE_287/Final_Project/Black_Jack/db/alt_u_div_mse.tdf                                               ;             ;
; db/lpm_divide_62m.tdf                                              ; yes             ; Auto-Generated Megafunction                  ; D:/ECE_287/Final_Project/Black_Jack/db/lpm_divide_62m.tdf                                              ;             ;
; db/sign_div_unsign_9kh.tdf                                         ; yes             ; Auto-Generated Megafunction                  ; D:/ECE_287/Final_Project/Black_Jack/db/sign_div_unsign_9kh.tdf                                         ;             ;
; db/alt_u_div_ose.tdf                                               ; yes             ; Auto-Generated Megafunction                  ; D:/ECE_287/Final_Project/Black_Jack/db/alt_u_div_ose.tdf                                               ;             ;
; db/lpm_divide_2am.tdf                                              ; yes             ; Auto-Generated Megafunction                  ; D:/ECE_287/Final_Project/Black_Jack/db/lpm_divide_2am.tdf                                              ;             ;
; db/lpm_divide_1am.tdf                                              ; yes             ; Auto-Generated Megafunction                  ; D:/ECE_287/Final_Project/Black_Jack/db/lpm_divide_1am.tdf                                              ;             ;
; db/lpm_divide_3am.tdf                                              ; yes             ; Auto-Generated Megafunction                  ; D:/ECE_287/Final_Project/Black_Jack/db/lpm_divide_3am.tdf                                              ;             ;
; db/lpm_divide_82m.tdf                                              ; yes             ; Auto-Generated Megafunction                  ; D:/ECE_287/Final_Project/Black_Jack/db/lpm_divide_82m.tdf                                              ;             ;
; db/sign_div_unsign_bkh.tdf                                         ; yes             ; Auto-Generated Megafunction                  ; D:/ECE_287/Final_Project/Black_Jack/db/sign_div_unsign_bkh.tdf                                         ;             ;
; db/alt_u_div_sse.tdf                                               ; yes             ; Auto-Generated Megafunction                  ; D:/ECE_287/Final_Project/Black_Jack/db/alt_u_div_sse.tdf                                               ;             ;
+--------------------------------------------------------------------+-----------------+----------------------------------------------+--------------------------------------------------------------------------------------------------------+-------------+


+--------------------------------------------------------------+
; Analysis & Synthesis Resource Usage Summary                  ;
+---------------------------------------------+----------------+
; Resource                                    ; Usage          ;
+---------------------------------------------+----------------+
; Estimate of Logic utilization (ALMs needed) ; 1007           ;
;                                             ;                ;
; Combinational ALUT usage for logic          ; 1529           ;
;     -- 7 input functions                    ; 9              ;
;     -- 6 input functions                    ; 234            ;
;     -- 5 input functions                    ; 200            ;
;     -- 4 input functions                    ; 178            ;
;     -- <=3 input functions                  ; 908            ;
;                                             ;                ;
; Dedicated logic registers                   ; 1130           ;
;                                             ;                ;
; I/O pins                                    ; 96             ;
; Total MLAB memory bits                      ; 0              ;
; Total block memory bits                     ; 2765424        ;
;                                             ;                ;
; Total DSP Blocks                            ; 1              ;
;                                             ;                ;
; Maximum fan-out node                        ; CLOCK_50~input ;
; Maximum fan-out                             ; 1187           ;
; Total fan-out                               ; 16743          ;
; Average fan-out                             ; 5.08           ;
+---------------------------------------------+----------------+


+--------------------------------------------------------------------------------------------------------------------------------------------------------------------------------------------------------------------------------------------------------------------------------------------------------------------------------------------------------------------------------------------------------------------------------------------------------------------------------------------------------------------------------------------------------------------------------------------------------------------------------------------------------------+
; Analysis & Synthesis Resource Utilization by Entity                                                                                                                                                                                                                                                                                                                                                                                                                                                                                                                                                                                                          ;
+-----------------------------------------------------------------------------------------------------------------------------------------+---------------------+---------------------------+-------------------+------------+------+--------------+--------------------------------------------------------------------------------------------------------------------------------------------------------------------------------------------------------------------------------------------------------------------------------------------------------------------------------------------------------+-----------------------------------+--------------+
; Compilation Hierarchy Node                                                                                                              ; Combinational ALUTs ; Dedicated Logic Registers ; Block Memory Bits ; DSP Blocks ; Pins ; Virtual Pins ; Full Hierarchy Name                                                                                                                                                                                                                                                                                                                                    ; Entity Name                       ; Library Name ;
+-----------------------------------------------------------------------------------------------------------------------------------------+---------------------+---------------------------+-------------------+------------+------+--------------+--------------------------------------------------------------------------------------------------------------------------------------------------------------------------------------------------------------------------------------------------------------------------------------------------------------------------------------------------------+-----------------------------------+--------------+
; |black_jack                                                                                                                             ; 1529 (234)          ; 1130 (110)                ; 2765424           ; 1          ; 96   ; 0            ; |black_jack                                                                                                                                                                                                                                                                                                                                            ; black_jack                        ; work         ;
;    |asset_controller:my_asset_controller|                                                                                               ; 235 (235)           ; 75 (75)                   ; 37176             ; 1          ; 0    ; 0            ; |black_jack|asset_controller:my_asset_controller                                                                                                                                                                                                                                                                                                       ; asset_controller                  ; work         ;
;       |playing_card:cards|                                                                                                              ; 0 (0)               ; 0 (0)                     ; 6840              ; 0          ; 0    ; 0            ; |black_jack|asset_controller:my_asset_controller|playing_card:cards                                                                                                                                                                                                                                                                                    ; playing_card                      ; work         ;
;          |altsyncram:altsyncram_component|                                                                                              ; 0 (0)               ; 0 (0)                     ; 6840              ; 0          ; 0    ; 0            ; |black_jack|asset_controller:my_asset_controller|playing_card:cards|altsyncram:altsyncram_component                                                                                                                                                                                                                                                    ; altsyncram                        ; work         ;
;             |altsyncram_qng1:auto_generated|                                                                                            ; 0 (0)               ; 0 (0)                     ; 6840              ; 0          ; 0    ; 0            ; |black_jack|asset_controller:my_asset_controller|playing_card:cards|altsyncram:altsyncram_component|altsyncram_qng1:auto_generated                                                                                                                                                                                                                     ; altsyncram_qng1                   ; work         ;
;       |rank_library:ranks|                                                                                                              ; 0 (0)               ; 0 (0)                     ; 11520             ; 0          ; 0    ; 0            ; |black_jack|asset_controller:my_asset_controller|rank_library:ranks                                                                                                                                                                                                                                                                                    ; rank_library                      ; work         ;
;          |altsyncram:altsyncram_component|                                                                                              ; 0 (0)               ; 0 (0)                     ; 11520             ; 0          ; 0    ; 0            ; |black_jack|asset_controller:my_asset_controller|rank_library:ranks|altsyncram:altsyncram_component                                                                                                                                                                                                                                                    ; altsyncram                        ; work         ;
;             |altsyncram_jqg1:auto_generated|                                                                                            ; 0 (0)               ; 0 (0)                     ; 11520             ; 0          ; 0    ; 0            ; |black_jack|asset_controller:my_asset_controller|rank_library:ranks|altsyncram:altsyncram_component|altsyncram_jqg1:auto_generated                                                                                                                                                                                                                     ; altsyncram_jqg1                   ; work         ;
;       |replace_background:replacement|                                                                                                  ; 0 (0)               ; 0 (0)                     ; 12288             ; 0          ; 0    ; 0            ; |black_jack|asset_controller:my_asset_controller|replace_background:replacement                                                                                                                                                                                                                                                                        ; replace_background                ; work         ;
;          |altsyncram:altsyncram_component|                                                                                              ; 0 (0)               ; 0 (0)                     ; 12288             ; 0          ; 0    ; 0            ; |black_jack|asset_controller:my_asset_controller|replace_background:replacement|altsyncram:altsyncram_component                                                                                                                                                                                                                                        ; altsyncram                        ; work         ;
;             |altsyncram_lbh1:auto_generated|                                                                                            ; 0 (0)               ; 0 (0)                     ; 12288             ; 0          ; 0    ; 0            ; |black_jack|asset_controller:my_asset_controller|replace_background:replacement|altsyncram:altsyncram_component|altsyncram_lbh1:auto_generated                                                                                                                                                                                                         ; altsyncram_lbh1                   ; work         ;
;       |suit_library:suits|                                                                                                              ; 0 (0)               ; 0 (0)                     ; 6528              ; 0          ; 0    ; 0            ; |black_jack|asset_controller:my_asset_controller|suit_library:suits                                                                                                                                                                                                                                                                                    ; suit_library                      ; work         ;
;          |altsyncram:altsyncram_component|                                                                                              ; 0 (0)               ; 0 (0)                     ; 6528              ; 0          ; 0    ; 0            ; |black_jack|asset_controller:my_asset_controller|suit_library:suits|altsyncram:altsyncram_component                                                                                                                                                                                                                                                    ; altsyncram                        ; work         ;
;             |altsyncram_brg1:auto_generated|                                                                                            ; 0 (0)               ; 0 (0)                     ; 6528              ; 0          ; 0    ; 0            ; |black_jack|asset_controller:my_asset_controller|suit_library:suits|altsyncram:altsyncram_component|altsyncram_brg1:auto_generated                                                                                                                                                                                                                     ; altsyncram_brg1                   ; work         ;
;    |deck:memory|                                                                                                                        ; 0 (0)               ; 0 (0)                     ; 312               ; 0          ; 0    ; 0            ; |black_jack|deck:memory                                                                                                                                                                                                                                                                                                                                ; deck                              ; work         ;
;       |altsyncram:altsyncram_component|                                                                                                 ; 0 (0)               ; 0 (0)                     ; 312               ; 0          ; 0    ; 0            ; |black_jack|deck:memory|altsyncram:altsyncram_component                                                                                                                                                                                                                                                                                                ; altsyncram                        ; work         ;
;          |altsyncram_67p1:auto_generated|                                                                                               ; 0 (0)               ; 0 (0)                     ; 312               ; 0          ; 0    ; 0            ; |black_jack|deck:memory|altsyncram:altsyncram_component|altsyncram_67p1:auto_generated                                                                                                                                                                                                                                                                 ; altsyncram_67p1                   ; work         ;
;    |lpm_divide:Div11|                                                                                                                   ; 5 (0)               ; 0 (0)                     ; 0                 ; 0          ; 0    ; 0            ; |black_jack|lpm_divide:Div11                                                                                                                                                                                                                                                                                                                           ; lpm_divide                        ; work         ;
;       |lpm_divide_1am:auto_generated|                                                                                                   ; 5 (0)               ; 0 (0)                     ; 0                 ; 0          ; 0    ; 0            ; |black_jack|lpm_divide:Div11|lpm_divide_1am:auto_generated                                                                                                                                                                                                                                                                                             ; lpm_divide_1am                    ; work         ;
;          |sign_div_unsign_7kh:divider|                                                                                                  ; 5 (0)               ; 0 (0)                     ; 0                 ; 0          ; 0    ; 0            ; |black_jack|lpm_divide:Div11|lpm_divide_1am:auto_generated|sign_div_unsign_7kh:divider                                                                                                                                                                                                                                                                 ; sign_div_unsign_7kh               ; work         ;
;             |alt_u_div_kse:divider|                                                                                                     ; 5 (5)               ; 0 (0)                     ; 0                 ; 0          ; 0    ; 0            ; |black_jack|lpm_divide:Div11|lpm_divide_1am:auto_generated|sign_div_unsign_7kh:divider|alt_u_div_kse:divider                                                                                                                                                                                                                                           ; alt_u_div_kse                     ; work         ;
;    |lpm_divide:Div12|                                                                                                                   ; 5 (0)               ; 0 (0)                     ; 0                 ; 0          ; 0    ; 0            ; |black_jack|lpm_divide:Div12                                                                                                                                                                                                                                                                                                                           ; lpm_divide                        ; work         ;
;       |lpm_divide_1am:auto_generated|                                                                                                   ; 5 (0)               ; 0 (0)                     ; 0                 ; 0          ; 0    ; 0            ; |black_jack|lpm_divide:Div12|lpm_divide_1am:auto_generated                                                                                                                                                                                                                                                                                             ; lpm_divide_1am                    ; work         ;
;          |sign_div_unsign_7kh:divider|                                                                                                  ; 5 (0)               ; 0 (0)                     ; 0                 ; 0          ; 0    ; 0            ; |black_jack|lpm_divide:Div12|lpm_divide_1am:auto_generated|sign_div_unsign_7kh:divider                                                                                                                                                                                                                                                                 ; sign_div_unsign_7kh               ; work         ;
;             |alt_u_div_kse:divider|                                                                                                     ; 5 (5)               ; 0 (0)                     ; 0                 ; 0          ; 0    ; 0            ; |black_jack|lpm_divide:Div12|lpm_divide_1am:auto_generated|sign_div_unsign_7kh:divider|alt_u_div_kse:divider                                                                                                                                                                                                                                           ; alt_u_div_kse                     ; work         ;
;    |lpm_divide:Div13|                                                                                                                   ; 5 (0)               ; 0 (0)                     ; 0                 ; 0          ; 0    ; 0            ; |black_jack|lpm_divide:Div13                                                                                                                                                                                                                                                                                                                           ; lpm_divide                        ; work         ;
;       |lpm_divide_1am:auto_generated|                                                                                                   ; 5 (0)               ; 0 (0)                     ; 0                 ; 0          ; 0    ; 0            ; |black_jack|lpm_divide:Div13|lpm_divide_1am:auto_generated                                                                                                                                                                                                                                                                                             ; lpm_divide_1am                    ; work         ;
;          |sign_div_unsign_7kh:divider|                                                                                                  ; 5 (0)               ; 0 (0)                     ; 0                 ; 0          ; 0    ; 0            ; |black_jack|lpm_divide:Div13|lpm_divide_1am:auto_generated|sign_div_unsign_7kh:divider                                                                                                                                                                                                                                                                 ; sign_div_unsign_7kh               ; work         ;
;             |alt_u_div_kse:divider|                                                                                                     ; 5 (5)               ; 0 (0)                     ; 0                 ; 0          ; 0    ; 0            ; |black_jack|lpm_divide:Div13|lpm_divide_1am:auto_generated|sign_div_unsign_7kh:divider|alt_u_div_kse:divider                                                                                                                                                                                                                                           ; alt_u_div_kse                     ; work         ;
;    |lpm_divide:Div14|                                                                                                                   ; 5 (0)               ; 0 (0)                     ; 0                 ; 0          ; 0    ; 0            ; |black_jack|lpm_divide:Div14                                                                                                                                                                                                                                                                                                                           ; lpm_divide                        ; work         ;
;       |lpm_divide_1am:auto_generated|                                                                                                   ; 5 (0)               ; 0 (0)                     ; 0                 ; 0          ; 0    ; 0            ; |black_jack|lpm_divide:Div14|lpm_divide_1am:auto_generated                                                                                                                                                                                                                                                                                             ; lpm_divide_1am                    ; work         ;
;          |sign_div_unsign_7kh:divider|                                                                                                  ; 5 (0)               ; 0 (0)                     ; 0                 ; 0          ; 0    ; 0            ; |black_jack|lpm_divide:Div14|lpm_divide_1am:auto_generated|sign_div_unsign_7kh:divider                                                                                                                                                                                                                                                                 ; sign_div_unsign_7kh               ; work         ;
;             |alt_u_div_kse:divider|                                                                                                     ; 5 (5)               ; 0 (0)                     ; 0                 ; 0          ; 0    ; 0            ; |black_jack|lpm_divide:Div14|lpm_divide_1am:auto_generated|sign_div_unsign_7kh:divider|alt_u_div_kse:divider                                                                                                                                                                                                                                           ; alt_u_div_kse                     ; work         ;
;    |lpm_divide:Div15|                                                                                                                   ; 5 (0)               ; 0 (0)                     ; 0                 ; 0          ; 0    ; 0            ; |black_jack|lpm_divide:Div15                                                                                                                                                                                                                                                                                                                           ; lpm_divide                        ; work         ;
;       |lpm_divide_1am:auto_generated|                                                                                                   ; 5 (0)               ; 0 (0)                     ; 0                 ; 0          ; 0    ; 0            ; |black_jack|lpm_divide:Div15|lpm_divide_1am:auto_generated                                                                                                                                                                                                                                                                                             ; lpm_divide_1am                    ; work         ;
;          |sign_div_unsign_7kh:divider|                                                                                                  ; 5 (0)               ; 0 (0)                     ; 0                 ; 0          ; 0    ; 0            ; |black_jack|lpm_divide:Div15|lpm_divide_1am:auto_generated|sign_div_unsign_7kh:divider                                                                                                                                                                                                                                                                 ; sign_div_unsign_7kh               ; work         ;
;             |alt_u_div_kse:divider|                                                                                                     ; 5 (5)               ; 0 (0)                     ; 0                 ; 0          ; 0    ; 0            ; |black_jack|lpm_divide:Div15|lpm_divide_1am:auto_generated|sign_div_unsign_7kh:divider|alt_u_div_kse:divider                                                                                                                                                                                                                                           ; alt_u_div_kse                     ; work         ;
;    |lpm_divide:Div1|                                                                                                                    ; 16 (0)              ; 0 (0)                     ; 0                 ; 0          ; 0    ; 0            ; |black_jack|lpm_divide:Div1                                                                                                                                                                                                                                                                                                                            ; lpm_divide                        ; work         ;
;       |lpm_divide_2am:auto_generated|                                                                                                   ; 16 (0)              ; 0 (0)                     ; 0                 ; 0          ; 0    ; 0            ; |black_jack|lpm_divide:Div1|lpm_divide_2am:auto_generated                                                                                                                                                                                                                                                                                              ; lpm_divide_2am                    ; work         ;
;          |sign_div_unsign_8kh:divider|                                                                                                  ; 16 (0)              ; 0 (0)                     ; 0                 ; 0          ; 0    ; 0            ; |black_jack|lpm_divide:Div1|lpm_divide_2am:auto_generated|sign_div_unsign_8kh:divider                                                                                                                                                                                                                                                                  ; sign_div_unsign_8kh               ; work         ;
;             |alt_u_div_mse:divider|                                                                                                     ; 16 (16)             ; 0 (0)                     ; 0                 ; 0          ; 0    ; 0            ; |black_jack|lpm_divide:Div1|lpm_divide_2am:auto_generated|sign_div_unsign_8kh:divider|alt_u_div_mse:divider                                                                                                                                                                                                                                            ; alt_u_div_mse                     ; work         ;
;    |lpm_divide:Div2|                                                                                                                    ; 16 (0)              ; 0 (0)                     ; 0                 ; 0          ; 0    ; 0            ; |black_jack|lpm_divide:Div2                                                                                                                                                                                                                                                                                                                            ; lpm_divide                        ; work         ;
;       |lpm_divide_2am:auto_generated|                                                                                                   ; 16 (0)              ; 0 (0)                     ; 0                 ; 0          ; 0    ; 0            ; |black_jack|lpm_divide:Div2|lpm_divide_2am:auto_generated                                                                                                                                                                                                                                                                                              ; lpm_divide_2am                    ; work         ;
;          |sign_div_unsign_8kh:divider|                                                                                                  ; 16 (0)              ; 0 (0)                     ; 0                 ; 0          ; 0    ; 0            ; |black_jack|lpm_divide:Div2|lpm_divide_2am:auto_generated|sign_div_unsign_8kh:divider                                                                                                                                                                                                                                                                  ; sign_div_unsign_8kh               ; work         ;
;             |alt_u_div_mse:divider|                                                                                                     ; 16 (16)             ; 0 (0)                     ; 0                 ; 0          ; 0    ; 0            ; |black_jack|lpm_divide:Div2|lpm_divide_2am:auto_generated|sign_div_unsign_8kh:divider|alt_u_div_mse:divider                                                                                                                                                                                                                                            ; alt_u_div_mse                     ; work         ;
;    |lpm_divide:Div3|                                                                                                                    ; 5 (0)               ; 0 (0)                     ; 0                 ; 0          ; 0    ; 0            ; |black_jack|lpm_divide:Div3                                                                                                                                                                                                                                                                                                                            ; lpm_divide                        ; work         ;
;       |lpm_divide_1am:auto_generated|                                                                                                   ; 5 (0)               ; 0 (0)                     ; 0                 ; 0          ; 0    ; 0            ; |black_jack|lpm_divide:Div3|lpm_divide_1am:auto_generated                                                                                                                                                                                                                                                                                              ; lpm_divide_1am                    ; work         ;
;          |sign_div_unsign_7kh:divider|                                                                                                  ; 5 (0)               ; 0 (0)                     ; 0                 ; 0          ; 0    ; 0            ; |black_jack|lpm_divide:Div3|lpm_divide_1am:auto_generated|sign_div_unsign_7kh:divider                                                                                                                                                                                                                                                                  ; sign_div_unsign_7kh               ; work         ;
;             |alt_u_div_kse:divider|                                                                                                     ; 5 (5)               ; 0 (0)                     ; 0                 ; 0          ; 0    ; 0            ; |black_jack|lpm_divide:Div3|lpm_divide_1am:auto_generated|sign_div_unsign_7kh:divider|alt_u_div_kse:divider                                                                                                                                                                                                                                            ; alt_u_div_kse                     ; work         ;
;    |lpm_divide:Div4|                                                                                                                    ; 5 (0)               ; 0 (0)                     ; 0                 ; 0          ; 0    ; 0            ; |black_jack|lpm_divide:Div4                                                                                                                                                                                                                                                                                                                            ; lpm_divide                        ; work         ;
;       |lpm_divide_1am:auto_generated|                                                                                                   ; 5 (0)               ; 0 (0)                     ; 0                 ; 0          ; 0    ; 0            ; |black_jack|lpm_divide:Div4|lpm_divide_1am:auto_generated                                                                                                                                                                                                                                                                                              ; lpm_divide_1am                    ; work         ;
;          |sign_div_unsign_7kh:divider|                                                                                                  ; 5 (0)               ; 0 (0)                     ; 0                 ; 0          ; 0    ; 0            ; |black_jack|lpm_divide:Div4|lpm_divide_1am:auto_generated|sign_div_unsign_7kh:divider                                                                                                                                                                                                                                                                  ; sign_div_unsign_7kh               ; work         ;
;             |alt_u_div_kse:divider|                                                                                                     ; 5 (5)               ; 0 (0)                     ; 0                 ; 0          ; 0    ; 0            ; |black_jack|lpm_divide:Div4|lpm_divide_1am:auto_generated|sign_div_unsign_7kh:divider|alt_u_div_kse:divider                                                                                                                                                                                                                                            ; alt_u_div_kse                     ; work         ;
;    |lpm_divide:Div5|                                                                                                                    ; 5 (0)               ; 0 (0)                     ; 0                 ; 0          ; 0    ; 0            ; |black_jack|lpm_divide:Div5                                                                                                                                                                                                                                                                                                                            ; lpm_divide                        ; work         ;
;       |lpm_divide_1am:auto_generated|                                                                                                   ; 5 (0)               ; 0 (0)                     ; 0                 ; 0          ; 0    ; 0            ; |black_jack|lpm_divide:Div5|lpm_divide_1am:auto_generated                                                                                                                                                                                                                                                                                              ; lpm_divide_1am                    ; work         ;
;          |sign_div_unsign_7kh:divider|                                                                                                  ; 5 (0)               ; 0 (0)                     ; 0                 ; 0          ; 0    ; 0            ; |black_jack|lpm_divide:Div5|lpm_divide_1am:auto_generated|sign_div_unsign_7kh:divider                                                                                                                                                                                                                                                                  ; sign_div_unsign_7kh               ; work         ;
;             |alt_u_div_kse:divider|                                                                                                     ; 5 (5)               ; 0 (0)                     ; 0                 ; 0          ; 0    ; 0            ; |black_jack|lpm_divide:Div5|lpm_divide_1am:auto_generated|sign_div_unsign_7kh:divider|alt_u_div_kse:divider                                                                                                                                                                                                                                            ; alt_u_div_kse                     ; work         ;
;    |lpm_divide:Div6|                                                                                                                    ; 5 (0)               ; 0 (0)                     ; 0                 ; 0          ; 0    ; 0            ; |black_jack|lpm_divide:Div6                                                                                                                                                                                                                                                                                                                            ; lpm_divide                        ; work         ;
;       |lpm_divide_1am:auto_generated|                                                                                                   ; 5 (0)               ; 0 (0)                     ; 0                 ; 0          ; 0    ; 0            ; |black_jack|lpm_divide:Div6|lpm_divide_1am:auto_generated                                                                                                                                                                                                                                                                                              ; lpm_divide_1am                    ; work         ;
;          |sign_div_unsign_7kh:divider|                                                                                                  ; 5 (0)               ; 0 (0)                     ; 0                 ; 0          ; 0    ; 0            ; |black_jack|lpm_divide:Div6|lpm_divide_1am:auto_generated|sign_div_unsign_7kh:divider                                                                                                                                                                                                                                                                  ; sign_div_unsign_7kh               ; work         ;
;             |alt_u_div_kse:divider|                                                                                                     ; 5 (5)               ; 0 (0)                     ; 0                 ; 0          ; 0    ; 0            ; |black_jack|lpm_divide:Div6|lpm_divide_1am:auto_generated|sign_div_unsign_7kh:divider|alt_u_div_kse:divider                                                                                                                                                                                                                                            ; alt_u_div_kse                     ; work         ;
;    |lpm_divide:Div7|                                                                                                                    ; 5 (0)               ; 0 (0)                     ; 0                 ; 0          ; 0    ; 0            ; |black_jack|lpm_divide:Div7                                                                                                                                                                                                                                                                                                                            ; lpm_divide                        ; work         ;
;       |lpm_divide_1am:auto_generated|                                                                                                   ; 5 (0)               ; 0 (0)                     ; 0                 ; 0          ; 0    ; 0            ; |black_jack|lpm_divide:Div7|lpm_divide_1am:auto_generated                                                                                                                                                                                                                                                                                              ; lpm_divide_1am                    ; work         ;
;          |sign_div_unsign_7kh:divider|                                                                                                  ; 5 (0)               ; 0 (0)                     ; 0                 ; 0          ; 0    ; 0            ; |black_jack|lpm_divide:Div7|lpm_divide_1am:auto_generated|sign_div_unsign_7kh:divider                                                                                                                                                                                                                                                                  ; sign_div_unsign_7kh               ; work         ;
;             |alt_u_div_kse:divider|                                                                                                     ; 5 (5)               ; 0 (0)                     ; 0                 ; 0          ; 0    ; 0            ; |black_jack|lpm_divide:Div7|lpm_divide_1am:auto_generated|sign_div_unsign_7kh:divider|alt_u_div_kse:divider                                                                                                                                                                                                                                            ; alt_u_div_kse                     ; work         ;
;    |lpm_divide:Div8|                                                                                                                    ; 27 (0)              ; 0 (0)                     ; 0                 ; 0          ; 0    ; 0            ; |black_jack|lpm_divide:Div8                                                                                                                                                                                                                                                                                                                            ; lpm_divide                        ; work         ;
;       |lpm_divide_3am:auto_generated|                                                                                                   ; 27 (0)              ; 0 (0)                     ; 0                 ; 0          ; 0    ; 0            ; |black_jack|lpm_divide:Div8|lpm_divide_3am:auto_generated                                                                                                                                                                                                                                                                                              ; lpm_divide_3am                    ; work         ;
;          |sign_div_unsign_9kh:divider|                                                                                                  ; 27 (0)              ; 0 (0)                     ; 0                 ; 0          ; 0    ; 0            ; |black_jack|lpm_divide:Div8|lpm_divide_3am:auto_generated|sign_div_unsign_9kh:divider                                                                                                                                                                                                                                                                  ; sign_div_unsign_9kh               ; work         ;
;             |alt_u_div_ose:divider|                                                                                                     ; 27 (27)             ; 0 (0)                     ; 0                 ; 0          ; 0    ; 0            ; |black_jack|lpm_divide:Div8|lpm_divide_3am:auto_generated|sign_div_unsign_9kh:divider|alt_u_div_ose:divider                                                                                                                                                                                                                                            ; alt_u_div_ose                     ; work         ;
;    |lpm_divide:Mod0|                                                                                                                    ; 9 (0)               ; 0 (0)                     ; 0                 ; 0          ; 0    ; 0            ; |black_jack|lpm_divide:Mod0                                                                                                                                                                                                                                                                                                                            ; lpm_divide                        ; work         ;
;       |lpm_divide_42m:auto_generated|                                                                                                   ; 9 (0)               ; 0 (0)                     ; 0                 ; 0          ; 0    ; 0            ; |black_jack|lpm_divide:Mod0|lpm_divide_42m:auto_generated                                                                                                                                                                                                                                                                                              ; lpm_divide_42m                    ; work         ;
;          |sign_div_unsign_7kh:divider|                                                                                                  ; 9 (0)               ; 0 (0)                     ; 0                 ; 0          ; 0    ; 0            ; |black_jack|lpm_divide:Mod0|lpm_divide_42m:auto_generated|sign_div_unsign_7kh:divider                                                                                                                                                                                                                                                                  ; sign_div_unsign_7kh               ; work         ;
;             |alt_u_div_kse:divider|                                                                                                     ; 9 (9)               ; 0 (0)                     ; 0                 ; 0          ; 0    ; 0            ; |black_jack|lpm_divide:Mod0|lpm_divide_42m:auto_generated|sign_div_unsign_7kh:divider|alt_u_div_kse:divider                                                                                                                                                                                                                                            ; alt_u_div_kse                     ; work         ;
;    |lpm_divide:Mod11|                                                                                                                   ; 9 (0)               ; 0 (0)                     ; 0                 ; 0          ; 0    ; 0            ; |black_jack|lpm_divide:Mod11                                                                                                                                                                                                                                                                                                                           ; lpm_divide                        ; work         ;
;       |lpm_divide_42m:auto_generated|                                                                                                   ; 9 (0)               ; 0 (0)                     ; 0                 ; 0          ; 0    ; 0            ; |black_jack|lpm_divide:Mod11|lpm_divide_42m:auto_generated                                                                                                                                                                                                                                                                                             ; lpm_divide_42m                    ; work         ;
;          |sign_div_unsign_7kh:divider|                                                                                                  ; 9 (0)               ; 0 (0)                     ; 0                 ; 0          ; 0    ; 0            ; |black_jack|lpm_divide:Mod11|lpm_divide_42m:auto_generated|sign_div_unsign_7kh:divider                                                                                                                                                                                                                                                                 ; sign_div_unsign_7kh               ; work         ;
;             |alt_u_div_kse:divider|                                                                                                     ; 9 (9)               ; 0 (0)                     ; 0                 ; 0          ; 0    ; 0            ; |black_jack|lpm_divide:Mod11|lpm_divide_42m:auto_generated|sign_div_unsign_7kh:divider|alt_u_div_kse:divider                                                                                                                                                                                                                                           ; alt_u_div_kse                     ; work         ;
;    |lpm_divide:Mod12|                                                                                                                   ; 9 (0)               ; 0 (0)                     ; 0                 ; 0          ; 0    ; 0            ; |black_jack|lpm_divide:Mod12                                                                                                                                                                                                                                                                                                                           ; lpm_divide                        ; work         ;
;       |lpm_divide_42m:auto_generated|                                                                                                   ; 9 (0)               ; 0 (0)                     ; 0                 ; 0          ; 0    ; 0            ; |black_jack|lpm_divide:Mod12|lpm_divide_42m:auto_generated                                                                                                                                                                                                                                                                                             ; lpm_divide_42m                    ; work         ;
;          |sign_div_unsign_7kh:divider|                                                                                                  ; 9 (0)               ; 0 (0)                     ; 0                 ; 0          ; 0    ; 0            ; |black_jack|lpm_divide:Mod12|lpm_divide_42m:auto_generated|sign_div_unsign_7kh:divider                                                                                                                                                                                                                                                                 ; sign_div_unsign_7kh               ; work         ;
;             |alt_u_div_kse:divider|                                                                                                     ; 9 (9)               ; 0 (0)                     ; 0                 ; 0          ; 0    ; 0            ; |black_jack|lpm_divide:Mod12|lpm_divide_42m:auto_generated|sign_div_unsign_7kh:divider|alt_u_div_kse:divider                                                                                                                                                                                                                                           ; alt_u_div_kse                     ; work         ;
;    |lpm_divide:Mod13|                                                                                                                   ; 9 (0)               ; 0 (0)                     ; 0                 ; 0          ; 0    ; 0            ; |black_jack|lpm_divide:Mod13                                                                                                                                                                                                                                                                                                                           ; lpm_divide                        ; work         ;
;       |lpm_divide_42m:auto_generated|                                                                                                   ; 9 (0)               ; 0 (0)                     ; 0                 ; 0          ; 0    ; 0            ; |black_jack|lpm_divide:Mod13|lpm_divide_42m:auto_generated                                                                                                                                                                                                                                                                                             ; lpm_divide_42m                    ; work         ;
;          |sign_div_unsign_7kh:divider|                                                                                                  ; 9 (0)               ; 0 (0)                     ; 0                 ; 0          ; 0    ; 0            ; |black_jack|lpm_divide:Mod13|lpm_divide_42m:auto_generated|sign_div_unsign_7kh:divider                                                                                                                                                                                                                                                                 ; sign_div_unsign_7kh               ; work         ;
;             |alt_u_div_kse:divider|                                                                                                     ; 9 (9)               ; 0 (0)                     ; 0                 ; 0          ; 0    ; 0            ; |black_jack|lpm_divide:Mod13|lpm_divide_42m:auto_generated|sign_div_unsign_7kh:divider|alt_u_div_kse:divider                                                                                                                                                                                                                                           ; alt_u_div_kse                     ; work         ;
;    |lpm_divide:Mod14|                                                                                                                   ; 9 (0)               ; 0 (0)                     ; 0                 ; 0          ; 0    ; 0            ; |black_jack|lpm_divide:Mod14                                                                                                                                                                                                                                                                                                                           ; lpm_divide                        ; work         ;
;       |lpm_divide_42m:auto_generated|                                                                                                   ; 9 (0)               ; 0 (0)                     ; 0                 ; 0          ; 0    ; 0            ; |black_jack|lpm_divide:Mod14|lpm_divide_42m:auto_generated                                                                                                                                                                                                                                                                                             ; lpm_divide_42m                    ; work         ;
;          |sign_div_unsign_7kh:divider|                                                                                                  ; 9 (0)               ; 0 (0)                     ; 0                 ; 0          ; 0    ; 0            ; |black_jack|lpm_divide:Mod14|lpm_divide_42m:auto_generated|sign_div_unsign_7kh:divider                                                                                                                                                                                                                                                                 ; sign_div_unsign_7kh               ; work         ;
;             |alt_u_div_kse:divider|                                                                                                     ; 9 (9)               ; 0 (0)                     ; 0                 ; 0          ; 0    ; 0            ; |black_jack|lpm_divide:Mod14|lpm_divide_42m:auto_generated|sign_div_unsign_7kh:divider|alt_u_div_kse:divider                                                                                                                                                                                                                                           ; alt_u_div_kse                     ; work         ;
;    |lpm_divide:Mod15|                                                                                                                   ; 9 (0)               ; 0 (0)                     ; 0                 ; 0          ; 0    ; 0            ; |black_jack|lpm_divide:Mod15                                                                                                                                                                                                                                                                                                                           ; lpm_divide                        ; work         ;
;       |lpm_divide_42m:auto_generated|                                                                                                   ; 9 (0)               ; 0 (0)                     ; 0                 ; 0          ; 0    ; 0            ; |black_jack|lpm_divide:Mod15|lpm_divide_42m:auto_generated                                                                                                                                                                                                                                                                                             ; lpm_divide_42m                    ; work         ;
;          |sign_div_unsign_7kh:divider|                                                                                                  ; 9 (0)               ; 0 (0)                     ; 0                 ; 0          ; 0    ; 0            ; |black_jack|lpm_divide:Mod15|lpm_divide_42m:auto_generated|sign_div_unsign_7kh:divider                                                                                                                                                                                                                                                                 ; sign_div_unsign_7kh               ; work         ;
;             |alt_u_div_kse:divider|                                                                                                     ; 9 (9)               ; 0 (0)                     ; 0                 ; 0          ; 0    ; 0            ; |black_jack|lpm_divide:Mod15|lpm_divide_42m:auto_generated|sign_div_unsign_7kh:divider|alt_u_div_kse:divider                                                                                                                                                                                                                                           ; alt_u_div_kse                     ; work         ;
;    |lpm_divide:Mod1|                                                                                                                    ; 20 (0)              ; 0 (0)                     ; 0                 ; 0          ; 0    ; 0            ; |black_jack|lpm_divide:Mod1                                                                                                                                                                                                                                                                                                                            ; lpm_divide                        ; work         ;
;       |lpm_divide_52m:auto_generated|                                                                                                   ; 20 (0)              ; 0 (0)                     ; 0                 ; 0          ; 0    ; 0            ; |black_jack|lpm_divide:Mod1|lpm_divide_52m:auto_generated                                                                                                                                                                                                                                                                                              ; lpm_divide_52m                    ; work         ;
;          |sign_div_unsign_8kh:divider|                                                                                                  ; 20 (0)              ; 0 (0)                     ; 0                 ; 0          ; 0    ; 0            ; |black_jack|lpm_divide:Mod1|lpm_divide_52m:auto_generated|sign_div_unsign_8kh:divider                                                                                                                                                                                                                                                                  ; sign_div_unsign_8kh               ; work         ;
;             |alt_u_div_mse:divider|                                                                                                     ; 20 (20)             ; 0 (0)                     ; 0                 ; 0          ; 0    ; 0            ; |black_jack|lpm_divide:Mod1|lpm_divide_52m:auto_generated|sign_div_unsign_8kh:divider|alt_u_div_mse:divider                                                                                                                                                                                                                                            ; alt_u_div_mse                     ; work         ;
;    |lpm_divide:Mod2|                                                                                                                    ; 20 (0)              ; 0 (0)                     ; 0                 ; 0          ; 0    ; 0            ; |black_jack|lpm_divide:Mod2                                                                                                                                                                                                                                                                                                                            ; lpm_divide                        ; work         ;
;       |lpm_divide_52m:auto_generated|                                                                                                   ; 20 (0)              ; 0 (0)                     ; 0                 ; 0          ; 0    ; 0            ; |black_jack|lpm_divide:Mod2|lpm_divide_52m:auto_generated                                                                                                                                                                                                                                                                                              ; lpm_divide_52m                    ; work         ;
;          |sign_div_unsign_8kh:divider|                                                                                                  ; 20 (0)              ; 0 (0)                     ; 0                 ; 0          ; 0    ; 0            ; |black_jack|lpm_divide:Mod2|lpm_divide_52m:auto_generated|sign_div_unsign_8kh:divider                                                                                                                                                                                                                                                                  ; sign_div_unsign_8kh               ; work         ;
;             |alt_u_div_mse:divider|                                                                                                     ; 20 (20)             ; 0 (0)                     ; 0                 ; 0          ; 0    ; 0            ; |black_jack|lpm_divide:Mod2|lpm_divide_52m:auto_generated|sign_div_unsign_8kh:divider|alt_u_div_mse:divider                                                                                                                                                                                                                                            ; alt_u_div_mse                     ; work         ;
;    |lpm_divide:Mod3|                                                                                                                    ; 9 (0)               ; 0 (0)                     ; 0                 ; 0          ; 0    ; 0            ; |black_jack|lpm_divide:Mod3                                                                                                                                                                                                                                                                                                                            ; lpm_divide                        ; work         ;
;       |lpm_divide_42m:auto_generated|                                                                                                   ; 9 (0)               ; 0 (0)                     ; 0                 ; 0          ; 0    ; 0            ; |black_jack|lpm_divide:Mod3|lpm_divide_42m:auto_generated                                                                                                                                                                                                                                                                                              ; lpm_divide_42m                    ; work         ;
;          |sign_div_unsign_7kh:divider|                                                                                                  ; 9 (0)               ; 0 (0)                     ; 0                 ; 0          ; 0    ; 0            ; |black_jack|lpm_divide:Mod3|lpm_divide_42m:auto_generated|sign_div_unsign_7kh:divider                                                                                                                                                                                                                                                                  ; sign_div_unsign_7kh               ; work         ;
;             |alt_u_div_kse:divider|                                                                                                     ; 9 (9)               ; 0 (0)                     ; 0                 ; 0          ; 0    ; 0            ; |black_jack|lpm_divide:Mod3|lpm_divide_42m:auto_generated|sign_div_unsign_7kh:divider|alt_u_div_kse:divider                                                                                                                                                                                                                                            ; alt_u_div_kse                     ; work         ;
;    |lpm_divide:Mod4|                                                                                                                    ; 9 (0)               ; 0 (0)                     ; 0                 ; 0          ; 0    ; 0            ; |black_jack|lpm_divide:Mod4                                                                                                                                                                                                                                                                                                                            ; lpm_divide                        ; work         ;
;       |lpm_divide_42m:auto_generated|                                                                                                   ; 9 (0)               ; 0 (0)                     ; 0                 ; 0          ; 0    ; 0            ; |black_jack|lpm_divide:Mod4|lpm_divide_42m:auto_generated                                                                                                                                                                                                                                                                                              ; lpm_divide_42m                    ; work         ;
;          |sign_div_unsign_7kh:divider|                                                                                                  ; 9 (0)               ; 0 (0)                     ; 0                 ; 0          ; 0    ; 0            ; |black_jack|lpm_divide:Mod4|lpm_divide_42m:auto_generated|sign_div_unsign_7kh:divider                                                                                                                                                                                                                                                                  ; sign_div_unsign_7kh               ; work         ;
;             |alt_u_div_kse:divider|                                                                                                     ; 9 (9)               ; 0 (0)                     ; 0                 ; 0          ; 0    ; 0            ; |black_jack|lpm_divide:Mod4|lpm_divide_42m:auto_generated|sign_div_unsign_7kh:divider|alt_u_div_kse:divider                                                                                                                                                                                                                                            ; alt_u_div_kse                     ; work         ;
;    |lpm_divide:Mod5|                                                                                                                    ; 9 (0)               ; 0 (0)                     ; 0                 ; 0          ; 0    ; 0            ; |black_jack|lpm_divide:Mod5                                                                                                                                                                                                                                                                                                                            ; lpm_divide                        ; work         ;
;       |lpm_divide_42m:auto_generated|                                                                                                   ; 9 (0)               ; 0 (0)                     ; 0                 ; 0          ; 0    ; 0            ; |black_jack|lpm_divide:Mod5|lpm_divide_42m:auto_generated                                                                                                                                                                                                                                                                                              ; lpm_divide_42m                    ; work         ;
;          |sign_div_unsign_7kh:divider|                                                                                                  ; 9 (0)               ; 0 (0)                     ; 0                 ; 0          ; 0    ; 0            ; |black_jack|lpm_divide:Mod5|lpm_divide_42m:auto_generated|sign_div_unsign_7kh:divider                                                                                                                                                                                                                                                                  ; sign_div_unsign_7kh               ; work         ;
;             |alt_u_div_kse:divider|                                                                                                     ; 9 (9)               ; 0 (0)                     ; 0                 ; 0          ; 0    ; 0            ; |black_jack|lpm_divide:Mod5|lpm_divide_42m:auto_generated|sign_div_unsign_7kh:divider|alt_u_div_kse:divider                                                                                                                                                                                                                                            ; alt_u_div_kse                     ; work         ;
;    |lpm_divide:Mod6|                                                                                                                    ; 9 (0)               ; 0 (0)                     ; 0                 ; 0          ; 0    ; 0            ; |black_jack|lpm_divide:Mod6                                                                                                                                                                                                                                                                                                                            ; lpm_divide                        ; work         ;
;       |lpm_divide_42m:auto_generated|                                                                                                   ; 9 (0)               ; 0 (0)                     ; 0                 ; 0          ; 0    ; 0            ; |black_jack|lpm_divide:Mod6|lpm_divide_42m:auto_generated                                                                                                                                                                                                                                                                                              ; lpm_divide_42m                    ; work         ;
;          |sign_div_unsign_7kh:divider|                                                                                                  ; 9 (0)               ; 0 (0)                     ; 0                 ; 0          ; 0    ; 0            ; |black_jack|lpm_divide:Mod6|lpm_divide_42m:auto_generated|sign_div_unsign_7kh:divider                                                                                                                                                                                                                                                                  ; sign_div_unsign_7kh               ; work         ;
;             |alt_u_div_kse:divider|                                                                                                     ; 9 (9)               ; 0 (0)                     ; 0                 ; 0          ; 0    ; 0            ; |black_jack|lpm_divide:Mod6|lpm_divide_42m:auto_generated|sign_div_unsign_7kh:divider|alt_u_div_kse:divider                                                                                                                                                                                                                                            ; alt_u_div_kse                     ; work         ;
;    |lpm_divide:Mod7|                                                                                                                    ; 9 (0)               ; 0 (0)                     ; 0                 ; 0          ; 0    ; 0            ; |black_jack|lpm_divide:Mod7                                                                                                                                                                                                                                                                                                                            ; lpm_divide                        ; work         ;
;       |lpm_divide_42m:auto_generated|                                                                                                   ; 9 (0)               ; 0 (0)                     ; 0                 ; 0          ; 0    ; 0            ; |black_jack|lpm_divide:Mod7|lpm_divide_42m:auto_generated                                                                                                                                                                                                                                                                                              ; lpm_divide_42m                    ; work         ;
;          |sign_div_unsign_7kh:divider|                                                                                                  ; 9 (0)               ; 0 (0)                     ; 0                 ; 0          ; 0    ; 0            ; |black_jack|lpm_divide:Mod7|lpm_divide_42m:auto_generated|sign_div_unsign_7kh:divider                                                                                                                                                                                                                                                                  ; sign_div_unsign_7kh               ; work         ;
;             |alt_u_div_kse:divider|                                                                                                     ; 9 (9)               ; 0 (0)                     ; 0                 ; 0          ; 0    ; 0            ; |black_jack|lpm_divide:Mod7|lpm_divide_42m:auto_generated|sign_div_unsign_7kh:divider|alt_u_div_kse:divider                                                                                                                                                                                                                                            ; alt_u_div_kse                     ; work         ;
;    |lpm_divide:Mod8|                                                                                                                    ; 31 (0)              ; 0 (0)                     ; 0                 ; 0          ; 0    ; 0            ; |black_jack|lpm_divide:Mod8                                                                                                                                                                                                                                                                                                                            ; lpm_divide                        ; work         ;
;       |lpm_divide_62m:auto_generated|                                                                                                   ; 31 (0)              ; 0 (0)                     ; 0                 ; 0          ; 0    ; 0            ; |black_jack|lpm_divide:Mod8|lpm_divide_62m:auto_generated                                                                                                                                                                                                                                                                                              ; lpm_divide_62m                    ; work         ;
;          |sign_div_unsign_9kh:divider|                                                                                                  ; 31 (0)              ; 0 (0)                     ; 0                 ; 0          ; 0    ; 0            ; |black_jack|lpm_divide:Mod8|lpm_divide_62m:auto_generated|sign_div_unsign_9kh:divider                                                                                                                                                                                                                                                                  ; sign_div_unsign_9kh               ; work         ;
;             |alt_u_div_ose:divider|                                                                                                     ; 31 (31)             ; 0 (0)                     ; 0                 ; 0          ; 0    ; 0            ; |black_jack|lpm_divide:Mod8|lpm_divide_62m:auto_generated|sign_div_unsign_9kh:divider|alt_u_div_ose:divider                                                                                                                                                                                                                                            ; alt_u_div_ose                     ; work         ;
;    |seven_segment:dig0|                                                                                                                 ; 7 (7)               ; 0 (0)                     ; 0                 ; 0          ; 0    ; 0            ; |black_jack|seven_segment:dig0                                                                                                                                                                                                                                                                                                                         ; seven_segment                     ; work         ;
;    |seven_segment:dig1|                                                                                                                 ; 1 (1)               ; 0 (0)                     ; 0                 ; 0          ; 0    ; 0            ; |black_jack|seven_segment:dig1                                                                                                                                                                                                                                                                                                                         ; seven_segment                     ; work         ;
;    |seven_segment:dig4|                                                                                                                 ; 8 (8)               ; 0 (0)                     ; 0                 ; 0          ; 0    ; 0            ; |black_jack|seven_segment:dig4                                                                                                                                                                                                                                                                                                                         ; seven_segment                     ; work         ;
;    |seven_segment:dig5|                                                                                                                 ; 8 (8)               ; 0 (0)                     ; 0                 ; 0          ; 0    ; 0            ; |black_jack|seven_segment:dig5                                                                                                                                                                                                                                                                                                                         ; seven_segment                     ; work         ;
;    |seven_segment_suit:dig2|                                                                                                            ; 4 (4)               ; 0 (0)                     ; 0                 ; 0          ; 0    ; 0            ; |black_jack|seven_segment_suit:dig2                                                                                                                                                                                                                                                                                                                    ; seven_segment_suit                ; work         ;
;    |shuffle_deck_v2:my_deck_v2|                                                                                                         ; 93 (86)             ; 67 (67)                   ; 0                 ; 0          ; 0    ; 0            ; |black_jack|shuffle_deck_v2:my_deck_v2                                                                                                                                                                                                                                                                                                                 ; shuffle_deck_v2                   ; work         ;
;       |lpm_divide:Mod0|                                                                                                                 ; 7 (0)               ; 0 (0)                     ; 0                 ; 0          ; 0    ; 0            ; |black_jack|shuffle_deck_v2:my_deck_v2|lpm_divide:Mod0                                                                                                                                                                                                                                                                                                 ; lpm_divide                        ; work         ;
;          |lpm_divide_82m:auto_generated|                                                                                                ; 7 (0)               ; 0 (0)                     ; 0                 ; 0          ; 0    ; 0            ; |black_jack|shuffle_deck_v2:my_deck_v2|lpm_divide:Mod0|lpm_divide_82m:auto_generated                                                                                                                                                                                                                                                                   ; lpm_divide_82m                    ; work         ;
;             |sign_div_unsign_bkh:divider|                                                                                               ; 7 (0)               ; 0 (0)                     ; 0                 ; 0          ; 0    ; 0            ; |black_jack|shuffle_deck_v2:my_deck_v2|lpm_divide:Mod0|lpm_divide_82m:auto_generated|sign_div_unsign_bkh:divider                                                                                                                                                                                                                                       ; sign_div_unsign_bkh               ; work         ;
;                |alt_u_div_sse:divider|                                                                                                  ; 7 (7)               ; 0 (0)                     ; 0                 ; 0          ; 0    ; 0            ; |black_jack|shuffle_deck_v2:my_deck_v2|lpm_divide:Mod0|lpm_divide_82m:auto_generated|sign_div_unsign_bkh:divider|alt_u_div_sse:divider                                                                                                                                                                                                                 ; alt_u_div_sse                     ; work         ;
;    |sld_hub:auto_hub|                                                                                                                   ; 91 (1)              ; 90 (0)                    ; 0                 ; 0          ; 0    ; 0            ; |black_jack|sld_hub:auto_hub                                                                                                                                                                                                                                                                                                                           ; sld_hub                           ; altera_sld   ;
;       |alt_sld_fab_with_jtag_input:\instrumentation_fabric_with_node_gen:fabric_gen_new_way:with_jtag_input_gen:instrumentation_fabric| ; 90 (0)              ; 90 (0)                    ; 0                 ; 0          ; 0    ; 0            ; |black_jack|sld_hub:auto_hub|alt_sld_fab_with_jtag_input:\instrumentation_fabric_with_node_gen:fabric_gen_new_way:with_jtag_input_gen:instrumentation_fabric                                                                                                                                                                                           ; alt_sld_fab_with_jtag_input       ; altera_sld   ;
;          |alt_sld_fab:instrumentation_fabric|                                                                                           ; 90 (0)              ; 90 (0)                    ; 0                 ; 0          ; 0    ; 0            ; |black_jack|sld_hub:auto_hub|alt_sld_fab_with_jtag_input:\instrumentation_fabric_with_node_gen:fabric_gen_new_way:with_jtag_input_gen:instrumentation_fabric|alt_sld_fab:instrumentation_fabric                                                                                                                                                        ; alt_sld_fab                       ; alt_sld_fab  ;
;             |alt_sld_fab_alt_sld_fab:alt_sld_fab|                                                                                       ; 90 (1)              ; 90 (5)                    ; 0                 ; 0          ; 0    ; 0            ; |black_jack|sld_hub:auto_hub|alt_sld_fab_with_jtag_input:\instrumentation_fabric_with_node_gen:fabric_gen_new_way:with_jtag_input_gen:instrumentation_fabric|alt_sld_fab:instrumentation_fabric|alt_sld_fab_alt_sld_fab:alt_sld_fab                                                                                                                    ; alt_sld_fab_alt_sld_fab           ; alt_sld_fab  ;
;                |alt_sld_fab_alt_sld_fab_sldfabric:sldfabric|                                                                            ; 89 (0)              ; 85 (0)                    ; 0                 ; 0          ; 0    ; 0            ; |black_jack|sld_hub:auto_hub|alt_sld_fab_with_jtag_input:\instrumentation_fabric_with_node_gen:fabric_gen_new_way:with_jtag_input_gen:instrumentation_fabric|alt_sld_fab:instrumentation_fabric|alt_sld_fab_alt_sld_fab:alt_sld_fab|alt_sld_fab_alt_sld_fab_sldfabric:sldfabric                                                                        ; alt_sld_fab_alt_sld_fab_sldfabric ; alt_sld_fab  ;
;                   |sld_jtag_hub:\jtag_hub_gen:real_sld_jtag_hub|                                                                        ; 89 (56)             ; 85 (57)                   ; 0                 ; 0          ; 0    ; 0            ; |black_jack|sld_hub:auto_hub|alt_sld_fab_with_jtag_input:\instrumentation_fabric_with_node_gen:fabric_gen_new_way:with_jtag_input_gen:instrumentation_fabric|alt_sld_fab:instrumentation_fabric|alt_sld_fab_alt_sld_fab:alt_sld_fab|alt_sld_fab_alt_sld_fab_sldfabric:sldfabric|sld_jtag_hub:\jtag_hub_gen:real_sld_jtag_hub                           ; sld_jtag_hub                      ; work         ;
;                      |sld_rom_sr:hub_info_reg|                                                                                          ; 15 (15)             ; 9 (9)                     ; 0                 ; 0          ; 0    ; 0            ; |black_jack|sld_hub:auto_hub|alt_sld_fab_with_jtag_input:\instrumentation_fabric_with_node_gen:fabric_gen_new_way:with_jtag_input_gen:instrumentation_fabric|alt_sld_fab:instrumentation_fabric|alt_sld_fab_alt_sld_fab:alt_sld_fab|alt_sld_fab_alt_sld_fab_sldfabric:sldfabric|sld_jtag_hub:\jtag_hub_gen:real_sld_jtag_hub|sld_rom_sr:hub_info_reg   ; sld_rom_sr                        ; work         ;
;                      |sld_shadow_jsm:shadow_jsm|                                                                                        ; 18 (18)             ; 19 (19)                   ; 0                 ; 0          ; 0    ; 0            ; |black_jack|sld_hub:auto_hub|alt_sld_fab_with_jtag_input:\instrumentation_fabric_with_node_gen:fabric_gen_new_way:with_jtag_input_gen:instrumentation_fabric|alt_sld_fab:instrumentation_fabric|alt_sld_fab_alt_sld_fab:alt_sld_fab|alt_sld_fab_alt_sld_fab_sldfabric:sldfabric|sld_jtag_hub:\jtag_hub_gen:real_sld_jtag_hub|sld_shadow_jsm:shadow_jsm ; sld_shadow_jsm                    ; altera_sld   ;
;    |sld_signaltap:auto_signaltap_0|                                                                                                     ; 255 (2)             ; 700 (52)                  ; 368640            ; 0          ; 0    ; 0            ; |black_jack|sld_signaltap:auto_signaltap_0                                                                                                                                                                                                                                                                                                             ; sld_signaltap                     ; work         ;
;       |sld_signaltap_impl:sld_signaltap_body|                                                                                           ; 253 (0)             ; 648 (0)                   ; 368640            ; 0          ; 0    ; 0            ; |black_jack|sld_signaltap:auto_signaltap_0|sld_signaltap_impl:sld_signaltap_body                                                                                                                                                                                                                                                                       ; sld_signaltap_impl                ; work         ;
;          |sld_signaltap_implb:sld_signaltap_body|                                                                                       ; 253 (67)            ; 648 (266)                 ; 368640            ; 0          ; 0    ; 0            ; |black_jack|sld_signaltap:auto_signaltap_0|sld_signaltap_impl:sld_signaltap_body|sld_signaltap_implb:sld_signaltap_body                                                                                                                                                                                                                                ; sld_signaltap_implb               ; work         ;
;             |altdpram:\stp_non_zero_ram_gen:attribute_mem_gen:attribute_mem|                                                            ; 2 (0)               ; 82 (82)                   ; 0                 ; 0          ; 0    ; 0            ; |black_jack|sld_signaltap:auto_signaltap_0|sld_signaltap_impl:sld_signaltap_body|sld_signaltap_implb:sld_signaltap_body|altdpram:\stp_non_zero_ram_gen:attribute_mem_gen:attribute_mem                                                                                                                                                                 ; altdpram                          ; work         ;
;                |lpm_decode:wdecoder|                                                                                                    ; 2 (0)               ; 0 (0)                     ; 0                 ; 0          ; 0    ; 0            ; |black_jack|sld_signaltap:auto_signaltap_0|sld_signaltap_impl:sld_signaltap_body|sld_signaltap_implb:sld_signaltap_body|altdpram:\stp_non_zero_ram_gen:attribute_mem_gen:attribute_mem|lpm_decode:wdecoder                                                                                                                                             ; lpm_decode                        ; work         ;
;                   |decode_vnf:auto_generated|                                                                                           ; 2 (2)               ; 0 (0)                     ; 0                 ; 0          ; 0    ; 0            ; |black_jack|sld_signaltap:auto_signaltap_0|sld_signaltap_impl:sld_signaltap_body|sld_signaltap_implb:sld_signaltap_body|altdpram:\stp_non_zero_ram_gen:attribute_mem_gen:attribute_mem|lpm_decode:wdecoder|decode_vnf:auto_generated                                                                                                                   ; decode_vnf                        ; work         ;
;             |altsyncram:\stp_non_zero_ram_gen:stp_buffer_ram|                                                                           ; 0 (0)               ; 0 (0)                     ; 368640            ; 0          ; 0    ; 0            ; |black_jack|sld_signaltap:auto_signaltap_0|sld_signaltap_impl:sld_signaltap_body|sld_signaltap_implb:sld_signaltap_body|altsyncram:\stp_non_zero_ram_gen:stp_buffer_ram                                                                                                                                                                                ; altsyncram                        ; work         ;
;                |altsyncram_4i84:auto_generated|                                                                                         ; 0 (0)               ; 0 (0)                     ; 368640            ; 0          ; 0    ; 0            ; |black_jack|sld_signaltap:auto_signaltap_0|sld_signaltap_impl:sld_signaltap_body|sld_signaltap_implb:sld_signaltap_body|altsyncram:\stp_non_zero_ram_gen:stp_buffer_ram|altsyncram_4i84:auto_generated                                                                                                                                                 ; altsyncram_4i84                   ; work         ;
;             |lpm_shiftreg:segment_offset_config_deserialize|                                                                            ; 0 (0)               ; 13 (13)                   ; 0                 ; 0          ; 0    ; 0            ; |black_jack|sld_signaltap:auto_signaltap_0|sld_signaltap_impl:sld_signaltap_body|sld_signaltap_implb:sld_signaltap_body|lpm_shiftreg:segment_offset_config_deserialize                                                                                                                                                                                 ; lpm_shiftreg                      ; work         ;
;             |lpm_shiftreg:status_register|                                                                                              ; 17 (17)             ; 17 (17)                   ; 0                 ; 0          ; 0    ; 0            ; |black_jack|sld_signaltap:auto_signaltap_0|sld_signaltap_impl:sld_signaltap_body|sld_signaltap_implb:sld_signaltap_body|lpm_shiftreg:status_register                                                                                                                                                                                                   ; lpm_shiftreg                      ; work         ;
;             |serial_crc_16:\tdo_crc_gen:tdo_crc_calc|                                                                                   ; 4 (4)               ; 13 (13)                   ; 0                 ; 0          ; 0    ; 0            ; |black_jack|sld_signaltap:auto_signaltap_0|sld_signaltap_impl:sld_signaltap_body|sld_signaltap_implb:sld_signaltap_body|serial_crc_16:\tdo_crc_gen:tdo_crc_calc                                                                                                                                                                                        ; serial_crc_16                     ; work         ;
;             |sld_buffer_manager:sld_buffer_manager_inst|                                                                                ; 89 (89)             ; 74 (74)                   ; 0                 ; 0          ; 0    ; 0            ; |black_jack|sld_signaltap:auto_signaltap_0|sld_signaltap_impl:sld_signaltap_body|sld_signaltap_implb:sld_signaltap_body|sld_buffer_manager:sld_buffer_manager_inst                                                                                                                                                                                     ; sld_buffer_manager                ; work         ;
;             |sld_ela_control:ela_control|                                                                                               ; 10 (1)              ; 51 (1)                    ; 0                 ; 0          ; 0    ; 0            ; |black_jack|sld_signaltap:auto_signaltap_0|sld_signaltap_impl:sld_signaltap_body|sld_signaltap_implb:sld_signaltap_body|sld_ela_control:ela_control                                                                                                                                                                                                    ; sld_ela_control                   ; work         ;
;                |lpm_shiftreg:trigger_config_deserialize|                                                                                ; 0 (0)               ; 4 (4)                     ; 0                 ; 0          ; 0    ; 0            ; |black_jack|sld_signaltap:auto_signaltap_0|sld_signaltap_impl:sld_signaltap_body|sld_signaltap_implb:sld_signaltap_body|sld_ela_control:ela_control|lpm_shiftreg:trigger_config_deserialize                                                                                                                                                            ; lpm_shiftreg                      ; work         ;
;                |sld_ela_basic_multi_level_trigger:\basic_multi_level_mbpm_trigger_gen:multi_level_mbpm|                                 ; 7 (0)               ; 35 (0)                    ; 0                 ; 0          ; 0    ; 0            ; |black_jack|sld_signaltap:auto_signaltap_0|sld_signaltap_impl:sld_signaltap_body|sld_signaltap_implb:sld_signaltap_body|sld_ela_control:ela_control|sld_ela_basic_multi_level_trigger:\basic_multi_level_mbpm_trigger_gen:multi_level_mbpm                                                                                                             ; sld_ela_basic_multi_level_trigger ; work         ;
;                   |lpm_shiftreg:trigger_condition_deserialize|                                                                          ; 0 (0)               ; 21 (21)                   ; 0                 ; 0          ; 0    ; 0            ; |black_jack|sld_signaltap:auto_signaltap_0|sld_signaltap_impl:sld_signaltap_body|sld_signaltap_implb:sld_signaltap_body|sld_ela_control:ela_control|sld_ela_basic_multi_level_trigger:\basic_multi_level_mbpm_trigger_gen:multi_level_mbpm|lpm_shiftreg:trigger_condition_deserialize                                                                  ; lpm_shiftreg                      ; work         ;
;                   |sld_mbpmg:\trigger_modules_gen:0:trigger_match|                                                                      ; 7 (0)               ; 14 (0)                    ; 0                 ; 0          ; 0    ; 0            ; |black_jack|sld_signaltap:auto_signaltap_0|sld_signaltap_impl:sld_signaltap_body|sld_signaltap_implb:sld_signaltap_body|sld_ela_control:ela_control|sld_ela_basic_multi_level_trigger:\basic_multi_level_mbpm_trigger_gen:multi_level_mbpm|sld_mbpmg:\trigger_modules_gen:0:trigger_match                                                              ; sld_mbpmg                         ; work         ;
;                      |sld_sbpmg:\gen_sbpmg_pipeline_less_than_two:sm0:0:sm1|                                                            ; 1 (1)               ; 2 (2)                     ; 0                 ; 0          ; 0    ; 0            ; |black_jack|sld_signaltap:auto_signaltap_0|sld_signaltap_impl:sld_signaltap_body|sld_signaltap_implb:sld_signaltap_body|sld_ela_control:ela_control|sld_ela_basic_multi_level_trigger:\basic_multi_level_mbpm_trigger_gen:multi_level_mbpm|sld_mbpmg:\trigger_modules_gen:0:trigger_match|sld_sbpmg:\gen_sbpmg_pipeline_less_than_two:sm0:0:sm1        ; sld_sbpmg                         ; work         ;
;                      |sld_sbpmg:\gen_sbpmg_pipeline_less_than_two:sm0:1:sm1|                                                            ; 1 (1)               ; 2 (2)                     ; 0                 ; 0          ; 0    ; 0            ; |black_jack|sld_signaltap:auto_signaltap_0|sld_signaltap_impl:sld_signaltap_body|sld_signaltap_implb:sld_signaltap_body|sld_ela_control:ela_control|sld_ela_basic_multi_level_trigger:\basic_multi_level_mbpm_trigger_gen:multi_level_mbpm|sld_mbpmg:\trigger_modules_gen:0:trigger_match|sld_sbpmg:\gen_sbpmg_pipeline_less_than_two:sm0:1:sm1        ; sld_sbpmg                         ; work         ;
;                      |sld_sbpmg:\gen_sbpmg_pipeline_less_than_two:sm0:2:sm1|                                                            ; 1 (1)               ; 2 (2)                     ; 0                 ; 0          ; 0    ; 0            ; |black_jack|sld_signaltap:auto_signaltap_0|sld_signaltap_impl:sld_signaltap_body|sld_signaltap_implb:sld_signaltap_body|sld_ela_control:ela_control|sld_ela_basic_multi_level_trigger:\basic_multi_level_mbpm_trigger_gen:multi_level_mbpm|sld_mbpmg:\trigger_modules_gen:0:trigger_match|sld_sbpmg:\gen_sbpmg_pipeline_less_than_two:sm0:2:sm1        ; sld_sbpmg                         ; work         ;
;                      |sld_sbpmg:\gen_sbpmg_pipeline_less_than_two:sm0:3:sm1|                                                            ; 1 (1)               ; 2 (2)                     ; 0                 ; 0          ; 0    ; 0            ; |black_jack|sld_signaltap:auto_signaltap_0|sld_signaltap_impl:sld_signaltap_body|sld_signaltap_implb:sld_signaltap_body|sld_ela_control:ela_control|sld_ela_basic_multi_level_trigger:\basic_multi_level_mbpm_trigger_gen:multi_level_mbpm|sld_mbpmg:\trigger_modules_gen:0:trigger_match|sld_sbpmg:\gen_sbpmg_pipeline_less_than_two:sm0:3:sm1        ; sld_sbpmg                         ; work         ;
;                      |sld_sbpmg:\gen_sbpmg_pipeline_less_than_two:sm0:4:sm1|                                                            ; 1 (1)               ; 2 (2)                     ; 0                 ; 0          ; 0    ; 0            ; |black_jack|sld_signaltap:auto_signaltap_0|sld_signaltap_impl:sld_signaltap_body|sld_signaltap_implb:sld_signaltap_body|sld_ela_control:ela_control|sld_ela_basic_multi_level_trigger:\basic_multi_level_mbpm_trigger_gen:multi_level_mbpm|sld_mbpmg:\trigger_modules_gen:0:trigger_match|sld_sbpmg:\gen_sbpmg_pipeline_less_than_two:sm0:4:sm1        ; sld_sbpmg                         ; work         ;
;                      |sld_sbpmg:\gen_sbpmg_pipeline_less_than_two:sm0:5:sm1|                                                            ; 1 (1)               ; 2 (2)                     ; 0                 ; 0          ; 0    ; 0            ; |black_jack|sld_signaltap:auto_signaltap_0|sld_signaltap_impl:sld_signaltap_body|sld_signaltap_implb:sld_signaltap_body|sld_ela_control:ela_control|sld_ela_basic_multi_level_trigger:\basic_multi_level_mbpm_trigger_gen:multi_level_mbpm|sld_mbpmg:\trigger_modules_gen:0:trigger_match|sld_sbpmg:\gen_sbpmg_pipeline_less_than_two:sm0:5:sm1        ; sld_sbpmg                         ; work         ;
;                      |sld_sbpmg:\gen_sbpmg_pipeline_less_than_two:sm0:6:sm1|                                                            ; 1 (1)               ; 2 (2)                     ; 0                 ; 0          ; 0    ; 0            ; |black_jack|sld_signaltap:auto_signaltap_0|sld_signaltap_impl:sld_signaltap_body|sld_signaltap_implb:sld_signaltap_body|sld_ela_control:ela_control|sld_ela_basic_multi_level_trigger:\basic_multi_level_mbpm_trigger_gen:multi_level_mbpm|sld_mbpmg:\trigger_modules_gen:0:trigger_match|sld_sbpmg:\gen_sbpmg_pipeline_less_than_two:sm0:6:sm1        ; sld_sbpmg                         ; work         ;
;                |sld_ela_trigger_flow_mgr:\builtin:ela_trigger_flow_mgr_entity|                                                          ; 2 (2)               ; 11 (1)                    ; 0                 ; 0          ; 0    ; 0            ; |black_jack|sld_signaltap:auto_signaltap_0|sld_signaltap_impl:sld_signaltap_body|sld_signaltap_implb:sld_signaltap_body|sld_ela_control:ela_control|sld_ela_trigger_flow_mgr:\builtin:ela_trigger_flow_mgr_entity                                                                                                                                      ; sld_ela_trigger_flow_mgr          ; work         ;
;                   |lpm_shiftreg:trigger_config_deserialize|                                                                             ; 0 (0)               ; 10 (10)                   ; 0                 ; 0          ; 0    ; 0            ; |black_jack|sld_signaltap:auto_signaltap_0|sld_signaltap_impl:sld_signaltap_body|sld_signaltap_implb:sld_signaltap_body|sld_ela_control:ela_control|sld_ela_trigger_flow_mgr:\builtin:ela_trigger_flow_mgr_entity|lpm_shiftreg:trigger_config_deserialize                                                                                              ; lpm_shiftreg                      ; work         ;
;             |sld_offload_buffer_mgr:\stp_non_zero_depth_offload_gen:stp_offload_buff_mgr_inst|                                          ; 44 (11)             ; 124 (0)                   ; 0                 ; 0          ; 0    ; 0            ; |black_jack|sld_signaltap:auto_signaltap_0|sld_signaltap_impl:sld_signaltap_body|sld_signaltap_implb:sld_signaltap_body|sld_offload_buffer_mgr:\stp_non_zero_depth_offload_gen:stp_offload_buff_mgr_inst                                                                                                                                               ; sld_offload_buffer_mgr            ; work         ;
;                |lpm_counter:\adv_point_3_and_more:advance_pointer_counter|                                                              ; 8 (0)               ; 6 (0)                     ; 0                 ; 0          ; 0    ; 0            ; |black_jack|sld_signaltap:auto_signaltap_0|sld_signaltap_impl:sld_signaltap_body|sld_signaltap_implb:sld_signaltap_body|sld_offload_buffer_mgr:\stp_non_zero_depth_offload_gen:stp_offload_buff_mgr_inst|lpm_counter:\adv_point_3_and_more:advance_pointer_counter                                                                                     ; lpm_counter                       ; work         ;
;                   |cntr_89i:auto_generated|                                                                                             ; 8 (8)               ; 6 (6)                     ; 0                 ; 0          ; 0    ; 0            ; |black_jack|sld_signaltap:auto_signaltap_0|sld_signaltap_impl:sld_signaltap_body|sld_signaltap_implb:sld_signaltap_body|sld_offload_buffer_mgr:\stp_non_zero_depth_offload_gen:stp_offload_buff_mgr_inst|lpm_counter:\adv_point_3_and_more:advance_pointer_counter|cntr_89i:auto_generated                                                             ; cntr_89i                          ; work         ;
;                |lpm_counter:read_pointer_counter|                                                                                       ; 13 (0)              ; 13 (0)                    ; 0                 ; 0          ; 0    ; 0            ; |black_jack|sld_signaltap:auto_signaltap_0|sld_signaltap_impl:sld_signaltap_body|sld_signaltap_implb:sld_signaltap_body|sld_offload_buffer_mgr:\stp_non_zero_depth_offload_gen:stp_offload_buff_mgr_inst|lpm_counter:read_pointer_counter                                                                                                              ; lpm_counter                       ; work         ;
;                   |cntr_a2j:auto_generated|                                                                                             ; 13 (13)             ; 13 (13)                   ; 0                 ; 0          ; 0    ; 0            ; |black_jack|sld_signaltap:auto_signaltap_0|sld_signaltap_impl:sld_signaltap_body|sld_signaltap_implb:sld_signaltap_body|sld_offload_buffer_mgr:\stp_non_zero_depth_offload_gen:stp_offload_buff_mgr_inst|lpm_counter:read_pointer_counter|cntr_a2j:auto_generated                                                                                      ; cntr_a2j                          ; work         ;
;                |lpm_counter:status_advance_pointer_counter|                                                                             ; 7 (0)               ; 5 (0)                     ; 0                 ; 0          ; 0    ; 0            ; |black_jack|sld_signaltap:auto_signaltap_0|sld_signaltap_impl:sld_signaltap_body|sld_signaltap_implb:sld_signaltap_body|sld_offload_buffer_mgr:\stp_non_zero_depth_offload_gen:stp_offload_buff_mgr_inst|lpm_counter:status_advance_pointer_counter                                                                                                    ; lpm_counter                       ; work         ;
;                   |cntr_69i:auto_generated|                                                                                             ; 7 (7)               ; 5 (5)                     ; 0                 ; 0          ; 0    ; 0            ; |black_jack|sld_signaltap:auto_signaltap_0|sld_signaltap_impl:sld_signaltap_body|sld_signaltap_implb:sld_signaltap_body|sld_offload_buffer_mgr:\stp_non_zero_depth_offload_gen:stp_offload_buff_mgr_inst|lpm_counter:status_advance_pointer_counter|cntr_69i:auto_generated                                                                            ; cntr_69i                          ; work         ;
;                |lpm_counter:status_read_pointer_counter|                                                                                ; 3 (0)               ; 1 (0)                     ; 0                 ; 0          ; 0    ; 0            ; |black_jack|sld_signaltap:auto_signaltap_0|sld_signaltap_impl:sld_signaltap_body|sld_signaltap_implb:sld_signaltap_body|sld_offload_buffer_mgr:\stp_non_zero_depth_offload_gen:stp_offload_buff_mgr_inst|lpm_counter:status_read_pointer_counter                                                                                                       ; lpm_counter                       ; work         ;
;                   |cntr_kri:auto_generated|                                                                                             ; 3 (3)               ; 1 (1)                     ; 0                 ; 0          ; 0    ; 0            ; |black_jack|sld_signaltap:auto_signaltap_0|sld_signaltap_impl:sld_signaltap_body|sld_signaltap_implb:sld_signaltap_body|sld_offload_buffer_mgr:\stp_non_zero_depth_offload_gen:stp_offload_buff_mgr_inst|lpm_counter:status_read_pointer_counter|cntr_kri:auto_generated                                                                               ; cntr_kri                          ; work         ;
;                |lpm_shiftreg:info_data_shift_out|                                                                                       ; 0 (0)               ; 27 (27)                   ; 0                 ; 0          ; 0    ; 0            ; |black_jack|sld_signaltap:auto_signaltap_0|sld_signaltap_impl:sld_signaltap_body|sld_signaltap_implb:sld_signaltap_body|sld_offload_buffer_mgr:\stp_non_zero_depth_offload_gen:stp_offload_buff_mgr_inst|lpm_shiftreg:info_data_shift_out                                                                                                              ; lpm_shiftreg                      ; work         ;
;                |lpm_shiftreg:ram_data_shift_out|                                                                                        ; 1 (1)               ; 45 (45)                   ; 0                 ; 0          ; 0    ; 0            ; |black_jack|sld_signaltap:auto_signaltap_0|sld_signaltap_impl:sld_signaltap_body|sld_signaltap_implb:sld_signaltap_body|sld_offload_buffer_mgr:\stp_non_zero_depth_offload_gen:stp_offload_buff_mgr_inst|lpm_shiftreg:ram_data_shift_out                                                                                                               ; lpm_shiftreg                      ; work         ;
;                |lpm_shiftreg:status_data_shift_out|                                                                                     ; 1 (1)               ; 27 (27)                   ; 0                 ; 0          ; 0    ; 0            ; |black_jack|sld_signaltap:auto_signaltap_0|sld_signaltap_impl:sld_signaltap_body|sld_signaltap_implb:sld_signaltap_body|sld_offload_buffer_mgr:\stp_non_zero_depth_offload_gen:stp_offload_buff_mgr_inst|lpm_shiftreg:status_data_shift_out                                                                                                            ; lpm_shiftreg                      ; work         ;
;             |sld_rom_sr:crc_rom_sr|                                                                                                     ; 20 (20)             ; 8 (8)                     ; 0                 ; 0          ; 0    ; 0            ; |black_jack|sld_signaltap:auto_signaltap_0|sld_signaltap_impl:sld_signaltap_body|sld_signaltap_implb:sld_signaltap_body|sld_rom_sr:crc_rom_sr                                                                                                                                                                                                          ; sld_rom_sr                        ; work         ;
;    |vga_frame_driver:my_frame_driver|                                                                                                   ; 314 (228)           ; 88 (61)                   ; 2359296           ; 0          ; 0    ; 0            ; |black_jack|vga_frame_driver:my_frame_driver                                                                                                                                                                                                                                                                                                           ; vga_frame_driver                  ; work         ;
;       |vga_driver:the_vga|                                                                                                              ; 38 (38)             ; 21 (21)                   ; 0                 ; 0          ; 0    ; 0            ; |black_jack|vga_frame_driver:my_frame_driver|vga_driver:the_vga                                                                                                                                                                                                                                                                                        ; vga_driver                        ; work         ;
;       |vga_frame:the_vga_draw_frame|                                                                                                    ; 32 (0)              ; 2 (0)                     ; 786432            ; 0          ; 0    ; 0            ; |black_jack|vga_frame_driver:my_frame_driver|vga_frame:the_vga_draw_frame                                                                                                                                                                                                                                                                              ; vga_frame                         ; work         ;
;          |altsyncram:altsyncram_component|                                                                                              ; 32 (0)              ; 2 (0)                     ; 786432            ; 0          ; 0    ; 0            ; |black_jack|vga_frame_driver:my_frame_driver|vga_frame:the_vga_draw_frame|altsyncram:altsyncram_component                                                                                                                                                                                                                                              ; altsyncram                        ; work         ;
;             |altsyncram_5kp1:auto_generated|                                                                                            ; 32 (0)              ; 2 (2)                     ; 786432            ; 0          ; 0    ; 0            ; |black_jack|vga_frame_driver:my_frame_driver|vga_frame:the_vga_draw_frame|altsyncram:altsyncram_component|altsyncram_5kp1:auto_generated                                                                                                                                                                                                               ; altsyncram_5kp1                   ; work         ;
;                |decode_11a:rden_decode|                                                                                                 ; 4 (4)               ; 0 (0)                     ; 0                 ; 0          ; 0    ; 0            ; |black_jack|vga_frame_driver:my_frame_driver|vga_frame:the_vga_draw_frame|altsyncram:altsyncram_component|altsyncram_5kp1:auto_generated|decode_11a:rden_decode                                                                                                                                                                                        ; decode_11a                        ; work         ;
;                |decode_8la:decode3|                                                                                                     ; 4 (4)               ; 0 (0)                     ; 0                 ; 0          ; 0    ; 0            ; |black_jack|vga_frame_driver:my_frame_driver|vga_frame:the_vga_draw_frame|altsyncram:altsyncram_component|altsyncram_5kp1:auto_generated|decode_8la:decode3                                                                                                                                                                                            ; decode_8la                        ; work         ;
;                |mux_6hb:mux2|                                                                                                           ; 24 (24)             ; 0 (0)                     ; 0                 ; 0          ; 0    ; 0            ; |black_jack|vga_frame_driver:my_frame_driver|vga_frame:the_vga_draw_frame|altsyncram:altsyncram_component|altsyncram_5kp1:auto_generated|mux_6hb:mux2                                                                                                                                                                                                  ; mux_6hb                           ; work         ;
;       |vga_frame:vga_memory0|                                                                                                           ; 8 (0)               ; 2 (0)                     ; 786432            ; 0          ; 0    ; 0            ; |black_jack|vga_frame_driver:my_frame_driver|vga_frame:vga_memory0                                                                                                                                                                                                                                                                                     ; vga_frame                         ; work         ;
;          |altsyncram:altsyncram_component|                                                                                              ; 8 (0)               ; 2 (0)                     ; 786432            ; 0          ; 0    ; 0            ; |black_jack|vga_frame_driver:my_frame_driver|vga_frame:vga_memory0|altsyncram:altsyncram_component                                                                                                                                                                                                                                                     ; altsyncram                        ; work         ;
;             |altsyncram_5kp1:auto_generated|                                                                                            ; 8 (0)               ; 2 (2)                     ; 786432            ; 0          ; 0    ; 0            ; |black_jack|vga_frame_driver:my_frame_driver|vga_frame:vga_memory0|altsyncram:altsyncram_component|altsyncram_5kp1:auto_generated                                                                                                                                                                                                                      ; altsyncram_5kp1                   ; work         ;
;                |decode_11a:rden_decode|                                                                                                 ; 4 (4)               ; 0 (0)                     ; 0                 ; 0          ; 0    ; 0            ; |black_jack|vga_frame_driver:my_frame_driver|vga_frame:vga_memory0|altsyncram:altsyncram_component|altsyncram_5kp1:auto_generated|decode_11a:rden_decode                                                                                                                                                                                               ; decode_11a                        ; work         ;
;                |decode_8la:decode3|                                                                                                     ; 4 (4)               ; 0 (0)                     ; 0                 ; 0          ; 0    ; 0            ; |black_jack|vga_frame_driver:my_frame_driver|vga_frame:vga_memory0|altsyncram:altsyncram_component|altsyncram_5kp1:auto_generated|decode_8la:decode3                                                                                                                                                                                                   ; decode_8la                        ; work         ;
;       |vga_frame:vga_memory1|                                                                                                           ; 8 (0)               ; 2 (0)                     ; 786432            ; 0          ; 0    ; 0            ; |black_jack|vga_frame_driver:my_frame_driver|vga_frame:vga_memory1                                                                                                                                                                                                                                                                                     ; vga_frame                         ; work         ;
;          |altsyncram:altsyncram_component|                                                                                              ; 8 (0)               ; 2 (0)                     ; 786432            ; 0          ; 0    ; 0            ; |black_jack|vga_frame_driver:my_frame_driver|vga_frame:vga_memory1|altsyncram:altsyncram_component                                                                                                                                                                                                                                                     ; altsyncram                        ; work         ;
;             |altsyncram_5kp1:auto_generated|                                                                                            ; 8 (0)               ; 2 (2)                     ; 786432            ; 0          ; 0    ; 0            ; |black_jack|vga_frame_driver:my_frame_driver|vga_frame:vga_memory1|altsyncram:altsyncram_component|altsyncram_5kp1:auto_generated                                                                                                                                                                                                                      ; altsyncram_5kp1                   ; work         ;
;                |decode_11a:rden_decode|                                                                                                 ; 4 (4)               ; 0 (0)                     ; 0                 ; 0          ; 0    ; 0            ; |black_jack|vga_frame_driver:my_frame_driver|vga_frame:vga_memory1|altsyncram:altsyncram_component|altsyncram_5kp1:auto_generated|decode_11a:rden_decode                                                                                                                                                                                               ; decode_11a                        ; work         ;
;                |decode_8la:decode3|                                                                                                     ; 4 (4)               ; 0 (0)                     ; 0                 ; 0          ; 0    ; 0            ; |black_jack|vga_frame_driver:my_frame_driver|vga_frame:vga_memory1|altsyncram:altsyncram_component|altsyncram_5kp1:auto_generated|decode_8la:decode3                                                                                                                                                                                                   ; decode_8la                        ; work         ;
+-----------------------------------------------------------------------------------------------------------------------------------------+---------------------+---------------------------+-------------------+------------+------+--------------+--------------------------------------------------------------------------------------------------------------------------------------------------------------------------------------------------------------------------------------------------------------------------------------------------------------------------------------------------------+-----------------------------------+--------------+
Note: For table entries with two numbers listed, the numbers in parentheses indicate the number of resources of the given type used by the specific entity alone. The numbers listed outside of parentheses indicate the total resources of the given type used by the specific entity and all of its sub-entities in the hierarchy.


+-----------------------------------------------------------------------------------------------------------------------------------------------------------------------------------------------------------------------------------------------------------------------------------------------------------------------------+
; Analysis & Synthesis RAM Summary                                                                                                                                                                                                                                                                                            ;
+-------------------------------------------------------------------------------------------------------------------------------------------------------------------------------------------------------+------+------------------+--------------+--------------+--------------+--------------+--------+----------------------+
; Name                                                                                                                                                                                                  ; Type ; Mode             ; Port A Depth ; Port A Width ; Port B Depth ; Port B Width ; Size   ; MIF                  ;
+-------------------------------------------------------------------------------------------------------------------------------------------------------------------------------------------------------+------+------------------+--------------+--------------+--------------+--------------+--------+----------------------+
; asset_controller:my_asset_controller|playing_card:cards|altsyncram:altsyncram_component|altsyncram_qng1:auto_generated|ALTSYNCRAM                                                                     ; AUTO ; ROM              ; 285          ; 24           ; --           ; --           ; 6840   ; ../card_asset.mif    ;
; asset_controller:my_asset_controller|rank_library:ranks|altsyncram:altsyncram_component|altsyncram_jqg1:auto_generated|ALTSYNCRAM                                                                     ; AUTO ; ROM              ; 480          ; 24           ; --           ; --           ; 11520  ; rank_library.mif     ;
; asset_controller:my_asset_controller|replace_background:replacement|altsyncram:altsyncram_component|altsyncram_lbh1:auto_generated|ALTSYNCRAM                                                         ; AUTO ; ROM              ; 32768        ; 24           ; --           ; --           ; 786432 ; table_background.mif ;
; asset_controller:my_asset_controller|suit_library:suits|altsyncram:altsyncram_component|altsyncram_brg1:auto_generated|ALTSYNCRAM                                                                     ; AUTO ; ROM              ; 272          ; 24           ; --           ; --           ; 6528   ; suit_library.mif     ;
; deck:memory|altsyncram:altsyncram_component|altsyncram_67p1:auto_generated|ALTSYNCRAM                                                                                                                 ; AUTO ; Single Port      ; 52           ; 6            ; --           ; --           ; 312    ; black_jack_deck.mif  ;
; sld_signaltap:auto_signaltap_0|sld_signaltap_impl:sld_signaltap_body|sld_signaltap_implb:sld_signaltap_body|altsyncram:\stp_non_zero_ram_gen:stp_buffer_ram|altsyncram_4i84:auto_generated|ALTSYNCRAM ; AUTO ; Simple Dual Port ; 8192         ; 45           ; 8192         ; 45           ; 368640 ; None                 ;
; vga_frame_driver:my_frame_driver|vga_frame:the_vga_draw_frame|altsyncram:altsyncram_component|altsyncram_5kp1:auto_generated|ALTSYNCRAM                                                               ; AUTO ; Single Port      ; 32768        ; 24           ; --           ; --           ; 786432 ; table_background.mif ;
; vga_frame_driver:my_frame_driver|vga_frame:vga_memory0|altsyncram:altsyncram_component|altsyncram_5kp1:auto_generated|ALTSYNCRAM                                                                      ; AUTO ; Single Port      ; 32768        ; 24           ; --           ; --           ; 786432 ; table_background.mif ;
; vga_frame_driver:my_frame_driver|vga_frame:vga_memory1|altsyncram:altsyncram_component|altsyncram_5kp1:auto_generated|ALTSYNCRAM                                                                      ; AUTO ; Single Port      ; 32768        ; 24           ; --           ; --           ; 786432 ; table_background.mif ;
+-------------------------------------------------------------------------------------------------------------------------------------------------------------------------------------------------------+------+------------------+--------------+--------------+--------------+--------------+--------+----------------------+


+-----------------------------------------------+
; Analysis & Synthesis DSP Block Usage Summary  ;
+---------------------------------+-------------+
; Statistic                       ; Number Used ;
+---------------------------------+-------------+
; Independent 9x9                 ; 1           ;
; Total number of DSP blocks      ; 1           ;
;                                 ;             ;
; Fixed Point Unsigned Multiplier ; 1           ;
+---------------------------------+-------------+


+------------------------------------------------------------------------------------------------------------------------------------------------------------------------------------------------------------------------------------------------------------------------------------------------------------------------------------------------------------------------+
; Analysis & Synthesis IP Cores Summary                                                                                                                                                                                                                                                                                                                                  ;
+--------+--------------+---------+--------------+--------------+---------------------------------------------------------------------------------------------------------------------------------------------------------------------------------------------------------------------------------------------------------------------------------+----------------------+
; Vendor ; IP Core Name ; Version ; Release Date ; License Type ; Entity Instance                                                                                                                                                                                                                                                                 ; IP Include File      ;
+--------+--------------+---------+--------------+--------------+---------------------------------------------------------------------------------------------------------------------------------------------------------------------------------------------------------------------------------------------------------------------------------+----------------------+
; Altera ; Signal Tap   ; N/A     ; N/A          ; Licensed     ; |black_jack|sld_hub:auto_hub|alt_sld_fab_with_jtag_input:\instrumentation_fabric_with_node_gen:fabric_gen_new_way:with_jtag_input_gen:instrumentation_fabric|alt_sld_fab:instrumentation_fabric                                                                                 ;                      ;
; Altera ; Signal Tap   ; N/A     ; N/A          ; Licensed     ; |black_jack|sld_hub:auto_hub|alt_sld_fab_with_jtag_input:\instrumentation_fabric_with_node_gen:fabric_gen_new_way:with_jtag_input_gen:instrumentation_fabric|alt_sld_fab:instrumentation_fabric|alt_sld_fab_alt_sld_fab:alt_sld_fab                                             ;                      ;
; Altera ; Signal Tap   ; N/A     ; N/A          ; Licensed     ; |black_jack|sld_hub:auto_hub|alt_sld_fab_with_jtag_input:\instrumentation_fabric_with_node_gen:fabric_gen_new_way:with_jtag_input_gen:instrumentation_fabric|alt_sld_fab:instrumentation_fabric|alt_sld_fab_alt_sld_fab:alt_sld_fab|alt_sld_fab_alt_sld_fab_presplit:presplit   ;                      ;
; Altera ; Signal Tap   ; N/A     ; N/A          ; Licensed     ; |black_jack|sld_hub:auto_hub|alt_sld_fab_with_jtag_input:\instrumentation_fabric_with_node_gen:fabric_gen_new_way:with_jtag_input_gen:instrumentation_fabric|alt_sld_fab:instrumentation_fabric|alt_sld_fab_alt_sld_fab:alt_sld_fab|alt_sld_fab_alt_sld_fab_sldfabric:sldfabric ;                      ;
; Altera ; Signal Tap   ; N/A     ; N/A          ; Licensed     ; |black_jack|sld_hub:auto_hub|alt_sld_fab_with_jtag_input:\instrumentation_fabric_with_node_gen:fabric_gen_new_way:with_jtag_input_gen:instrumentation_fabric|alt_sld_fab:instrumentation_fabric|alt_sld_fab_alt_sld_fab:alt_sld_fab|alt_sld_fab_alt_sld_fab_splitter:splitter   ;                      ;
; Altera ; RAM: 1-PORT  ; 23.1    ; N/A          ; N/A          ; |black_jack|deck:memory                                                                                                                                                                                                                                                         ; deck.v               ;
; Altera ; ROM: 1-PORT  ; 23.1    ; N/A          ; N/A          ; |black_jack|asset_controller:my_asset_controller|playing_card:cards                                                                                                                                                                                                             ; playing_card.v       ;
; Altera ; ROM: 1-PORT  ; 23.1    ; N/A          ; N/A          ; |black_jack|asset_controller:my_asset_controller|dealer_chip_asset:chipD                                                                                                                                                                                                        ; dealer_chip_asset.v  ;
; Altera ; ROM: 1-PORT  ; 23.1    ; N/A          ; N/A          ; |black_jack|asset_controller:my_asset_controller|player_chip_asset:chipP                                                                                                                                                                                                        ; player_chip_asset.v  ;
; Altera ; ROM: 1-PORT  ; 23.1    ; N/A          ; N/A          ; |black_jack|asset_controller:my_asset_controller|rank_library:ranks                                                                                                                                                                                                             ; rank_library.v       ;
; Altera ; ROM: 1-PORT  ; 23.1    ; N/A          ; N/A          ; |black_jack|asset_controller:my_asset_controller|replace_background:replacement                                                                                                                                                                                                 ; replace_background.v ;
; Altera ; ROM: 1-PORT  ; 23.1    ; N/A          ; N/A          ; |black_jack|asset_controller:my_asset_controller|suit_library:suits                                                                                                                                                                                                             ; suit_library.v       ;
; Altera ; RAM: 1-PORT  ; 23.1    ; N/A          ; N/A          ; |black_jack|vga_frame_driver:my_frame_driver|vga_frame:the_vga_draw_frame                                                                                                                                                                                                       ; vga_frame.v          ;
; Altera ; RAM: 1-PORT  ; 23.1    ; N/A          ; N/A          ; |black_jack|vga_frame_driver:my_frame_driver|vga_frame:vga_memory0                                                                                                                                                                                                              ; vga_frame.v          ;
; Altera ; RAM: 1-PORT  ; 23.1    ; N/A          ; N/A          ; |black_jack|vga_frame_driver:my_frame_driver|vga_frame:vga_memory1                                                                                                                                                                                                              ; vga_frame.v          ;
+--------+--------------+---------+--------------+--------------+---------------------------------------------------------------------------------------------------------------------------------------------------------------------------------------------------------------------------------------------------------------------------------+----------------------+


Encoding Type:  One-Hot
+----------------------------------------------------------------------------------------------------------------------------------------------------------------------------------------------------------------------------------------------------------------------------------------------------------------------------------------------------------------------------------------------+
; State Machine - |black_jack|shuffle_deck_v2:my_deck_v2|S                                                                                                                                                                                                                                                                                                                                     ;
+--------------------------+------------------+---------+--------+-------+--------------------------+---------------------+---------------------+----------------+------------------------+-------------------+-------------------------+--------------------+------------------+-------------+------------+-------------------------+--------------------+-----------+--------------+---------+
; Name                     ; S.RAND_IND_CHECK ; S.ERROR ; S.DONE ; S.INC ; S.REASSIGN_ZERO_MEM_BUFF ; S.REASSIGN_ZERO_MEM ; S.SET_IND_ZERO_BUFF ; S.SET_IND_ZERO ; S.ASSIGN_RAND_MEM_BUFF ; S.ASSIGN_RAND_MEM ; S.ASSIGN_RAND_CARD_BUFF ; S.ASSIGN_RAND_CARD ; S.SET_INDEX_BUFF ; S.SET_INDEX ; S.RAND_IND ; S.ASSIGN_ZERO_CARD_BUFF ; S.ASSIGN_ZERO_CARD ; S.WAIT_EN ; S.SEED_ENTER ; S.START ;
+--------------------------+------------------+---------+--------+-------+--------------------------+---------------------+---------------------+----------------+------------------------+-------------------+-------------------------+--------------------+------------------+-------------+------------+-------------------------+--------------------+-----------+--------------+---------+
; S.START                  ; 0                ; 0       ; 0      ; 0     ; 0                        ; 0                   ; 0                   ; 0              ; 0                      ; 0                 ; 0                       ; 0                  ; 0                ; 0           ; 0          ; 0                       ; 0                  ; 0         ; 0            ; 0       ;
; S.SEED_ENTER             ; 0                ; 0       ; 0      ; 0     ; 0                        ; 0                   ; 0                   ; 0              ; 0                      ; 0                 ; 0                       ; 0                  ; 0                ; 0           ; 0          ; 0                       ; 0                  ; 0         ; 1            ; 1       ;
; S.WAIT_EN                ; 0                ; 0       ; 0      ; 0     ; 0                        ; 0                   ; 0                   ; 0              ; 0                      ; 0                 ; 0                       ; 0                  ; 0                ; 0           ; 0          ; 0                       ; 0                  ; 1         ; 0            ; 1       ;
; S.ASSIGN_ZERO_CARD       ; 0                ; 0       ; 0      ; 0     ; 0                        ; 0                   ; 0                   ; 0              ; 0                      ; 0                 ; 0                       ; 0                  ; 0                ; 0           ; 0          ; 0                       ; 1                  ; 0         ; 0            ; 1       ;
; S.ASSIGN_ZERO_CARD_BUFF  ; 0                ; 0       ; 0      ; 0     ; 0                        ; 0                   ; 0                   ; 0              ; 0                      ; 0                 ; 0                       ; 0                  ; 0                ; 0           ; 0          ; 1                       ; 0                  ; 0         ; 0            ; 1       ;
; S.RAND_IND               ; 0                ; 0       ; 0      ; 0     ; 0                        ; 0                   ; 0                   ; 0              ; 0                      ; 0                 ; 0                       ; 0                  ; 0                ; 0           ; 1          ; 0                       ; 0                  ; 0         ; 0            ; 1       ;
; S.SET_INDEX              ; 0                ; 0       ; 0      ; 0     ; 0                        ; 0                   ; 0                   ; 0              ; 0                      ; 0                 ; 0                       ; 0                  ; 0                ; 1           ; 0          ; 0                       ; 0                  ; 0         ; 0            ; 1       ;
; S.SET_INDEX_BUFF         ; 0                ; 0       ; 0      ; 0     ; 0                        ; 0                   ; 0                   ; 0              ; 0                      ; 0                 ; 0                       ; 0                  ; 1                ; 0           ; 0          ; 0                       ; 0                  ; 0         ; 0            ; 1       ;
; S.ASSIGN_RAND_CARD       ; 0                ; 0       ; 0      ; 0     ; 0                        ; 0                   ; 0                   ; 0              ; 0                      ; 0                 ; 0                       ; 1                  ; 0                ; 0           ; 0          ; 0                       ; 0                  ; 0         ; 0            ; 1       ;
; S.ASSIGN_RAND_CARD_BUFF  ; 0                ; 0       ; 0      ; 0     ; 0                        ; 0                   ; 0                   ; 0              ; 0                      ; 0                 ; 1                       ; 0                  ; 0                ; 0           ; 0          ; 0                       ; 0                  ; 0         ; 0            ; 1       ;
; S.ASSIGN_RAND_MEM        ; 0                ; 0       ; 0      ; 0     ; 0                        ; 0                   ; 0                   ; 0              ; 0                      ; 1                 ; 0                       ; 0                  ; 0                ; 0           ; 0          ; 0                       ; 0                  ; 0         ; 0            ; 1       ;
; S.ASSIGN_RAND_MEM_BUFF   ; 0                ; 0       ; 0      ; 0     ; 0                        ; 0                   ; 0                   ; 0              ; 1                      ; 0                 ; 0                       ; 0                  ; 0                ; 0           ; 0          ; 0                       ; 0                  ; 0         ; 0            ; 1       ;
; S.SET_IND_ZERO           ; 0                ; 0       ; 0      ; 0     ; 0                        ; 0                   ; 0                   ; 1              ; 0                      ; 0                 ; 0                       ; 0                  ; 0                ; 0           ; 0          ; 0                       ; 0                  ; 0         ; 0            ; 1       ;
; S.SET_IND_ZERO_BUFF      ; 0                ; 0       ; 0      ; 0     ; 0                        ; 0                   ; 1                   ; 0              ; 0                      ; 0                 ; 0                       ; 0                  ; 0                ; 0           ; 0          ; 0                       ; 0                  ; 0         ; 0            ; 1       ;
; S.REASSIGN_ZERO_MEM      ; 0                ; 0       ; 0      ; 0     ; 0                        ; 1                   ; 0                   ; 0              ; 0                      ; 0                 ; 0                       ; 0                  ; 0                ; 0           ; 0          ; 0                       ; 0                  ; 0         ; 0            ; 1       ;
; S.REASSIGN_ZERO_MEM_BUFF ; 0                ; 0       ; 0      ; 0     ; 1                        ; 0                   ; 0                   ; 0              ; 0                      ; 0                 ; 0                       ; 0                  ; 0                ; 0           ; 0          ; 0                       ; 0                  ; 0         ; 0            ; 1       ;
; S.INC                    ; 0                ; 0       ; 0      ; 1     ; 0                        ; 0                   ; 0                   ; 0              ; 0                      ; 0                 ; 0                       ; 0                  ; 0                ; 0           ; 0          ; 0                       ; 0                  ; 0         ; 0            ; 1       ;
; S.DONE                   ; 0                ; 0       ; 1      ; 0     ; 0                        ; 0                   ; 0                   ; 0              ; 0                      ; 0                 ; 0                       ; 0                  ; 0                ; 0           ; 0          ; 0                       ; 0                  ; 0         ; 0            ; 1       ;
; S.ERROR                  ; 0                ; 1       ; 0      ; 0     ; 0                        ; 0                   ; 0                   ; 0              ; 0                      ; 0                 ; 0                       ; 0                  ; 0                ; 0           ; 0          ; 0                       ; 0                  ; 0         ; 0            ; 1       ;
; S.RAND_IND_CHECK         ; 1                ; 0       ; 0      ; 0     ; 0                        ; 0                   ; 0                   ; 0              ; 0                      ; 0                 ; 0                       ; 0                  ; 0                ; 0           ; 0          ; 0                       ; 0                  ; 0         ; 0            ; 1       ;
+--------------------------+------------------+---------+--------+-------+--------------------------+---------------------+---------------------+----------------+------------------------+-------------------+-------------------------+--------------------+------------------+-------------+------------+-------------------------+--------------------+-----------+--------------+---------+


Encoding Type:  One-Hot
+-------------------------------------------------------------------------------------------------------------+
; State Machine - |black_jack|vga_frame_driver:my_frame_driver|wr_id                                          ;
+----------------------------+----------------------+----------------------------+----------------------------+
; Name                       ; wr_id.MEM_INIT_WRITE ; wr_id.MEM_M0_WRITE_M1_READ ; wr_id.MEM_M0_READ_M1_WRITE ;
+----------------------------+----------------------+----------------------------+----------------------------+
; wr_id.MEM_INIT_WRITE       ; 0                    ; 0                          ; 0                          ;
; wr_id.MEM_M0_READ_M1_WRITE ; 1                    ; 0                          ; 1                          ;
; wr_id.MEM_M0_WRITE_M1_READ ; 1                    ; 1                          ; 0                          ;
+----------------------------+----------------------+----------------------------+----------------------------+


Encoding Type:  One-Hot
+--------------------------------------------------------------------------------------------------------+
; State Machine - |black_jack|vga_frame_driver:my_frame_driver|S                                         ;
+------------------+---------------+-----------------+------------------+------------+---------+---------+
; Name             ; S.RFM_DRAWING ; S.RFM_INIT_WAIT ; S.RFM_INIT_START ; S.W2M_DONE ; S.ERROR ; S.START ;
+------------------+---------------+-----------------+------------------+------------+---------+---------+
; S.START          ; 0             ; 0               ; 0                ; 0          ; 0       ; 0       ;
; S.W2M_DONE       ; 0             ; 0               ; 0                ; 1          ; 0       ; 1       ;
; S.RFM_INIT_START ; 0             ; 0               ; 1                ; 0          ; 0       ; 1       ;
; S.RFM_INIT_WAIT  ; 0             ; 1               ; 0                ; 0          ; 0       ; 1       ;
; S.RFM_DRAWING    ; 1             ; 0               ; 0                ; 0          ; 0       ; 1       ;
; S.ERROR          ; 0             ; 0               ; 0                ; 0          ; 1       ; 1       ;
+------------------+---------------+-----------------+------------------+------------+---------+---------+


Encoding Type:  One-Hot
+------------------------------------------------------------------------------------------------------+
; State Machine - |black_jack|asset_controller:my_asset_controller|S                                   ;
+---------------+--------+-------------+---------------+-------------+--------------+--------+---------+
; Name          ; S.DONE ; S.INCREMENT ; S.WRITE_PIXEL ; S.CALC_ADDR ; S.FETCH_WAIT ; S.IDLE ; S.START ;
+---------------+--------+-------------+---------------+-------------+--------------+--------+---------+
; S.START       ; 0      ; 0           ; 0             ; 0           ; 0            ; 0      ; 0       ;
; S.IDLE        ; 0      ; 0           ; 0             ; 0           ; 0            ; 1      ; 1       ;
; S.FETCH_WAIT  ; 0      ; 0           ; 0             ; 0           ; 1            ; 0      ; 1       ;
; S.CALC_ADDR   ; 0      ; 0           ; 0             ; 1           ; 0            ; 0      ; 1       ;
; S.WRITE_PIXEL ; 0      ; 0           ; 1             ; 0           ; 0            ; 0      ; 1       ;
; S.INCREMENT   ; 0      ; 1           ; 0             ; 0           ; 0            ; 0      ; 1       ;
; S.DONE        ; 1      ; 0           ; 0             ; 0           ; 0            ; 0      ; 1       ;
+---------------+--------+-------------+---------------+-------------+--------------+--------+---------+


Encoding Type:  One-Hot
+--------------------------------------------------------------------------------+
; State Machine - |black_jack|debounce_switches:db|debounce:db19|S               ;
+--------------+---------+--------------+--------+-------------+-------+---------+
; Name         ; S.ERROR ; S.MAYBE_ZERO ; S.ZERO ; S.MAYBE_ONE ; S.ONE ; S.START ;
+--------------+---------+--------------+--------+-------------+-------+---------+
; S.START      ; 0       ; 0            ; 0      ; 0           ; 0     ; 0       ;
; S.ONE        ; 0       ; 0            ; 0      ; 0           ; 1     ; 1       ;
; S.MAYBE_ONE  ; 0       ; 0            ; 0      ; 1           ; 0     ; 1       ;
; S.ZERO       ; 0       ; 0            ; 1      ; 0           ; 0     ; 1       ;
; S.MAYBE_ZERO ; 0       ; 1            ; 0      ; 0           ; 0     ; 1       ;
; S.ERROR      ; 1       ; 0            ; 0      ; 0           ; 0     ; 1       ;
+--------------+---------+--------------+--------+-------------+-------+---------+


Encoding Type:  One-Hot
+--------------------------------------------------------------------------------+
; State Machine - |black_jack|debounce_switches:db|debounce:db18|S               ;
+--------------+---------+--------------+--------+-------------+-------+---------+
; Name         ; S.ERROR ; S.MAYBE_ZERO ; S.ZERO ; S.MAYBE_ONE ; S.ONE ; S.START ;
+--------------+---------+--------------+--------+-------------+-------+---------+
; S.START      ; 0       ; 0            ; 0      ; 0           ; 0     ; 0       ;
; S.ONE        ; 0       ; 0            ; 0      ; 0           ; 1     ; 1       ;
; S.MAYBE_ONE  ; 0       ; 0            ; 0      ; 1           ; 0     ; 1       ;
; S.ZERO       ; 0       ; 0            ; 1      ; 0           ; 0     ; 1       ;
; S.MAYBE_ZERO ; 0       ; 1            ; 0      ; 0           ; 0     ; 1       ;
; S.ERROR      ; 1       ; 0            ; 0      ; 0           ; 0     ; 1       ;
+--------------+---------+--------------+--------+-------------+-------+---------+


Encoding Type:  One-Hot
+--------------------------------------------------------------------------------+
; State Machine - |black_jack|debounce_switches:db|debounce:db17|S               ;
+--------------+---------+--------------+--------+-------------+-------+---------+
; Name         ; S.ERROR ; S.MAYBE_ZERO ; S.ZERO ; S.MAYBE_ONE ; S.ONE ; S.START ;
+--------------+---------+--------------+--------+-------------+-------+---------+
; S.START      ; 0       ; 0            ; 0      ; 0           ; 0     ; 0       ;
; S.ONE        ; 0       ; 0            ; 0      ; 0           ; 1     ; 1       ;
; S.MAYBE_ONE  ; 0       ; 0            ; 0      ; 1           ; 0     ; 1       ;
; S.ZERO       ; 0       ; 0            ; 1      ; 0           ; 0     ; 1       ;
; S.MAYBE_ZERO ; 0       ; 1            ; 0      ; 0           ; 0     ; 1       ;
; S.ERROR      ; 1       ; 0            ; 0      ; 0           ; 0     ; 1       ;
+--------------+---------+--------------+--------+-------------+-------+---------+


Encoding Type:  One-Hot
+--------------------------------------------------------------------------------+
; State Machine - |black_jack|debounce_switches:db|debounce:db16|S               ;
+--------------+---------+--------------+--------+-------------+-------+---------+
; Name         ; S.ERROR ; S.MAYBE_ZERO ; S.ZERO ; S.MAYBE_ONE ; S.ONE ; S.START ;
+--------------+---------+--------------+--------+-------------+-------+---------+
; S.START      ; 0       ; 0            ; 0      ; 0           ; 0     ; 0       ;
; S.ONE        ; 0       ; 0            ; 0      ; 0           ; 1     ; 1       ;
; S.MAYBE_ONE  ; 0       ; 0            ; 0      ; 1           ; 0     ; 1       ;
; S.ZERO       ; 0       ; 0            ; 1      ; 0           ; 0     ; 1       ;
; S.MAYBE_ZERO ; 0       ; 1            ; 0      ; 0           ; 0     ; 1       ;
; S.ERROR      ; 1       ; 0            ; 0      ; 0           ; 0     ; 1       ;
+--------------+---------+--------------+--------+-------------+-------+---------+


Encoding Type:  One-Hot
+--------------------------------------------------------------------------------+
; State Machine - |black_jack|debounce_switches:db|debounce:db15|S               ;
+--------------+---------+--------------+--------+-------------+-------+---------+
; Name         ; S.ERROR ; S.MAYBE_ZERO ; S.ZERO ; S.MAYBE_ONE ; S.ONE ; S.START ;
+--------------+---------+--------------+--------+-------------+-------+---------+
; S.START      ; 0       ; 0            ; 0      ; 0           ; 0     ; 0       ;
; S.ONE        ; 0       ; 0            ; 0      ; 0           ; 1     ; 1       ;
; S.MAYBE_ONE  ; 0       ; 0            ; 0      ; 1           ; 0     ; 1       ;
; S.ZERO       ; 0       ; 0            ; 1      ; 0           ; 0     ; 1       ;
; S.MAYBE_ZERO ; 0       ; 1            ; 0      ; 0           ; 0     ; 1       ;
; S.ERROR      ; 1       ; 0            ; 0      ; 0           ; 0     ; 1       ;
+--------------+---------+--------------+--------+-------------+-------+---------+


Encoding Type:  One-Hot
+--------------------------------------------------------------------------------+
; State Machine - |black_jack|debounce_switches:db|debounce:db14|S               ;
+--------------+---------+--------------+--------+-------------+-------+---------+
; Name         ; S.ERROR ; S.MAYBE_ZERO ; S.ZERO ; S.MAYBE_ONE ; S.ONE ; S.START ;
+--------------+---------+--------------+--------+-------------+-------+---------+
; S.START      ; 0       ; 0            ; 0      ; 0           ; 0     ; 0       ;
; S.ONE        ; 0       ; 0            ; 0      ; 0           ; 1     ; 1       ;
; S.MAYBE_ONE  ; 0       ; 0            ; 0      ; 1           ; 0     ; 1       ;
; S.ZERO       ; 0       ; 0            ; 1      ; 0           ; 0     ; 1       ;
; S.MAYBE_ZERO ; 0       ; 1            ; 0      ; 0           ; 0     ; 1       ;
; S.ERROR      ; 1       ; 0            ; 0      ; 0           ; 0     ; 1       ;
+--------------+---------+--------------+--------+-------------+-------+---------+


Encoding Type:  One-Hot
+--------------------------------------------------------------------------------+
; State Machine - |black_jack|debounce_switches:db|debounce:db13|S               ;
+--------------+---------+--------------+--------+-------------+-------+---------+
; Name         ; S.ERROR ; S.MAYBE_ZERO ; S.ZERO ; S.MAYBE_ONE ; S.ONE ; S.START ;
+--------------+---------+--------------+--------+-------------+-------+---------+
; S.START      ; 0       ; 0            ; 0      ; 0           ; 0     ; 0       ;
; S.ONE        ; 0       ; 0            ; 0      ; 0           ; 1     ; 1       ;
; S.MAYBE_ONE  ; 0       ; 0            ; 0      ; 1           ; 0     ; 1       ;
; S.ZERO       ; 0       ; 0            ; 1      ; 0           ; 0     ; 1       ;
; S.MAYBE_ZERO ; 0       ; 1            ; 0      ; 0           ; 0     ; 1       ;
; S.ERROR      ; 1       ; 0            ; 0      ; 0           ; 0     ; 1       ;
+--------------+---------+--------------+--------+-------------+-------+---------+


Encoding Type:  One-Hot
+--------------------------------------------------------------------------------+
; State Machine - |black_jack|debounce_switches:db|debounce:db12|S               ;
+--------------+---------+--------------+--------+-------------+-------+---------+
; Name         ; S.ERROR ; S.MAYBE_ZERO ; S.ZERO ; S.MAYBE_ONE ; S.ONE ; S.START ;
+--------------+---------+--------------+--------+-------------+-------+---------+
; S.START      ; 0       ; 0            ; 0      ; 0           ; 0     ; 0       ;
; S.ONE        ; 0       ; 0            ; 0      ; 0           ; 1     ; 1       ;
; S.MAYBE_ONE  ; 0       ; 0            ; 0      ; 1           ; 0     ; 1       ;
; S.ZERO       ; 0       ; 0            ; 1      ; 0           ; 0     ; 1       ;
; S.MAYBE_ZERO ; 0       ; 1            ; 0      ; 0           ; 0     ; 1       ;
; S.ERROR      ; 1       ; 0            ; 0      ; 0           ; 0     ; 1       ;
+--------------+---------+--------------+--------+-------------+-------+---------+


Encoding Type:  One-Hot
+--------------------------------------------------------------------------------+
; State Machine - |black_jack|debounce_switches:db|debounce:db11|S               ;
+--------------+---------+--------------+--------+-------------+-------+---------+
; Name         ; S.ERROR ; S.MAYBE_ZERO ; S.ZERO ; S.MAYBE_ONE ; S.ONE ; S.START ;
+--------------+---------+--------------+--------+-------------+-------+---------+
; S.START      ; 0       ; 0            ; 0      ; 0           ; 0     ; 0       ;
; S.ONE        ; 0       ; 0            ; 0      ; 0           ; 1     ; 1       ;
; S.MAYBE_ONE  ; 0       ; 0            ; 0      ; 1           ; 0     ; 1       ;
; S.ZERO       ; 0       ; 0            ; 1      ; 0           ; 0     ; 1       ;
; S.MAYBE_ZERO ; 0       ; 1            ; 0      ; 0           ; 0     ; 1       ;
; S.ERROR      ; 1       ; 0            ; 0      ; 0           ; 0     ; 1       ;
+--------------+---------+--------------+--------+-------------+-------+---------+


Encoding Type:  One-Hot
+--------------------------------------------------------------------------------+
; State Machine - |black_jack|debounce_switches:db|debounce:db10|S               ;
+--------------+---------+--------------+--------+-------------+-------+---------+
; Name         ; S.ERROR ; S.MAYBE_ZERO ; S.ZERO ; S.MAYBE_ONE ; S.ONE ; S.START ;
+--------------+---------+--------------+--------+-------------+-------+---------+
; S.START      ; 0       ; 0            ; 0      ; 0           ; 0     ; 0       ;
; S.ONE        ; 0       ; 0            ; 0      ; 0           ; 1     ; 1       ;
; S.MAYBE_ONE  ; 0       ; 0            ; 0      ; 1           ; 0     ; 1       ;
; S.ZERO       ; 0       ; 0            ; 1      ; 0           ; 0     ; 1       ;
; S.MAYBE_ZERO ; 0       ; 1            ; 0      ; 0           ; 0     ; 1       ;
; S.ERROR      ; 1       ; 0            ; 0      ; 0           ; 0     ; 1       ;
+--------------+---------+--------------+--------+-------------+-------+---------+


Encoding Type:  One-Hot
+--------------------------------------------------------------------------------+
; State Machine - |black_jack|debounce_switches:db|debounce:db7|S                ;
+--------------+---------+--------------+--------+-------------+-------+---------+
; Name         ; S.ERROR ; S.MAYBE_ZERO ; S.ZERO ; S.MAYBE_ONE ; S.ONE ; S.START ;
+--------------+---------+--------------+--------+-------------+-------+---------+
; S.START      ; 0       ; 0            ; 0      ; 0           ; 0     ; 0       ;
; S.ONE        ; 0       ; 0            ; 0      ; 0           ; 1     ; 1       ;
; S.MAYBE_ONE  ; 0       ; 0            ; 0      ; 1           ; 0     ; 1       ;
; S.ZERO       ; 0       ; 0            ; 1      ; 0           ; 0     ; 1       ;
; S.MAYBE_ZERO ; 0       ; 1            ; 0      ; 0           ; 0     ; 1       ;
; S.ERROR      ; 1       ; 0            ; 0      ; 0           ; 0     ; 1       ;
+--------------+---------+--------------+--------+-------------+-------+---------+


Encoding Type:  One-Hot
+--------------------------------------------------------------------------------+
; State Machine - |black_jack|debounce_switches:db|debounce:db6|S                ;
+--------------+---------+--------------+--------+-------------+-------+---------+
; Name         ; S.ERROR ; S.MAYBE_ZERO ; S.ZERO ; S.MAYBE_ONE ; S.ONE ; S.START ;
+--------------+---------+--------------+--------+-------------+-------+---------+
; S.START      ; 0       ; 0            ; 0      ; 0           ; 0     ; 0       ;
; S.ONE        ; 0       ; 0            ; 0      ; 0           ; 1     ; 1       ;
; S.MAYBE_ONE  ; 0       ; 0            ; 0      ; 1           ; 0     ; 1       ;
; S.ZERO       ; 0       ; 0            ; 1      ; 0           ; 0     ; 1       ;
; S.MAYBE_ZERO ; 0       ; 1            ; 0      ; 0           ; 0     ; 1       ;
; S.ERROR      ; 1       ; 0            ; 0      ; 0           ; 0     ; 1       ;
+--------------+---------+--------------+--------+-------------+-------+---------+


Encoding Type:  One-Hot
+--------------------------------------------------------------------------------+
; State Machine - |black_jack|debounce_switches:db|debounce:db5|S                ;
+--------------+---------+--------------+--------+-------------+-------+---------+
; Name         ; S.ERROR ; S.MAYBE_ZERO ; S.ZERO ; S.MAYBE_ONE ; S.ONE ; S.START ;
+--------------+---------+--------------+--------+-------------+-------+---------+
; S.START      ; 0       ; 0            ; 0      ; 0           ; 0     ; 0       ;
; S.ONE        ; 0       ; 0            ; 0      ; 0           ; 1     ; 1       ;
; S.MAYBE_ONE  ; 0       ; 0            ; 0      ; 1           ; 0     ; 1       ;
; S.ZERO       ; 0       ; 0            ; 1      ; 0           ; 0     ; 1       ;
; S.MAYBE_ZERO ; 0       ; 1            ; 0      ; 0           ; 0     ; 1       ;
; S.ERROR      ; 1       ; 0            ; 0      ; 0           ; 0     ; 1       ;
+--------------+---------+--------------+--------+-------------+-------+---------+


Encoding Type:  One-Hot
+--------------------------------------------------------------------------------+
; State Machine - |black_jack|debounce_switches:db|debounce:db4|S                ;
+--------------+---------+--------------+--------+-------------+-------+---------+
; Name         ; S.ERROR ; S.MAYBE_ZERO ; S.ZERO ; S.MAYBE_ONE ; S.ONE ; S.START ;
+--------------+---------+--------------+--------+-------------+-------+---------+
; S.START      ; 0       ; 0            ; 0      ; 0           ; 0     ; 0       ;
; S.ONE        ; 0       ; 0            ; 0      ; 0           ; 1     ; 1       ;
; S.MAYBE_ONE  ; 0       ; 0            ; 0      ; 1           ; 0     ; 1       ;
; S.ZERO       ; 0       ; 0            ; 1      ; 0           ; 0     ; 1       ;
; S.MAYBE_ZERO ; 0       ; 1            ; 0      ; 0           ; 0     ; 1       ;
; S.ERROR      ; 1       ; 0            ; 0      ; 0           ; 0     ; 1       ;
+--------------+---------+--------------+--------+-------------+-------+---------+


Encoding Type:  One-Hot
+--------------------------------------------------------------------------------+
; State Machine - |black_jack|debounce_switches:db|debounce:db3|S                ;
+--------------+---------+--------------+--------+-------------+-------+---------+
; Name         ; S.ERROR ; S.MAYBE_ZERO ; S.ZERO ; S.MAYBE_ONE ; S.ONE ; S.START ;
+--------------+---------+--------------+--------+-------------+-------+---------+
; S.START      ; 0       ; 0            ; 0      ; 0           ; 0     ; 0       ;
; S.ONE        ; 0       ; 0            ; 0      ; 0           ; 1     ; 1       ;
; S.MAYBE_ONE  ; 0       ; 0            ; 0      ; 1           ; 0     ; 1       ;
; S.ZERO       ; 0       ; 0            ; 1      ; 0           ; 0     ; 1       ;
; S.MAYBE_ZERO ; 0       ; 1            ; 0      ; 0           ; 0     ; 1       ;
; S.ERROR      ; 1       ; 0            ; 0      ; 0           ; 0     ; 1       ;
+--------------+---------+--------------+--------+-------------+-------+---------+


Encoding Type:  One-Hot
+--------------------------------------------------------------------------------+
; State Machine - |black_jack|debounce_switches:db|debounce:db2|S                ;
+--------------+---------+--------------+--------+-------------+-------+---------+
; Name         ; S.ERROR ; S.MAYBE_ZERO ; S.ZERO ; S.MAYBE_ONE ; S.ONE ; S.START ;
+--------------+---------+--------------+--------+-------------+-------+---------+
; S.START      ; 0       ; 0            ; 0      ; 0           ; 0     ; 0       ;
; S.ONE        ; 0       ; 0            ; 0      ; 0           ; 1     ; 1       ;
; S.MAYBE_ONE  ; 0       ; 0            ; 0      ; 1           ; 0     ; 1       ;
; S.ZERO       ; 0       ; 0            ; 1      ; 0           ; 0     ; 1       ;
; S.MAYBE_ZERO ; 0       ; 1            ; 0      ; 0           ; 0     ; 1       ;
; S.ERROR      ; 1       ; 0            ; 0      ; 0           ; 0     ; 1       ;
+--------------+---------+--------------+--------+-------------+-------+---------+


Encoding Type:  One-Hot
+--------------------------------------------------------------------------------+
; State Machine - |black_jack|debounce_switches:db|debounce:db1|S                ;
+--------------+---------+--------------+--------+-------------+-------+---------+
; Name         ; S.ERROR ; S.MAYBE_ZERO ; S.ZERO ; S.MAYBE_ONE ; S.ONE ; S.START ;
+--------------+---------+--------------+--------+-------------+-------+---------+
; S.START      ; 0       ; 0            ; 0      ; 0           ; 0     ; 0       ;
; S.ONE        ; 0       ; 0            ; 0      ; 0           ; 1     ; 1       ;
; S.MAYBE_ONE  ; 0       ; 0            ; 0      ; 1           ; 0     ; 1       ;
; S.ZERO       ; 0       ; 0            ; 1      ; 0           ; 0     ; 1       ;
; S.MAYBE_ZERO ; 0       ; 1            ; 0      ; 0           ; 0     ; 1       ;
; S.ERROR      ; 1       ; 0            ; 0      ; 0           ; 0     ; 1       ;
+--------------+---------+--------------+--------+-------------+-------+---------+


Encoding Type:  One-Hot
+--------------------------------------------------------------------------------+
; State Machine - |black_jack|debounce_switches:db|debounce:db0|S                ;
+--------------+---------+--------------+--------+-------------+-------+---------+
; Name         ; S.ERROR ; S.MAYBE_ZERO ; S.ZERO ; S.MAYBE_ONE ; S.ONE ; S.START ;
+--------------+---------+--------------+--------+-------------+-------+---------+
; S.START      ; 0       ; 0            ; 0      ; 0           ; 0     ; 0       ;
; S.ONE        ; 0       ; 0            ; 0      ; 0           ; 1     ; 1       ;
; S.MAYBE_ONE  ; 0       ; 0            ; 0      ; 1           ; 0     ; 1       ;
; S.ZERO       ; 0       ; 0            ; 1      ; 0           ; 0     ; 1       ;
; S.MAYBE_ZERO ; 0       ; 1            ; 0      ; 0           ; 0     ; 1       ;
; S.ERROR      ; 1       ; 0            ; 0      ; 0           ; 0     ; 1       ;
+--------------+---------+--------------+--------+-------------+-------+---------+


+----------------------------------------------------------------------------------------------------------------------------------------+
; User-Specified and Inferred Latches                                                                                                    ;
+-------------------------------------------------------+-------------------------------------------------------+------------------------+
; Latch Name                                            ; Latch Enable Signal                                   ; Free of Timing Hazards ;
+-------------------------------------------------------+-------------------------------------------------------+------------------------+
; NS[0]                                                 ; Mux12                                                 ; yes                    ;
; NS[1]                                                 ; Mux12                                                 ; yes                    ;
; NS[2]                                                 ; Mux12                                                 ; yes                    ;
; NS[3]                                                 ; Mux12                                                 ; yes                    ;
; NS[4]                                                 ; Mux12                                                 ; yes                    ;
; NS[5]                                                 ; Mux12                                                 ; yes                    ;
; wren                                                  ; WideOr0                                               ; yes                    ;
; deck_write_data[0]                                    ; WideOr0                                               ; yes                    ;
; deck_index[0]                                         ; WideOr2                                               ; yes                    ;
; deck_index[1]                                         ; WideOr2                                               ; yes                    ;
; deck_index[2]                                         ; WideOr2                                               ; yes                    ;
; deck_index[3]                                         ; WideOr2                                               ; yes                    ;
; deck_index[4]                                         ; WideOr2                                               ; yes                    ;
; deck_index[5]                                         ; WideOr2                                               ; yes                    ;
; deck_write_data[1]                                    ; WideOr0                                               ; yes                    ;
; deck_write_data[2]                                    ; WideOr0                                               ; yes                    ;
; deck_write_data[3]                                    ; WideOr0                                               ; yes                    ;
; deck_write_data[4]                                    ; WideOr0                                               ; yes                    ;
; deck_write_data[5]                                    ; WideOr0                                               ; yes                    ;
; asset_controller:my_asset_controller|asset_out[0]     ; asset_controller:my_asset_controller|asset_out[0]     ; yes                    ;
; asset_controller:my_asset_controller|asset_out[1]     ; asset_controller:my_asset_controller|asset_out[0]     ; yes                    ;
; asset_controller:my_asset_controller|asset_out[2]     ; asset_controller:my_asset_controller|asset_out[0]     ; yes                    ;
; asset_controller:my_asset_controller|asset_out[3]     ; asset_controller:my_asset_controller|asset_out[0]     ; yes                    ;
; asset_controller:my_asset_controller|asset_out[4]     ; asset_controller:my_asset_controller|asset_out[0]     ; yes                    ;
; asset_controller:my_asset_controller|asset_out[5]     ; asset_controller:my_asset_controller|asset_out[0]     ; yes                    ;
; asset_controller:my_asset_controller|asset_out[6]     ; asset_controller:my_asset_controller|asset_out[0]     ; yes                    ;
; asset_controller:my_asset_controller|asset_out[7]     ; asset_controller:my_asset_controller|asset_out[0]     ; yes                    ;
; asset_controller:my_asset_controller|asset_out[8]     ; asset_controller:my_asset_controller|asset_out[0]     ; yes                    ;
; asset_controller:my_asset_controller|asset_out[9]     ; asset_controller:my_asset_controller|asset_out[0]     ; yes                    ;
; asset_controller:my_asset_controller|asset_out[10]    ; asset_controller:my_asset_controller|asset_out[0]     ; yes                    ;
; asset_controller:my_asset_controller|asset_out[11]    ; asset_controller:my_asset_controller|asset_out[0]     ; yes                    ;
; asset_controller:my_asset_controller|asset_out[12]    ; asset_controller:my_asset_controller|asset_out[0]     ; yes                    ;
; asset_controller:my_asset_controller|asset_out[13]    ; asset_controller:my_asset_controller|asset_out[0]     ; yes                    ;
; asset_controller:my_asset_controller|asset_out[14]    ; asset_controller:my_asset_controller|asset_out[0]     ; yes                    ;
; asset_controller:my_asset_controller|asset_out[15]    ; asset_controller:my_asset_controller|asset_out[0]     ; yes                    ;
; asset_controller:my_asset_controller|asset_out[16]    ; asset_controller:my_asset_controller|asset_out[0]     ; yes                    ;
; asset_controller:my_asset_controller|asset_out[17]    ; asset_controller:my_asset_controller|asset_out[0]     ; yes                    ;
; asset_controller:my_asset_controller|asset_out[18]    ; asset_controller:my_asset_controller|asset_out[0]     ; yes                    ;
; asset_controller:my_asset_controller|asset_out[19]    ; asset_controller:my_asset_controller|asset_out[0]     ; yes                    ;
; asset_controller:my_asset_controller|asset_out[20]    ; asset_controller:my_asset_controller|asset_out[0]     ; yes                    ;
; asset_controller:my_asset_controller|asset_out[21]    ; asset_controller:my_asset_controller|asset_out[0]     ; yes                    ;
; asset_controller:my_asset_controller|asset_out[22]    ; asset_controller:my_asset_controller|asset_out[0]     ; yes                    ;
; asset_controller:my_asset_controller|asset_out[23]    ; asset_controller:my_asset_controller|asset_out[0]     ; yes                    ;
; asset_controller:my_asset_controller|index_replace[0] ; asset_controller:my_asset_controller|index_replace[0] ; yes                    ;
; asset_controller:my_asset_controller|index_replace[1] ; asset_controller:my_asset_controller|index_replace[0] ; yes                    ;
; asset_controller:my_asset_controller|index_replace[2] ; asset_controller:my_asset_controller|index_replace[0] ; yes                    ;
; asset_controller:my_asset_controller|index_replace[3] ; asset_controller:my_asset_controller|index_replace[0] ; yes                    ;
; asset_controller:my_asset_controller|index_replace[4] ; asset_controller:my_asset_controller|index_replace[0] ; yes                    ;
; asset_controller:my_asset_controller|index_replace[5] ; asset_controller:my_asset_controller|index_replace[0] ; yes                    ;
; asset_controller:my_asset_controller|index_replace[6] ; asset_controller:my_asset_controller|index_replace[0] ; yes                    ;
; asset_controller:my_asset_controller|index_replace[7] ; asset_controller:my_asset_controller|index_replace[0] ; yes                    ;
; asset_controller:my_asset_controller|index_replace[8] ; asset_controller:my_asset_controller|index_replace[0] ; yes                    ;
; asset_controller:my_asset_controller|index_rank[0]    ; asset_controller:my_asset_controller|index_rank[0]    ; yes                    ;
; asset_controller:my_asset_controller|index_rank[1]    ; asset_controller:my_asset_controller|index_rank[0]    ; yes                    ;
; asset_controller:my_asset_controller|index_rank[2]    ; asset_controller:my_asset_controller|index_rank[0]    ; yes                    ;
; asset_controller:my_asset_controller|index_rank[3]    ; asset_controller:my_asset_controller|index_rank[0]    ; yes                    ;
; asset_controller:my_asset_controller|index_rank[4]    ; asset_controller:my_asset_controller|index_rank[0]    ; yes                    ;
; asset_controller:my_asset_controller|index_rank[5]    ; asset_controller:my_asset_controller|index_rank[0]    ; yes                    ;
; asset_controller:my_asset_controller|index_rank[6]    ; asset_controller:my_asset_controller|index_rank[0]    ; yes                    ;
; asset_controller:my_asset_controller|index_rank[7]    ; asset_controller:my_asset_controller|index_rank[0]    ; yes                    ;
; asset_controller:my_asset_controller|index_rank[8]    ; asset_controller:my_asset_controller|index_rank[0]    ; yes                    ;
; asset_controller:my_asset_controller|index_card[0]    ; cardP_en                                              ; yes                    ;
; asset_controller:my_asset_controller|index_card[1]    ; cardP_en                                              ; yes                    ;
; asset_controller:my_asset_controller|index_card[2]    ; cardP_en                                              ; yes                    ;
; asset_controller:my_asset_controller|index_card[3]    ; cardP_en                                              ; yes                    ;
; asset_controller:my_asset_controller|index_card[4]    ; cardP_en                                              ; yes                    ;
; asset_controller:my_asset_controller|index_card[5]    ; cardP_en                                              ; yes                    ;
; asset_controller:my_asset_controller|index_card[6]    ; cardP_en                                              ; yes                    ;
; asset_controller:my_asset_controller|index_card[7]    ; cardP_en                                              ; yes                    ;
; asset_controller:my_asset_controller|index_card[8]    ; cardP_en                                              ; yes                    ;
; asset_controller:my_asset_controller|index_suit[0]    ; asset_controller:my_asset_controller|index_suit[0]    ; yes                    ;
; asset_controller:my_asset_controller|index_suit[1]    ; asset_controller:my_asset_controller|index_suit[0]    ; yes                    ;
; asset_controller:my_asset_controller|index_suit[2]    ; asset_controller:my_asset_controller|index_suit[0]    ; yes                    ;
; asset_controller:my_asset_controller|index_suit[3]    ; asset_controller:my_asset_controller|index_suit[0]    ; yes                    ;
; asset_controller:my_asset_controller|index_suit[4]    ; asset_controller:my_asset_controller|index_suit[0]    ; yes                    ;
; asset_controller:my_asset_controller|index_suit[5]    ; asset_controller:my_asset_controller|index_suit[0]    ; yes                    ;
; asset_controller:my_asset_controller|index_suit[6]    ; asset_controller:my_asset_controller|index_suit[0]    ; yes                    ;
; asset_controller:my_asset_controller|index_suit[7]    ; asset_controller:my_asset_controller|index_suit[0]    ; yes                    ;
; asset_controller:my_asset_controller|index_suit[8]    ; asset_controller:my_asset_controller|index_suit[0]    ; yes                    ;
; Number of user-specified and inferred latches = 79    ;                                                       ;                        ;
+-------------------------------------------------------+-------------------------------------------------------+------------------------+
Note: All latches listed above may not be present at the end of synthesis due to various synthesis optimizations.


+------------------------------------------------------------------------------------------------------------------------------------------------------------------------------------------------------------------+
; Registers Removed During Synthesis                                                                                                                                                                               ;
+-------------------------------------------------------------------------------------------------------------------------------------------------------+----------------------------------------------------------+
; Register name                                                                                                                                         ; Reason for Removal                                       ;
+-------------------------------------------------------------------------------------------------------------------------------------------------------+----------------------------------------------------------+
; asset_x[4,6,8]                                                                                                                                        ; Stuck at GND due to stuck port data_in                   ;
; asset_y[7,8]                                                                                                                                          ; Stuck at GND due to stuck port data_in                   ;
; asset_controller:my_asset_controller|replace_background:replacement|altsyncram:altsyncram_component|altsyncram_lbh1:auto_generated|address_reg_a[0,1] ; Stuck at GND due to stuck port data_in                   ;
; cardD_en                                                                                                                                              ; Stuck at GND due to stuck port data_in                   ;
; chipP_en                                                                                                                                              ; Stuck at GND due to stuck port data_in                   ;
; chipD_en                                                                                                                                              ; Stuck at GND due to stuck port data_in                   ;
; suitD_en                                                                                                                                              ; Stuck at GND due to stuck port data_in                   ;
; rankD_en                                                                                                                                              ; Stuck at GND due to stuck port data_in                   ;
; asset_x[7]                                                                                                                                            ; Merged with asset_x[5]                                   ;
; asset_y[5,6]                                                                                                                                          ; Merged with asset_x[5]                                   ;
; asset_y[1]                                                                                                                                            ; Merged with asset_x[3]                                   ;
; target_x[8,9]                                                                                                                                         ; Merged with target_x[7]                                  ;
; target_y[7..9]                                                                                                                                        ; Merged with target_x[7]                                  ;
; asset_x[2]                                                                                                                                            ; Merged with asset_x[0]                                   ;
; target_x[7]                                                                                                                                           ; Stuck at GND due to stuck port data_in                   ;
; debounce_switches:db|debounce:db19|S.MAYBE_ONE                                                                                                        ; Lost fanout                                              ;
; debounce_switches:db|debounce:db18|S.MAYBE_ONE                                                                                                        ; Lost fanout                                              ;
; debounce_switches:db|debounce:db17|S.MAYBE_ONE                                                                                                        ; Lost fanout                                              ;
; debounce_switches:db|debounce:db16|S.MAYBE_ONE                                                                                                        ; Lost fanout                                              ;
; debounce_switches:db|debounce:db15|S.MAYBE_ONE                                                                                                        ; Lost fanout                                              ;
; debounce_switches:db|debounce:db14|S.MAYBE_ONE                                                                                                        ; Lost fanout                                              ;
; debounce_switches:db|debounce:db13|S.MAYBE_ONE                                                                                                        ; Lost fanout                                              ;
; debounce_switches:db|debounce:db12|S.MAYBE_ONE                                                                                                        ; Lost fanout                                              ;
; debounce_switches:db|debounce:db19|S.START                                                                                                            ; Lost fanout                                              ;
; debounce_switches:db|debounce:db19|S.ZERO                                                                                                             ; Lost fanout                                              ;
; debounce_switches:db|debounce:db18|S.START                                                                                                            ; Lost fanout                                              ;
; debounce_switches:db|debounce:db18|S.ZERO                                                                                                             ; Lost fanout                                              ;
; debounce_switches:db|debounce:db17|S.START                                                                                                            ; Lost fanout                                              ;
; debounce_switches:db|debounce:db17|S.ZERO                                                                                                             ; Lost fanout                                              ;
; debounce_switches:db|debounce:db16|S.START                                                                                                            ; Lost fanout                                              ;
; debounce_switches:db|debounce:db16|S.ZERO                                                                                                             ; Lost fanout                                              ;
; debounce_switches:db|debounce:db15|S.START                                                                                                            ; Lost fanout                                              ;
; debounce_switches:db|debounce:db15|S.ZERO                                                                                                             ; Lost fanout                                              ;
; debounce_switches:db|debounce:db14|S.START                                                                                                            ; Lost fanout                                              ;
; debounce_switches:db|debounce:db14|S.ZERO                                                                                                             ; Lost fanout                                              ;
; debounce_switches:db|debounce:db13|S.START                                                                                                            ; Lost fanout                                              ;
; debounce_switches:db|debounce:db13|S.ZERO                                                                                                             ; Lost fanout                                              ;
; debounce_switches:db|debounce:db12|S.START                                                                                                            ; Lost fanout                                              ;
; debounce_switches:db|debounce:db12|S.ZERO                                                                                                             ; Lost fanout                                              ;
; shuffle_deck_v2:my_deck_v2|S~4                                                                                                                        ; Lost fanout                                              ;
; shuffle_deck_v2:my_deck_v2|S~5                                                                                                                        ; Lost fanout                                              ;
; shuffle_deck_v2:my_deck_v2|S~6                                                                                                                        ; Lost fanout                                              ;
; shuffle_deck_v2:my_deck_v2|S~7                                                                                                                        ; Lost fanout                                              ;
; shuffle_deck_v2:my_deck_v2|S~8                                                                                                                        ; Lost fanout                                              ;
; vga_frame_driver:my_frame_driver|S~4                                                                                                                  ; Lost fanout                                              ;
; vga_frame_driver:my_frame_driver|S~5                                                                                                                  ; Lost fanout                                              ;
; vga_frame_driver:my_frame_driver|S~8                                                                                                                  ; Lost fanout                                              ;
; vga_frame_driver:my_frame_driver|S~9                                                                                                                  ; Lost fanout                                              ;
; vga_frame_driver:my_frame_driver|S~10                                                                                                                 ; Lost fanout                                              ;
; vga_frame_driver:my_frame_driver|S~11                                                                                                                 ; Lost fanout                                              ;
; asset_controller:my_asset_controller|S~4                                                                                                              ; Lost fanout                                              ;
; asset_controller:my_asset_controller|S~5                                                                                                              ; Lost fanout                                              ;
; asset_controller:my_asset_controller|S~6                                                                                                              ; Lost fanout                                              ;
; asset_controller:my_asset_controller|S~7                                                                                                              ; Lost fanout                                              ;
; debounce_switches:db|debounce:db19|S~4                                                                                                                ; Lost fanout                                              ;
; debounce_switches:db|debounce:db19|S~5                                                                                                                ; Lost fanout                                              ;
; debounce_switches:db|debounce:db19|S~6                                                                                                                ; Lost fanout                                              ;
; debounce_switches:db|debounce:db18|S~4                                                                                                                ; Lost fanout                                              ;
; debounce_switches:db|debounce:db18|S~5                                                                                                                ; Lost fanout                                              ;
; debounce_switches:db|debounce:db18|S~6                                                                                                                ; Lost fanout                                              ;
; debounce_switches:db|debounce:db17|S~4                                                                                                                ; Lost fanout                                              ;
; debounce_switches:db|debounce:db17|S~5                                                                                                                ; Lost fanout                                              ;
; debounce_switches:db|debounce:db17|S~6                                                                                                                ; Lost fanout                                              ;
; debounce_switches:db|debounce:db16|S~4                                                                                                                ; Lost fanout                                              ;
; debounce_switches:db|debounce:db16|S~5                                                                                                                ; Lost fanout                                              ;
; debounce_switches:db|debounce:db16|S~6                                                                                                                ; Lost fanout                                              ;
; debounce_switches:db|debounce:db15|S~4                                                                                                                ; Lost fanout                                              ;
; debounce_switches:db|debounce:db15|S~5                                                                                                                ; Lost fanout                                              ;
; debounce_switches:db|debounce:db15|S~6                                                                                                                ; Lost fanout                                              ;
; debounce_switches:db|debounce:db14|S~4                                                                                                                ; Lost fanout                                              ;
; debounce_switches:db|debounce:db14|S~5                                                                                                                ; Lost fanout                                              ;
; debounce_switches:db|debounce:db14|S~6                                                                                                                ; Lost fanout                                              ;
; debounce_switches:db|debounce:db13|S~4                                                                                                                ; Lost fanout                                              ;
; debounce_switches:db|debounce:db13|S~5                                                                                                                ; Lost fanout                                              ;
; debounce_switches:db|debounce:db13|S~6                                                                                                                ; Lost fanout                                              ;
; debounce_switches:db|debounce:db12|S~4                                                                                                                ; Lost fanout                                              ;
; debounce_switches:db|debounce:db12|S~5                                                                                                                ; Lost fanout                                              ;
; debounce_switches:db|debounce:db12|S~6                                                                                                                ; Lost fanout                                              ;
; debounce_switches:db|debounce:db11|S~4                                                                                                                ; Lost fanout                                              ;
; debounce_switches:db|debounce:db11|S~5                                                                                                                ; Lost fanout                                              ;
; debounce_switches:db|debounce:db11|S~6                                                                                                                ; Lost fanout                                              ;
; debounce_switches:db|debounce:db10|S~4                                                                                                                ; Lost fanout                                              ;
; debounce_switches:db|debounce:db10|S~5                                                                                                                ; Lost fanout                                              ;
; debounce_switches:db|debounce:db10|S~6                                                                                                                ; Lost fanout                                              ;
; debounce_switches:db|debounce:db7|S~4                                                                                                                 ; Lost fanout                                              ;
; debounce_switches:db|debounce:db7|S~5                                                                                                                 ; Lost fanout                                              ;
; debounce_switches:db|debounce:db7|S~6                                                                                                                 ; Lost fanout                                              ;
; debounce_switches:db|debounce:db6|S~4                                                                                                                 ; Lost fanout                                              ;
; debounce_switches:db|debounce:db6|S~5                                                                                                                 ; Lost fanout                                              ;
; debounce_switches:db|debounce:db6|S~6                                                                                                                 ; Lost fanout                                              ;
; debounce_switches:db|debounce:db5|S~4                                                                                                                 ; Lost fanout                                              ;
; debounce_switches:db|debounce:db5|S~5                                                                                                                 ; Lost fanout                                              ;
; debounce_switches:db|debounce:db5|S~6                                                                                                                 ; Lost fanout                                              ;
; debounce_switches:db|debounce:db4|S~4                                                                                                                 ; Lost fanout                                              ;
; debounce_switches:db|debounce:db4|S~5                                                                                                                 ; Lost fanout                                              ;
; debounce_switches:db|debounce:db4|S~6                                                                                                                 ; Lost fanout                                              ;
; debounce_switches:db|debounce:db3|S~4                                                                                                                 ; Lost fanout                                              ;
; debounce_switches:db|debounce:db3|S~5                                                                                                                 ; Lost fanout                                              ;
; debounce_switches:db|debounce:db3|S~6                                                                                                                 ; Lost fanout                                              ;
; debounce_switches:db|debounce:db2|S~4                                                                                                                 ; Lost fanout                                              ;
; debounce_switches:db|debounce:db2|S~5                                                                                                                 ; Lost fanout                                              ;
; debounce_switches:db|debounce:db2|S~6                                                                                                                 ; Lost fanout                                              ;
; debounce_switches:db|debounce:db1|S~4                                                                                                                 ; Lost fanout                                              ;
; debounce_switches:db|debounce:db1|S~5                                                                                                                 ; Lost fanout                                              ;
; debounce_switches:db|debounce:db1|S~6                                                                                                                 ; Lost fanout                                              ;
; debounce_switches:db|debounce:db0|S~4                                                                                                                 ; Lost fanout                                              ;
; debounce_switches:db|debounce:db0|S~5                                                                                                                 ; Lost fanout                                              ;
; debounce_switches:db|debounce:db0|S~6                                                                                                                 ; Lost fanout                                              ;
; debounce_switches:db|debounce:db19|count[0..7]                                                                                                        ; Lost fanout                                              ;
; debounce_switches:db|debounce:db18|count[0..7]                                                                                                        ; Lost fanout                                              ;
; debounce_switches:db|debounce:db17|count[0..7]                                                                                                        ; Lost fanout                                              ;
; debounce_switches:db|debounce:db16|count[0..7]                                                                                                        ; Lost fanout                                              ;
; debounce_switches:db|debounce:db15|count[0..7]                                                                                                        ; Lost fanout                                              ;
; debounce_switches:db|debounce:db14|count[0..7]                                                                                                        ; Lost fanout                                              ;
; debounce_switches:db|debounce:db13|count[0..7]                                                                                                        ; Lost fanout                                              ;
; debounce_switches:db|debounce:db12|count[0..7]                                                                                                        ; Lost fanout                                              ;
; debounce_switches:db|debounce:db11|count[0..7]                                                                                                        ; Lost fanout                                              ;
; debounce_switches:db|debounce:db10|count[0..7]                                                                                                        ; Lost fanout                                              ;
; debounce_switches:db|debounce:db7|count[0..7]                                                                                                         ; Lost fanout                                              ;
; debounce_switches:db|debounce:db6|count[0..7]                                                                                                         ; Lost fanout                                              ;
; debounce_switches:db|debounce:db5|count[0..7]                                                                                                         ; Lost fanout                                              ;
; debounce_switches:db|debounce:db4|count[0..7]                                                                                                         ; Lost fanout                                              ;
; debounce_switches:db|debounce:db3|count[0..7]                                                                                                         ; Lost fanout                                              ;
; debounce_switches:db|debounce:db2|count[0..7]                                                                                                         ; Lost fanout                                              ;
; debounce_switches:db|debounce:db1|count[0..7]                                                                                                         ; Lost fanout                                              ;
; debounce_switches:db|debounce:db0|count[0..7]                                                                                                         ; Lost fanout                                              ;
; vga_frame_driver:my_frame_driver|wr_id.MEM_INIT_WRITE                                                                                                 ; Lost fanout                                              ;
; debounce_switches:db|debounce:db19|S.ONE                                                                                                              ; Lost fanout                                              ;
; debounce_switches:db|debounce:db19|S.MAYBE_ZERO                                                                                                       ; Lost fanout                                              ;
; debounce_switches:db|debounce:db19|S.ERROR                                                                                                            ; Lost fanout                                              ;
; debounce_switches:db|debounce:db18|S.ONE                                                                                                              ; Lost fanout                                              ;
; debounce_switches:db|debounce:db18|S.MAYBE_ZERO                                                                                                       ; Lost fanout                                              ;
; debounce_switches:db|debounce:db18|S.ERROR                                                                                                            ; Lost fanout                                              ;
; debounce_switches:db|debounce:db17|S.ONE                                                                                                              ; Lost fanout                                              ;
; debounce_switches:db|debounce:db17|S.MAYBE_ZERO                                                                                                       ; Lost fanout                                              ;
; debounce_switches:db|debounce:db17|S.ERROR                                                                                                            ; Lost fanout                                              ;
; debounce_switches:db|debounce:db16|S.ONE                                                                                                              ; Lost fanout                                              ;
; debounce_switches:db|debounce:db16|S.MAYBE_ZERO                                                                                                       ; Lost fanout                                              ;
; debounce_switches:db|debounce:db16|S.ERROR                                                                                                            ; Lost fanout                                              ;
; debounce_switches:db|debounce:db15|S.ONE                                                                                                              ; Lost fanout                                              ;
; debounce_switches:db|debounce:db15|S.MAYBE_ZERO                                                                                                       ; Lost fanout                                              ;
; debounce_switches:db|debounce:db15|S.ERROR                                                                                                            ; Lost fanout                                              ;
; debounce_switches:db|debounce:db14|S.ONE                                                                                                              ; Lost fanout                                              ;
; debounce_switches:db|debounce:db14|S.MAYBE_ZERO                                                                                                       ; Lost fanout                                              ;
; debounce_switches:db|debounce:db14|S.ERROR                                                                                                            ; Lost fanout                                              ;
; debounce_switches:db|debounce:db13|S.ONE                                                                                                              ; Lost fanout                                              ;
; debounce_switches:db|debounce:db13|S.MAYBE_ZERO                                                                                                       ; Lost fanout                                              ;
; debounce_switches:db|debounce:db13|S.ERROR                                                                                                            ; Lost fanout                                              ;
; debounce_switches:db|debounce:db12|S.ONE                                                                                                              ; Lost fanout                                              ;
; debounce_switches:db|debounce:db12|S.MAYBE_ZERO                                                                                                       ; Lost fanout                                              ;
; debounce_switches:db|debounce:db12|S.ERROR                                                                                                            ; Lost fanout                                              ;
; debounce_switches:db|debounce:db11|S.START                                                                                                            ; Lost fanout                                              ;
; debounce_switches:db|debounce:db11|S.ONE                                                                                                              ; Lost fanout                                              ;
; debounce_switches:db|debounce:db11|S.MAYBE_ONE                                                                                                        ; Lost fanout                                              ;
; debounce_switches:db|debounce:db11|S.ZERO                                                                                                             ; Lost fanout                                              ;
; debounce_switches:db|debounce:db11|S.MAYBE_ZERO                                                                                                       ; Lost fanout                                              ;
; debounce_switches:db|debounce:db11|S.ERROR                                                                                                            ; Lost fanout                                              ;
; debounce_switches:db|debounce:db10|S.START                                                                                                            ; Lost fanout                                              ;
; debounce_switches:db|debounce:db10|S.ONE                                                                                                              ; Lost fanout                                              ;
; debounce_switches:db|debounce:db10|S.MAYBE_ONE                                                                                                        ; Lost fanout                                              ;
; debounce_switches:db|debounce:db10|S.ZERO                                                                                                             ; Lost fanout                                              ;
; debounce_switches:db|debounce:db10|S.MAYBE_ZERO                                                                                                       ; Lost fanout                                              ;
; debounce_switches:db|debounce:db10|S.ERROR                                                                                                            ; Lost fanout                                              ;
; debounce_switches:db|debounce:db7|S.START                                                                                                             ; Lost fanout                                              ;
; debounce_switches:db|debounce:db7|S.ONE                                                                                                               ; Lost fanout                                              ;
; debounce_switches:db|debounce:db7|S.MAYBE_ONE                                                                                                         ; Lost fanout                                              ;
; debounce_switches:db|debounce:db7|S.ZERO                                                                                                              ; Lost fanout                                              ;
; debounce_switches:db|debounce:db7|S.MAYBE_ZERO                                                                                                        ; Lost fanout                                              ;
; debounce_switches:db|debounce:db7|S.ERROR                                                                                                             ; Lost fanout                                              ;
; debounce_switches:db|debounce:db6|S.START                                                                                                             ; Lost fanout                                              ;
; debounce_switches:db|debounce:db6|S.ONE                                                                                                               ; Lost fanout                                              ;
; debounce_switches:db|debounce:db6|S.MAYBE_ONE                                                                                                         ; Lost fanout                                              ;
; debounce_switches:db|debounce:db6|S.ZERO                                                                                                              ; Lost fanout                                              ;
; debounce_switches:db|debounce:db6|S.MAYBE_ZERO                                                                                                        ; Lost fanout                                              ;
; debounce_switches:db|debounce:db6|S.ERROR                                                                                                             ; Lost fanout                                              ;
; debounce_switches:db|debounce:db5|S.START                                                                                                             ; Lost fanout                                              ;
; debounce_switches:db|debounce:db5|S.ONE                                                                                                               ; Lost fanout                                              ;
; debounce_switches:db|debounce:db5|S.MAYBE_ONE                                                                                                         ; Lost fanout                                              ;
; debounce_switches:db|debounce:db5|S.ZERO                                                                                                              ; Lost fanout                                              ;
; debounce_switches:db|debounce:db5|S.MAYBE_ZERO                                                                                                        ; Lost fanout                                              ;
; debounce_switches:db|debounce:db5|S.ERROR                                                                                                             ; Lost fanout                                              ;
; debounce_switches:db|debounce:db4|S.START                                                                                                             ; Lost fanout                                              ;
; debounce_switches:db|debounce:db4|S.ONE                                                                                                               ; Lost fanout                                              ;
; debounce_switches:db|debounce:db4|S.MAYBE_ONE                                                                                                         ; Lost fanout                                              ;
; debounce_switches:db|debounce:db4|S.ZERO                                                                                                              ; Lost fanout                                              ;
; debounce_switches:db|debounce:db4|S.MAYBE_ZERO                                                                                                        ; Lost fanout                                              ;
; debounce_switches:db|debounce:db4|S.ERROR                                                                                                             ; Lost fanout                                              ;
; debounce_switches:db|debounce:db3|S.START                                                                                                             ; Lost fanout                                              ;
; debounce_switches:db|debounce:db3|S.ONE                                                                                                               ; Lost fanout                                              ;
; debounce_switches:db|debounce:db3|S.MAYBE_ONE                                                                                                         ; Lost fanout                                              ;
; debounce_switches:db|debounce:db3|S.ZERO                                                                                                              ; Lost fanout                                              ;
; debounce_switches:db|debounce:db3|S.MAYBE_ZERO                                                                                                        ; Lost fanout                                              ;
; debounce_switches:db|debounce:db3|S.ERROR                                                                                                             ; Lost fanout                                              ;
; debounce_switches:db|debounce:db2|S.START                                                                                                             ; Lost fanout                                              ;
; debounce_switches:db|debounce:db2|S.ONE                                                                                                               ; Lost fanout                                              ;
; debounce_switches:db|debounce:db2|S.MAYBE_ONE                                                                                                         ; Lost fanout                                              ;
; debounce_switches:db|debounce:db2|S.ZERO                                                                                                              ; Lost fanout                                              ;
; debounce_switches:db|debounce:db2|S.MAYBE_ZERO                                                                                                        ; Lost fanout                                              ;
; debounce_switches:db|debounce:db2|S.ERROR                                                                                                             ; Lost fanout                                              ;
; debounce_switches:db|debounce:db1|S.START                                                                                                             ; Lost fanout                                              ;
; debounce_switches:db|debounce:db1|S.ONE                                                                                                               ; Lost fanout                                              ;
; debounce_switches:db|debounce:db1|S.MAYBE_ONE                                                                                                         ; Lost fanout                                              ;
; debounce_switches:db|debounce:db1|S.ZERO                                                                                                              ; Lost fanout                                              ;
; debounce_switches:db|debounce:db1|S.MAYBE_ZERO                                                                                                        ; Lost fanout                                              ;
; debounce_switches:db|debounce:db1|S.ERROR                                                                                                             ; Lost fanout                                              ;
; debounce_switches:db|debounce:db0|S.START                                                                                                             ; Lost fanout                                              ;
; debounce_switches:db|debounce:db0|S.ONE                                                                                                               ; Lost fanout                                              ;
; debounce_switches:db|debounce:db0|S.MAYBE_ONE                                                                                                         ; Lost fanout                                              ;
; debounce_switches:db|debounce:db0|S.ZERO                                                                                                              ; Lost fanout                                              ;
; debounce_switches:db|debounce:db0|S.MAYBE_ZERO                                                                                                        ; Lost fanout                                              ;
; debounce_switches:db|debounce:db0|S.ERROR                                                                                                             ; Lost fanout                                              ;
; shuffle_deck_v2:my_deck_v2|S.START                                                                                                                    ; Merged with asset_controller:my_asset_controller|S.START ;
; vga_frame_driver:my_frame_driver|S.START                                                                                                              ; Merged with asset_controller:my_asset_controller|S.START ;
; vga_frame_driver:my_frame_driver|S.ERROR                                                                                                              ; Merged with shuffle_deck_v2:my_deck_v2|S.ERROR           ;
; shuffle_deck_v2:my_deck_v2|S.ERROR                                                                                                                    ; Stuck at GND due to stuck port data_in                   ;
; Total Number of Removed Registers = 349                                                                                                               ;                                                          ;
+-------------------------------------------------------------------------------------------------------------------------------------------------------+----------------------------------------------------------+


+----------------------------------------------------------------------------------------------------------------------------+
; Removed Registers Triggering Further Register Optimizations                                                                ;
+---------------------------------------------+---------------------------+--------------------------------------------------+
; Register name                               ; Reason for Removal        ; Registers Removed due to This Register           ;
+---------------------------------------------+---------------------------+--------------------------------------------------+
; debounce_switches:db|debounce:db13|S.ZERO   ; Lost Fanouts              ; debounce_switches:db|debounce:db13|S.ONE,        ;
;                                             ;                           ; debounce_switches:db|debounce:db13|S.MAYBE_ZERO, ;
;                                             ;                           ; debounce_switches:db|debounce:db13|S.ERROR       ;
; debounce_switches:db|debounce:db19|S.ZERO   ; Lost Fanouts              ; debounce_switches:db|debounce:db19|S.ONE,        ;
;                                             ;                           ; debounce_switches:db|debounce:db19|S.MAYBE_ZERO, ;
;                                             ;                           ; debounce_switches:db|debounce:db19|S.ERROR       ;
; debounce_switches:db|debounce:db18|S.ZERO   ; Lost Fanouts              ; debounce_switches:db|debounce:db18|S.ONE,        ;
;                                             ;                           ; debounce_switches:db|debounce:db18|S.MAYBE_ZERO, ;
;                                             ;                           ; debounce_switches:db|debounce:db18|S.ERROR       ;
; debounce_switches:db|debounce:db17|S.ZERO   ; Lost Fanouts              ; debounce_switches:db|debounce:db17|S.ONE,        ;
;                                             ;                           ; debounce_switches:db|debounce:db17|S.MAYBE_ZERO, ;
;                                             ;                           ; debounce_switches:db|debounce:db17|S.ERROR       ;
; debounce_switches:db|debounce:db16|S.ZERO   ; Lost Fanouts              ; debounce_switches:db|debounce:db16|S.ONE,        ;
;                                             ;                           ; debounce_switches:db|debounce:db16|S.MAYBE_ZERO, ;
;                                             ;                           ; debounce_switches:db|debounce:db16|S.ERROR       ;
; debounce_switches:db|debounce:db15|S.ZERO   ; Lost Fanouts              ; debounce_switches:db|debounce:db15|S.ONE,        ;
;                                             ;                           ; debounce_switches:db|debounce:db15|S.MAYBE_ZERO, ;
;                                             ;                           ; debounce_switches:db|debounce:db15|S.ERROR       ;
; debounce_switches:db|debounce:db14|S.ZERO   ; Lost Fanouts              ; debounce_switches:db|debounce:db14|S.ONE,        ;
;                                             ;                           ; debounce_switches:db|debounce:db14|S.MAYBE_ZERO, ;
;                                             ;                           ; debounce_switches:db|debounce:db14|S.ERROR       ;
; debounce_switches:db|debounce:db12|S.ZERO   ; Lost Fanouts              ; debounce_switches:db|debounce:db12|S.ONE,        ;
;                                             ;                           ; debounce_switches:db|debounce:db12|S.MAYBE_ZERO, ;
;                                             ;                           ; debounce_switches:db|debounce:db12|S.ERROR       ;
; debounce_switches:db|debounce:db14|S~4      ; Lost Fanouts              ; debounce_switches:db|debounce:db14|count[6],     ;
;                                             ;                           ; debounce_switches:db|debounce:db14|count[7]      ;
; debounce_switches:db|debounce:db19|S~4      ; Lost Fanouts              ; debounce_switches:db|debounce:db19|count[6],     ;
;                                             ;                           ; debounce_switches:db|debounce:db19|count[7]      ;
; debounce_switches:db|debounce:db18|S~4      ; Lost Fanouts              ; debounce_switches:db|debounce:db18|count[6],     ;
;                                             ;                           ; debounce_switches:db|debounce:db18|count[7]      ;
; debounce_switches:db|debounce:db17|S~4      ; Lost Fanouts              ; debounce_switches:db|debounce:db17|count[6],     ;
;                                             ;                           ; debounce_switches:db|debounce:db17|count[7]      ;
; debounce_switches:db|debounce:db16|S~4      ; Lost Fanouts              ; debounce_switches:db|debounce:db16|count[6],     ;
;                                             ;                           ; debounce_switches:db|debounce:db16|count[7]      ;
; debounce_switches:db|debounce:db15|S~4      ; Lost Fanouts              ; debounce_switches:db|debounce:db15|count[6],     ;
;                                             ;                           ; debounce_switches:db|debounce:db15|count[7]      ;
; debounce_switches:db|debounce:db12|S~4      ; Lost Fanouts              ; debounce_switches:db|debounce:db12|count[6],     ;
;                                             ;                           ; debounce_switches:db|debounce:db12|count[7]      ;
; debounce_switches:db|debounce:db13|S~4      ; Lost Fanouts              ; debounce_switches:db|debounce:db13|count[6],     ;
;                                             ;                           ; debounce_switches:db|debounce:db13|count[7]      ;
; cardD_en                                    ; Stuck at GND              ; target_x[7]                                      ;
;                                             ; due to stuck port data_in ;                                                  ;
; debounce_switches:db|debounce:db11|S~4      ; Lost Fanouts              ; debounce_switches:db|debounce:db11|S.ERROR       ;
; debounce_switches:db|debounce:db11|S~5      ; Lost Fanouts              ; debounce_switches:db|debounce:db11|S.ZERO        ;
; debounce_switches:db|debounce:db11|S~6      ; Lost Fanouts              ; debounce_switches:db|debounce:db11|S.ONE         ;
; debounce_switches:db|debounce:db10|S~4      ; Lost Fanouts              ; debounce_switches:db|debounce:db10|S.ERROR       ;
; debounce_switches:db|debounce:db10|S~5      ; Lost Fanouts              ; debounce_switches:db|debounce:db10|S.ZERO        ;
; debounce_switches:db|debounce:db10|S~6      ; Lost Fanouts              ; debounce_switches:db|debounce:db10|S.ONE         ;
; debounce_switches:db|debounce:db7|S~4       ; Lost Fanouts              ; debounce_switches:db|debounce:db7|S.ERROR        ;
; debounce_switches:db|debounce:db7|S~5       ; Lost Fanouts              ; debounce_switches:db|debounce:db7|S.ZERO         ;
; debounce_switches:db|debounce:db7|S~6       ; Lost Fanouts              ; debounce_switches:db|debounce:db7|S.ONE          ;
; debounce_switches:db|debounce:db6|S~4       ; Lost Fanouts              ; debounce_switches:db|debounce:db6|S.ERROR        ;
; debounce_switches:db|debounce:db6|S~5       ; Lost Fanouts              ; debounce_switches:db|debounce:db6|S.ZERO         ;
; debounce_switches:db|debounce:db6|S~6       ; Lost Fanouts              ; debounce_switches:db|debounce:db6|S.ONE          ;
; debounce_switches:db|debounce:db5|S~4       ; Lost Fanouts              ; debounce_switches:db|debounce:db5|S.ERROR        ;
; debounce_switches:db|debounce:db5|S~5       ; Lost Fanouts              ; debounce_switches:db|debounce:db5|S.ZERO         ;
; debounce_switches:db|debounce:db5|S~6       ; Lost Fanouts              ; debounce_switches:db|debounce:db5|S.ONE          ;
; debounce_switches:db|debounce:db4|S~4       ; Lost Fanouts              ; debounce_switches:db|debounce:db4|S.ERROR        ;
; debounce_switches:db|debounce:db4|S~5       ; Lost Fanouts              ; debounce_switches:db|debounce:db4|S.ZERO         ;
; debounce_switches:db|debounce:db4|S~6       ; Lost Fanouts              ; debounce_switches:db|debounce:db4|S.ONE          ;
; debounce_switches:db|debounce:db3|S~4       ; Lost Fanouts              ; debounce_switches:db|debounce:db3|S.ERROR        ;
; debounce_switches:db|debounce:db3|S~5       ; Lost Fanouts              ; debounce_switches:db|debounce:db3|S.ZERO         ;
; debounce_switches:db|debounce:db3|S~6       ; Lost Fanouts              ; debounce_switches:db|debounce:db3|S.ONE          ;
; debounce_switches:db|debounce:db2|S~4       ; Lost Fanouts              ; debounce_switches:db|debounce:db2|S.ERROR        ;
; debounce_switches:db|debounce:db2|S~5       ; Lost Fanouts              ; debounce_switches:db|debounce:db2|S.ZERO         ;
; debounce_switches:db|debounce:db2|S~6       ; Lost Fanouts              ; debounce_switches:db|debounce:db2|S.ONE          ;
; debounce_switches:db|debounce:db1|S~4       ; Lost Fanouts              ; debounce_switches:db|debounce:db1|S.ERROR        ;
; debounce_switches:db|debounce:db1|S~5       ; Lost Fanouts              ; debounce_switches:db|debounce:db1|S.ZERO         ;
; debounce_switches:db|debounce:db1|S~6       ; Lost Fanouts              ; debounce_switches:db|debounce:db1|S.ONE          ;
; debounce_switches:db|debounce:db0|S~4       ; Lost Fanouts              ; debounce_switches:db|debounce:db0|S.ERROR        ;
; debounce_switches:db|debounce:db0|S~5       ; Lost Fanouts              ; debounce_switches:db|debounce:db0|S.ZERO         ;
; debounce_switches:db|debounce:db0|S~6       ; Lost Fanouts              ; debounce_switches:db|debounce:db0|S.ONE          ;
; debounce_switches:db|debounce:db11|count[0] ; Lost Fanouts              ; debounce_switches:db|debounce:db11|S.START       ;
; debounce_switches:db|debounce:db10|count[0] ; Lost Fanouts              ; debounce_switches:db|debounce:db10|S.START       ;
; debounce_switches:db|debounce:db7|count[1]  ; Lost Fanouts              ; debounce_switches:db|debounce:db7|S.START        ;
; debounce_switches:db|debounce:db6|count[0]  ; Lost Fanouts              ; debounce_switches:db|debounce:db6|S.START        ;
; debounce_switches:db|debounce:db5|count[1]  ; Lost Fanouts              ; debounce_switches:db|debounce:db5|S.START        ;
; debounce_switches:db|debounce:db4|count[1]  ; Lost Fanouts              ; debounce_switches:db|debounce:db4|S.START        ;
; debounce_switches:db|debounce:db3|count[0]  ; Lost Fanouts              ; debounce_switches:db|debounce:db3|S.START        ;
; debounce_switches:db|debounce:db2|count[0]  ; Lost Fanouts              ; debounce_switches:db|debounce:db2|S.START        ;
; debounce_switches:db|debounce:db1|count[1]  ; Lost Fanouts              ; debounce_switches:db|debounce:db1|S.START        ;
; debounce_switches:db|debounce:db0|count[0]  ; Lost Fanouts              ; debounce_switches:db|debounce:db0|S.START        ;
+---------------------------------------------+---------------------------+--------------------------------------------------+


+------------------------------------------------------+
; General Register Statistics                          ;
+----------------------------------------------+-------+
; Statistic                                    ; Value ;
+----------------------------------------------+-------+
; Total registers                              ; 1130  ;
; Number of registers using Synchronous Clear  ; 231   ;
; Number of registers using Synchronous Load   ; 233   ;
; Number of registers using Asynchronous Clear ; 552   ;
; Number of registers using Asynchronous Load  ; 0     ;
; Number of registers using Clock Enable       ; 557   ;
; Number of registers using Preset             ; 0     ;
+----------------------------------------------+-------+


+-------------------------------------------------------------------------------------------------------------------------------------------------------------------------------------------------------------------------------------------------------------------------------------------------------------------------------------------+
; Inverted Register Statistics                                                                                                                                                                                                                                                                                                              ;
+---------------------------------------------------------------------------------------------------------------------------------------------------------------------------------------------------------------------------------------------------------------------------------------------------------------------------------+---------+
; Inverted Register                                                                                                                                                                                                                                                                                                               ; Fan out ;
+---------------------------------------------------------------------------------------------------------------------------------------------------------------------------------------------------------------------------------------------------------------------------------------------------------------------------------+---------+
; start_asset                                                                                                                                                                                                                                                                                                                     ; 9       ;
; replace_en                                                                                                                                                                                                                                                                                                                      ; 5       ;
; sld_hub:auto_hub|alt_sld_fab_with_jtag_input:\instrumentation_fabric_with_node_gen:fabric_gen_new_way:with_jtag_input_gen:instrumentation_fabric|alt_sld_fab:instrumentation_fabric|alt_sld_fab_alt_sld_fab:alt_sld_fab|alt_sld_fab_alt_sld_fab_sldfabric:sldfabric|sld_jtag_hub:\jtag_hub_gen:real_sld_jtag_hub|jtag_ir_reg[1] ; 3       ;
; sld_hub:auto_hub|alt_sld_fab_with_jtag_input:\instrumentation_fabric_with_node_gen:fabric_gen_new_way:with_jtag_input_gen:instrumentation_fabric|alt_sld_fab:instrumentation_fabric|alt_sld_fab_alt_sld_fab:alt_sld_fab|alt_sld_fab_alt_sld_fab_sldfabric:sldfabric|sld_jtag_hub:\jtag_hub_gen:real_sld_jtag_hub|jtag_ir_reg[2] ; 3       ;
; sld_signaltap:auto_signaltap_0|sld_signaltap_impl:sld_signaltap_body|sld_signaltap_implb:sld_signaltap_body|sld_buffer_manager:sld_buffer_manager_inst|modified_post_count[12]                                                                                                                                                  ; 1       ;
; sld_signaltap:auto_signaltap_0|sld_signaltap_impl:sld_signaltap_body|sld_signaltap_implb:sld_signaltap_body|sld_buffer_manager:sld_buffer_manager_inst|modified_post_count[13]                                                                                                                                                  ; 1       ;
; sld_signaltap:auto_signaltap_0|sld_signaltap_impl:sld_signaltap_body|sld_signaltap_implb:sld_signaltap_body|sld_buffer_manager:sld_buffer_manager_inst|modified_post_count[9]                                                                                                                                                   ; 1       ;
; sld_signaltap:auto_signaltap_0|sld_signaltap_impl:sld_signaltap_body|sld_signaltap_implb:sld_signaltap_body|sld_buffer_manager:sld_buffer_manager_inst|modified_post_count[10]                                                                                                                                                  ; 1       ;
; sld_signaltap:auto_signaltap_0|sld_signaltap_impl:sld_signaltap_body|sld_signaltap_implb:sld_signaltap_body|sld_buffer_manager:sld_buffer_manager_inst|modified_post_count[11]                                                                                                                                                  ; 1       ;
; sld_signaltap:auto_signaltap_0|sld_signaltap_impl:sld_signaltap_body|sld_signaltap_implb:sld_signaltap_body|sld_buffer_manager:sld_buffer_manager_inst|modified_post_count[6]                                                                                                                                                   ; 1       ;
; sld_signaltap:auto_signaltap_0|sld_signaltap_impl:sld_signaltap_body|sld_signaltap_implb:sld_signaltap_body|sld_buffer_manager:sld_buffer_manager_inst|modified_post_count[7]                                                                                                                                                   ; 1       ;
; sld_signaltap:auto_signaltap_0|sld_signaltap_impl:sld_signaltap_body|sld_signaltap_implb:sld_signaltap_body|sld_buffer_manager:sld_buffer_manager_inst|modified_post_count[8]                                                                                                                                                   ; 1       ;
; sld_signaltap:auto_signaltap_0|sld_signaltap_impl:sld_signaltap_body|sld_signaltap_implb:sld_signaltap_body|sld_buffer_manager:sld_buffer_manager_inst|modified_post_count[0]                                                                                                                                                   ; 1       ;
; sld_signaltap:auto_signaltap_0|sld_signaltap_impl:sld_signaltap_body|sld_signaltap_implb:sld_signaltap_body|sld_buffer_manager:sld_buffer_manager_inst|modified_post_count[1]                                                                                                                                                   ; 1       ;
; sld_signaltap:auto_signaltap_0|sld_signaltap_impl:sld_signaltap_body|sld_signaltap_implb:sld_signaltap_body|sld_buffer_manager:sld_buffer_manager_inst|modified_post_count[2]                                                                                                                                                   ; 1       ;
; sld_signaltap:auto_signaltap_0|sld_signaltap_impl:sld_signaltap_body|sld_signaltap_implb:sld_signaltap_body|sld_buffer_manager:sld_buffer_manager_inst|modified_post_count[3]                                                                                                                                                   ; 1       ;
; sld_signaltap:auto_signaltap_0|sld_signaltap_impl:sld_signaltap_body|sld_signaltap_implb:sld_signaltap_body|sld_buffer_manager:sld_buffer_manager_inst|modified_post_count[4]                                                                                                                                                   ; 1       ;
; sld_signaltap:auto_signaltap_0|sld_signaltap_impl:sld_signaltap_body|sld_signaltap_implb:sld_signaltap_body|sld_buffer_manager:sld_buffer_manager_inst|modified_post_count[5]                                                                                                                                                   ; 1       ;
; Total number of inverted registers = 18                                                                                                                                                                                                                                                                                         ;         ;
+---------------------------------------------------------------------------------------------------------------------------------------------------------------------------------------------------------------------------------------------------------------------------------------------------------------------------------+---------+


+------------------------------------------------------------------------------------------------------------------------------------------------------------------------------------------------------------------------------------------------------------------------------------------+
; Multiplexer Restructuring Statistics (Restructuring Performed)                                                                                                                                                                                                                           ;
+--------------------+-----------+---------------+----------------------+------------------------+------------+----------------------------------------------------------------------------------------------------------------------------------------------------------------------------+
; Multiplexer Inputs ; Bus Width ; Baseline Area ; Area if Restructured ; Saving if Restructured ; Registered ; Example Multiplexer Output                                                                                                                                                 ;
+--------------------+-----------+---------------+----------------------+------------------------+------------+----------------------------------------------------------------------------------------------------------------------------------------------------------------------------+
; 3:1                ; 15 bits   ; 30 LEs        ; 0 LEs                ; 30 LEs                 ; Yes        ; |black_jack|vga_frame_driver:my_frame_driver|read_buf_mem_address[7]                                                                                                       ;
; 3:1                ; 8 bits    ; 16 LEs        ; 0 LEs                ; 16 LEs                 ; Yes        ; |black_jack|debounce_switches:db|debounce:db19|count[0]                                                                                                                    ;
; 3:1                ; 8 bits    ; 16 LEs        ; 0 LEs                ; 16 LEs                 ; Yes        ; |black_jack|debounce_switches:db|debounce:db18|count[2]                                                                                                                    ;
; 3:1                ; 8 bits    ; 16 LEs        ; 0 LEs                ; 16 LEs                 ; Yes        ; |black_jack|debounce_switches:db|debounce:db17|count[5]                                                                                                                    ;
; 3:1                ; 8 bits    ; 16 LEs        ; 0 LEs                ; 16 LEs                 ; Yes        ; |black_jack|debounce_switches:db|debounce:db16|count[1]                                                                                                                    ;
; 3:1                ; 8 bits    ; 16 LEs        ; 0 LEs                ; 16 LEs                 ; Yes        ; |black_jack|debounce_switches:db|debounce:db15|count[5]                                                                                                                    ;
; 3:1                ; 8 bits    ; 16 LEs        ; 0 LEs                ; 16 LEs                 ; Yes        ; |black_jack|debounce_switches:db|debounce:db14|count[2]                                                                                                                    ;
; 3:1                ; 8 bits    ; 16 LEs        ; 0 LEs                ; 16 LEs                 ; Yes        ; |black_jack|debounce_switches:db|debounce:db13|count[3]                                                                                                                    ;
; 3:1                ; 8 bits    ; 16 LEs        ; 0 LEs                ; 16 LEs                 ; Yes        ; |black_jack|debounce_switches:db|debounce:db12|count[5]                                                                                                                    ;
; 4:1                ; 6 bits    ; 12 LEs        ; 12 LEs               ; 0 LEs                  ; Yes        ; |black_jack|shuffle_deck_v2:my_deck_v2|deck_write_data[3]                                                                                                                  ;
; 4:1                ; 8 bits    ; 16 LEs        ; 0 LEs                ; 16 LEs                 ; Yes        ; |black_jack|debounce_switches:db|debounce:db11|count[7]                                                                                                                    ;
; 4:1                ; 8 bits    ; 16 LEs        ; 0 LEs                ; 16 LEs                 ; Yes        ; |black_jack|debounce_switches:db|debounce:db10|count[2]                                                                                                                    ;
; 4:1                ; 8 bits    ; 16 LEs        ; 0 LEs                ; 16 LEs                 ; Yes        ; |black_jack|debounce_switches:db|debounce:db7|count[2]                                                                                                                     ;
; 4:1                ; 8 bits    ; 16 LEs        ; 0 LEs                ; 16 LEs                 ; Yes        ; |black_jack|debounce_switches:db|debounce:db6|count[3]                                                                                                                     ;
; 4:1                ; 8 bits    ; 16 LEs        ; 0 LEs                ; 16 LEs                 ; Yes        ; |black_jack|debounce_switches:db|debounce:db5|count[5]                                                                                                                     ;
; 4:1                ; 8 bits    ; 16 LEs        ; 0 LEs                ; 16 LEs                 ; Yes        ; |black_jack|debounce_switches:db|debounce:db4|count[6]                                                                                                                     ;
; 4:1                ; 8 bits    ; 16 LEs        ; 0 LEs                ; 16 LEs                 ; Yes        ; |black_jack|debounce_switches:db|debounce:db3|count[0]                                                                                                                     ;
; 4:1                ; 8 bits    ; 16 LEs        ; 0 LEs                ; 16 LEs                 ; Yes        ; |black_jack|debounce_switches:db|debounce:db2|count[2]                                                                                                                     ;
; 4:1                ; 8 bits    ; 16 LEs        ; 0 LEs                ; 16 LEs                 ; Yes        ; |black_jack|debounce_switches:db|debounce:db1|count[3]                                                                                                                     ;
; 4:1                ; 8 bits    ; 16 LEs        ; 0 LEs                ; 16 LEs                 ; Yes        ; |black_jack|debounce_switches:db|debounce:db0|count[7]                                                                                                                     ;
; 5:1                ; 6 bits    ; 18 LEs        ; 12 LEs               ; 6 LEs                  ; Yes        ; |black_jack|shuffle_deck_v2:my_deck_v2|rand_ind[2]                                                                                                                         ;
; 64:1               ; 3 bits    ; 126 LEs       ; 6 LEs                ; 120 LEs                ; Yes        ; |black_jack|player_hand_size[0]                                                                                                                                            ;
; 33:1               ; 20 bits   ; 440 LEs       ; 0 LEs                ; 440 LEs                ; Yes        ; |black_jack|dealerHand[12]                                                                                                                                                 ;
; 65:1               ; 5 bits    ; 215 LEs       ; 5 LEs                ; 210 LEs                ; Yes        ; |black_jack|playerP[0]                                                                                                                                                     ;
; 65:1               ; 5 bits    ; 215 LEs       ; 10 LEs               ; 205 LEs                ; Yes        ; |black_jack|dealerT[1]                                                                                                                                                     ;
; 33:1               ; 20 bits   ; 440 LEs       ; 0 LEs                ; 440 LEs                ; Yes        ; |black_jack|playerHand[26]                                                                                                                                                 ;
; 16:1               ; 6 bits    ; 60 LEs        ; 6 LEs                ; 54 LEs                 ; Yes        ; |black_jack|show_card_index[0]                                                                                                                                             ;
; 18:1               ; 4 bits    ; 48 LEs        ; 32 LEs               ; 16 LEs                 ; Yes        ; |black_jack|target_y[6]                                                                                                                                                    ;
; 18:1               ; 3 bits    ; 36 LEs        ; 27 LEs               ; 9 LEs                  ; Yes        ; |black_jack|target_x[2]                                                                                                                                                    ;
; 22:1               ; 5 bits    ; 70 LEs        ; 10 LEs               ; 60 LEs                 ; Yes        ; |black_jack|playerT[1]                                                                                                                                                     ;
; 3:1                ; 2 bits    ; 4 LEs         ; 4 LEs                ; 0 LEs                  ; No         ; |black_jack|Add2                                                                                                                                                           ;
; 4:1                ; 24 bits   ; 48 LEs        ; 48 LEs               ; 0 LEs                  ; No         ; |black_jack|vga_frame_driver:my_frame_driver|vga_frame:the_vga_draw_frame|altsyncram:altsyncram_component|altsyncram_5kp1:auto_generated|mux_6hb:mux2|l2_w0_n0_mux_dataout ;
; 4:1                ; 24 bits   ; 48 LEs        ; 48 LEs               ; 0 LEs                  ; No         ; |black_jack|asset_controller:my_asset_controller|asset_out[17]                                                                                                             ;
; 16:1               ; 8 bits    ; 80 LEs        ; 64 LEs               ; 16 LEs                 ; No         ; |black_jack|Mux7                                                                                                                                                           ;
; 9:1                ; 24 bits   ; 144 LEs       ; 144 LEs              ; 0 LEs                  ; No         ; |black_jack|vga_frame_driver:my_frame_driver|VGA_B[7]                                                                                                                      ;
; 15:1               ; 4 bits    ; 40 LEs        ; 32 LEs               ; 8 LEs                  ; No         ; |black_jack|Add2                                                                                                                                                           ;
; 14:1               ; 2 bits    ; 18 LEs        ; 16 LEs               ; 2 LEs                  ; No         ; |black_jack|Add2                                                                                                                                                           ;
; 9:1                ; 6 bits    ; 36 LEs        ; 12 LEs               ; 24 LEs                 ; No         ; |black_jack|Selector73                                                                                                                                                     ;
+--------------------+-----------+---------------+----------------------+------------------------+------------+----------------------------------------------------------------------------------------------------------------------------------------------------------------------------+


+-----------------------------------------------------------------------------------------------------------------------------------------------+
; Source assignments for asset_controller:my_asset_controller|playing_card:cards|altsyncram:altsyncram_component|altsyncram_qng1:auto_generated ;
+---------------------------------+--------------------+------+---------------------------------------------------------------------------------+
; Assignment                      ; Value              ; From ; To                                                                              ;
+---------------------------------+--------------------+------+---------------------------------------------------------------------------------+
; OPTIMIZE_POWER_DURING_SYNTHESIS ; NORMAL_COMPILATION ; -    ; -                                                                               ;
+---------------------------------+--------------------+------+---------------------------------------------------------------------------------+


+----------------------------------------------------------------------------------------------------------------------------------------------------+
; Source assignments for asset_controller:my_asset_controller|player_chip_asset:chipP|altsyncram:altsyncram_component|altsyncram_vmg1:auto_generated ;
+---------------------------------+--------------------+------+--------------------------------------------------------------------------------------+
; Assignment                      ; Value              ; From ; To                                                                                   ;
+---------------------------------+--------------------+------+--------------------------------------------------------------------------------------+
; OPTIMIZE_POWER_DURING_SYNTHESIS ; NORMAL_COMPILATION ; -    ; -                                                                                    ;
+---------------------------------+--------------------+------+--------------------------------------------------------------------------------------+


+----------------------------------------------------------------------------------------------------------------------------------------------------+
; Source assignments for asset_controller:my_asset_controller|dealer_chip_asset:chipD|altsyncram:altsyncram_component|altsyncram_vlg1:auto_generated ;
+---------------------------------+--------------------+------+--------------------------------------------------------------------------------------+
; Assignment                      ; Value              ; From ; To                                                                                   ;
+---------------------------------+--------------------+------+--------------------------------------------------------------------------------------+
; OPTIMIZE_POWER_DURING_SYNTHESIS ; NORMAL_COMPILATION ; -    ; -                                                                                    ;
+---------------------------------+--------------------+------+--------------------------------------------------------------------------------------+


+-----------------------------------------------------------------------------------------------------------------------------------------------+
; Source assignments for asset_controller:my_asset_controller|rank_library:ranks|altsyncram:altsyncram_component|altsyncram_jqg1:auto_generated ;
+---------------------------------+--------------------+------+---------------------------------------------------------------------------------+
; Assignment                      ; Value              ; From ; To                                                                              ;
+---------------------------------+--------------------+------+---------------------------------------------------------------------------------+
; OPTIMIZE_POWER_DURING_SYNTHESIS ; NORMAL_COMPILATION ; -    ; -                                                                               ;
+---------------------------------+--------------------+------+---------------------------------------------------------------------------------+


+-----------------------------------------------------------------------------------------------------------------------------------------------+
; Source assignments for asset_controller:my_asset_controller|suit_library:suits|altsyncram:altsyncram_component|altsyncram_brg1:auto_generated ;
+---------------------------------+--------------------+------+---------------------------------------------------------------------------------+
; Assignment                      ; Value              ; From ; To                                                                              ;
+---------------------------------+--------------------+------+---------------------------------------------------------------------------------+
; OPTIMIZE_POWER_DURING_SYNTHESIS ; NORMAL_COMPILATION ; -    ; -                                                                               ;
+---------------------------------+--------------------+------+---------------------------------------------------------------------------------+


+-----------------------------------------------------------------------------------------------------------------------------------------------------------+
; Source assignments for asset_controller:my_asset_controller|replace_background:replacement|altsyncram:altsyncram_component|altsyncram_lbh1:auto_generated ;
+---------------------------------+--------------------+------+---------------------------------------------------------------------------------------------+
; Assignment                      ; Value              ; From ; To                                                                                          ;
+---------------------------------+--------------------+------+---------------------------------------------------------------------------------------------+
; OPTIMIZE_POWER_DURING_SYNTHESIS ; NORMAL_COMPILATION ; -    ; -                                                                                           ;
+---------------------------------+--------------------+------+---------------------------------------------------------------------------------------------+


+----------------------------------------------------------------------------------------------------------------------------------------------+
; Source assignments for vga_frame_driver:my_frame_driver|vga_frame:vga_memory0|altsyncram:altsyncram_component|altsyncram_5kp1:auto_generated ;
+---------------------------------+--------------------+------+--------------------------------------------------------------------------------+
; Assignment                      ; Value              ; From ; To                                                                             ;
+---------------------------------+--------------------+------+--------------------------------------------------------------------------------+
; OPTIMIZE_POWER_DURING_SYNTHESIS ; NORMAL_COMPILATION ; -    ; -                                                                              ;
+---------------------------------+--------------------+------+--------------------------------------------------------------------------------+


+----------------------------------------------------------------------------------------------------------------------------------------------+
; Source assignments for vga_frame_driver:my_frame_driver|vga_frame:vga_memory1|altsyncram:altsyncram_component|altsyncram_5kp1:auto_generated ;
+---------------------------------+--------------------+------+--------------------------------------------------------------------------------+
; Assignment                      ; Value              ; From ; To                                                                             ;
+---------------------------------+--------------------+------+--------------------------------------------------------------------------------+
; OPTIMIZE_POWER_DURING_SYNTHESIS ; NORMAL_COMPILATION ; -    ; -                                                                              ;
+---------------------------------+--------------------+------+--------------------------------------------------------------------------------+


+-----------------------------------------------------------------------------------------------------------------------------------------------------+
; Source assignments for vga_frame_driver:my_frame_driver|vga_frame:the_vga_draw_frame|altsyncram:altsyncram_component|altsyncram_5kp1:auto_generated ;
+---------------------------------+--------------------+------+---------------------------------------------------------------------------------------+
; Assignment                      ; Value              ; From ; To                                                                                    ;
+---------------------------------+--------------------+------+---------------------------------------------------------------------------------------+
; OPTIMIZE_POWER_DURING_SYNTHESIS ; NORMAL_COMPILATION ; -    ; -                                                                                     ;
+---------------------------------+--------------------+------+---------------------------------------------------------------------------------------+


+---------------------------------------------------------------------------------------------------+
; Source assignments for deck:memory|altsyncram:altsyncram_component|altsyncram_67p1:auto_generated ;
+---------------------------------+--------------------+------+-------------------------------------+
; Assignment                      ; Value              ; From ; To                                  ;
+---------------------------------+--------------------+------+-------------------------------------+
; OPTIMIZE_POWER_DURING_SYNTHESIS ; NORMAL_COMPILATION ; -    ; -                                   ;
+---------------------------------+--------------------+------+-------------------------------------+


+-------------------------------------------------------+
; Source assignments for sld_signaltap:auto_signaltap_0 ;
+-----------------+-------+------+----------------------+
; Assignment      ; Value ; From ; To                   ;
+-----------------+-------+------+----------------------+
; MESSAGE_DISABLE ; 13410 ; -    ; -                    ;
+-----------------+-------+------+----------------------+


+----------------------------------------------------------------------------+
; Parameter Settings for User Entity Instance: Top-level Entity: |black_jack ;
+------------------------------+--------+------------------------------------+
; Parameter Name               ; Value  ; Type                               ;
+------------------------------+--------+------------------------------------+
; START                        ; 000000 ; Unsigned Binary                    ;
; WAIT_START                   ; 000001 ; Unsigned Binary                    ;
; SEED_ENTER                   ; 000010 ; Unsigned Binary                    ;
; START_SHUFF                  ; 000011 ; Unsigned Binary                    ;
; WAIT_SHUFF_DONE              ; 000100 ; Unsigned Binary                    ;
; START_GAME                   ; 000101 ; Unsigned Binary                    ;
; WAIT_START_GAME              ; 000110 ; Unsigned Binary                    ;
; DEAL_STEP_FIRST_CARD         ; 000111 ; Unsigned Binary                    ;
; DEAL_STEP_FIRST_CARD_BUFF    ; 001000 ; Unsigned Binary                    ;
; INIT_SPAWN_CARD              ; 001001 ; Unsigned Binary                    ;
; INIT_SPAWN_CARD_BUFF         ; 001010 ; Unsigned Binary                    ;
; INIT_SPAWN_SUIT              ; 001011 ; Unsigned Binary                    ;
; INIT_SPAWN_SUIT_BUFF         ; 001100 ; Unsigned Binary                    ;
; INIT_SPAWN_NUM               ; 001101 ; Unsigned Binary                    ;
; INIT_SPAWN_NUM_BUFF          ; 110110 ; Unsigned Binary                    ;
; DEAL_STEP_SECOND_CARD        ; 001110 ; Unsigned Binary                    ;
; DEAL_STEP_SECOND_CARD_BUFF   ; 001111 ; Unsigned Binary                    ;
; DEAL_STEP_SECOND_CARD_SETTLE ; 010000 ; Unsigned Binary                    ;
; INIT_2_SPAWN_CARD            ; 010001 ; Unsigned Binary                    ;
; INIT_2_SPAWN_CARD_BUFF       ; 010010 ; Unsigned Binary                    ;
; INIT_2_SPAWN_SUIT            ; 010011 ; Unsigned Binary                    ;
; INIT_2_SPAWN_SUIT_BUFF       ; 010100 ; Unsigned Binary                    ;
; INIT_2_SPAWN_NUM             ; 010101 ; Unsigned Binary                    ;
; INIT_2_SPAWN_NUM_BUFF        ; 110111 ; Unsigned Binary                    ;
; CHOOSE                       ; 010110 ; Unsigned Binary                    ;
; DEAL_STEP_MID                ; 010111 ; Unsigned Binary                    ;
; WAIT_PHIT                    ; 011000 ; Unsigned Binary                    ;
; WAIT_PSTAND                  ; 011001 ; Unsigned Binary                    ;
; DISPLAY_CARD                 ; 011010 ; Unsigned Binary                    ;
; SPAWN_CARD                   ; 011011 ; Unsigned Binary                    ;
; SPAWN_CARD_BUFF              ; 011100 ; Unsigned Binary                    ;
; SPAWN_SUIT                   ; 011101 ; Unsigned Binary                    ;
; SPAWN_SUIT_BUFF              ; 011110 ; Unsigned Binary                    ;
; SPAWN_NUM                    ; 011111 ; Unsigned Binary                    ;
; SPAWN_NUM_BUFF               ; 110101 ; Unsigned Binary                    ;
; ADD_TOTAL                    ; 100000 ; Unsigned Binary                    ;
; IS_PBUST                     ; 100001 ; Unsigned Binary                    ;
; IS_ACE                       ; 100010 ; Unsigned Binary                    ;
; WAIT_ACE_CHOICE              ; 100011 ; Unsigned Binary                    ;
; INC_INDEX                    ; 100100 ; Unsigned Binary                    ;
; INC_INDEX_BUFF               ; 100101 ; Unsigned Binary                    ;
; DEALER_GET                   ; 100110 ; Unsigned Binary                    ;
; WAIT_DHIT                    ; 100111 ; Unsigned Binary                    ;
; WAIT_DSTAND                  ; 101000 ; Unsigned Binary                    ;
; IS_DBUST                     ; 101001 ; Unsigned Binary                    ;
; IS_D_ACE                     ; 101010 ; Unsigned Binary                    ;
; WAIT_D_ACE_CHOICE            ; 101011 ; Unsigned Binary                    ;
; DISPLAY_DEALER_CARD          ; 101100 ; Unsigned Binary                    ;
; D_SPAWN_CARD                 ; 101101 ; Unsigned Binary                    ;
; D_SPAWN_SUIT                 ; 101110 ; Unsigned Binary                    ;
; D_SPAWN_NUM                  ; 101111 ; Unsigned Binary                    ;
; ADD_DEALER_TOTAL             ; 110000 ; Unsigned Binary                    ;
; INC_INDEX_D                  ; 110001 ; Unsigned Binary                    ;
; INC_INDEX_D_BUFF             ; 110010 ; Unsigned Binary                    ;
; IS_WIN                       ; 110011 ; Unsigned Binary                    ;
; IS_FINAL                     ; 110100 ; Unsigned Binary                    ;
; ERROR                        ; 111111 ; Unsigned Binary                    ;
+------------------------------+--------+------------------------------------+
Note: In order to hide this table in the UI and the text report file, please set the "Show Parameter Settings in Synthesis Report" option in "Analysis and Synthesis Settings -> More Settings" to "Off".


+--------------------------------------------------------------------------------+
; Parameter Settings for User Entity Instance: debounce_switches:db|debounce:db0 ;
+----------------+----------+----------------------------------------------------+
; Parameter Name ; Value    ; Type                                               ;
+----------------+----------+----------------------------------------------------+
; CALMING_WINDOW ; 01100100 ; Unsigned Binary                                    ;
; START          ; 000      ; Unsigned Binary                                    ;
; ONE            ; 001      ; Unsigned Binary                                    ;
; MAYBE_ONE      ; 010      ; Unsigned Binary                                    ;
; ZERO           ; 011      ; Unsigned Binary                                    ;
; MAYBE_ZERO     ; 100      ; Unsigned Binary                                    ;
; ERROR          ; 111      ; Unsigned Binary                                    ;
+----------------+----------+----------------------------------------------------+
Note: In order to hide this table in the UI and the text report file, please set the "Show Parameter Settings in Synthesis Report" option in "Analysis and Synthesis Settings -> More Settings" to "Off".


+--------------------------------------------------------------------------------+
; Parameter Settings for User Entity Instance: debounce_switches:db|debounce:db1 ;
+----------------+----------+----------------------------------------------------+
; Parameter Name ; Value    ; Type                                               ;
+----------------+----------+----------------------------------------------------+
; CALMING_WINDOW ; 01100100 ; Unsigned Binary                                    ;
; START          ; 000      ; Unsigned Binary                                    ;
; ONE            ; 001      ; Unsigned Binary                                    ;
; MAYBE_ONE      ; 010      ; Unsigned Binary                                    ;
; ZERO           ; 011      ; Unsigned Binary                                    ;
; MAYBE_ZERO     ; 100      ; Unsigned Binary                                    ;
; ERROR          ; 111      ; Unsigned Binary                                    ;
+----------------+----------+----------------------------------------------------+
Note: In order to hide this table in the UI and the text report file, please set the "Show Parameter Settings in Synthesis Report" option in "Analysis and Synthesis Settings -> More Settings" to "Off".


+--------------------------------------------------------------------------------+
; Parameter Settings for User Entity Instance: debounce_switches:db|debounce:db2 ;
+----------------+----------+----------------------------------------------------+
; Parameter Name ; Value    ; Type                                               ;
+----------------+----------+----------------------------------------------------+
; CALMING_WINDOW ; 01100100 ; Unsigned Binary                                    ;
; START          ; 000      ; Unsigned Binary                                    ;
; ONE            ; 001      ; Unsigned Binary                                    ;
; MAYBE_ONE      ; 010      ; Unsigned Binary                                    ;
; ZERO           ; 011      ; Unsigned Binary                                    ;
; MAYBE_ZERO     ; 100      ; Unsigned Binary                                    ;
; ERROR          ; 111      ; Unsigned Binary                                    ;
+----------------+----------+----------------------------------------------------+
Note: In order to hide this table in the UI and the text report file, please set the "Show Parameter Settings in Synthesis Report" option in "Analysis and Synthesis Settings -> More Settings" to "Off".


+--------------------------------------------------------------------------------+
; Parameter Settings for User Entity Instance: debounce_switches:db|debounce:db3 ;
+----------------+----------+----------------------------------------------------+
; Parameter Name ; Value    ; Type                                               ;
+----------------+----------+----------------------------------------------------+
; CALMING_WINDOW ; 01100100 ; Unsigned Binary                                    ;
; START          ; 000      ; Unsigned Binary                                    ;
; ONE            ; 001      ; Unsigned Binary                                    ;
; MAYBE_ONE      ; 010      ; Unsigned Binary                                    ;
; ZERO           ; 011      ; Unsigned Binary                                    ;
; MAYBE_ZERO     ; 100      ; Unsigned Binary                                    ;
; ERROR          ; 111      ; Unsigned Binary                                    ;
+----------------+----------+----------------------------------------------------+
Note: In order to hide this table in the UI and the text report file, please set the "Show Parameter Settings in Synthesis Report" option in "Analysis and Synthesis Settings -> More Settings" to "Off".


+--------------------------------------------------------------------------------+
; Parameter Settings for User Entity Instance: debounce_switches:db|debounce:db4 ;
+----------------+----------+----------------------------------------------------+
; Parameter Name ; Value    ; Type                                               ;
+----------------+----------+----------------------------------------------------+
; CALMING_WINDOW ; 01100100 ; Unsigned Binary                                    ;
; START          ; 000      ; Unsigned Binary                                    ;
; ONE            ; 001      ; Unsigned Binary                                    ;
; MAYBE_ONE      ; 010      ; Unsigned Binary                                    ;
; ZERO           ; 011      ; Unsigned Binary                                    ;
; MAYBE_ZERO     ; 100      ; Unsigned Binary                                    ;
; ERROR          ; 111      ; Unsigned Binary                                    ;
+----------------+----------+----------------------------------------------------+
Note: In order to hide this table in the UI and the text report file, please set the "Show Parameter Settings in Synthesis Report" option in "Analysis and Synthesis Settings -> More Settings" to "Off".


+--------------------------------------------------------------------------------+
; Parameter Settings for User Entity Instance: debounce_switches:db|debounce:db5 ;
+----------------+----------+----------------------------------------------------+
; Parameter Name ; Value    ; Type                                               ;
+----------------+----------+----------------------------------------------------+
; CALMING_WINDOW ; 01100100 ; Unsigned Binary                                    ;
; START          ; 000      ; Unsigned Binary                                    ;
; ONE            ; 001      ; Unsigned Binary                                    ;
; MAYBE_ONE      ; 010      ; Unsigned Binary                                    ;
; ZERO           ; 011      ; Unsigned Binary                                    ;
; MAYBE_ZERO     ; 100      ; Unsigned Binary                                    ;
; ERROR          ; 111      ; Unsigned Binary                                    ;
+----------------+----------+----------------------------------------------------+
Note: In order to hide this table in the UI and the text report file, please set the "Show Parameter Settings in Synthesis Report" option in "Analysis and Synthesis Settings -> More Settings" to "Off".


+--------------------------------------------------------------------------------+
; Parameter Settings for User Entity Instance: debounce_switches:db|debounce:db6 ;
+----------------+----------+----------------------------------------------------+
; Parameter Name ; Value    ; Type                                               ;
+----------------+----------+----------------------------------------------------+
; CALMING_WINDOW ; 01100100 ; Unsigned Binary                                    ;
; START          ; 000      ; Unsigned Binary                                    ;
; ONE            ; 001      ; Unsigned Binary                                    ;
; MAYBE_ONE      ; 010      ; Unsigned Binary                                    ;
; ZERO           ; 011      ; Unsigned Binary                                    ;
; MAYBE_ZERO     ; 100      ; Unsigned Binary                                    ;
; ERROR          ; 111      ; Unsigned Binary                                    ;
+----------------+----------+----------------------------------------------------+
Note: In order to hide this table in the UI and the text report file, please set the "Show Parameter Settings in Synthesis Report" option in "Analysis and Synthesis Settings -> More Settings" to "Off".


+--------------------------------------------------------------------------------+
; Parameter Settings for User Entity Instance: debounce_switches:db|debounce:db7 ;
+----------------+----------+----------------------------------------------------+
; Parameter Name ; Value    ; Type                                               ;
+----------------+----------+----------------------------------------------------+
; CALMING_WINDOW ; 01100100 ; Unsigned Binary                                    ;
; START          ; 000      ; Unsigned Binary                                    ;
; ONE            ; 001      ; Unsigned Binary                                    ;
; MAYBE_ONE      ; 010      ; Unsigned Binary                                    ;
; ZERO           ; 011      ; Unsigned Binary                                    ;
; MAYBE_ZERO     ; 100      ; Unsigned Binary                                    ;
; ERROR          ; 111      ; Unsigned Binary                                    ;
+----------------+----------+----------------------------------------------------+
Note: In order to hide this table in the UI and the text report file, please set the "Show Parameter Settings in Synthesis Report" option in "Analysis and Synthesis Settings -> More Settings" to "Off".


+---------------------------------------------------------------------------------+
; Parameter Settings for User Entity Instance: debounce_switches:db|debounce:db10 ;
+----------------+----------+-----------------------------------------------------+
; Parameter Name ; Value    ; Type                                                ;
+----------------+----------+-----------------------------------------------------+
; CALMING_WINDOW ; 01100100 ; Unsigned Binary                                     ;
; START          ; 000      ; Unsigned Binary                                     ;
; ONE            ; 001      ; Unsigned Binary                                     ;
; MAYBE_ONE      ; 010      ; Unsigned Binary                                     ;
; ZERO           ; 011      ; Unsigned Binary                                     ;
; MAYBE_ZERO     ; 100      ; Unsigned Binary                                     ;
; ERROR          ; 111      ; Unsigned Binary                                     ;
+----------------+----------+-----------------------------------------------------+
Note: In order to hide this table in the UI and the text report file, please set the "Show Parameter Settings in Synthesis Report" option in "Analysis and Synthesis Settings -> More Settings" to "Off".


+---------------------------------------------------------------------------------+
; Parameter Settings for User Entity Instance: debounce_switches:db|debounce:db11 ;
+----------------+----------+-----------------------------------------------------+
; Parameter Name ; Value    ; Type                                                ;
+----------------+----------+-----------------------------------------------------+
; CALMING_WINDOW ; 01100100 ; Unsigned Binary                                     ;
; START          ; 000      ; Unsigned Binary                                     ;
; ONE            ; 001      ; Unsigned Binary                                     ;
; MAYBE_ONE      ; 010      ; Unsigned Binary                                     ;
; ZERO           ; 011      ; Unsigned Binary                                     ;
; MAYBE_ZERO     ; 100      ; Unsigned Binary                                     ;
; ERROR          ; 111      ; Unsigned Binary                                     ;
+----------------+----------+-----------------------------------------------------+
Note: In order to hide this table in the UI and the text report file, please set the "Show Parameter Settings in Synthesis Report" option in "Analysis and Synthesis Settings -> More Settings" to "Off".


+---------------------------------------------------------------------------------+
; Parameter Settings for User Entity Instance: debounce_switches:db|debounce:db12 ;
+----------------+----------+-----------------------------------------------------+
; Parameter Name ; Value    ; Type                                                ;
+----------------+----------+-----------------------------------------------------+
; CALMING_WINDOW ; 01100100 ; Unsigned Binary                                     ;
; START          ; 000      ; Unsigned Binary                                     ;
; ONE            ; 001      ; Unsigned Binary                                     ;
; MAYBE_ONE      ; 010      ; Unsigned Binary                                     ;
; ZERO           ; 011      ; Unsigned Binary                                     ;
; MAYBE_ZERO     ; 100      ; Unsigned Binary                                     ;
; ERROR          ; 111      ; Unsigned Binary                                     ;
+----------------+----------+-----------------------------------------------------+
Note: In order to hide this table in the UI and the text report file, please set the "Show Parameter Settings in Synthesis Report" option in "Analysis and Synthesis Settings -> More Settings" to "Off".


+---------------------------------------------------------------------------------+
; Parameter Settings for User Entity Instance: debounce_switches:db|debounce:db13 ;
+----------------+----------+-----------------------------------------------------+
; Parameter Name ; Value    ; Type                                                ;
+----------------+----------+-----------------------------------------------------+
; CALMING_WINDOW ; 01100100 ; Unsigned Binary                                     ;
; START          ; 000      ; Unsigned Binary                                     ;
; ONE            ; 001      ; Unsigned Binary                                     ;
; MAYBE_ONE      ; 010      ; Unsigned Binary                                     ;
; ZERO           ; 011      ; Unsigned Binary                                     ;
; MAYBE_ZERO     ; 100      ; Unsigned Binary                                     ;
; ERROR          ; 111      ; Unsigned Binary                                     ;
+----------------+----------+-----------------------------------------------------+
Note: In order to hide this table in the UI and the text report file, please set the "Show Parameter Settings in Synthesis Report" option in "Analysis and Synthesis Settings -> More Settings" to "Off".


+---------------------------------------------------------------------------------+
; Parameter Settings for User Entity Instance: debounce_switches:db|debounce:db14 ;
+----------------+----------+-----------------------------------------------------+
; Parameter Name ; Value    ; Type                                                ;
+----------------+----------+-----------------------------------------------------+
; CALMING_WINDOW ; 01100100 ; Unsigned Binary                                     ;
; START          ; 000      ; Unsigned Binary                                     ;
; ONE            ; 001      ; Unsigned Binary                                     ;
; MAYBE_ONE      ; 010      ; Unsigned Binary                                     ;
; ZERO           ; 011      ; Unsigned Binary                                     ;
; MAYBE_ZERO     ; 100      ; Unsigned Binary                                     ;
; ERROR          ; 111      ; Unsigned Binary                                     ;
+----------------+----------+-----------------------------------------------------+
Note: In order to hide this table in the UI and the text report file, please set the "Show Parameter Settings in Synthesis Report" option in "Analysis and Synthesis Settings -> More Settings" to "Off".


+---------------------------------------------------------------------------------+
; Parameter Settings for User Entity Instance: debounce_switches:db|debounce:db15 ;
+----------------+----------+-----------------------------------------------------+
; Parameter Name ; Value    ; Type                                                ;
+----------------+----------+-----------------------------------------------------+
; CALMING_WINDOW ; 01100100 ; Unsigned Binary                                     ;
; START          ; 000      ; Unsigned Binary                                     ;
; ONE            ; 001      ; Unsigned Binary                                     ;
; MAYBE_ONE      ; 010      ; Unsigned Binary                                     ;
; ZERO           ; 011      ; Unsigned Binary                                     ;
; MAYBE_ZERO     ; 100      ; Unsigned Binary                                     ;
; ERROR          ; 111      ; Unsigned Binary                                     ;
+----------------+----------+-----------------------------------------------------+
Note: In order to hide this table in the UI and the text report file, please set the "Show Parameter Settings in Synthesis Report" option in "Analysis and Synthesis Settings -> More Settings" to "Off".


+---------------------------------------------------------------------------------+
; Parameter Settings for User Entity Instance: debounce_switches:db|debounce:db16 ;
+----------------+----------+-----------------------------------------------------+
; Parameter Name ; Value    ; Type                                                ;
+----------------+----------+-----------------------------------------------------+
; CALMING_WINDOW ; 01100100 ; Unsigned Binary                                     ;
; START          ; 000      ; Unsigned Binary                                     ;
; ONE            ; 001      ; Unsigned Binary                                     ;
; MAYBE_ONE      ; 010      ; Unsigned Binary                                     ;
; ZERO           ; 011      ; Unsigned Binary                                     ;
; MAYBE_ZERO     ; 100      ; Unsigned Binary                                     ;
; ERROR          ; 111      ; Unsigned Binary                                     ;
+----------------+----------+-----------------------------------------------------+
Note: In order to hide this table in the UI and the text report file, please set the "Show Parameter Settings in Synthesis Report" option in "Analysis and Synthesis Settings -> More Settings" to "Off".


+---------------------------------------------------------------------------------+
; Parameter Settings for User Entity Instance: debounce_switches:db|debounce:db17 ;
+----------------+----------+-----------------------------------------------------+
; Parameter Name ; Value    ; Type                                                ;
+----------------+----------+-----------------------------------------------------+
; CALMING_WINDOW ; 01100100 ; Unsigned Binary                                     ;
; START          ; 000      ; Unsigned Binary                                     ;
; ONE            ; 001      ; Unsigned Binary                                     ;
; MAYBE_ONE      ; 010      ; Unsigned Binary                                     ;
; ZERO           ; 011      ; Unsigned Binary                                     ;
; MAYBE_ZERO     ; 100      ; Unsigned Binary                                     ;
; ERROR          ; 111      ; Unsigned Binary                                     ;
+----------------+----------+-----------------------------------------------------+
Note: In order to hide this table in the UI and the text report file, please set the "Show Parameter Settings in Synthesis Report" option in "Analysis and Synthesis Settings -> More Settings" to "Off".


+---------------------------------------------------------------------------------+
; Parameter Settings for User Entity Instance: debounce_switches:db|debounce:db18 ;
+----------------+----------+-----------------------------------------------------+
; Parameter Name ; Value    ; Type                                                ;
+----------------+----------+-----------------------------------------------------+
; CALMING_WINDOW ; 01100100 ; Unsigned Binary                                     ;
; START          ; 000      ; Unsigned Binary                                     ;
; ONE            ; 001      ; Unsigned Binary                                     ;
; MAYBE_ONE      ; 010      ; Unsigned Binary                                     ;
; ZERO           ; 011      ; Unsigned Binary                                     ;
; MAYBE_ZERO     ; 100      ; Unsigned Binary                                     ;
; ERROR          ; 111      ; Unsigned Binary                                     ;
+----------------+----------+-----------------------------------------------------+
Note: In order to hide this table in the UI and the text report file, please set the "Show Parameter Settings in Synthesis Report" option in "Analysis and Synthesis Settings -> More Settings" to "Off".


+---------------------------------------------------------------------------------+
; Parameter Settings for User Entity Instance: debounce_switches:db|debounce:db19 ;
+----------------+----------+-----------------------------------------------------+
; Parameter Name ; Value    ; Type                                                ;
+----------------+----------+-----------------------------------------------------+
; CALMING_WINDOW ; 01100100 ; Unsigned Binary                                     ;
; START          ; 000      ; Unsigned Binary                                     ;
; ONE            ; 001      ; Unsigned Binary                                     ;
; MAYBE_ONE      ; 010      ; Unsigned Binary                                     ;
; ZERO           ; 011      ; Unsigned Binary                                     ;
; MAYBE_ZERO     ; 100      ; Unsigned Binary                                     ;
; ERROR          ; 111      ; Unsigned Binary                                     ;
+----------------+----------+-----------------------------------------------------+
Note: In order to hide this table in the UI and the text report file, please set the "Show Parameter Settings in Synthesis Report" option in "Analysis and Synthesis Settings -> More Settings" to "Off".


+-----------------------------------------------------------------------------+
; Parameter Settings for User Entity Instance: get_suit_rank:my_get_suit_rank ;
+----------------+-----------+------------------------------------------------+
; Parameter Name ; Value     ; Type                                           ;
+----------------+-----------+------------------------------------------------+
; QUEEN          ; 000000000 ; Unsigned Binary                                ;
; KING           ; 000011110 ; Unsigned Binary                                ;
; JACK           ; 001000001 ; Unsigned Binary                                ;
; ACE            ; 001100100 ; Unsigned Binary                                ;
; UNO            ; 010001100 ; Unsigned Binary                                ;
; TWO            ; 010101010 ; Unsigned Binary                                ;
; THREE          ; 011010010 ; Unsigned Binary                                ;
; FOUR           ; 011110000 ; Unsigned Binary                                ;
; FIVE           ; 100010011 ; Unsigned Binary                                ;
; SIX            ; 100110110 ; Unsigned Binary                                ;
; SEVEN          ; 101011001 ; Unsigned Binary                                ;
; EIGHT          ; 101111100 ; Unsigned Binary                                ;
; NINE           ; 110011111 ; Unsigned Binary                                ;
; TEN            ; 111000010 ; Unsigned Binary                                ;
; SPADES         ; 000000000 ; Unsigned Binary                                ;
; CLUBS          ; 001000000 ; Unsigned Binary                                ;
; DIAMONDS       ; 010001000 ; Unsigned Binary                                ;
; HEARTS         ; 011010000 ; Unsigned Binary                                ;
+----------------+-----------+------------------------------------------------+
Note: In order to hide this table in the UI and the text report file, please set the "Show Parameter Settings in Synthesis Report" option in "Analysis and Synthesis Settings -> More Settings" to "Off".


+-----------------------------------------------------------------------------------+
; Parameter Settings for User Entity Instance: asset_controller:my_asset_controller ;
+----------------------+------------------+-----------------------------------------+
; Parameter Name       ; Value            ; Type                                    ;
+----------------------+------------------+-----------------------------------------+
; MEMORY_SIZE          ; 0100101100000000 ; Unsigned Binary                         ;
; PIXEL_VIRTUAL_SIZE   ; 0000000000000100 ; Unsigned Binary                         ;
; VGA_WIDTH            ; 0000001010000000 ; Unsigned Binary                         ;
; VGA_HEIGHT           ; 0000000111100000 ; Unsigned Binary                         ;
; VIRTUAL_PIXEL_WIDTH  ; 0000000010100000 ; Unsigned Binary                         ;
; VIRTUAL_PIXEL_HEIGHT ; 0000000001111000 ; Unsigned Binary                         ;
; SCREEN_HEIGHT        ; 0000000001111000 ; Unsigned Binary                         ;
; START                ; 000              ; Unsigned Binary                         ;
; IDLE                 ; 001              ; Unsigned Binary                         ;
; FETCH_WAIT           ; 010              ; Unsigned Binary                         ;
; CALC_ADDR            ; 011              ; Unsigned Binary                         ;
; WRITE_PIXEL          ; 100              ; Unsigned Binary                         ;
; INCREMENT            ; 101              ; Unsigned Binary                         ;
; DONE                 ; 110              ; Unsigned Binary                         ;
+----------------------+------------------+-----------------------------------------+
Note: In order to hide this table in the UI and the text report file, please set the "Show Parameter Settings in Synthesis Report" option in "Analysis and Synthesis Settings -> More Settings" to "Off".


+--------------------------------------------------------------------------------------------------------------------------------------+
; Parameter Settings for User Entity Instance: asset_controller:my_asset_controller|playing_card:cards|altsyncram:altsyncram_component ;
+------------------------------------+----------------------+--------------------------------------------------------------------------+
; Parameter Name                     ; Value                ; Type                                                                     ;
+------------------------------------+----------------------+--------------------------------------------------------------------------+
; BYTE_SIZE_BLOCK                    ; 8                    ; Untyped                                                                  ;
; AUTO_CARRY_CHAINS                  ; ON                   ; AUTO_CARRY                                                               ;
; IGNORE_CARRY_BUFFERS               ; OFF                  ; IGNORE_CARRY                                                             ;
; AUTO_CASCADE_CHAINS                ; ON                   ; AUTO_CASCADE                                                             ;
; IGNORE_CASCADE_BUFFERS             ; OFF                  ; IGNORE_CASCADE                                                           ;
; WIDTH_BYTEENA                      ; 1                    ; Untyped                                                                  ;
; OPERATION_MODE                     ; ROM                  ; Untyped                                                                  ;
; WIDTH_A                            ; 24                   ; Signed Integer                                                           ;
; WIDTHAD_A                          ; 9                    ; Signed Integer                                                           ;
; NUMWORDS_A                         ; 285                  ; Signed Integer                                                           ;
; OUTDATA_REG_A                      ; UNREGISTERED         ; Untyped                                                                  ;
; ADDRESS_ACLR_A                     ; NONE                 ; Untyped                                                                  ;
; OUTDATA_ACLR_A                     ; NONE                 ; Untyped                                                                  ;
; WRCONTROL_ACLR_A                   ; NONE                 ; Untyped                                                                  ;
; INDATA_ACLR_A                      ; NONE                 ; Untyped                                                                  ;
; BYTEENA_ACLR_A                     ; NONE                 ; Untyped                                                                  ;
; WIDTH_B                            ; 1                    ; Untyped                                                                  ;
; WIDTHAD_B                          ; 1                    ; Untyped                                                                  ;
; NUMWORDS_B                         ; 1                    ; Untyped                                                                  ;
; INDATA_REG_B                       ; CLOCK1               ; Untyped                                                                  ;
; WRCONTROL_WRADDRESS_REG_B          ; CLOCK1               ; Untyped                                                                  ;
; RDCONTROL_REG_B                    ; CLOCK1               ; Untyped                                                                  ;
; ADDRESS_REG_B                      ; CLOCK1               ; Untyped                                                                  ;
; OUTDATA_REG_B                      ; UNREGISTERED         ; Untyped                                                                  ;
; BYTEENA_REG_B                      ; CLOCK1               ; Untyped                                                                  ;
; INDATA_ACLR_B                      ; NONE                 ; Untyped                                                                  ;
; WRCONTROL_ACLR_B                   ; NONE                 ; Untyped                                                                  ;
; ADDRESS_ACLR_B                     ; NONE                 ; Untyped                                                                  ;
; OUTDATA_ACLR_B                     ; NONE                 ; Untyped                                                                  ;
; RDCONTROL_ACLR_B                   ; NONE                 ; Untyped                                                                  ;
; BYTEENA_ACLR_B                     ; NONE                 ; Untyped                                                                  ;
; WIDTH_BYTEENA_A                    ; 1                    ; Signed Integer                                                           ;
; WIDTH_BYTEENA_B                    ; 1                    ; Untyped                                                                  ;
; RAM_BLOCK_TYPE                     ; AUTO                 ; Untyped                                                                  ;
; BYTE_SIZE                          ; 8                    ; Untyped                                                                  ;
; READ_DURING_WRITE_MODE_MIXED_PORTS ; DONT_CARE            ; Untyped                                                                  ;
; READ_DURING_WRITE_MODE_PORT_A      ; NEW_DATA_NO_NBE_READ ; Untyped                                                                  ;
; READ_DURING_WRITE_MODE_PORT_B      ; NEW_DATA_NO_NBE_READ ; Untyped                                                                  ;
; INIT_FILE                          ; ../card_asset.mif    ; Untyped                                                                  ;
; INIT_FILE_LAYOUT                   ; PORT_A               ; Untyped                                                                  ;
; MAXIMUM_DEPTH                      ; 0                    ; Untyped                                                                  ;
; CLOCK_ENABLE_INPUT_A               ; BYPASS               ; Untyped                                                                  ;
; CLOCK_ENABLE_INPUT_B               ; NORMAL               ; Untyped                                                                  ;
; CLOCK_ENABLE_OUTPUT_A              ; BYPASS               ; Untyped                                                                  ;
; CLOCK_ENABLE_OUTPUT_B              ; NORMAL               ; Untyped                                                                  ;
; CLOCK_ENABLE_CORE_A                ; USE_INPUT_CLKEN      ; Untyped                                                                  ;
; CLOCK_ENABLE_CORE_B                ; USE_INPUT_CLKEN      ; Untyped                                                                  ;
; ENABLE_ECC                         ; FALSE                ; Untyped                                                                  ;
; ECC_PIPELINE_STAGE_ENABLED         ; FALSE                ; Untyped                                                                  ;
; WIDTH_ECCSTATUS                    ; 3                    ; Untyped                                                                  ;
; DEVICE_FAMILY                      ; Cyclone V            ; Untyped                                                                  ;
; CBXI_PARAMETER                     ; altsyncram_qng1      ; Untyped                                                                  ;
+------------------------------------+----------------------+--------------------------------------------------------------------------+
Note: In order to hide this table in the UI and the text report file, please set the "Show Parameter Settings in Synthesis Report" option in "Analysis and Synthesis Settings -> More Settings" to "Off".


+-------------------------------------------------------------------------------------------------------------------------------------------+
; Parameter Settings for User Entity Instance: asset_controller:my_asset_controller|player_chip_asset:chipP|altsyncram:altsyncram_component ;
+------------------------------------+----------------------+-------------------------------------------------------------------------------+
; Parameter Name                     ; Value                ; Type                                                                          ;
+------------------------------------+----------------------+-------------------------------------------------------------------------------+
; BYTE_SIZE_BLOCK                    ; 8                    ; Untyped                                                                       ;
; AUTO_CARRY_CHAINS                  ; ON                   ; AUTO_CARRY                                                                    ;
; IGNORE_CARRY_BUFFERS               ; OFF                  ; IGNORE_CARRY                                                                  ;
; AUTO_CASCADE_CHAINS                ; ON                   ; AUTO_CASCADE                                                                  ;
; IGNORE_CASCADE_BUFFERS             ; OFF                  ; IGNORE_CASCADE                                                                ;
; WIDTH_BYTEENA                      ; 1                    ; Untyped                                                                       ;
; OPERATION_MODE                     ; ROM                  ; Untyped                                                                       ;
; WIDTH_A                            ; 24                   ; Signed Integer                                                                ;
; WIDTHAD_A                          ; 8                    ; Signed Integer                                                                ;
; NUMWORDS_A                         ; 144                  ; Signed Integer                                                                ;
; OUTDATA_REG_A                      ; UNREGISTERED         ; Untyped                                                                       ;
; ADDRESS_ACLR_A                     ; NONE                 ; Untyped                                                                       ;
; OUTDATA_ACLR_A                     ; NONE                 ; Untyped                                                                       ;
; WRCONTROL_ACLR_A                   ; NONE                 ; Untyped                                                                       ;
; INDATA_ACLR_A                      ; NONE                 ; Untyped                                                                       ;
; BYTEENA_ACLR_A                     ; NONE                 ; Untyped                                                                       ;
; WIDTH_B                            ; 1                    ; Untyped                                                                       ;
; WIDTHAD_B                          ; 1                    ; Untyped                                                                       ;
; NUMWORDS_B                         ; 1                    ; Untyped                                                                       ;
; INDATA_REG_B                       ; CLOCK1               ; Untyped                                                                       ;
; WRCONTROL_WRADDRESS_REG_B          ; CLOCK1               ; Untyped                                                                       ;
; RDCONTROL_REG_B                    ; CLOCK1               ; Untyped                                                                       ;
; ADDRESS_REG_B                      ; CLOCK1               ; Untyped                                                                       ;
; OUTDATA_REG_B                      ; UNREGISTERED         ; Untyped                                                                       ;
; BYTEENA_REG_B                      ; CLOCK1               ; Untyped                                                                       ;
; INDATA_ACLR_B                      ; NONE                 ; Untyped                                                                       ;
; WRCONTROL_ACLR_B                   ; NONE                 ; Untyped                                                                       ;
; ADDRESS_ACLR_B                     ; NONE                 ; Untyped                                                                       ;
; OUTDATA_ACLR_B                     ; NONE                 ; Untyped                                                                       ;
; RDCONTROL_ACLR_B                   ; NONE                 ; Untyped                                                                       ;
; BYTEENA_ACLR_B                     ; NONE                 ; Untyped                                                                       ;
; WIDTH_BYTEENA_A                    ; 1                    ; Signed Integer                                                                ;
; WIDTH_BYTEENA_B                    ; 1                    ; Untyped                                                                       ;
; RAM_BLOCK_TYPE                     ; AUTO                 ; Untyped                                                                       ;
; BYTE_SIZE                          ; 8                    ; Untyped                                                                       ;
; READ_DURING_WRITE_MODE_MIXED_PORTS ; DONT_CARE            ; Untyped                                                                       ;
; READ_DURING_WRITE_MODE_PORT_A      ; NEW_DATA_NO_NBE_READ ; Untyped                                                                       ;
; READ_DURING_WRITE_MODE_PORT_B      ; NEW_DATA_NO_NBE_READ ; Untyped                                                                       ;
; INIT_FILE                          ; player_chip.mif      ; Untyped                                                                       ;
; INIT_FILE_LAYOUT                   ; PORT_A               ; Untyped                                                                       ;
; MAXIMUM_DEPTH                      ; 0                    ; Untyped                                                                       ;
; CLOCK_ENABLE_INPUT_A               ; BYPASS               ; Untyped                                                                       ;
; CLOCK_ENABLE_INPUT_B               ; NORMAL               ; Untyped                                                                       ;
; CLOCK_ENABLE_OUTPUT_A              ; BYPASS               ; Untyped                                                                       ;
; CLOCK_ENABLE_OUTPUT_B              ; NORMAL               ; Untyped                                                                       ;
; CLOCK_ENABLE_CORE_A                ; USE_INPUT_CLKEN      ; Untyped                                                                       ;
; CLOCK_ENABLE_CORE_B                ; USE_INPUT_CLKEN      ; Untyped                                                                       ;
; ENABLE_ECC                         ; FALSE                ; Untyped                                                                       ;
; ECC_PIPELINE_STAGE_ENABLED         ; FALSE                ; Untyped                                                                       ;
; WIDTH_ECCSTATUS                    ; 3                    ; Untyped                                                                       ;
; DEVICE_FAMILY                      ; Cyclone V            ; Untyped                                                                       ;
; CBXI_PARAMETER                     ; altsyncram_vmg1      ; Untyped                                                                       ;
+------------------------------------+----------------------+-------------------------------------------------------------------------------+
Note: In order to hide this table in the UI and the text report file, please set the "Show Parameter Settings in Synthesis Report" option in "Analysis and Synthesis Settings -> More Settings" to "Off".


+-------------------------------------------------------------------------------------------------------------------------------------------+
; Parameter Settings for User Entity Instance: asset_controller:my_asset_controller|dealer_chip_asset:chipD|altsyncram:altsyncram_component ;
+------------------------------------+----------------------+-------------------------------------------------------------------------------+
; Parameter Name                     ; Value                ; Type                                                                          ;
+------------------------------------+----------------------+-------------------------------------------------------------------------------+
; BYTE_SIZE_BLOCK                    ; 8                    ; Untyped                                                                       ;
; AUTO_CARRY_CHAINS                  ; ON                   ; AUTO_CARRY                                                                    ;
; IGNORE_CARRY_BUFFERS               ; OFF                  ; IGNORE_CARRY                                                                  ;
; AUTO_CASCADE_CHAINS                ; ON                   ; AUTO_CASCADE                                                                  ;
; IGNORE_CASCADE_BUFFERS             ; OFF                  ; IGNORE_CASCADE                                                                ;
; WIDTH_BYTEENA                      ; 1                    ; Untyped                                                                       ;
; OPERATION_MODE                     ; ROM                  ; Untyped                                                                       ;
; WIDTH_A                            ; 24                   ; Signed Integer                                                                ;
; WIDTHAD_A                          ; 8                    ; Signed Integer                                                                ;
; NUMWORDS_A                         ; 144                  ; Signed Integer                                                                ;
; OUTDATA_REG_A                      ; UNREGISTERED         ; Untyped                                                                       ;
; ADDRESS_ACLR_A                     ; NONE                 ; Untyped                                                                       ;
; OUTDATA_ACLR_A                     ; NONE                 ; Untyped                                                                       ;
; WRCONTROL_ACLR_A                   ; NONE                 ; Untyped                                                                       ;
; INDATA_ACLR_A                      ; NONE                 ; Untyped                                                                       ;
; BYTEENA_ACLR_A                     ; NONE                 ; Untyped                                                                       ;
; WIDTH_B                            ; 1                    ; Untyped                                                                       ;
; WIDTHAD_B                          ; 1                    ; Untyped                                                                       ;
; NUMWORDS_B                         ; 1                    ; Untyped                                                                       ;
; INDATA_REG_B                       ; CLOCK1               ; Untyped                                                                       ;
; WRCONTROL_WRADDRESS_REG_B          ; CLOCK1               ; Untyped                                                                       ;
; RDCONTROL_REG_B                    ; CLOCK1               ; Untyped                                                                       ;
; ADDRESS_REG_B                      ; CLOCK1               ; Untyped                                                                       ;
; OUTDATA_REG_B                      ; UNREGISTERED         ; Untyped                                                                       ;
; BYTEENA_REG_B                      ; CLOCK1               ; Untyped                                                                       ;
; INDATA_ACLR_B                      ; NONE                 ; Untyped                                                                       ;
; WRCONTROL_ACLR_B                   ; NONE                 ; Untyped                                                                       ;
; ADDRESS_ACLR_B                     ; NONE                 ; Untyped                                                                       ;
; OUTDATA_ACLR_B                     ; NONE                 ; Untyped                                                                       ;
; RDCONTROL_ACLR_B                   ; NONE                 ; Untyped                                                                       ;
; BYTEENA_ACLR_B                     ; NONE                 ; Untyped                                                                       ;
; WIDTH_BYTEENA_A                    ; 1                    ; Signed Integer                                                                ;
; WIDTH_BYTEENA_B                    ; 1                    ; Untyped                                                                       ;
; RAM_BLOCK_TYPE                     ; AUTO                 ; Untyped                                                                       ;
; BYTE_SIZE                          ; 8                    ; Untyped                                                                       ;
; READ_DURING_WRITE_MODE_MIXED_PORTS ; DONT_CARE            ; Untyped                                                                       ;
; READ_DURING_WRITE_MODE_PORT_A      ; NEW_DATA_NO_NBE_READ ; Untyped                                                                       ;
; READ_DURING_WRITE_MODE_PORT_B      ; NEW_DATA_NO_NBE_READ ; Untyped                                                                       ;
; INIT_FILE                          ; dealer_chip.mif      ; Untyped                                                                       ;
; INIT_FILE_LAYOUT                   ; PORT_A               ; Untyped                                                                       ;
; MAXIMUM_DEPTH                      ; 0                    ; Untyped                                                                       ;
; CLOCK_ENABLE_INPUT_A               ; BYPASS               ; Untyped                                                                       ;
; CLOCK_ENABLE_INPUT_B               ; NORMAL               ; Untyped                                                                       ;
; CLOCK_ENABLE_OUTPUT_A              ; BYPASS               ; Untyped                                                                       ;
; CLOCK_ENABLE_OUTPUT_B              ; NORMAL               ; Untyped                                                                       ;
; CLOCK_ENABLE_CORE_A                ; USE_INPUT_CLKEN      ; Untyped                                                                       ;
; CLOCK_ENABLE_CORE_B                ; USE_INPUT_CLKEN      ; Untyped                                                                       ;
; ENABLE_ECC                         ; FALSE                ; Untyped                                                                       ;
; ECC_PIPELINE_STAGE_ENABLED         ; FALSE                ; Untyped                                                                       ;
; WIDTH_ECCSTATUS                    ; 3                    ; Untyped                                                                       ;
; DEVICE_FAMILY                      ; Cyclone V            ; Untyped                                                                       ;
; CBXI_PARAMETER                     ; altsyncram_vlg1      ; Untyped                                                                       ;
+------------------------------------+----------------------+-------------------------------------------------------------------------------+
Note: In order to hide this table in the UI and the text report file, please set the "Show Parameter Settings in Synthesis Report" option in "Analysis and Synthesis Settings -> More Settings" to "Off".


+--------------------------------------------------------------------------------------------------------------------------------------+
; Parameter Settings for User Entity Instance: asset_controller:my_asset_controller|rank_library:ranks|altsyncram:altsyncram_component ;
+------------------------------------+----------------------+--------------------------------------------------------------------------+
; Parameter Name                     ; Value                ; Type                                                                     ;
+------------------------------------+----------------------+--------------------------------------------------------------------------+
; BYTE_SIZE_BLOCK                    ; 8                    ; Untyped                                                                  ;
; AUTO_CARRY_CHAINS                  ; ON                   ; AUTO_CARRY                                                               ;
; IGNORE_CARRY_BUFFERS               ; OFF                  ; IGNORE_CARRY                                                             ;
; AUTO_CASCADE_CHAINS                ; ON                   ; AUTO_CASCADE                                                             ;
; IGNORE_CASCADE_BUFFERS             ; OFF                  ; IGNORE_CASCADE                                                           ;
; WIDTH_BYTEENA                      ; 1                    ; Untyped                                                                  ;
; OPERATION_MODE                     ; ROM                  ; Untyped                                                                  ;
; WIDTH_A                            ; 24                   ; Signed Integer                                                           ;
; WIDTHAD_A                          ; 9                    ; Signed Integer                                                           ;
; NUMWORDS_A                         ; 480                  ; Signed Integer                                                           ;
; OUTDATA_REG_A                      ; UNREGISTERED         ; Untyped                                                                  ;
; ADDRESS_ACLR_A                     ; NONE                 ; Untyped                                                                  ;
; OUTDATA_ACLR_A                     ; NONE                 ; Untyped                                                                  ;
; WRCONTROL_ACLR_A                   ; NONE                 ; Untyped                                                                  ;
; INDATA_ACLR_A                      ; NONE                 ; Untyped                                                                  ;
; BYTEENA_ACLR_A                     ; NONE                 ; Untyped                                                                  ;
; WIDTH_B                            ; 1                    ; Untyped                                                                  ;
; WIDTHAD_B                          ; 1                    ; Untyped                                                                  ;
; NUMWORDS_B                         ; 1                    ; Untyped                                                                  ;
; INDATA_REG_B                       ; CLOCK1               ; Untyped                                                                  ;
; WRCONTROL_WRADDRESS_REG_B          ; CLOCK1               ; Untyped                                                                  ;
; RDCONTROL_REG_B                    ; CLOCK1               ; Untyped                                                                  ;
; ADDRESS_REG_B                      ; CLOCK1               ; Untyped                                                                  ;
; OUTDATA_REG_B                      ; UNREGISTERED         ; Untyped                                                                  ;
; BYTEENA_REG_B                      ; CLOCK1               ; Untyped                                                                  ;
; INDATA_ACLR_B                      ; NONE                 ; Untyped                                                                  ;
; WRCONTROL_ACLR_B                   ; NONE                 ; Untyped                                                                  ;
; ADDRESS_ACLR_B                     ; NONE                 ; Untyped                                                                  ;
; OUTDATA_ACLR_B                     ; NONE                 ; Untyped                                                                  ;
; RDCONTROL_ACLR_B                   ; NONE                 ; Untyped                                                                  ;
; BYTEENA_ACLR_B                     ; NONE                 ; Untyped                                                                  ;
; WIDTH_BYTEENA_A                    ; 1                    ; Signed Integer                                                           ;
; WIDTH_BYTEENA_B                    ; 1                    ; Untyped                                                                  ;
; RAM_BLOCK_TYPE                     ; AUTO                 ; Untyped                                                                  ;
; BYTE_SIZE                          ; 8                    ; Untyped                                                                  ;
; READ_DURING_WRITE_MODE_MIXED_PORTS ; DONT_CARE            ; Untyped                                                                  ;
; READ_DURING_WRITE_MODE_PORT_A      ; NEW_DATA_NO_NBE_READ ; Untyped                                                                  ;
; READ_DURING_WRITE_MODE_PORT_B      ; NEW_DATA_NO_NBE_READ ; Untyped                                                                  ;
; INIT_FILE                          ; rank_library.mif     ; Untyped                                                                  ;
; INIT_FILE_LAYOUT                   ; PORT_A               ; Untyped                                                                  ;
; MAXIMUM_DEPTH                      ; 0                    ; Untyped                                                                  ;
; CLOCK_ENABLE_INPUT_A               ; BYPASS               ; Untyped                                                                  ;
; CLOCK_ENABLE_INPUT_B               ; NORMAL               ; Untyped                                                                  ;
; CLOCK_ENABLE_OUTPUT_A              ; BYPASS               ; Untyped                                                                  ;
; CLOCK_ENABLE_OUTPUT_B              ; NORMAL               ; Untyped                                                                  ;
; CLOCK_ENABLE_CORE_A                ; USE_INPUT_CLKEN      ; Untyped                                                                  ;
; CLOCK_ENABLE_CORE_B                ; USE_INPUT_CLKEN      ; Untyped                                                                  ;
; ENABLE_ECC                         ; FALSE                ; Untyped                                                                  ;
; ECC_PIPELINE_STAGE_ENABLED         ; FALSE                ; Untyped                                                                  ;
; WIDTH_ECCSTATUS                    ; 3                    ; Untyped                                                                  ;
; DEVICE_FAMILY                      ; Cyclone V            ; Untyped                                                                  ;
; CBXI_PARAMETER                     ; altsyncram_jqg1      ; Untyped                                                                  ;
+------------------------------------+----------------------+--------------------------------------------------------------------------+
Note: In order to hide this table in the UI and the text report file, please set the "Show Parameter Settings in Synthesis Report" option in "Analysis and Synthesis Settings -> More Settings" to "Off".


+--------------------------------------------------------------------------------------------------------------------------------------+
; Parameter Settings for User Entity Instance: asset_controller:my_asset_controller|suit_library:suits|altsyncram:altsyncram_component ;
+------------------------------------+----------------------+--------------------------------------------------------------------------+
; Parameter Name                     ; Value                ; Type                                                                     ;
+------------------------------------+----------------------+--------------------------------------------------------------------------+
; BYTE_SIZE_BLOCK                    ; 8                    ; Untyped                                                                  ;
; AUTO_CARRY_CHAINS                  ; ON                   ; AUTO_CARRY                                                               ;
; IGNORE_CARRY_BUFFERS               ; OFF                  ; IGNORE_CARRY                                                             ;
; AUTO_CASCADE_CHAINS                ; ON                   ; AUTO_CASCADE                                                             ;
; IGNORE_CASCADE_BUFFERS             ; OFF                  ; IGNORE_CASCADE                                                           ;
; WIDTH_BYTEENA                      ; 1                    ; Untyped                                                                  ;
; OPERATION_MODE                     ; ROM                  ; Untyped                                                                  ;
; WIDTH_A                            ; 24                   ; Signed Integer                                                           ;
; WIDTHAD_A                          ; 9                    ; Signed Integer                                                           ;
; NUMWORDS_A                         ; 272                  ; Signed Integer                                                           ;
; OUTDATA_REG_A                      ; UNREGISTERED         ; Untyped                                                                  ;
; ADDRESS_ACLR_A                     ; NONE                 ; Untyped                                                                  ;
; OUTDATA_ACLR_A                     ; NONE                 ; Untyped                                                                  ;
; WRCONTROL_ACLR_A                   ; NONE                 ; Untyped                                                                  ;
; INDATA_ACLR_A                      ; NONE                 ; Untyped                                                                  ;
; BYTEENA_ACLR_A                     ; NONE                 ; Untyped                                                                  ;
; WIDTH_B                            ; 1                    ; Untyped                                                                  ;
; WIDTHAD_B                          ; 1                    ; Untyped                                                                  ;
; NUMWORDS_B                         ; 1                    ; Untyped                                                                  ;
; INDATA_REG_B                       ; CLOCK1               ; Untyped                                                                  ;
; WRCONTROL_WRADDRESS_REG_B          ; CLOCK1               ; Untyped                                                                  ;
; RDCONTROL_REG_B                    ; CLOCK1               ; Untyped                                                                  ;
; ADDRESS_REG_B                      ; CLOCK1               ; Untyped                                                                  ;
; OUTDATA_REG_B                      ; UNREGISTERED         ; Untyped                                                                  ;
; BYTEENA_REG_B                      ; CLOCK1               ; Untyped                                                                  ;
; INDATA_ACLR_B                      ; NONE                 ; Untyped                                                                  ;
; WRCONTROL_ACLR_B                   ; NONE                 ; Untyped                                                                  ;
; ADDRESS_ACLR_B                     ; NONE                 ; Untyped                                                                  ;
; OUTDATA_ACLR_B                     ; NONE                 ; Untyped                                                                  ;
; RDCONTROL_ACLR_B                   ; NONE                 ; Untyped                                                                  ;
; BYTEENA_ACLR_B                     ; NONE                 ; Untyped                                                                  ;
; WIDTH_BYTEENA_A                    ; 1                    ; Signed Integer                                                           ;
; WIDTH_BYTEENA_B                    ; 1                    ; Untyped                                                                  ;
; RAM_BLOCK_TYPE                     ; AUTO                 ; Untyped                                                                  ;
; BYTE_SIZE                          ; 8                    ; Untyped                                                                  ;
; READ_DURING_WRITE_MODE_MIXED_PORTS ; DONT_CARE            ; Untyped                                                                  ;
; READ_DURING_WRITE_MODE_PORT_A      ; NEW_DATA_NO_NBE_READ ; Untyped                                                                  ;
; READ_DURING_WRITE_MODE_PORT_B      ; NEW_DATA_NO_NBE_READ ; Untyped                                                                  ;
; INIT_FILE                          ; suit_library.mif     ; Untyped                                                                  ;
; INIT_FILE_LAYOUT                   ; PORT_A               ; Untyped                                                                  ;
; MAXIMUM_DEPTH                      ; 0                    ; Untyped                                                                  ;
; CLOCK_ENABLE_INPUT_A               ; BYPASS               ; Untyped                                                                  ;
; CLOCK_ENABLE_INPUT_B               ; NORMAL               ; Untyped                                                                  ;
; CLOCK_ENABLE_OUTPUT_A              ; BYPASS               ; Untyped                                                                  ;
; CLOCK_ENABLE_OUTPUT_B              ; NORMAL               ; Untyped                                                                  ;
; CLOCK_ENABLE_CORE_A                ; USE_INPUT_CLKEN      ; Untyped                                                                  ;
; CLOCK_ENABLE_CORE_B                ; USE_INPUT_CLKEN      ; Untyped                                                                  ;
; ENABLE_ECC                         ; FALSE                ; Untyped                                                                  ;
; ECC_PIPELINE_STAGE_ENABLED         ; FALSE                ; Untyped                                                                  ;
; WIDTH_ECCSTATUS                    ; 3                    ; Untyped                                                                  ;
; DEVICE_FAMILY                      ; Cyclone V            ; Untyped                                                                  ;
; CBXI_PARAMETER                     ; altsyncram_brg1      ; Untyped                                                                  ;
+------------------------------------+----------------------+--------------------------------------------------------------------------+
Note: In order to hide this table in the UI and the text report file, please set the "Show Parameter Settings in Synthesis Report" option in "Analysis and Synthesis Settings -> More Settings" to "Off".


+--------------------------------------------------------------------------------------------------------------------------------------------------+
; Parameter Settings for User Entity Instance: asset_controller:my_asset_controller|replace_background:replacement|altsyncram:altsyncram_component ;
+------------------------------------+----------------------+--------------------------------------------------------------------------------------+
; Parameter Name                     ; Value                ; Type                                                                                 ;
+------------------------------------+----------------------+--------------------------------------------------------------------------------------+
; BYTE_SIZE_BLOCK                    ; 8                    ; Untyped                                                                              ;
; AUTO_CARRY_CHAINS                  ; ON                   ; AUTO_CARRY                                                                           ;
; IGNORE_CARRY_BUFFERS               ; OFF                  ; IGNORE_CARRY                                                                         ;
; AUTO_CASCADE_CHAINS                ; ON                   ; AUTO_CASCADE                                                                         ;
; IGNORE_CASCADE_BUFFERS             ; OFF                  ; IGNORE_CASCADE                                                                       ;
; WIDTH_BYTEENA                      ; 1                    ; Untyped                                                                              ;
; OPERATION_MODE                     ; ROM                  ; Untyped                                                                              ;
; WIDTH_A                            ; 24                   ; Signed Integer                                                                       ;
; WIDTHAD_A                          ; 15                   ; Signed Integer                                                                       ;
; NUMWORDS_A                         ; 32768                ; Signed Integer                                                                       ;
; OUTDATA_REG_A                      ; UNREGISTERED         ; Untyped                                                                              ;
; ADDRESS_ACLR_A                     ; NONE                 ; Untyped                                                                              ;
; OUTDATA_ACLR_A                     ; NONE                 ; Untyped                                                                              ;
; WRCONTROL_ACLR_A                   ; NONE                 ; Untyped                                                                              ;
; INDATA_ACLR_A                      ; NONE                 ; Untyped                                                                              ;
; BYTEENA_ACLR_A                     ; NONE                 ; Untyped                                                                              ;
; WIDTH_B                            ; 1                    ; Untyped                                                                              ;
; WIDTHAD_B                          ; 1                    ; Untyped                                                                              ;
; NUMWORDS_B                         ; 1                    ; Untyped                                                                              ;
; INDATA_REG_B                       ; CLOCK1               ; Untyped                                                                              ;
; WRCONTROL_WRADDRESS_REG_B          ; CLOCK1               ; Untyped                                                                              ;
; RDCONTROL_REG_B                    ; CLOCK1               ; Untyped                                                                              ;
; ADDRESS_REG_B                      ; CLOCK1               ; Untyped                                                                              ;
; OUTDATA_REG_B                      ; UNREGISTERED         ; Untyped                                                                              ;
; BYTEENA_REG_B                      ; CLOCK1               ; Untyped                                                                              ;
; INDATA_ACLR_B                      ; NONE                 ; Untyped                                                                              ;
; WRCONTROL_ACLR_B                   ; NONE                 ; Untyped                                                                              ;
; ADDRESS_ACLR_B                     ; NONE                 ; Untyped                                                                              ;
; OUTDATA_ACLR_B                     ; NONE                 ; Untyped                                                                              ;
; RDCONTROL_ACLR_B                   ; NONE                 ; Untyped                                                                              ;
; BYTEENA_ACLR_B                     ; NONE                 ; Untyped                                                                              ;
; WIDTH_BYTEENA_A                    ; 1                    ; Signed Integer                                                                       ;
; WIDTH_BYTEENA_B                    ; 1                    ; Untyped                                                                              ;
; RAM_BLOCK_TYPE                     ; AUTO                 ; Untyped                                                                              ;
; BYTE_SIZE                          ; 8                    ; Untyped                                                                              ;
; READ_DURING_WRITE_MODE_MIXED_PORTS ; DONT_CARE            ; Untyped                                                                              ;
; READ_DURING_WRITE_MODE_PORT_A      ; NEW_DATA_NO_NBE_READ ; Untyped                                                                              ;
; READ_DURING_WRITE_MODE_PORT_B      ; NEW_DATA_NO_NBE_READ ; Untyped                                                                              ;
; INIT_FILE                          ; table_background.mif ; Untyped                                                                              ;
; INIT_FILE_LAYOUT                   ; PORT_A               ; Untyped                                                                              ;
; MAXIMUM_DEPTH                      ; 0                    ; Untyped                                                                              ;
; CLOCK_ENABLE_INPUT_A               ; BYPASS               ; Untyped                                                                              ;
; CLOCK_ENABLE_INPUT_B               ; NORMAL               ; Untyped                                                                              ;
; CLOCK_ENABLE_OUTPUT_A              ; BYPASS               ; Untyped                                                                              ;
; CLOCK_ENABLE_OUTPUT_B              ; NORMAL               ; Untyped                                                                              ;
; CLOCK_ENABLE_CORE_A                ; USE_INPUT_CLKEN      ; Untyped                                                                              ;
; CLOCK_ENABLE_CORE_B                ; USE_INPUT_CLKEN      ; Untyped                                                                              ;
; ENABLE_ECC                         ; FALSE                ; Untyped                                                                              ;
; ECC_PIPELINE_STAGE_ENABLED         ; FALSE                ; Untyped                                                                              ;
; WIDTH_ECCSTATUS                    ; 3                    ; Untyped                                                                              ;
; DEVICE_FAMILY                      ; Cyclone V            ; Untyped                                                                              ;
; CBXI_PARAMETER                     ; altsyncram_lbh1      ; Untyped                                                                              ;
+------------------------------------+----------------------+--------------------------------------------------------------------------------------+
Note: In order to hide this table in the UI and the text report file, please set the "Show Parameter Settings in Synthesis Report" option in "Analysis and Synthesis Settings -> More Settings" to "Off".


+-------------------------------------------------------------------------------+
; Parameter Settings for User Entity Instance: vga_frame_driver:my_frame_driver ;
+----------------------+------------------+-------------------------------------+
; Parameter Name       ; Value            ; Type                                ;
+----------------------+------------------+-------------------------------------+
; START                ; 00000000         ; Unsigned Binary                     ;
; W2M_DONE             ; 00000100         ; Unsigned Binary                     ;
; RFM_INIT_START       ; 00000101         ; Unsigned Binary                     ;
; RFM_INIT_WAIT        ; 00000110         ; Unsigned Binary                     ;
; RFM_DRAWING          ; 00000111         ; Unsigned Binary                     ;
; ERROR                ; 11111111         ; Unsigned Binary                     ;
; MEMORY_SIZE          ; 0100101100000000 ; Unsigned Binary                     ;
; PIXEL_VIRTUAL_SIZE   ; 0000000000000100 ; Unsigned Binary                     ;
; VGA_WIDTH            ; 0000001010000000 ; Unsigned Binary                     ;
; VGA_HEIGHT           ; 0000000111100000 ; Unsigned Binary                     ;
; VIRTUAL_PIXEL_WIDTH  ; 0000000010100000 ; Unsigned Binary                     ;
; VIRTUAL_PIXEL_HEIGHT ; 0000000001111000 ; Unsigned Binary                     ;
; MEM_INIT_WRITE       ; 00               ; Unsigned Binary                     ;
; MEM_M0_READ_M1_WRITE ; 01               ; Unsigned Binary                     ;
; MEM_M0_WRITE_M1_READ ; 10               ; Unsigned Binary                     ;
; MEM_ERROR            ; 11               ; Unsigned Binary                     ;
+----------------------+------------------+-------------------------------------+
Note: In order to hide this table in the UI and the text report file, please set the "Show Parameter Settings in Synthesis Report" option in "Analysis and Synthesis Settings -> More Settings" to "Off".


+-------------------------------------------------------------------------------------------------------------------------------------+
; Parameter Settings for User Entity Instance: vga_frame_driver:my_frame_driver|vga_frame:vga_memory0|altsyncram:altsyncram_component ;
+------------------------------------+----------------------+-------------------------------------------------------------------------+
; Parameter Name                     ; Value                ; Type                                                                    ;
+------------------------------------+----------------------+-------------------------------------------------------------------------+
; BYTE_SIZE_BLOCK                    ; 8                    ; Untyped                                                                 ;
; AUTO_CARRY_CHAINS                  ; ON                   ; AUTO_CARRY                                                              ;
; IGNORE_CARRY_BUFFERS               ; OFF                  ; IGNORE_CARRY                                                            ;
; AUTO_CASCADE_CHAINS                ; ON                   ; AUTO_CASCADE                                                            ;
; IGNORE_CASCADE_BUFFERS             ; OFF                  ; IGNORE_CASCADE                                                          ;
; WIDTH_BYTEENA                      ; 1                    ; Untyped                                                                 ;
; OPERATION_MODE                     ; SINGLE_PORT          ; Untyped                                                                 ;
; WIDTH_A                            ; 24                   ; Signed Integer                                                          ;
; WIDTHAD_A                          ; 15                   ; Signed Integer                                                          ;
; NUMWORDS_A                         ; 32768                ; Signed Integer                                                          ;
; OUTDATA_REG_A                      ; UNREGISTERED         ; Untyped                                                                 ;
; ADDRESS_ACLR_A                     ; NONE                 ; Untyped                                                                 ;
; OUTDATA_ACLR_A                     ; NONE                 ; Untyped                                                                 ;
; WRCONTROL_ACLR_A                   ; NONE                 ; Untyped                                                                 ;
; INDATA_ACLR_A                      ; NONE                 ; Untyped                                                                 ;
; BYTEENA_ACLR_A                     ; NONE                 ; Untyped                                                                 ;
; WIDTH_B                            ; 1                    ; Untyped                                                                 ;
; WIDTHAD_B                          ; 1                    ; Untyped                                                                 ;
; NUMWORDS_B                         ; 1                    ; Untyped                                                                 ;
; INDATA_REG_B                       ; CLOCK1               ; Untyped                                                                 ;
; WRCONTROL_WRADDRESS_REG_B          ; CLOCK1               ; Untyped                                                                 ;
; RDCONTROL_REG_B                    ; CLOCK1               ; Untyped                                                                 ;
; ADDRESS_REG_B                      ; CLOCK1               ; Untyped                                                                 ;
; OUTDATA_REG_B                      ; UNREGISTERED         ; Untyped                                                                 ;
; BYTEENA_REG_B                      ; CLOCK1               ; Untyped                                                                 ;
; INDATA_ACLR_B                      ; NONE                 ; Untyped                                                                 ;
; WRCONTROL_ACLR_B                   ; NONE                 ; Untyped                                                                 ;
; ADDRESS_ACLR_B                     ; NONE                 ; Untyped                                                                 ;
; OUTDATA_ACLR_B                     ; NONE                 ; Untyped                                                                 ;
; RDCONTROL_ACLR_B                   ; NONE                 ; Untyped                                                                 ;
; BYTEENA_ACLR_B                     ; NONE                 ; Untyped                                                                 ;
; WIDTH_BYTEENA_A                    ; 1                    ; Signed Integer                                                          ;
; WIDTH_BYTEENA_B                    ; 1                    ; Untyped                                                                 ;
; RAM_BLOCK_TYPE                     ; AUTO                 ; Untyped                                                                 ;
; BYTE_SIZE                          ; 8                    ; Untyped                                                                 ;
; READ_DURING_WRITE_MODE_MIXED_PORTS ; DONT_CARE            ; Untyped                                                                 ;
; READ_DURING_WRITE_MODE_PORT_A      ; NEW_DATA_NO_NBE_READ ; Untyped                                                                 ;
; READ_DURING_WRITE_MODE_PORT_B      ; NEW_DATA_NO_NBE_READ ; Untyped                                                                 ;
; INIT_FILE                          ; table_background.mif ; Untyped                                                                 ;
; INIT_FILE_LAYOUT                   ; PORT_A               ; Untyped                                                                 ;
; MAXIMUM_DEPTH                      ; 0                    ; Untyped                                                                 ;
; CLOCK_ENABLE_INPUT_A               ; BYPASS               ; Untyped                                                                 ;
; CLOCK_ENABLE_INPUT_B               ; NORMAL               ; Untyped                                                                 ;
; CLOCK_ENABLE_OUTPUT_A              ; BYPASS               ; Untyped                                                                 ;
; CLOCK_ENABLE_OUTPUT_B              ; NORMAL               ; Untyped                                                                 ;
; CLOCK_ENABLE_CORE_A                ; USE_INPUT_CLKEN      ; Untyped                                                                 ;
; CLOCK_ENABLE_CORE_B                ; USE_INPUT_CLKEN      ; Untyped                                                                 ;
; ENABLE_ECC                         ; FALSE                ; Untyped                                                                 ;
; ECC_PIPELINE_STAGE_ENABLED         ; FALSE                ; Untyped                                                                 ;
; WIDTH_ECCSTATUS                    ; 3                    ; Untyped                                                                 ;
; DEVICE_FAMILY                      ; Cyclone V            ; Untyped                                                                 ;
; CBXI_PARAMETER                     ; altsyncram_5kp1      ; Untyped                                                                 ;
+------------------------------------+----------------------+-------------------------------------------------------------------------+
Note: In order to hide this table in the UI and the text report file, please set the "Show Parameter Settings in Synthesis Report" option in "Analysis and Synthesis Settings -> More Settings" to "Off".


+-------------------------------------------------------------------------------------------------------------------------------------+
; Parameter Settings for User Entity Instance: vga_frame_driver:my_frame_driver|vga_frame:vga_memory1|altsyncram:altsyncram_component ;
+------------------------------------+----------------------+-------------------------------------------------------------------------+
; Parameter Name                     ; Value                ; Type                                                                    ;
+------------------------------------+----------------------+-------------------------------------------------------------------------+
; BYTE_SIZE_BLOCK                    ; 8                    ; Untyped                                                                 ;
; AUTO_CARRY_CHAINS                  ; ON                   ; AUTO_CARRY                                                              ;
; IGNORE_CARRY_BUFFERS               ; OFF                  ; IGNORE_CARRY                                                            ;
; AUTO_CASCADE_CHAINS                ; ON                   ; AUTO_CASCADE                                                            ;
; IGNORE_CASCADE_BUFFERS             ; OFF                  ; IGNORE_CASCADE                                                          ;
; WIDTH_BYTEENA                      ; 1                    ; Untyped                                                                 ;
; OPERATION_MODE                     ; SINGLE_PORT          ; Untyped                                                                 ;
; WIDTH_A                            ; 24                   ; Signed Integer                                                          ;
; WIDTHAD_A                          ; 15                   ; Signed Integer                                                          ;
; NUMWORDS_A                         ; 32768                ; Signed Integer                                                          ;
; OUTDATA_REG_A                      ; UNREGISTERED         ; Untyped                                                                 ;
; ADDRESS_ACLR_A                     ; NONE                 ; Untyped                                                                 ;
; OUTDATA_ACLR_A                     ; NONE                 ; Untyped                                                                 ;
; WRCONTROL_ACLR_A                   ; NONE                 ; Untyped                                                                 ;
; INDATA_ACLR_A                      ; NONE                 ; Untyped                                                                 ;
; BYTEENA_ACLR_A                     ; NONE                 ; Untyped                                                                 ;
; WIDTH_B                            ; 1                    ; Untyped                                                                 ;
; WIDTHAD_B                          ; 1                    ; Untyped                                                                 ;
; NUMWORDS_B                         ; 1                    ; Untyped                                                                 ;
; INDATA_REG_B                       ; CLOCK1               ; Untyped                                                                 ;
; WRCONTROL_WRADDRESS_REG_B          ; CLOCK1               ; Untyped                                                                 ;
; RDCONTROL_REG_B                    ; CLOCK1               ; Untyped                                                                 ;
; ADDRESS_REG_B                      ; CLOCK1               ; Untyped                                                                 ;
; OUTDATA_REG_B                      ; UNREGISTERED         ; Untyped                                                                 ;
; BYTEENA_REG_B                      ; CLOCK1               ; Untyped                                                                 ;
; INDATA_ACLR_B                      ; NONE                 ; Untyped                                                                 ;
; WRCONTROL_ACLR_B                   ; NONE                 ; Untyped                                                                 ;
; ADDRESS_ACLR_B                     ; NONE                 ; Untyped                                                                 ;
; OUTDATA_ACLR_B                     ; NONE                 ; Untyped                                                                 ;
; RDCONTROL_ACLR_B                   ; NONE                 ; Untyped                                                                 ;
; BYTEENA_ACLR_B                     ; NONE                 ; Untyped                                                                 ;
; WIDTH_BYTEENA_A                    ; 1                    ; Signed Integer                                                          ;
; WIDTH_BYTEENA_B                    ; 1                    ; Untyped                                                                 ;
; RAM_BLOCK_TYPE                     ; AUTO                 ; Untyped                                                                 ;
; BYTE_SIZE                          ; 8                    ; Untyped                                                                 ;
; READ_DURING_WRITE_MODE_MIXED_PORTS ; DONT_CARE            ; Untyped                                                                 ;
; READ_DURING_WRITE_MODE_PORT_A      ; NEW_DATA_NO_NBE_READ ; Untyped                                                                 ;
; READ_DURING_WRITE_MODE_PORT_B      ; NEW_DATA_NO_NBE_READ ; Untyped                                                                 ;
; INIT_FILE                          ; table_background.mif ; Untyped                                                                 ;
; INIT_FILE_LAYOUT                   ; PORT_A               ; Untyped                                                                 ;
; MAXIMUM_DEPTH                      ; 0                    ; Untyped                                                                 ;
; CLOCK_ENABLE_INPUT_A               ; BYPASS               ; Untyped                                                                 ;
; CLOCK_ENABLE_INPUT_B               ; NORMAL               ; Untyped                                                                 ;
; CLOCK_ENABLE_OUTPUT_A              ; BYPASS               ; Untyped                                                                 ;
; CLOCK_ENABLE_OUTPUT_B              ; NORMAL               ; Untyped                                                                 ;
; CLOCK_ENABLE_CORE_A                ; USE_INPUT_CLKEN      ; Untyped                                                                 ;
; CLOCK_ENABLE_CORE_B                ; USE_INPUT_CLKEN      ; Untyped                                                                 ;
; ENABLE_ECC                         ; FALSE                ; Untyped                                                                 ;
; ECC_PIPELINE_STAGE_ENABLED         ; FALSE                ; Untyped                                                                 ;
; WIDTH_ECCSTATUS                    ; 3                    ; Untyped                                                                 ;
; DEVICE_FAMILY                      ; Cyclone V            ; Untyped                                                                 ;
; CBXI_PARAMETER                     ; altsyncram_5kp1      ; Untyped                                                                 ;
+------------------------------------+----------------------+-------------------------------------------------------------------------+
Note: In order to hide this table in the UI and the text report file, please set the "Show Parameter Settings in Synthesis Report" option in "Analysis and Synthesis Settings -> More Settings" to "Off".


+--------------------------------------------------------------------------------------------------------------------------------------------+
; Parameter Settings for User Entity Instance: vga_frame_driver:my_frame_driver|vga_frame:the_vga_draw_frame|altsyncram:altsyncram_component ;
+------------------------------------+----------------------+--------------------------------------------------------------------------------+
; Parameter Name                     ; Value                ; Type                                                                           ;
+------------------------------------+----------------------+--------------------------------------------------------------------------------+
; BYTE_SIZE_BLOCK                    ; 8                    ; Untyped                                                                        ;
; AUTO_CARRY_CHAINS                  ; ON                   ; AUTO_CARRY                                                                     ;
; IGNORE_CARRY_BUFFERS               ; OFF                  ; IGNORE_CARRY                                                                   ;
; AUTO_CASCADE_CHAINS                ; ON                   ; AUTO_CASCADE                                                                   ;
; IGNORE_CASCADE_BUFFERS             ; OFF                  ; IGNORE_CASCADE                                                                 ;
; WIDTH_BYTEENA                      ; 1                    ; Untyped                                                                        ;
; OPERATION_MODE                     ; SINGLE_PORT          ; Untyped                                                                        ;
; WIDTH_A                            ; 24                   ; Signed Integer                                                                 ;
; WIDTHAD_A                          ; 15                   ; Signed Integer                                                                 ;
; NUMWORDS_A                         ; 32768                ; Signed Integer                                                                 ;
; OUTDATA_REG_A                      ; UNREGISTERED         ; Untyped                                                                        ;
; ADDRESS_ACLR_A                     ; NONE                 ; Untyped                                                                        ;
; OUTDATA_ACLR_A                     ; NONE                 ; Untyped                                                                        ;
; WRCONTROL_ACLR_A                   ; NONE                 ; Untyped                                                                        ;
; INDATA_ACLR_A                      ; NONE                 ; Untyped                                                                        ;
; BYTEENA_ACLR_A                     ; NONE                 ; Untyped                                                                        ;
; WIDTH_B                            ; 1                    ; Untyped                                                                        ;
; WIDTHAD_B                          ; 1                    ; Untyped                                                                        ;
; NUMWORDS_B                         ; 1                    ; Untyped                                                                        ;
; INDATA_REG_B                       ; CLOCK1               ; Untyped                                                                        ;
; WRCONTROL_WRADDRESS_REG_B          ; CLOCK1               ; Untyped                                                                        ;
; RDCONTROL_REG_B                    ; CLOCK1               ; Untyped                                                                        ;
; ADDRESS_REG_B                      ; CLOCK1               ; Untyped                                                                        ;
; OUTDATA_REG_B                      ; UNREGISTERED         ; Untyped                                                                        ;
; BYTEENA_REG_B                      ; CLOCK1               ; Untyped                                                                        ;
; INDATA_ACLR_B                      ; NONE                 ; Untyped                                                                        ;
; WRCONTROL_ACLR_B                   ; NONE                 ; Untyped                                                                        ;
; ADDRESS_ACLR_B                     ; NONE                 ; Untyped                                                                        ;
; OUTDATA_ACLR_B                     ; NONE                 ; Untyped                                                                        ;
; RDCONTROL_ACLR_B                   ; NONE                 ; Untyped                                                                        ;
; BYTEENA_ACLR_B                     ; NONE                 ; Untyped                                                                        ;
; WIDTH_BYTEENA_A                    ; 1                    ; Signed Integer                                                                 ;
; WIDTH_BYTEENA_B                    ; 1                    ; Untyped                                                                        ;
; RAM_BLOCK_TYPE                     ; AUTO                 ; Untyped                                                                        ;
; BYTE_SIZE                          ; 8                    ; Untyped                                                                        ;
; READ_DURING_WRITE_MODE_MIXED_PORTS ; DONT_CARE            ; Untyped                                                                        ;
; READ_DURING_WRITE_MODE_PORT_A      ; NEW_DATA_NO_NBE_READ ; Untyped                                                                        ;
; READ_DURING_WRITE_MODE_PORT_B      ; NEW_DATA_NO_NBE_READ ; Untyped                                                                        ;
; INIT_FILE                          ; table_background.mif ; Untyped                                                                        ;
; INIT_FILE_LAYOUT                   ; PORT_A               ; Untyped                                                                        ;
; MAXIMUM_DEPTH                      ; 0                    ; Untyped                                                                        ;
; CLOCK_ENABLE_INPUT_A               ; BYPASS               ; Untyped                                                                        ;
; CLOCK_ENABLE_INPUT_B               ; NORMAL               ; Untyped                                                                        ;
; CLOCK_ENABLE_OUTPUT_A              ; BYPASS               ; Untyped                                                                        ;
; CLOCK_ENABLE_OUTPUT_B              ; NORMAL               ; Untyped                                                                        ;
; CLOCK_ENABLE_CORE_A                ; USE_INPUT_CLKEN      ; Untyped                                                                        ;
; CLOCK_ENABLE_CORE_B                ; USE_INPUT_CLKEN      ; Untyped                                                                        ;
; ENABLE_ECC                         ; FALSE                ; Untyped                                                                        ;
; ECC_PIPELINE_STAGE_ENABLED         ; FALSE                ; Untyped                                                                        ;
; WIDTH_ECCSTATUS                    ; 3                    ; Untyped                                                                        ;
; DEVICE_FAMILY                      ; Cyclone V            ; Untyped                                                                        ;
; CBXI_PARAMETER                     ; altsyncram_5kp1      ; Untyped                                                                        ;
+------------------------------------+----------------------+--------------------------------------------------------------------------------+
Note: In order to hide this table in the UI and the text report file, please set the "Show Parameter Settings in Synthesis Report" option in "Analysis and Synthesis Settings -> More Settings" to "Off".


+--------------------------------------------------------------------------------------------------+
; Parameter Settings for User Entity Instance: vga_frame_driver:my_frame_driver|vga_driver:the_vga ;
+----------------+----------------------------------+----------------------------------------------+
; Parameter Name ; Value                            ; Type                                         ;
+----------------+----------------------------------+----------------------------------------------+
; HA_END         ; 1001111111                       ; Unsigned Binary                              ;
; HS_STA         ; 00000000000000000000001010001111 ; Unsigned Binary                              ;
; HS_END         ; 00000000000000000000001011101111 ; Unsigned Binary                              ;
; WIDTH          ; 1100011111                       ; Unsigned Binary                              ;
; VA_END         ; 0111011111                       ; Unsigned Binary                              ;
; VS_STA         ; 00000000000000000000000111101001 ; Unsigned Binary                              ;
; VS_END         ; 00000000000000000000000111101011 ; Unsigned Binary                              ;
; HEIGHT         ; 1000001100                       ; Unsigned Binary                              ;
+----------------+----------------------------------+----------------------------------------------+
Note: In order to hide this table in the UI and the text report file, please set the "Show Parameter Settings in Synthesis Report" option in "Analysis and Synthesis Settings -> More Settings" to "Off".


+--------------------------------------------------------------------------+
; Parameter Settings for User Entity Instance: get_suit_rank:suit_and_rank ;
+----------------+-----------+---------------------------------------------+
; Parameter Name ; Value     ; Type                                        ;
+----------------+-----------+---------------------------------------------+
; QUEEN          ; 000000000 ; Unsigned Binary                             ;
; KING           ; 000011110 ; Unsigned Binary                             ;
; JACK           ; 001000001 ; Unsigned Binary                             ;
; ACE            ; 001100100 ; Unsigned Binary                             ;
; UNO            ; 010001100 ; Unsigned Binary                             ;
; TWO            ; 010101010 ; Unsigned Binary                             ;
; THREE          ; 011010010 ; Unsigned Binary                             ;
; FOUR           ; 011110000 ; Unsigned Binary                             ;
; FIVE           ; 100010011 ; Unsigned Binary                             ;
; SIX            ; 100110110 ; Unsigned Binary                             ;
; SEVEN          ; 101011001 ; Unsigned Binary                             ;
; EIGHT          ; 101111100 ; Unsigned Binary                             ;
; NINE           ; 110011111 ; Unsigned Binary                             ;
; TEN            ; 111000010 ; Unsigned Binary                             ;
; SPADES         ; 000000000 ; Unsigned Binary                             ;
; CLUBS          ; 001000000 ; Unsigned Binary                             ;
; DIAMONDS       ; 010001000 ; Unsigned Binary                             ;
; HEARTS         ; 011010000 ; Unsigned Binary                             ;
+----------------+-----------+---------------------------------------------+
Note: In order to hide this table in the UI and the text report file, please set the "Show Parameter Settings in Synthesis Report" option in "Analysis and Synthesis Settings -> More Settings" to "Off".


+------------------------------------------------------------------------------------------+
; Parameter Settings for User Entity Instance: deck:memory|altsyncram:altsyncram_component ;
+------------------------------------+----------------------+------------------------------+
; Parameter Name                     ; Value                ; Type                         ;
+------------------------------------+----------------------+------------------------------+
; BYTE_SIZE_BLOCK                    ; 8                    ; Untyped                      ;
; AUTO_CARRY_CHAINS                  ; ON                   ; AUTO_CARRY                   ;
; IGNORE_CARRY_BUFFERS               ; OFF                  ; IGNORE_CARRY                 ;
; AUTO_CASCADE_CHAINS                ; ON                   ; AUTO_CASCADE                 ;
; IGNORE_CASCADE_BUFFERS             ; OFF                  ; IGNORE_CASCADE               ;
; WIDTH_BYTEENA                      ; 1                    ; Untyped                      ;
; OPERATION_MODE                     ; SINGLE_PORT          ; Untyped                      ;
; WIDTH_A                            ; 6                    ; Signed Integer               ;
; WIDTHAD_A                          ; 6                    ; Signed Integer               ;
; NUMWORDS_A                         ; 52                   ; Signed Integer               ;
; OUTDATA_REG_A                      ; UNREGISTERED         ; Untyped                      ;
; ADDRESS_ACLR_A                     ; NONE                 ; Untyped                      ;
; OUTDATA_ACLR_A                     ; NONE                 ; Untyped                      ;
; WRCONTROL_ACLR_A                   ; NONE                 ; Untyped                      ;
; INDATA_ACLR_A                      ; NONE                 ; Untyped                      ;
; BYTEENA_ACLR_A                     ; NONE                 ; Untyped                      ;
; WIDTH_B                            ; 1                    ; Untyped                      ;
; WIDTHAD_B                          ; 1                    ; Untyped                      ;
; NUMWORDS_B                         ; 1                    ; Untyped                      ;
; INDATA_REG_B                       ; CLOCK1               ; Untyped                      ;
; WRCONTROL_WRADDRESS_REG_B          ; CLOCK1               ; Untyped                      ;
; RDCONTROL_REG_B                    ; CLOCK1               ; Untyped                      ;
; ADDRESS_REG_B                      ; CLOCK1               ; Untyped                      ;
; OUTDATA_REG_B                      ; UNREGISTERED         ; Untyped                      ;
; BYTEENA_REG_B                      ; CLOCK1               ; Untyped                      ;
; INDATA_ACLR_B                      ; NONE                 ; Untyped                      ;
; WRCONTROL_ACLR_B                   ; NONE                 ; Untyped                      ;
; ADDRESS_ACLR_B                     ; NONE                 ; Untyped                      ;
; OUTDATA_ACLR_B                     ; NONE                 ; Untyped                      ;
; RDCONTROL_ACLR_B                   ; NONE                 ; Untyped                      ;
; BYTEENA_ACLR_B                     ; NONE                 ; Untyped                      ;
; WIDTH_BYTEENA_A                    ; 1                    ; Signed Integer               ;
; WIDTH_BYTEENA_B                    ; 1                    ; Untyped                      ;
; RAM_BLOCK_TYPE                     ; AUTO                 ; Untyped                      ;
; BYTE_SIZE                          ; 8                    ; Untyped                      ;
; READ_DURING_WRITE_MODE_MIXED_PORTS ; DONT_CARE            ; Untyped                      ;
; READ_DURING_WRITE_MODE_PORT_A      ; NEW_DATA_NO_NBE_READ ; Untyped                      ;
; READ_DURING_WRITE_MODE_PORT_B      ; NEW_DATA_NO_NBE_READ ; Untyped                      ;
; INIT_FILE                          ; black_jack_deck.mif  ; Untyped                      ;
; INIT_FILE_LAYOUT                   ; PORT_A               ; Untyped                      ;
; MAXIMUM_DEPTH                      ; 0                    ; Untyped                      ;
; CLOCK_ENABLE_INPUT_A               ; BYPASS               ; Untyped                      ;
; CLOCK_ENABLE_INPUT_B               ; NORMAL               ; Untyped                      ;
; CLOCK_ENABLE_OUTPUT_A              ; BYPASS               ; Untyped                      ;
; CLOCK_ENABLE_OUTPUT_B              ; NORMAL               ; Untyped                      ;
; CLOCK_ENABLE_CORE_A                ; USE_INPUT_CLKEN      ; Untyped                      ;
; CLOCK_ENABLE_CORE_B                ; USE_INPUT_CLKEN      ; Untyped                      ;
; ENABLE_ECC                         ; FALSE                ; Untyped                      ;
; ECC_PIPELINE_STAGE_ENABLED         ; FALSE                ; Untyped                      ;
; WIDTH_ECCSTATUS                    ; 3                    ; Untyped                      ;
; DEVICE_FAMILY                      ; Cyclone V            ; Untyped                      ;
; CBXI_PARAMETER                     ; altsyncram_67p1      ; Untyped                      ;
+------------------------------------+----------------------+------------------------------+
Note: In order to hide this table in the UI and the text report file, please set the "Show Parameter Settings in Synthesis Report" option in "Analysis and Synthesis Settings -> More Settings" to "Off".


+-------------------------------------------------------------------------+
; Parameter Settings for User Entity Instance: shuffle_deck_v2:my_deck_v2 ;
+------------------------+-------+----------------------------------------+
; Parameter Name         ; Value ; Type                                   ;
+------------------------+-------+----------------------------------------+
; START                  ; 00000 ; Unsigned Binary                        ;
; SEED_ENTER             ; 00001 ; Unsigned Binary                        ;
; WAIT_EN                ; 00010 ; Unsigned Binary                        ;
; ASSIGN_ZERO_CARD       ; 00011 ; Unsigned Binary                        ;
; ASSIGN_ZERO_CARD_BUFF  ; 00100 ; Unsigned Binary                        ;
; RAND_IND               ; 00101 ; Unsigned Binary                        ;
; SET_INDEX              ; 00110 ; Unsigned Binary                        ;
; SET_INDEX_BUFF         ; 00111 ; Unsigned Binary                        ;
; ASSIGN_RAND_CARD       ; 01000 ; Unsigned Binary                        ;
; ASSIGN_RAND_CARD_BUFF  ; 01001 ; Unsigned Binary                        ;
; ASSIGN_RAND_MEM        ; 01010 ; Unsigned Binary                        ;
; ASSIGN_RAND_MEM_BUFF   ; 01011 ; Unsigned Binary                        ;
; SET_IND_ZERO           ; 01100 ; Unsigned Binary                        ;
; SET_IND_ZERO_BUFF      ; 01101 ; Unsigned Binary                        ;
; REASSIGN_ZERO_MEM      ; 01110 ; Unsigned Binary                        ;
; REASSIGN_ZERO_MEM_BUFF ; 01111 ; Unsigned Binary                        ;
; INC                    ; 10000 ; Unsigned Binary                        ;
; DONE                   ; 10001 ; Unsigned Binary                        ;
; ERROR                  ; 10010 ; Unsigned Binary                        ;
; RAND_IND_CHECK         ; 10110 ; Unsigned Binary                        ;
+------------------------+-------+----------------------------------------+
Note: In order to hide this table in the UI and the text report file, please set the "Show Parameter Settings in Synthesis Report" option in "Analysis and Synthesis Settings -> More Settings" to "Off".


+---------------------------------------------------------------------------------------------------------------------+
; Parameter Settings for Inferred Entity Instance: sld_signaltap:auto_signaltap_0                                     ;
+-------------------------------------------------+--------------------------------------------------+----------------+
; Parameter Name                                  ; Value                                            ; Type           ;
+-------------------------------------------------+--------------------------------------------------+----------------+
; lpm_type                                        ; sld_signaltap                                    ; String         ;
; sld_node_info                                   ; 805334528                                        ; Untyped        ;
; SLD_SECTION_ID                                  ; hdl_signaltap_0                                  ; String         ;
; SLD_IP_VERSION                                  ; 6                                                ; Signed Integer ;
; SLD_IP_MINOR_VERSION                            ; 0                                                ; Signed Integer ;
; SLD_COMMON_IP_VERSION                           ; 0                                                ; Signed Integer ;
; sld_data_bits                                   ; 45                                               ; Untyped        ;
; sld_trigger_bits                                ; 7                                                ; Untyped        ;
; SLD_NODE_CRC_BITS                               ; 32                                               ; Signed Integer ;
; SLD_NODE_CRC_HIWORD                             ; 41394                                            ; Signed Integer ;
; SLD_NODE_CRC_LOWORD                             ; 50132                                            ; Signed Integer ;
; sld_incremental_routing                         ; 1                                                ; Untyped        ;
; sld_sample_depth                                ; 8192                                             ; Untyped        ;
; sld_segment_size                                ; 8192                                             ; Untyped        ;
; sld_ram_block_type                              ; AUTO                                             ; Untyped        ;
; sld_state_bits                                  ; 11                                               ; Untyped        ;
; sld_buffer_full_stop                            ; 1                                                ; Untyped        ;
; SLD_MEM_ADDRESS_BITS                            ; 7                                                ; Signed Integer ;
; SLD_DATA_BIT_CNTR_BITS                          ; 4                                                ; Signed Integer ;
; sld_trigger_level                               ; 1                                                ; Untyped        ;
; sld_trigger_in_enabled                          ; 0                                                ; Untyped        ;
; SLD_HPS_TRIGGER_IN_ENABLED                      ; 0                                                ; Signed Integer ;
; SLD_HPS_TRIGGER_OUT_ENABLED                     ; 0                                                ; Signed Integer ;
; SLD_HPS_EVENT_ENABLED                           ; 0                                                ; Signed Integer ;
; SLD_HPS_EVENT_ID                                ; 0                                                ; Signed Integer ;
; sld_advanced_trigger_entity                     ; basic,1,                                         ; Untyped        ;
; sld_trigger_level_pipeline                      ; 1                                                ; Untyped        ;
; sld_trigger_pipeline                            ; 0                                                ; Untyped        ;
; sld_ram_pipeline                                ; 0                                                ; Untyped        ;
; sld_counter_pipeline                            ; 0                                                ; Untyped        ;
; sld_enable_advanced_trigger                     ; 0                                                ; Untyped        ;
; SLD_ADVANCED_TRIGGER_1                          ; NONE                                             ; String         ;
; SLD_ADVANCED_TRIGGER_2                          ; NONE                                             ; String         ;
; SLD_ADVANCED_TRIGGER_3                          ; NONE                                             ; String         ;
; SLD_ADVANCED_TRIGGER_4                          ; NONE                                             ; String         ;
; SLD_ADVANCED_TRIGGER_5                          ; NONE                                             ; String         ;
; SLD_ADVANCED_TRIGGER_6                          ; NONE                                             ; String         ;
; SLD_ADVANCED_TRIGGER_7                          ; NONE                                             ; String         ;
; SLD_ADVANCED_TRIGGER_8                          ; NONE                                             ; String         ;
; SLD_ADVANCED_TRIGGER_9                          ; NONE                                             ; String         ;
; SLD_ADVANCED_TRIGGER_10                         ; NONE                                             ; String         ;
; sld_inversion_mask_length                       ; 48                                               ; Untyped        ;
; sld_inversion_mask                              ; 000000000000000000000000000000000000000000000000 ; Untyped        ;
; sld_power_up_trigger                            ; 0                                                ; Untyped        ;
; SLD_STATE_FLOW_MGR_ENTITY                       ; state_flow_mgr_entity.vhd                        ; String         ;
; sld_state_flow_use_generated                    ; 0                                                ; Untyped        ;
; sld_current_resource_width                      ; 1                                                ; Untyped        ;
; sld_attribute_mem_mode                          ; OFF                                              ; Untyped        ;
; sld_storage_qualifier_bits                      ; 75                                               ; Untyped        ;
; SLD_STORAGE_QUALIFIER_GAP_RECORD                ; 0                                                ; Signed Integer ;
; SLD_STORAGE_QUALIFIER_MODE                      ; OFF                                              ; String         ;
; SLD_STORAGE_QUALIFIER_ENABLE_ADVANCED_CONDITION ; 0                                                ; Signed Integer ;
; sld_storage_qualifier_inversion_mask_length     ; 0                                                ; Untyped        ;
; SLD_STORAGE_QUALIFIER_ADVANCED_CONDITION_ENTITY ; basic                                            ; String         ;
; SLD_STORAGE_QUALIFIER_PIPELINE                  ; 0                                                ; Signed Integer ;
; SLD_CREATE_MONITOR_INTERFACE                    ; 0                                                ; Signed Integer ;
; SLD_USE_JTAG_SIGNAL_ADAPTER                     ; 1                                                ; Signed Integer ;
+-------------------------------------------------+--------------------------------------------------+----------------+
Note: In order to hide this table in the UI and the text report file, please set the "Show Parameter Settings in Synthesis Report" option in "Analysis and Synthesis Settings -> More Settings" to "Off".


+------------------------------------------------------------------+
; Parameter Settings for Inferred Entity Instance: lpm_divide:Mod0 ;
+------------------------+----------------+------------------------+
; Parameter Name         ; Value          ; Type                   ;
+------------------------+----------------+------------------------+
; LPM_WIDTHN             ; 4              ; Untyped                ;
; LPM_WIDTHD             ; 4              ; Untyped                ;
; LPM_NREPRESENTATION    ; UNSIGNED       ; Untyped                ;
; LPM_DREPRESENTATION    ; UNSIGNED       ; Untyped                ;
; LPM_PIPELINE           ; 0              ; Untyped                ;
; LPM_REMAINDERPOSITIVE  ; TRUE           ; Untyped                ;
; MAXIMIZE_SPEED         ; 5              ; Untyped                ;
; CBXI_PARAMETER         ; lpm_divide_42m ; Untyped                ;
; CARRY_CHAIN            ; MANUAL         ; Untyped                ;
; OPTIMIZE_FOR_SPEED     ; 5              ; Untyped                ;
; AUTO_CARRY_CHAINS      ; ON             ; AUTO_CARRY             ;
; IGNORE_CARRY_BUFFERS   ; OFF            ; IGNORE_CARRY           ;
; AUTO_CASCADE_CHAINS    ; ON             ; AUTO_CASCADE           ;
; IGNORE_CASCADE_BUFFERS ; OFF            ; IGNORE_CASCADE         ;
+------------------------+----------------+------------------------+
Note: In order to hide this table in the UI and the text report file, please set the "Show Parameter Settings in Synthesis Report" option in "Analysis and Synthesis Settings -> More Settings" to "Off".


+------------------------------------------------------------------+
; Parameter Settings for Inferred Entity Instance: lpm_divide:Mod1 ;
+------------------------+----------------+------------------------+
; Parameter Name         ; Value          ; Type                   ;
+------------------------+----------------+------------------------+
; LPM_WIDTHN             ; 5              ; Untyped                ;
; LPM_WIDTHD             ; 4              ; Untyped                ;
; LPM_NREPRESENTATION    ; UNSIGNED       ; Untyped                ;
; LPM_DREPRESENTATION    ; UNSIGNED       ; Untyped                ;
; LPM_PIPELINE           ; 0              ; Untyped                ;
; LPM_REMAINDERPOSITIVE  ; TRUE           ; Untyped                ;
; MAXIMIZE_SPEED         ; 5              ; Untyped                ;
; CBXI_PARAMETER         ; lpm_divide_52m ; Untyped                ;
; CARRY_CHAIN            ; MANUAL         ; Untyped                ;
; OPTIMIZE_FOR_SPEED     ; 5              ; Untyped                ;
; AUTO_CARRY_CHAINS      ; ON             ; AUTO_CARRY             ;
; IGNORE_CARRY_BUFFERS   ; OFF            ; IGNORE_CARRY           ;
; AUTO_CASCADE_CHAINS    ; ON             ; AUTO_CASCADE           ;
; IGNORE_CASCADE_BUFFERS ; OFF            ; IGNORE_CASCADE         ;
+------------------------+----------------+------------------------+
Note: In order to hide this table in the UI and the text report file, please set the "Show Parameter Settings in Synthesis Report" option in "Analysis and Synthesis Settings -> More Settings" to "Off".


+------------------------------------------------------------------+
; Parameter Settings for Inferred Entity Instance: lpm_divide:Mod2 ;
+------------------------+----------------+------------------------+
; Parameter Name         ; Value          ; Type                   ;
+------------------------+----------------+------------------------+
; LPM_WIDTHN             ; 5              ; Untyped                ;
; LPM_WIDTHD             ; 4              ; Untyped                ;
; LPM_NREPRESENTATION    ; UNSIGNED       ; Untyped                ;
; LPM_DREPRESENTATION    ; UNSIGNED       ; Untyped                ;
; LPM_PIPELINE           ; 0              ; Untyped                ;
; LPM_REMAINDERPOSITIVE  ; TRUE           ; Untyped                ;
; MAXIMIZE_SPEED         ; 5              ; Untyped                ;
; CBXI_PARAMETER         ; lpm_divide_52m ; Untyped                ;
; CARRY_CHAIN            ; MANUAL         ; Untyped                ;
; OPTIMIZE_FOR_SPEED     ; 5              ; Untyped                ;
; AUTO_CARRY_CHAINS      ; ON             ; AUTO_CARRY             ;
; IGNORE_CARRY_BUFFERS   ; OFF            ; IGNORE_CARRY           ;
; AUTO_CASCADE_CHAINS    ; ON             ; AUTO_CASCADE           ;
; IGNORE_CASCADE_BUFFERS ; OFF            ; IGNORE_CASCADE         ;
+------------------------+----------------+------------------------+
Note: In order to hide this table in the UI and the text report file, please set the "Show Parameter Settings in Synthesis Report" option in "Analysis and Synthesis Settings -> More Settings" to "Off".


+------------------------------------------------------------------+
; Parameter Settings for Inferred Entity Instance: lpm_divide:Mod7 ;
+------------------------+----------------+------------------------+
; Parameter Name         ; Value          ; Type                   ;
+------------------------+----------------+------------------------+
; LPM_WIDTHN             ; 4              ; Untyped                ;
; LPM_WIDTHD             ; 4              ; Untyped                ;
; LPM_NREPRESENTATION    ; UNSIGNED       ; Untyped                ;
; LPM_DREPRESENTATION    ; UNSIGNED       ; Untyped                ;
; LPM_PIPELINE           ; 0              ; Untyped                ;
; LPM_REMAINDERPOSITIVE  ; TRUE           ; Untyped                ;
; MAXIMIZE_SPEED         ; 5              ; Untyped                ;
; CBXI_PARAMETER         ; lpm_divide_42m ; Untyped                ;
; CARRY_CHAIN            ; MANUAL         ; Untyped                ;
; OPTIMIZE_FOR_SPEED     ; 5              ; Untyped                ;
; AUTO_CARRY_CHAINS      ; ON             ; AUTO_CARRY             ;
; IGNORE_CARRY_BUFFERS   ; OFF            ; IGNORE_CARRY           ;
; AUTO_CASCADE_CHAINS    ; ON             ; AUTO_CASCADE           ;
; IGNORE_CASCADE_BUFFERS ; OFF            ; IGNORE_CASCADE         ;
+------------------------+----------------+------------------------+
Note: In order to hide this table in the UI and the text report file, please set the "Show Parameter Settings in Synthesis Report" option in "Analysis and Synthesis Settings -> More Settings" to "Off".


+-------------------------------------------------------------------+
; Parameter Settings for Inferred Entity Instance: lpm_divide:Mod15 ;
+------------------------+----------------+-------------------------+
; Parameter Name         ; Value          ; Type                    ;
+------------------------+----------------+-------------------------+
; LPM_WIDTHN             ; 4              ; Untyped                 ;
; LPM_WIDTHD             ; 4              ; Untyped                 ;
; LPM_NREPRESENTATION    ; UNSIGNED       ; Untyped                 ;
; LPM_DREPRESENTATION    ; UNSIGNED       ; Untyped                 ;
; LPM_PIPELINE           ; 0              ; Untyped                 ;
; LPM_REMAINDERPOSITIVE  ; TRUE           ; Untyped                 ;
; MAXIMIZE_SPEED         ; 5              ; Untyped                 ;
; CBXI_PARAMETER         ; lpm_divide_42m ; Untyped                 ;
; CARRY_CHAIN            ; MANUAL         ; Untyped                 ;
; OPTIMIZE_FOR_SPEED     ; 5              ; Untyped                 ;
; AUTO_CARRY_CHAINS      ; ON             ; AUTO_CARRY              ;
; IGNORE_CARRY_BUFFERS   ; OFF            ; IGNORE_CARRY            ;
; AUTO_CASCADE_CHAINS    ; ON             ; AUTO_CASCADE            ;
; IGNORE_CASCADE_BUFFERS ; OFF            ; IGNORE_CASCADE          ;
+------------------------+----------------+-------------------------+
Note: In order to hide this table in the UI and the text report file, please set the "Show Parameter Settings in Synthesis Report" option in "Analysis and Synthesis Settings -> More Settings" to "Off".


+------------------------------------------------------------------+
; Parameter Settings for Inferred Entity Instance: lpm_divide:Mod5 ;
+------------------------+----------------+------------------------+
; Parameter Name         ; Value          ; Type                   ;
+------------------------+----------------+------------------------+
; LPM_WIDTHN             ; 4              ; Untyped                ;
; LPM_WIDTHD             ; 4              ; Untyped                ;
; LPM_NREPRESENTATION    ; UNSIGNED       ; Untyped                ;
; LPM_DREPRESENTATION    ; UNSIGNED       ; Untyped                ;
; LPM_PIPELINE           ; 0              ; Untyped                ;
; LPM_REMAINDERPOSITIVE  ; TRUE           ; Untyped                ;
; MAXIMIZE_SPEED         ; 5              ; Untyped                ;
; CBXI_PARAMETER         ; lpm_divide_42m ; Untyped                ;
; CARRY_CHAIN            ; MANUAL         ; Untyped                ;
; OPTIMIZE_FOR_SPEED     ; 5              ; Untyped                ;
; AUTO_CARRY_CHAINS      ; ON             ; AUTO_CARRY             ;
; IGNORE_CARRY_BUFFERS   ; OFF            ; IGNORE_CARRY           ;
; AUTO_CASCADE_CHAINS    ; ON             ; AUTO_CASCADE           ;
; IGNORE_CASCADE_BUFFERS ; OFF            ; IGNORE_CASCADE         ;
+------------------------+----------------+------------------------+
Note: In order to hide this table in the UI and the text report file, please set the "Show Parameter Settings in Synthesis Report" option in "Analysis and Synthesis Settings -> More Settings" to "Off".


+------------------------------------------------------------------+
; Parameter Settings for Inferred Entity Instance: lpm_divide:Mod6 ;
+------------------------+----------------+------------------------+
; Parameter Name         ; Value          ; Type                   ;
+------------------------+----------------+------------------------+
; LPM_WIDTHN             ; 4              ; Untyped                ;
; LPM_WIDTHD             ; 4              ; Untyped                ;
; LPM_NREPRESENTATION    ; UNSIGNED       ; Untyped                ;
; LPM_DREPRESENTATION    ; UNSIGNED       ; Untyped                ;
; LPM_PIPELINE           ; 0              ; Untyped                ;
; LPM_REMAINDERPOSITIVE  ; TRUE           ; Untyped                ;
; MAXIMIZE_SPEED         ; 5              ; Untyped                ;
; CBXI_PARAMETER         ; lpm_divide_42m ; Untyped                ;
; CARRY_CHAIN            ; MANUAL         ; Untyped                ;
; OPTIMIZE_FOR_SPEED     ; 5              ; Untyped                ;
; AUTO_CARRY_CHAINS      ; ON             ; AUTO_CARRY             ;
; IGNORE_CARRY_BUFFERS   ; OFF            ; IGNORE_CARRY           ;
; AUTO_CASCADE_CHAINS    ; ON             ; AUTO_CASCADE           ;
; IGNORE_CASCADE_BUFFERS ; OFF            ; IGNORE_CASCADE         ;
+------------------------+----------------+------------------------+
Note: In order to hide this table in the UI and the text report file, please set the "Show Parameter Settings in Synthesis Report" option in "Analysis and Synthesis Settings -> More Settings" to "Off".


+-------------------------------------------------------------------+
; Parameter Settings for Inferred Entity Instance: lpm_divide:Mod13 ;
+------------------------+----------------+-------------------------+
; Parameter Name         ; Value          ; Type                    ;
+------------------------+----------------+-------------------------+
; LPM_WIDTHN             ; 4              ; Untyped                 ;
; LPM_WIDTHD             ; 4              ; Untyped                 ;
; LPM_NREPRESENTATION    ; UNSIGNED       ; Untyped                 ;
; LPM_DREPRESENTATION    ; UNSIGNED       ; Untyped                 ;
; LPM_PIPELINE           ; 0              ; Untyped                 ;
; LPM_REMAINDERPOSITIVE  ; TRUE           ; Untyped                 ;
; MAXIMIZE_SPEED         ; 5              ; Untyped                 ;
; CBXI_PARAMETER         ; lpm_divide_42m ; Untyped                 ;
; CARRY_CHAIN            ; MANUAL         ; Untyped                 ;
; OPTIMIZE_FOR_SPEED     ; 5              ; Untyped                 ;
; AUTO_CARRY_CHAINS      ; ON             ; AUTO_CARRY              ;
; IGNORE_CARRY_BUFFERS   ; OFF            ; IGNORE_CARRY            ;
; AUTO_CASCADE_CHAINS    ; ON             ; AUTO_CASCADE            ;
; IGNORE_CASCADE_BUFFERS ; OFF            ; IGNORE_CASCADE          ;
+------------------------+----------------+-------------------------+
Note: In order to hide this table in the UI and the text report file, please set the "Show Parameter Settings in Synthesis Report" option in "Analysis and Synthesis Settings -> More Settings" to "Off".


+-------------------------------------------------------------------+
; Parameter Settings for Inferred Entity Instance: lpm_divide:Mod14 ;
+------------------------+----------------+-------------------------+
; Parameter Name         ; Value          ; Type                    ;
+------------------------+----------------+-------------------------+
; LPM_WIDTHN             ; 4              ; Untyped                 ;
; LPM_WIDTHD             ; 4              ; Untyped                 ;
; LPM_NREPRESENTATION    ; UNSIGNED       ; Untyped                 ;
; LPM_DREPRESENTATION    ; UNSIGNED       ; Untyped                 ;
; LPM_PIPELINE           ; 0              ; Untyped                 ;
; LPM_REMAINDERPOSITIVE  ; TRUE           ; Untyped                 ;
; MAXIMIZE_SPEED         ; 5              ; Untyped                 ;
; CBXI_PARAMETER         ; lpm_divide_42m ; Untyped                 ;
; CARRY_CHAIN            ; MANUAL         ; Untyped                 ;
; OPTIMIZE_FOR_SPEED     ; 5              ; Untyped                 ;
; AUTO_CARRY_CHAINS      ; ON             ; AUTO_CARRY              ;
; IGNORE_CARRY_BUFFERS   ; OFF            ; IGNORE_CARRY            ;
; AUTO_CASCADE_CHAINS    ; ON             ; AUTO_CASCADE            ;
; IGNORE_CASCADE_BUFFERS ; OFF            ; IGNORE_CASCADE          ;
+------------------------+----------------+-------------------------+
Note: In order to hide this table in the UI and the text report file, please set the "Show Parameter Settings in Synthesis Report" option in "Analysis and Synthesis Settings -> More Settings" to "Off".


+------------------------------------------------------------------+
; Parameter Settings for Inferred Entity Instance: lpm_divide:Mod8 ;
+------------------------+----------------+------------------------+
; Parameter Name         ; Value          ; Type                   ;
+------------------------+----------------+------------------------+
; LPM_WIDTHN             ; 6              ; Untyped                ;
; LPM_WIDTHD             ; 4              ; Untyped                ;
; LPM_NREPRESENTATION    ; UNSIGNED       ; Untyped                ;
; LPM_DREPRESENTATION    ; UNSIGNED       ; Untyped                ;
; LPM_PIPELINE           ; 0              ; Untyped                ;
; LPM_REMAINDERPOSITIVE  ; TRUE           ; Untyped                ;
; MAXIMIZE_SPEED         ; 5              ; Untyped                ;
; CBXI_PARAMETER         ; lpm_divide_62m ; Untyped                ;
; CARRY_CHAIN            ; MANUAL         ; Untyped                ;
; OPTIMIZE_FOR_SPEED     ; 5              ; Untyped                ;
; AUTO_CARRY_CHAINS      ; ON             ; AUTO_CARRY             ;
; IGNORE_CARRY_BUFFERS   ; OFF            ; IGNORE_CARRY           ;
; AUTO_CASCADE_CHAINS    ; ON             ; AUTO_CASCADE           ;
; IGNORE_CASCADE_BUFFERS ; OFF            ; IGNORE_CASCADE         ;
+------------------------+----------------+------------------------+
Note: In order to hide this table in the UI and the text report file, please set the "Show Parameter Settings in Synthesis Report" option in "Analysis and Synthesis Settings -> More Settings" to "Off".


+------------------------------------------------------------------+
; Parameter Settings for Inferred Entity Instance: lpm_divide:Mod3 ;
+------------------------+----------------+------------------------+
; Parameter Name         ; Value          ; Type                   ;
+------------------------+----------------+------------------------+
; LPM_WIDTHN             ; 4              ; Untyped                ;
; LPM_WIDTHD             ; 4              ; Untyped                ;
; LPM_NREPRESENTATION    ; UNSIGNED       ; Untyped                ;
; LPM_DREPRESENTATION    ; UNSIGNED       ; Untyped                ;
; LPM_PIPELINE           ; 0              ; Untyped                ;
; LPM_REMAINDERPOSITIVE  ; TRUE           ; Untyped                ;
; MAXIMIZE_SPEED         ; 5              ; Untyped                ;
; CBXI_PARAMETER         ; lpm_divide_42m ; Untyped                ;
; CARRY_CHAIN            ; MANUAL         ; Untyped                ;
; OPTIMIZE_FOR_SPEED     ; 5              ; Untyped                ;
; AUTO_CARRY_CHAINS      ; ON             ; AUTO_CARRY             ;
; IGNORE_CARRY_BUFFERS   ; OFF            ; IGNORE_CARRY           ;
; AUTO_CASCADE_CHAINS    ; ON             ; AUTO_CASCADE           ;
; IGNORE_CASCADE_BUFFERS ; OFF            ; IGNORE_CASCADE         ;
+------------------------+----------------+------------------------+
Note: In order to hide this table in the UI and the text report file, please set the "Show Parameter Settings in Synthesis Report" option in "Analysis and Synthesis Settings -> More Settings" to "Off".


+------------------------------------------------------------------+
; Parameter Settings for Inferred Entity Instance: lpm_divide:Mod4 ;
+------------------------+----------------+------------------------+
; Parameter Name         ; Value          ; Type                   ;
+------------------------+----------------+------------------------+
; LPM_WIDTHN             ; 4              ; Untyped                ;
; LPM_WIDTHD             ; 4              ; Untyped                ;
; LPM_NREPRESENTATION    ; UNSIGNED       ; Untyped                ;
; LPM_DREPRESENTATION    ; UNSIGNED       ; Untyped                ;
; LPM_PIPELINE           ; 0              ; Untyped                ;
; LPM_REMAINDERPOSITIVE  ; TRUE           ; Untyped                ;
; MAXIMIZE_SPEED         ; 5              ; Untyped                ;
; CBXI_PARAMETER         ; lpm_divide_42m ; Untyped                ;
; CARRY_CHAIN            ; MANUAL         ; Untyped                ;
; OPTIMIZE_FOR_SPEED     ; 5              ; Untyped                ;
; AUTO_CARRY_CHAINS      ; ON             ; AUTO_CARRY             ;
; IGNORE_CARRY_BUFFERS   ; OFF            ; IGNORE_CARRY           ;
; AUTO_CASCADE_CHAINS    ; ON             ; AUTO_CASCADE           ;
; IGNORE_CASCADE_BUFFERS ; OFF            ; IGNORE_CASCADE         ;
+------------------------+----------------+------------------------+
Note: In order to hide this table in the UI and the text report file, please set the "Show Parameter Settings in Synthesis Report" option in "Analysis and Synthesis Settings -> More Settings" to "Off".


+-------------------------------------------------------------------+
; Parameter Settings for Inferred Entity Instance: lpm_divide:Mod11 ;
+------------------------+----------------+-------------------------+
; Parameter Name         ; Value          ; Type                    ;
+------------------------+----------------+-------------------------+
; LPM_WIDTHN             ; 4              ; Untyped                 ;
; LPM_WIDTHD             ; 4              ; Untyped                 ;
; LPM_NREPRESENTATION    ; UNSIGNED       ; Untyped                 ;
; LPM_DREPRESENTATION    ; UNSIGNED       ; Untyped                 ;
; LPM_PIPELINE           ; 0              ; Untyped                 ;
; LPM_REMAINDERPOSITIVE  ; TRUE           ; Untyped                 ;
; MAXIMIZE_SPEED         ; 5              ; Untyped                 ;
; CBXI_PARAMETER         ; lpm_divide_42m ; Untyped                 ;
; CARRY_CHAIN            ; MANUAL         ; Untyped                 ;
; OPTIMIZE_FOR_SPEED     ; 5              ; Untyped                 ;
; AUTO_CARRY_CHAINS      ; ON             ; AUTO_CARRY              ;
; IGNORE_CARRY_BUFFERS   ; OFF            ; IGNORE_CARRY            ;
; AUTO_CASCADE_CHAINS    ; ON             ; AUTO_CASCADE            ;
; IGNORE_CASCADE_BUFFERS ; OFF            ; IGNORE_CASCADE          ;
+------------------------+----------------+-------------------------+
Note: In order to hide this table in the UI and the text report file, please set the "Show Parameter Settings in Synthesis Report" option in "Analysis and Synthesis Settings -> More Settings" to "Off".


+-------------------------------------------------------------------+
; Parameter Settings for Inferred Entity Instance: lpm_divide:Mod12 ;
+------------------------+----------------+-------------------------+
; Parameter Name         ; Value          ; Type                    ;
+------------------------+----------------+-------------------------+
; LPM_WIDTHN             ; 4              ; Untyped                 ;
; LPM_WIDTHD             ; 4              ; Untyped                 ;
; LPM_NREPRESENTATION    ; UNSIGNED       ; Untyped                 ;
; LPM_DREPRESENTATION    ; UNSIGNED       ; Untyped                 ;
; LPM_PIPELINE           ; 0              ; Untyped                 ;
; LPM_REMAINDERPOSITIVE  ; TRUE           ; Untyped                 ;
; MAXIMIZE_SPEED         ; 5              ; Untyped                 ;
; CBXI_PARAMETER         ; lpm_divide_42m ; Untyped                 ;
; CARRY_CHAIN            ; MANUAL         ; Untyped                 ;
; OPTIMIZE_FOR_SPEED     ; 5              ; Untyped                 ;
; AUTO_CARRY_CHAINS      ; ON             ; AUTO_CARRY              ;
; IGNORE_CARRY_BUFFERS   ; OFF            ; IGNORE_CARRY            ;
; AUTO_CASCADE_CHAINS    ; ON             ; AUTO_CASCADE            ;
; IGNORE_CASCADE_BUFFERS ; OFF            ; IGNORE_CASCADE          ;
+------------------------+----------------+-------------------------+
Note: In order to hide this table in the UI and the text report file, please set the "Show Parameter Settings in Synthesis Report" option in "Analysis and Synthesis Settings -> More Settings" to "Off".


+------------------------------------------------------------------+
; Parameter Settings for Inferred Entity Instance: lpm_divide:Div1 ;
+------------------------+----------------+------------------------+
; Parameter Name         ; Value          ; Type                   ;
+------------------------+----------------+------------------------+
; LPM_WIDTHN             ; 5              ; Untyped                ;
; LPM_WIDTHD             ; 4              ; Untyped                ;
; LPM_NREPRESENTATION    ; UNSIGNED       ; Untyped                ;
; LPM_DREPRESENTATION    ; UNSIGNED       ; Untyped                ;
; LPM_PIPELINE           ; 0              ; Untyped                ;
; LPM_REMAINDERPOSITIVE  ; TRUE           ; Untyped                ;
; MAXIMIZE_SPEED         ; 5              ; Untyped                ;
; CBXI_PARAMETER         ; lpm_divide_2am ; Untyped                ;
; CARRY_CHAIN            ; MANUAL         ; Untyped                ;
; OPTIMIZE_FOR_SPEED     ; 5              ; Untyped                ;
; AUTO_CARRY_CHAINS      ; ON             ; AUTO_CARRY             ;
; IGNORE_CARRY_BUFFERS   ; OFF            ; IGNORE_CARRY           ;
; AUTO_CASCADE_CHAINS    ; ON             ; AUTO_CASCADE           ;
; IGNORE_CASCADE_BUFFERS ; OFF            ; IGNORE_CASCADE         ;
+------------------------+----------------+------------------------+
Note: In order to hide this table in the UI and the text report file, please set the "Show Parameter Settings in Synthesis Report" option in "Analysis and Synthesis Settings -> More Settings" to "Off".


+------------------------------------------------------------------+
; Parameter Settings for Inferred Entity Instance: lpm_divide:Div2 ;
+------------------------+----------------+------------------------+
; Parameter Name         ; Value          ; Type                   ;
+------------------------+----------------+------------------------+
; LPM_WIDTHN             ; 5              ; Untyped                ;
; LPM_WIDTHD             ; 4              ; Untyped                ;
; LPM_NREPRESENTATION    ; UNSIGNED       ; Untyped                ;
; LPM_DREPRESENTATION    ; UNSIGNED       ; Untyped                ;
; LPM_PIPELINE           ; 0              ; Untyped                ;
; LPM_REMAINDERPOSITIVE  ; TRUE           ; Untyped                ;
; MAXIMIZE_SPEED         ; 5              ; Untyped                ;
; CBXI_PARAMETER         ; lpm_divide_2am ; Untyped                ;
; CARRY_CHAIN            ; MANUAL         ; Untyped                ;
; OPTIMIZE_FOR_SPEED     ; 5              ; Untyped                ;
; AUTO_CARRY_CHAINS      ; ON             ; AUTO_CARRY             ;
; IGNORE_CARRY_BUFFERS   ; OFF            ; IGNORE_CARRY           ;
; AUTO_CASCADE_CHAINS    ; ON             ; AUTO_CASCADE           ;
; IGNORE_CASCADE_BUFFERS ; OFF            ; IGNORE_CASCADE         ;
+------------------------+----------------+------------------------+
Note: In order to hide this table in the UI and the text report file, please set the "Show Parameter Settings in Synthesis Report" option in "Analysis and Synthesis Settings -> More Settings" to "Off".


+------------------------------------------------------------------+
; Parameter Settings for Inferred Entity Instance: lpm_divide:Div7 ;
+------------------------+----------------+------------------------+
; Parameter Name         ; Value          ; Type                   ;
+------------------------+----------------+------------------------+
; LPM_WIDTHN             ; 4              ; Untyped                ;
; LPM_WIDTHD             ; 4              ; Untyped                ;
; LPM_NREPRESENTATION    ; UNSIGNED       ; Untyped                ;
; LPM_DREPRESENTATION    ; UNSIGNED       ; Untyped                ;
; LPM_PIPELINE           ; 0              ; Untyped                ;
; LPM_REMAINDERPOSITIVE  ; TRUE           ; Untyped                ;
; MAXIMIZE_SPEED         ; 5              ; Untyped                ;
; CBXI_PARAMETER         ; lpm_divide_1am ; Untyped                ;
; CARRY_CHAIN            ; MANUAL         ; Untyped                ;
; OPTIMIZE_FOR_SPEED     ; 5              ; Untyped                ;
; AUTO_CARRY_CHAINS      ; ON             ; AUTO_CARRY             ;
; IGNORE_CARRY_BUFFERS   ; OFF            ; IGNORE_CARRY           ;
; AUTO_CASCADE_CHAINS    ; ON             ; AUTO_CASCADE           ;
; IGNORE_CASCADE_BUFFERS ; OFF            ; IGNORE_CASCADE         ;
+------------------------+----------------+------------------------+
Note: In order to hide this table in the UI and the text report file, please set the "Show Parameter Settings in Synthesis Report" option in "Analysis and Synthesis Settings -> More Settings" to "Off".


+-------------------------------------------------------------------+
; Parameter Settings for Inferred Entity Instance: lpm_divide:Div15 ;
+------------------------+----------------+-------------------------+
; Parameter Name         ; Value          ; Type                    ;
+------------------------+----------------+-------------------------+
; LPM_WIDTHN             ; 4              ; Untyped                 ;
; LPM_WIDTHD             ; 4              ; Untyped                 ;
; LPM_NREPRESENTATION    ; UNSIGNED       ; Untyped                 ;
; LPM_DREPRESENTATION    ; UNSIGNED       ; Untyped                 ;
; LPM_PIPELINE           ; 0              ; Untyped                 ;
; LPM_REMAINDERPOSITIVE  ; TRUE           ; Untyped                 ;
; MAXIMIZE_SPEED         ; 5              ; Untyped                 ;
; CBXI_PARAMETER         ; lpm_divide_1am ; Untyped                 ;
; CARRY_CHAIN            ; MANUAL         ; Untyped                 ;
; OPTIMIZE_FOR_SPEED     ; 5              ; Untyped                 ;
; AUTO_CARRY_CHAINS      ; ON             ; AUTO_CARRY              ;
; IGNORE_CARRY_BUFFERS   ; OFF            ; IGNORE_CARRY            ;
; AUTO_CASCADE_CHAINS    ; ON             ; AUTO_CASCADE            ;
; IGNORE_CASCADE_BUFFERS ; OFF            ; IGNORE_CASCADE          ;
+------------------------+----------------+-------------------------+
Note: In order to hide this table in the UI and the text report file, please set the "Show Parameter Settings in Synthesis Report" option in "Analysis and Synthesis Settings -> More Settings" to "Off".


+------------------------------------------------------------------+
; Parameter Settings for Inferred Entity Instance: lpm_divide:Div5 ;
+------------------------+----------------+------------------------+
; Parameter Name         ; Value          ; Type                   ;
+------------------------+----------------+------------------------+
; LPM_WIDTHN             ; 4              ; Untyped                ;
; LPM_WIDTHD             ; 4              ; Untyped                ;
; LPM_NREPRESENTATION    ; UNSIGNED       ; Untyped                ;
; LPM_DREPRESENTATION    ; UNSIGNED       ; Untyped                ;
; LPM_PIPELINE           ; 0              ; Untyped                ;
; LPM_REMAINDERPOSITIVE  ; TRUE           ; Untyped                ;
; MAXIMIZE_SPEED         ; 5              ; Untyped                ;
; CBXI_PARAMETER         ; lpm_divide_1am ; Untyped                ;
; CARRY_CHAIN            ; MANUAL         ; Untyped                ;
; OPTIMIZE_FOR_SPEED     ; 5              ; Untyped                ;
; AUTO_CARRY_CHAINS      ; ON             ; AUTO_CARRY             ;
; IGNORE_CARRY_BUFFERS   ; OFF            ; IGNORE_CARRY           ;
; AUTO_CASCADE_CHAINS    ; ON             ; AUTO_CASCADE           ;
; IGNORE_CASCADE_BUFFERS ; OFF            ; IGNORE_CASCADE         ;
+------------------------+----------------+------------------------+
Note: In order to hide this table in the UI and the text report file, please set the "Show Parameter Settings in Synthesis Report" option in "Analysis and Synthesis Settings -> More Settings" to "Off".


+------------------------------------------------------------------+
; Parameter Settings for Inferred Entity Instance: lpm_divide:Div6 ;
+------------------------+----------------+------------------------+
; Parameter Name         ; Value          ; Type                   ;
+------------------------+----------------+------------------------+
; LPM_WIDTHN             ; 4              ; Untyped                ;
; LPM_WIDTHD             ; 4              ; Untyped                ;
; LPM_NREPRESENTATION    ; UNSIGNED       ; Untyped                ;
; LPM_DREPRESENTATION    ; UNSIGNED       ; Untyped                ;
; LPM_PIPELINE           ; 0              ; Untyped                ;
; LPM_REMAINDERPOSITIVE  ; TRUE           ; Untyped                ;
; MAXIMIZE_SPEED         ; 5              ; Untyped                ;
; CBXI_PARAMETER         ; lpm_divide_1am ; Untyped                ;
; CARRY_CHAIN            ; MANUAL         ; Untyped                ;
; OPTIMIZE_FOR_SPEED     ; 5              ; Untyped                ;
; AUTO_CARRY_CHAINS      ; ON             ; AUTO_CARRY             ;
; IGNORE_CARRY_BUFFERS   ; OFF            ; IGNORE_CARRY           ;
; AUTO_CASCADE_CHAINS    ; ON             ; AUTO_CASCADE           ;
; IGNORE_CASCADE_BUFFERS ; OFF            ; IGNORE_CASCADE         ;
+------------------------+----------------+------------------------+
Note: In order to hide this table in the UI and the text report file, please set the "Show Parameter Settings in Synthesis Report" option in "Analysis and Synthesis Settings -> More Settings" to "Off".


+-------------------------------------------------------------------+
; Parameter Settings for Inferred Entity Instance: lpm_divide:Div13 ;
+------------------------+----------------+-------------------------+
; Parameter Name         ; Value          ; Type                    ;
+------------------------+----------------+-------------------------+
; LPM_WIDTHN             ; 4              ; Untyped                 ;
; LPM_WIDTHD             ; 4              ; Untyped                 ;
; LPM_NREPRESENTATION    ; UNSIGNED       ; Untyped                 ;
; LPM_DREPRESENTATION    ; UNSIGNED       ; Untyped                 ;
; LPM_PIPELINE           ; 0              ; Untyped                 ;
; LPM_REMAINDERPOSITIVE  ; TRUE           ; Untyped                 ;
; MAXIMIZE_SPEED         ; 5              ; Untyped                 ;
; CBXI_PARAMETER         ; lpm_divide_1am ; Untyped                 ;
; CARRY_CHAIN            ; MANUAL         ; Untyped                 ;
; OPTIMIZE_FOR_SPEED     ; 5              ; Untyped                 ;
; AUTO_CARRY_CHAINS      ; ON             ; AUTO_CARRY              ;
; IGNORE_CARRY_BUFFERS   ; OFF            ; IGNORE_CARRY            ;
; AUTO_CASCADE_CHAINS    ; ON             ; AUTO_CASCADE            ;
; IGNORE_CASCADE_BUFFERS ; OFF            ; IGNORE_CASCADE          ;
+------------------------+----------------+-------------------------+
Note: In order to hide this table in the UI and the text report file, please set the "Show Parameter Settings in Synthesis Report" option in "Analysis and Synthesis Settings -> More Settings" to "Off".


+-------------------------------------------------------------------+
; Parameter Settings for Inferred Entity Instance: lpm_divide:Div14 ;
+------------------------+----------------+-------------------------+
; Parameter Name         ; Value          ; Type                    ;
+------------------------+----------------+-------------------------+
; LPM_WIDTHN             ; 4              ; Untyped                 ;
; LPM_WIDTHD             ; 4              ; Untyped                 ;
; LPM_NREPRESENTATION    ; UNSIGNED       ; Untyped                 ;
; LPM_DREPRESENTATION    ; UNSIGNED       ; Untyped                 ;
; LPM_PIPELINE           ; 0              ; Untyped                 ;
; LPM_REMAINDERPOSITIVE  ; TRUE           ; Untyped                 ;
; MAXIMIZE_SPEED         ; 5              ; Untyped                 ;
; CBXI_PARAMETER         ; lpm_divide_1am ; Untyped                 ;
; CARRY_CHAIN            ; MANUAL         ; Untyped                 ;
; OPTIMIZE_FOR_SPEED     ; 5              ; Untyped                 ;
; AUTO_CARRY_CHAINS      ; ON             ; AUTO_CARRY              ;
; IGNORE_CARRY_BUFFERS   ; OFF            ; IGNORE_CARRY            ;
; AUTO_CASCADE_CHAINS    ; ON             ; AUTO_CASCADE            ;
; IGNORE_CASCADE_BUFFERS ; OFF            ; IGNORE_CASCADE          ;
+------------------------+----------------+-------------------------+
Note: In order to hide this table in the UI and the text report file, please set the "Show Parameter Settings in Synthesis Report" option in "Analysis and Synthesis Settings -> More Settings" to "Off".


+------------------------------------------------------------------+
; Parameter Settings for Inferred Entity Instance: lpm_divide:Div8 ;
+------------------------+----------------+------------------------+
; Parameter Name         ; Value          ; Type                   ;
+------------------------+----------------+------------------------+
; LPM_WIDTHN             ; 6              ; Untyped                ;
; LPM_WIDTHD             ; 4              ; Untyped                ;
; LPM_NREPRESENTATION    ; UNSIGNED       ; Untyped                ;
; LPM_DREPRESENTATION    ; UNSIGNED       ; Untyped                ;
; LPM_PIPELINE           ; 0              ; Untyped                ;
; LPM_REMAINDERPOSITIVE  ; TRUE           ; Untyped                ;
; MAXIMIZE_SPEED         ; 5              ; Untyped                ;
; CBXI_PARAMETER         ; lpm_divide_3am ; Untyped                ;
; CARRY_CHAIN            ; MANUAL         ; Untyped                ;
; OPTIMIZE_FOR_SPEED     ; 5              ; Untyped                ;
; AUTO_CARRY_CHAINS      ; ON             ; AUTO_CARRY             ;
; IGNORE_CARRY_BUFFERS   ; OFF            ; IGNORE_CARRY           ;
; AUTO_CASCADE_CHAINS    ; ON             ; AUTO_CASCADE           ;
; IGNORE_CASCADE_BUFFERS ; OFF            ; IGNORE_CASCADE         ;
+------------------------+----------------+------------------------+
Note: In order to hide this table in the UI and the text report file, please set the "Show Parameter Settings in Synthesis Report" option in "Analysis and Synthesis Settings -> More Settings" to "Off".


+------------------------------------------------------------------+
; Parameter Settings for Inferred Entity Instance: lpm_divide:Div3 ;
+------------------------+----------------+------------------------+
; Parameter Name         ; Value          ; Type                   ;
+------------------------+----------------+------------------------+
; LPM_WIDTHN             ; 4              ; Untyped                ;
; LPM_WIDTHD             ; 4              ; Untyped                ;
; LPM_NREPRESENTATION    ; UNSIGNED       ; Untyped                ;
; LPM_DREPRESENTATION    ; UNSIGNED       ; Untyped                ;
; LPM_PIPELINE           ; 0              ; Untyped                ;
; LPM_REMAINDERPOSITIVE  ; TRUE           ; Untyped                ;
; MAXIMIZE_SPEED         ; 5              ; Untyped                ;
; CBXI_PARAMETER         ; lpm_divide_1am ; Untyped                ;
; CARRY_CHAIN            ; MANUAL         ; Untyped                ;
; OPTIMIZE_FOR_SPEED     ; 5              ; Untyped                ;
; AUTO_CARRY_CHAINS      ; ON             ; AUTO_CARRY             ;
; IGNORE_CARRY_BUFFERS   ; OFF            ; IGNORE_CARRY           ;
; AUTO_CASCADE_CHAINS    ; ON             ; AUTO_CASCADE           ;
; IGNORE_CASCADE_BUFFERS ; OFF            ; IGNORE_CASCADE         ;
+------------------------+----------------+------------------------+
Note: In order to hide this table in the UI and the text report file, please set the "Show Parameter Settings in Synthesis Report" option in "Analysis and Synthesis Settings -> More Settings" to "Off".


+------------------------------------------------------------------+
; Parameter Settings for Inferred Entity Instance: lpm_divide:Div4 ;
+------------------------+----------------+------------------------+
; Parameter Name         ; Value          ; Type                   ;
+------------------------+----------------+------------------------+
; LPM_WIDTHN             ; 4              ; Untyped                ;
; LPM_WIDTHD             ; 4              ; Untyped                ;
; LPM_NREPRESENTATION    ; UNSIGNED       ; Untyped                ;
; LPM_DREPRESENTATION    ; UNSIGNED       ; Untyped                ;
; LPM_PIPELINE           ; 0              ; Untyped                ;
; LPM_REMAINDERPOSITIVE  ; TRUE           ; Untyped                ;
; MAXIMIZE_SPEED         ; 5              ; Untyped                ;
; CBXI_PARAMETER         ; lpm_divide_1am ; Untyped                ;
; CARRY_CHAIN            ; MANUAL         ; Untyped                ;
; OPTIMIZE_FOR_SPEED     ; 5              ; Untyped                ;
; AUTO_CARRY_CHAINS      ; ON             ; AUTO_CARRY             ;
; IGNORE_CARRY_BUFFERS   ; OFF            ; IGNORE_CARRY           ;
; AUTO_CASCADE_CHAINS    ; ON             ; AUTO_CASCADE           ;
; IGNORE_CASCADE_BUFFERS ; OFF            ; IGNORE_CASCADE         ;
+------------------------+----------------+------------------------+
Note: In order to hide this table in the UI and the text report file, please set the "Show Parameter Settings in Synthesis Report" option in "Analysis and Synthesis Settings -> More Settings" to "Off".


+-------------------------------------------------------------------+
; Parameter Settings for Inferred Entity Instance: lpm_divide:Div11 ;
+------------------------+----------------+-------------------------+
; Parameter Name         ; Value          ; Type                    ;
+------------------------+----------------+-------------------------+
; LPM_WIDTHN             ; 4              ; Untyped                 ;
; LPM_WIDTHD             ; 4              ; Untyped                 ;
; LPM_NREPRESENTATION    ; UNSIGNED       ; Untyped                 ;
; LPM_DREPRESENTATION    ; UNSIGNED       ; Untyped                 ;
; LPM_PIPELINE           ; 0              ; Untyped                 ;
; LPM_REMAINDERPOSITIVE  ; TRUE           ; Untyped                 ;
; MAXIMIZE_SPEED         ; 5              ; Untyped                 ;
; CBXI_PARAMETER         ; lpm_divide_1am ; Untyped                 ;
; CARRY_CHAIN            ; MANUAL         ; Untyped                 ;
; OPTIMIZE_FOR_SPEED     ; 5              ; Untyped                 ;
; AUTO_CARRY_CHAINS      ; ON             ; AUTO_CARRY              ;
; IGNORE_CARRY_BUFFERS   ; OFF            ; IGNORE_CARRY            ;
; AUTO_CASCADE_CHAINS    ; ON             ; AUTO_CASCADE            ;
; IGNORE_CASCADE_BUFFERS ; OFF            ; IGNORE_CASCADE          ;
+------------------------+----------------+-------------------------+
Note: In order to hide this table in the UI and the text report file, please set the "Show Parameter Settings in Synthesis Report" option in "Analysis and Synthesis Settings -> More Settings" to "Off".


+-------------------------------------------------------------------+
; Parameter Settings for Inferred Entity Instance: lpm_divide:Div12 ;
+------------------------+----------------+-------------------------+
; Parameter Name         ; Value          ; Type                    ;
+------------------------+----------------+-------------------------+
; LPM_WIDTHN             ; 4              ; Untyped                 ;
; LPM_WIDTHD             ; 4              ; Untyped                 ;
; LPM_NREPRESENTATION    ; UNSIGNED       ; Untyped                 ;
; LPM_DREPRESENTATION    ; UNSIGNED       ; Untyped                 ;
; LPM_PIPELINE           ; 0              ; Untyped                 ;
; LPM_REMAINDERPOSITIVE  ; TRUE           ; Untyped                 ;
; MAXIMIZE_SPEED         ; 5              ; Untyped                 ;
; CBXI_PARAMETER         ; lpm_divide_1am ; Untyped                 ;
; CARRY_CHAIN            ; MANUAL         ; Untyped                 ;
; OPTIMIZE_FOR_SPEED     ; 5              ; Untyped                 ;
; AUTO_CARRY_CHAINS      ; ON             ; AUTO_CARRY              ;
; IGNORE_CARRY_BUFFERS   ; OFF            ; IGNORE_CARRY            ;
; AUTO_CASCADE_CHAINS    ; ON             ; AUTO_CASCADE            ;
; IGNORE_CASCADE_BUFFERS ; OFF            ; IGNORE_CASCADE          ;
+------------------------+----------------+-------------------------+
Note: In order to hide this table in the UI and the text report file, please set the "Show Parameter Settings in Synthesis Report" option in "Analysis and Synthesis Settings -> More Settings" to "Off".


+---------------------------------------------------------------------------------------------+
; Parameter Settings for Inferred Entity Instance: shuffle_deck_v2:my_deck_v2|lpm_divide:Mod0 ;
+------------------------+----------------+---------------------------------------------------+
; Parameter Name         ; Value          ; Type                                              ;
+------------------------+----------------+---------------------------------------------------+
; LPM_WIDTHN             ; 6              ; Untyped                                           ;
; LPM_WIDTHD             ; 6              ; Untyped                                           ;
; LPM_NREPRESENTATION    ; UNSIGNED       ; Untyped                                           ;
; LPM_DREPRESENTATION    ; UNSIGNED       ; Untyped                                           ;
; LPM_PIPELINE           ; 0              ; Untyped                                           ;
; LPM_REMAINDERPOSITIVE  ; TRUE           ; Untyped                                           ;
; MAXIMIZE_SPEED         ; 5              ; Untyped                                           ;
; CBXI_PARAMETER         ; lpm_divide_82m ; Untyped                                           ;
; CARRY_CHAIN            ; MANUAL         ; Untyped                                           ;
; OPTIMIZE_FOR_SPEED     ; 5              ; Untyped                                           ;
; AUTO_CARRY_CHAINS      ; ON             ; AUTO_CARRY                                        ;
; IGNORE_CARRY_BUFFERS   ; OFF            ; IGNORE_CARRY                                      ;
; AUTO_CASCADE_CHAINS    ; ON             ; AUTO_CASCADE                                      ;
; IGNORE_CASCADE_BUFFERS ; OFF            ; IGNORE_CASCADE                                    ;
+------------------------+----------------+---------------------------------------------------+
Note: In order to hide this table in the UI and the text report file, please set the "Show Parameter Settings in Synthesis Report" option in "Analysis and Synthesis Settings -> More Settings" to "Off".


+-------------------------------------------------------------------------------------------------------------------------------------------------+
; altsyncram Parameter Settings by Entity Instance                                                                                                ;
+-------------------------------------------+-----------------------------------------------------------------------------------------------------+
; Name                                      ; Value                                                                                               ;
+-------------------------------------------+-----------------------------------------------------------------------------------------------------+
; Number of entity instances                ; 10                                                                                                  ;
; Entity Instance                           ; asset_controller:my_asset_controller|playing_card:cards|altsyncram:altsyncram_component             ;
;     -- OPERATION_MODE                     ; ROM                                                                                                 ;
;     -- WIDTH_A                            ; 24                                                                                                  ;
;     -- NUMWORDS_A                         ; 285                                                                                                 ;
;     -- OUTDATA_REG_A                      ; UNREGISTERED                                                                                        ;
;     -- WIDTH_B                            ; 1                                                                                                   ;
;     -- NUMWORDS_B                         ; 1                                                                                                   ;
;     -- ADDRESS_REG_B                      ; CLOCK1                                                                                              ;
;     -- OUTDATA_REG_B                      ; UNREGISTERED                                                                                        ;
;     -- RAM_BLOCK_TYPE                     ; AUTO                                                                                                ;
;     -- READ_DURING_WRITE_MODE_MIXED_PORTS ; DONT_CARE                                                                                           ;
; Entity Instance                           ; asset_controller:my_asset_controller|player_chip_asset:chipP|altsyncram:altsyncram_component        ;
;     -- OPERATION_MODE                     ; ROM                                                                                                 ;
;     -- WIDTH_A                            ; 24                                                                                                  ;
;     -- NUMWORDS_A                         ; 144                                                                                                 ;
;     -- OUTDATA_REG_A                      ; UNREGISTERED                                                                                        ;
;     -- WIDTH_B                            ; 1                                                                                                   ;
;     -- NUMWORDS_B                         ; 1                                                                                                   ;
;     -- ADDRESS_REG_B                      ; CLOCK1                                                                                              ;
;     -- OUTDATA_REG_B                      ; UNREGISTERED                                                                                        ;
;     -- RAM_BLOCK_TYPE                     ; AUTO                                                                                                ;
;     -- READ_DURING_WRITE_MODE_MIXED_PORTS ; DONT_CARE                                                                                           ;
; Entity Instance                           ; asset_controller:my_asset_controller|dealer_chip_asset:chipD|altsyncram:altsyncram_component        ;
;     -- OPERATION_MODE                     ; ROM                                                                                                 ;
;     -- WIDTH_A                            ; 24                                                                                                  ;
;     -- NUMWORDS_A                         ; 144                                                                                                 ;
;     -- OUTDATA_REG_A                      ; UNREGISTERED                                                                                        ;
;     -- WIDTH_B                            ; 1                                                                                                   ;
;     -- NUMWORDS_B                         ; 1                                                                                                   ;
;     -- ADDRESS_REG_B                      ; CLOCK1                                                                                              ;
;     -- OUTDATA_REG_B                      ; UNREGISTERED                                                                                        ;
;     -- RAM_BLOCK_TYPE                     ; AUTO                                                                                                ;
;     -- READ_DURING_WRITE_MODE_MIXED_PORTS ; DONT_CARE                                                                                           ;
; Entity Instance                           ; asset_controller:my_asset_controller|rank_library:ranks|altsyncram:altsyncram_component             ;
;     -- OPERATION_MODE                     ; ROM                                                                                                 ;
;     -- WIDTH_A                            ; 24                                                                                                  ;
;     -- NUMWORDS_A                         ; 480                                                                                                 ;
;     -- OUTDATA_REG_A                      ; UNREGISTERED                                                                                        ;
;     -- WIDTH_B                            ; 1                                                                                                   ;
;     -- NUMWORDS_B                         ; 1                                                                                                   ;
;     -- ADDRESS_REG_B                      ; CLOCK1                                                                                              ;
;     -- OUTDATA_REG_B                      ; UNREGISTERED                                                                                        ;
;     -- RAM_BLOCK_TYPE                     ; AUTO                                                                                                ;
;     -- READ_DURING_WRITE_MODE_MIXED_PORTS ; DONT_CARE                                                                                           ;
; Entity Instance                           ; asset_controller:my_asset_controller|suit_library:suits|altsyncram:altsyncram_component             ;
;     -- OPERATION_MODE                     ; ROM                                                                                                 ;
;     -- WIDTH_A                            ; 24                                                                                                  ;
;     -- NUMWORDS_A                         ; 272                                                                                                 ;
;     -- OUTDATA_REG_A                      ; UNREGISTERED                                                                                        ;
;     -- WIDTH_B                            ; 1                                                                                                   ;
;     -- NUMWORDS_B                         ; 1                                                                                                   ;
;     -- ADDRESS_REG_B                      ; CLOCK1                                                                                              ;
;     -- OUTDATA_REG_B                      ; UNREGISTERED                                                                                        ;
;     -- RAM_BLOCK_TYPE                     ; AUTO                                                                                                ;
;     -- READ_DURING_WRITE_MODE_MIXED_PORTS ; DONT_CARE                                                                                           ;
; Entity Instance                           ; asset_controller:my_asset_controller|replace_background:replacement|altsyncram:altsyncram_component ;
;     -- OPERATION_MODE                     ; ROM                                                                                                 ;
;     -- WIDTH_A                            ; 24                                                                                                  ;
;     -- NUMWORDS_A                         ; 32768                                                                                               ;
;     -- OUTDATA_REG_A                      ; UNREGISTERED                                                                                        ;
;     -- WIDTH_B                            ; 1                                                                                                   ;
;     -- NUMWORDS_B                         ; 1                                                                                                   ;
;     -- ADDRESS_REG_B                      ; CLOCK1                                                                                              ;
;     -- OUTDATA_REG_B                      ; UNREGISTERED                                                                                        ;
;     -- RAM_BLOCK_TYPE                     ; AUTO                                                                                                ;
;     -- READ_DURING_WRITE_MODE_MIXED_PORTS ; DONT_CARE                                                                                           ;
; Entity Instance                           ; vga_frame_driver:my_frame_driver|vga_frame:vga_memory0|altsyncram:altsyncram_component              ;
;     -- OPERATION_MODE                     ; SINGLE_PORT                                                                                         ;
;     -- WIDTH_A                            ; 24                                                                                                  ;
;     -- NUMWORDS_A                         ; 32768                                                                                               ;
;     -- OUTDATA_REG_A                      ; UNREGISTERED                                                                                        ;
;     -- WIDTH_B                            ; 1                                                                                                   ;
;     -- NUMWORDS_B                         ; 1                                                                                                   ;
;     -- ADDRESS_REG_B                      ; CLOCK1                                                                                              ;
;     -- OUTDATA_REG_B                      ; UNREGISTERED                                                                                        ;
;     -- RAM_BLOCK_TYPE                     ; AUTO                                                                                                ;
;     -- READ_DURING_WRITE_MODE_MIXED_PORTS ; DONT_CARE                                                                                           ;
; Entity Instance                           ; vga_frame_driver:my_frame_driver|vga_frame:vga_memory1|altsyncram:altsyncram_component              ;
;     -- OPERATION_MODE                     ; SINGLE_PORT                                                                                         ;
;     -- WIDTH_A                            ; 24                                                                                                  ;
;     -- NUMWORDS_A                         ; 32768                                                                                               ;
;     -- OUTDATA_REG_A                      ; UNREGISTERED                                                                                        ;
;     -- WIDTH_B                            ; 1                                                                                                   ;
;     -- NUMWORDS_B                         ; 1                                                                                                   ;
;     -- ADDRESS_REG_B                      ; CLOCK1                                                                                              ;
;     -- OUTDATA_REG_B                      ; UNREGISTERED                                                                                        ;
;     -- RAM_BLOCK_TYPE                     ; AUTO                                                                                                ;
;     -- READ_DURING_WRITE_MODE_MIXED_PORTS ; DONT_CARE                                                                                           ;
; Entity Instance                           ; vga_frame_driver:my_frame_driver|vga_frame:the_vga_draw_frame|altsyncram:altsyncram_component       ;
;     -- OPERATION_MODE                     ; SINGLE_PORT                                                                                         ;
;     -- WIDTH_A                            ; 24                                                                                                  ;
;     -- NUMWORDS_A                         ; 32768                                                                                               ;
;     -- OUTDATA_REG_A                      ; UNREGISTERED                                                                                        ;
;     -- WIDTH_B                            ; 1                                                                                                   ;
;     -- NUMWORDS_B                         ; 1                                                                                                   ;
;     -- ADDRESS_REG_B                      ; CLOCK1                                                                                              ;
;     -- OUTDATA_REG_B                      ; UNREGISTERED                                                                                        ;
;     -- RAM_BLOCK_TYPE                     ; AUTO                                                                                                ;
;     -- READ_DURING_WRITE_MODE_MIXED_PORTS ; DONT_CARE                                                                                           ;
; Entity Instance                           ; deck:memory|altsyncram:altsyncram_component                                                         ;
;     -- OPERATION_MODE                     ; SINGLE_PORT                                                                                         ;
;     -- WIDTH_A                            ; 6                                                                                                   ;
;     -- NUMWORDS_A                         ; 52                                                                                                  ;
;     -- OUTDATA_REG_A                      ; UNREGISTERED                                                                                        ;
;     -- WIDTH_B                            ; 1                                                                                                   ;
;     -- NUMWORDS_B                         ; 1                                                                                                   ;
;     -- ADDRESS_REG_B                      ; CLOCK1                                                                                              ;
;     -- OUTDATA_REG_B                      ; UNREGISTERED                                                                                        ;
;     -- RAM_BLOCK_TYPE                     ; AUTO                                                                                                ;
;     -- READ_DURING_WRITE_MODE_MIXED_PORTS ; DONT_CARE                                                                                           ;
+-------------------------------------------+-----------------------------------------------------------------------------------------------------+


+---------------------------------------------------------------------------------------------------------------------------------------------------------------------------------------------------------------+
; Port Connectivity Checks: "shuffle_deck_v2:my_deck_v2"                                                                                                                                                        ;
+-------+--------+----------+-----------------------------------------------------------------------------------------------------------------------------------------------------------------------------------+
; Port  ; Type   ; Severity ; Details                                                                                                                                                                           ;
+-------+--------+----------+-----------------------------------------------------------------------------------------------------------------------------------------------------------------------------------+
; seed  ; Input  ; Warning  ; Input port expression (10 bits) is wider than the input port (6 bits) it drives.  The 4 most-significant bit(s) in the expression will be dangling if they have no other fanouts. ;
; SS    ; Output ; Info     ; Connected to dangling logic. Logic that only feeds a dangling port will be removed.                                                                                               ;
; enOut ; Output ; Info     ; Connected to dangling logic. Logic that only feeds a dangling port will be removed.                                                                                               ;
; wren  ; Output ; Warning  ; Output or bidir port (1 bits) is smaller than the port expression (6 bits) it drives.  The 5 most-significant bit(s) in the port expression will be connected to GND.             ;
+-------+--------+----------+-----------------------------------------------------------------------------------------------------------------------------------------------------------------------------------+


+------------------------------------------------------------------------------------------------------------------------------------------------------------------------------------------------------------+
; Port Connectivity Checks: "seven_segment:dig5"                                                                                                                                                             ;
+------+-------+----------+----------------------------------------------------------------------------------------------------------------------------------------------------------------------------------+
; Port ; Type  ; Severity ; Details                                                                                                                                                                          ;
+------+-------+----------+----------------------------------------------------------------------------------------------------------------------------------------------------------------------------------+
; i    ; Input ; Warning  ; Input port expression (7 bits) is wider than the input port (4 bits) it drives.  The 3 most-significant bit(s) in the expression will be dangling if they have no other fanouts. ;
+------+-------+----------+----------------------------------------------------------------------------------------------------------------------------------------------------------------------------------+


+------------------------------------------------------------------------------------------------------------------------------------------------------------------------------------------------------------+
; Port Connectivity Checks: "seven_segment:dig4"                                                                                                                                                             ;
+------+-------+----------+----------------------------------------------------------------------------------------------------------------------------------------------------------------------------------+
; Port ; Type  ; Severity ; Details                                                                                                                                                                          ;
+------+-------+----------+----------------------------------------------------------------------------------------------------------------------------------------------------------------------------------+
; i    ; Input ; Warning  ; Input port expression (7 bits) is wider than the input port (4 bits) it drives.  The 3 most-significant bit(s) in the expression will be dangling if they have no other fanouts. ;
+------+-------+----------+----------------------------------------------------------------------------------------------------------------------------------------------------------------------------------+


+--------------------------------------------------------------------------------------------------------------------+
; Port Connectivity Checks: "get_suit_rank:suit_and_rank"                                                            ;
+----------+--------+----------+-------------------------------------------------------------------------------------+
; Port     ; Type   ; Severity ; Details                                                                             ;
+----------+--------+----------+-------------------------------------------------------------------------------------+
; suit_out ; Output ; Info     ; Connected to dangling logic. Logic that only feeds a dangling port will be removed. ;
; rank_out ; Output ; Info     ; Connected to dangling logic. Logic that only feeds a dangling port will be removed. ;
+----------+--------+----------+-------------------------------------------------------------------------------------+


+-----------------------------------------------------------------------------------------------------------------------------------------------------------------------------------------------------------------+
; Port Connectivity Checks: "vga_frame_driver:my_frame_driver|vga_frame:the_vga_draw_frame"                                                                                                                       ;
+---------+-------+----------+------------------------------------------------------------------------------------------------------------------------------------------------------------------------------------+
; Port    ; Type  ; Severity ; Details                                                                                                                                                                            ;
+---------+-------+----------+------------------------------------------------------------------------------------------------------------------------------------------------------------------------------------+
; address ; Input ; Warning  ; Input port expression (16 bits) is wider than the input port (15 bits) it drives.  The 1 most-significant bit(s) in the expression will be dangling if they have no other fanouts. ;
+---------+-------+----------+------------------------------------------------------------------------------------------------------------------------------------------------------------------------------------+


+-----------------------------------------------------------------------------------------------------------------------------------------------------------------------------------------------------------------+
; Port Connectivity Checks: "vga_frame_driver:my_frame_driver|vga_frame:vga_memory1"                                                                                                                              ;
+---------+-------+----------+------------------------------------------------------------------------------------------------------------------------------------------------------------------------------------+
; Port    ; Type  ; Severity ; Details                                                                                                                                                                            ;
+---------+-------+----------+------------------------------------------------------------------------------------------------------------------------------------------------------------------------------------+
; address ; Input ; Warning  ; Input port expression (16 bits) is wider than the input port (15 bits) it drives.  The 1 most-significant bit(s) in the expression will be dangling if they have no other fanouts. ;
+---------+-------+----------+------------------------------------------------------------------------------------------------------------------------------------------------------------------------------------+


+-----------------------------------------------------------------------------------------------------------------------------------------------------------------------------------------------------------------+
; Port Connectivity Checks: "vga_frame_driver:my_frame_driver|vga_frame:vga_memory0"                                                                                                                              ;
+---------+-------+----------+------------------------------------------------------------------------------------------------------------------------------------------------------------------------------------+
; Port    ; Type  ; Severity ; Details                                                                                                                                                                            ;
+---------+-------+----------+------------------------------------------------------------------------------------------------------------------------------------------------------------------------------------+
; address ; Input ; Warning  ; Input port expression (16 bits) is wider than the input port (15 bits) it drives.  The 1 most-significant bit(s) in the expression will be dangling if they have no other fanouts. ;
+---------+-------+----------+------------------------------------------------------------------------------------------------------------------------------------------------------------------------------------+


+-------------------------------------------------------------------------------------------------------------------------+
; Port Connectivity Checks: "vga_frame_driver:my_frame_driver"                                                            ;
+---------------+--------+----------+-------------------------------------------------------------------------------------+
; Port          ; Type   ; Severity ; Details                                                                             ;
+---------------+--------+----------+-------------------------------------------------------------------------------------+
; active_pixels ; Output ; Info     ; Connected to dangling logic. Logic that only feeds a dangling port will be removed. ;
; frame_done    ; Output ; Info     ; Connected to dangling logic. Logic that only feeds a dangling port will be removed. ;
; x             ; Output ; Info     ; Connected to dangling logic. Logic that only feeds a dangling port will be removed. ;
; y             ; Output ; Info     ; Connected to dangling logic. Logic that only feeds a dangling port will be removed. ;
+---------------+--------+----------+-------------------------------------------------------------------------------------+


+--------------------------------------------------------------------------------------------------------------------------------------------------------------------------------+
; Port Connectivity Checks: "asset_controller:my_asset_controller|replace_background:replacement"                                                                                ;
+---------+-------+----------+---------------------------------------------------------------------------------------------------------------------------------------------------+
; Port    ; Type  ; Severity ; Details                                                                                                                                           ;
+---------+-------+----------+---------------------------------------------------------------------------------------------------------------------------------------------------+
; address ; Input ; Warning  ; Input port expression (9 bits) is smaller than the input port (15 bits) it drives.  Extra input bit(s) "address[14..9]" will be connected to GND. ;
+---------+-------+----------+---------------------------------------------------------------------------------------------------------------------------------------------------+


+---------------------------------------------------------------------------------------------------------------------------------------------------------------------------------------------------------------+
; Port Connectivity Checks: "asset_controller:my_asset_controller|dealer_chip_asset:chipD"                                                                                                                      ;
+---------+-------+----------+----------------------------------------------------------------------------------------------------------------------------------------------------------------------------------+
; Port    ; Type  ; Severity ; Details                                                                                                                                                                          ;
+---------+-------+----------+----------------------------------------------------------------------------------------------------------------------------------------------------------------------------------+
; address ; Input ; Warning  ; Input port expression (9 bits) is wider than the input port (8 bits) it drives.  The 1 most-significant bit(s) in the expression will be dangling if they have no other fanouts. ;
+---------+-------+----------+----------------------------------------------------------------------------------------------------------------------------------------------------------------------------------+


+---------------------------------------------------------------------------------------------------------------------------------------------------------------------------------------------------------------+
; Port Connectivity Checks: "asset_controller:my_asset_controller|player_chip_asset:chipP"                                                                                                                      ;
+---------+-------+----------+----------------------------------------------------------------------------------------------------------------------------------------------------------------------------------+
; Port    ; Type  ; Severity ; Details                                                                                                                                                                          ;
+---------+-------+----------+----------------------------------------------------------------------------------------------------------------------------------------------------------------------------------+
; address ; Input ; Warning  ; Input port expression (9 bits) is wider than the input port (8 bits) it drives.  The 1 most-significant bit(s) in the expression will be dangling if they have no other fanouts. ;
+---------+-------+----------+----------------------------------------------------------------------------------------------------------------------------------------------------------------------------------+


+----------------------------------------------------------------------------------------------------------------------------------------------------------------------------------------------------+
; Port Connectivity Checks: "asset_controller:my_asset_controller"                                                                                                                                   ;
+-----------------------+-------+----------+---------------------------------------------------------------------------------------------------------------------------------------------------------+
; Port                  ; Type  ; Severity ; Details                                                                                                                                                 ;
+-----------------------+-------+----------+---------------------------------------------------------------------------------------------------------------------------------------------------------+
; asset_assign_x        ; Input ; Warning  ; Input port expression (9 bits) is smaller than the input port (10 bits) it drives.  Extra input bit(s) "asset_assign_x[9..9]" will be connected to GND. ;
; asset_assign_y        ; Input ; Warning  ; Input port expression (9 bits) is smaller than the input port (10 bits) it drives.  Extra input bit(s) "asset_assign_y[9..9]" will be connected to GND. ;
; suit_index_adjustment ; Input ; Warning  ; Declared by entity but not connected by instance. If a default value exists, it will be used.  Otherwise, the port will be connected to GND.            ;
; rank_index_adjustment ; Input ; Warning  ; Declared by entity but not connected by instance. If a default value exists, it will be used.  Otherwise, the port will be connected to GND.            ;
+-----------------------+-------+----------+---------------------------------------------------------------------------------------------------------------------------------------------------------+


+--------------------------------------------------------------------------------------------------------------------+
; Port Connectivity Checks: "get_suit_rank:my_get_suit_rank"                                                         ;
+----------+--------+----------+-------------------------------------------------------------------------------------+
; Port     ; Type   ; Severity ; Details                                                                             ;
+----------+--------+----------+-------------------------------------------------------------------------------------+
; suit_out ; Output ; Info     ; Connected to dangling logic. Logic that only feeds a dangling port will be removed. ;
; rank_out ; Output ; Info     ; Connected to dangling logic. Logic that only feeds a dangling port will be removed. ;
+----------+--------+----------+-------------------------------------------------------------------------------------+


+----------------------------------------------------------------------------------------------------------------------------------------------------------------------------+
; Port Connectivity Checks: "debounce_switches:db"                                                                                                                           ;
+-------+--------+----------+------------------------------------------------------------------------------------------------------------------------------------------------+
; Port  ; Type   ; Severity ; Details                                                                                                                                        ;
+-------+--------+----------+------------------------------------------------------------------------------------------------------------------------------------------------+
; SW    ; Input  ; Warning  ; Input port expression (10 bits) is smaller than the input port (18 bits) it drives.  Extra input bit(s) "SW[17..10]" will be connected to GND. ;
; SW_db ; Output ; Warning  ; Output or bidir port (18 bits) is wider than the port expression (10 bits) it drives; bit(s) "SW_db[17..10]" have no fanouts                   ;
; SW_db ; Output ; Info     ; Connected to dangling logic. Logic that only feeds a dangling port will be removed.                                                            ;
+-------+--------+----------+------------------------------------------------------------------------------------------------------------------------------------------------+


+-------------------------------------------------------------------------------------------------------------------------------------------------------------------------------------------------------------------------------------------------------------------------+
; Signal Tap Logic Analyzer Settings                                                                                                                                                                                                                                      ;
+----------------+------------------+---------------------+------------------+--------------+----------+------------------------+----------------------+--------------------+-----------------------------+-----------------+------------------+--------------------------+
; Instance Index ; Instance Name    ; Trigger Input Width ; Data Input Width ; Sample Depth ; Segments ; Storage Qualifier Type ; Trigger Flow Control ; Trigger Conditions ; Advanced Trigger Conditions ; Trigger In Used ; Trigger Out Used ; Power-Up Trigger Enabled ;
+----------------+------------------+---------------------+------------------+--------------+----------+------------------------+----------------------+--------------------+-----------------------------+-----------------+------------------+--------------------------+
; 0              ; auto_signaltap_0 ; 7                   ; 45               ; 8192         ; 1        ; continuous             ; sequential           ; 1                  ; 0                           ; no              ; no               ; no                       ;
+----------------+------------------+---------------------+------------------+--------------+----------+------------------------+----------------------+--------------------+-----------------------------+-----------------+------------------+--------------------------+


+-----------------------------------------------------+
; Post-Synthesis Netlist Statistics for Top Partition ;
+-----------------------+-----------------------------+
; Type                  ; Count                       ;
+-----------------------+-----------------------------+
; arriav_ff             ; 340                         ;
;     CLR               ; 113                         ;
;     CLR SCLR          ; 1                           ;
;     CLR SLD           ; 27                          ;
;     ENA               ; 27                          ;
;     ENA CLR           ; 50                          ;
;     ENA CLR SCLR      ; 98                          ;
;     ENA CLR SLD       ; 15                          ;
;     ENA SCLR          ; 2                           ;
;     plain             ; 7                           ;
; arriav_lcell_comb     ; 1189                        ;
;     arith             ; 140                         ;
;         0 data inputs ; 17                          ;
;         1 data inputs ; 66                          ;
;         2 data inputs ; 32                          ;
;         3 data inputs ; 18                          ;
;         4 data inputs ; 2                           ;
;         5 data inputs ; 5                           ;
;     extend            ; 8                           ;
;         7 data inputs ; 8                           ;
;     normal            ; 848                         ;
;         0 data inputs ; 2                           ;
;         1 data inputs ; 11                          ;
;         2 data inputs ; 184                         ;
;         3 data inputs ; 224                         ;
;         4 data inputs ; 137                         ;
;         5 data inputs ; 122                         ;
;         6 data inputs ; 168                         ;
;     shared            ; 193                         ;
;         0 data inputs ; 34                          ;
;         1 data inputs ; 124                         ;
;         2 data inputs ; 19                          ;
;         3 data inputs ; 14                          ;
;         4 data inputs ; 2                           ;
; arriav_mac            ; 1                           ;
; boundary_port         ; 116                         ;
; stratixv_ram_block    ; 390                         ;
;                       ;                             ;
; Max LUT depth         ; 10.10                       ;
; Average LUT depth     ; 3.28                        ;
+-----------------------+-----------------------------+


+-------------------------------+
; Elapsed Time Per Partition    ;
+----------------+--------------+
; Partition Name ; Elapsed Time ;
+----------------+--------------+
; Top            ; 00:00:04     ;
+----------------+--------------+


+-------------------------------------------------------------------------------------------------------------------------------------------------------------+
; Connections to In-System Debugging Instance "auto_signaltap_0"                                                                                              ;
+----------------------+---------------+-----------+--------------------------------+-------------------+-------------------------------------------+---------+
; Name                 ; Type          ; Status    ; Partition Name                 ; Netlist Type Used ; Actual Connection                         ; Details ;
+----------------------+---------------+-----------+--------------------------------+-------------------+-------------------------------------------+---------+
; CLOCK_50             ; pre-synthesis ; connected ; Top                            ; post-synthesis    ; CLOCK_50                                  ; N/A     ;
; HEX4[0]              ; pre-synthesis ; connected ; Top                            ; post-synthesis    ; seven_segment:dig4|WideOr5~0              ; N/A     ;
; HEX4[0]              ; pre-synthesis ; connected ; Top                            ; post-synthesis    ; seven_segment:dig4|WideOr5~0              ; N/A     ;
; HEX4[1]              ; pre-synthesis ; connected ; Top                            ; post-synthesis    ; seven_segment:dig4|WideOr4~0              ; N/A     ;
; HEX4[1]              ; pre-synthesis ; connected ; Top                            ; post-synthesis    ; seven_segment:dig4|WideOr4~0              ; N/A     ;
; HEX4[2]              ; pre-synthesis ; connected ; Top                            ; post-synthesis    ; seven_segment:dig4|o[2]~0                 ; N/A     ;
; HEX4[2]              ; pre-synthesis ; connected ; Top                            ; post-synthesis    ; seven_segment:dig4|o[2]~0                 ; N/A     ;
; HEX4[3]              ; pre-synthesis ; connected ; Top                            ; post-synthesis    ; seven_segment:dig4|WideOr3~0              ; N/A     ;
; HEX4[3]              ; pre-synthesis ; connected ; Top                            ; post-synthesis    ; seven_segment:dig4|WideOr3~0              ; N/A     ;
; HEX4[4]              ; pre-synthesis ; connected ; Top                            ; post-synthesis    ; seven_segment:dig4|WideOr2~0              ; N/A     ;
; HEX4[4]              ; pre-synthesis ; connected ; Top                            ; post-synthesis    ; seven_segment:dig4|WideOr2~0              ; N/A     ;
; HEX4[5]              ; pre-synthesis ; connected ; Top                            ; post-synthesis    ; seven_segment:dig4|WideOr1~0              ; N/A     ;
; HEX4[5]              ; pre-synthesis ; connected ; Top                            ; post-synthesis    ; seven_segment:dig4|WideOr1~0              ; N/A     ;
; HEX4[6]              ; pre-synthesis ; connected ; Top                            ; post-synthesis    ; seven_segment:dig4|WideOr0~0_wirecell     ; N/A     ;
; HEX4[6]              ; pre-synthesis ; connected ; Top                            ; post-synthesis    ; seven_segment:dig4|WideOr0~0_wirecell     ; N/A     ;
; HEX5[0]              ; pre-synthesis ; connected ; Top                            ; post-synthesis    ; seven_segment:dig5|WideOr5~0              ; N/A     ;
; HEX5[1]              ; pre-synthesis ; connected ; Top                            ; post-synthesis    ; seven_segment:dig5|WideOr4~0              ; N/A     ;
; HEX5[2]              ; pre-synthesis ; connected ; Top                            ; post-synthesis    ; seven_segment:dig5|o[2]~0                 ; N/A     ;
; HEX5[3]              ; pre-synthesis ; connected ; Top                            ; post-synthesis    ; seven_segment:dig5|WideOr3~0              ; N/A     ;
; HEX5[4]              ; pre-synthesis ; connected ; Top                            ; post-synthesis    ; seven_segment:dig5|WideOr2~0              ; N/A     ;
; HEX5[5]              ; pre-synthesis ; connected ; Top                            ; post-synthesis    ; seven_segment:dig5|WideOr1~0              ; N/A     ;
; HEX5[6]              ; pre-synthesis ; connected ; Top                            ; post-synthesis    ; seven_segment:dig5|WideOr0~0_wirecell     ; N/A     ;
; KEY[2]               ; pre-synthesis ; connected ; Top                            ; post-synthesis    ; KEY[2]                                    ; N/A     ;
; LEDR[0]              ; pre-synthesis ; connected ; Top                            ; post-synthesis    ; ~GND                                      ; N/A     ;
; LEDR[1]              ; pre-synthesis ; connected ; Top                            ; post-synthesis    ; ~GND                                      ; N/A     ;
; LEDR[2]              ; pre-synthesis ; connected ; Top                            ; post-synthesis    ; ~GND                                      ; N/A     ;
; LEDR[3]              ; pre-synthesis ; connected ; Top                            ; post-synthesis    ; ~GND                                      ; N/A     ;
; LEDR[4]              ; pre-synthesis ; connected ; Top                            ; post-synthesis    ; asset_controller:my_asset_controller|done ; N/A     ;
; LEDR[5]              ; pre-synthesis ; connected ; Top                            ; post-synthesis    ; start_asset~_wirecell                     ; N/A     ;
; LEDR[6]              ; pre-synthesis ; connected ; Top                            ; post-synthesis    ; ~GND                                      ; N/A     ;
; LEDR[7]              ; pre-synthesis ; connected ; Top                            ; post-synthesis    ; SW[7]                                     ; N/A     ;
; LEDR[8]              ; pre-synthesis ; connected ; Top                            ; post-synthesis    ; SW[8]                                     ; N/A     ;
; LEDR[9]              ; pre-synthesis ; connected ; Top                            ; post-synthesis    ; SW[9]                                     ; N/A     ;
; target_x[0]          ; pre-synthesis ; connected ; Top                            ; post-synthesis    ; target_x[0]                               ; N/A     ;
; target_x[1]          ; pre-synthesis ; connected ; Top                            ; post-synthesis    ; target_x[1]                               ; N/A     ;
; target_x[2]          ; pre-synthesis ; connected ; Top                            ; post-synthesis    ; target_x[2]                               ; N/A     ;
; target_x[3]          ; pre-synthesis ; connected ; Top                            ; post-synthesis    ; target_x[3]                               ; N/A     ;
; target_x[4]          ; pre-synthesis ; connected ; Top                            ; post-synthesis    ; target_x[4]                               ; N/A     ;
; target_x[5]          ; pre-synthesis ; connected ; Top                            ; post-synthesis    ; target_x[5]                               ; N/A     ;
; target_x[6]          ; pre-synthesis ; connected ; Top                            ; post-synthesis    ; target_x[6]                               ; N/A     ;
; target_x[7]          ; pre-synthesis ; connected ; Top                            ; post-synthesis    ; GND                                       ; N/A     ;
; target_x[8]          ; pre-synthesis ; connected ; Top                            ; post-synthesis    ; GND                                       ; N/A     ;
; target_x[9]          ; pre-synthesis ; connected ; Top                            ; post-synthesis    ; GND                                       ; N/A     ;
; target_y[0]          ; pre-synthesis ; connected ; Top                            ; post-synthesis    ; target_y[0]                               ; N/A     ;
; target_y[1]          ; pre-synthesis ; connected ; Top                            ; post-synthesis    ; target_y[1]                               ; N/A     ;
; target_y[2]          ; pre-synthesis ; connected ; Top                            ; post-synthesis    ; target_y[2]                               ; N/A     ;
; target_y[3]          ; pre-synthesis ; connected ; Top                            ; post-synthesis    ; target_y[3]                               ; N/A     ;
; target_y[4]          ; pre-synthesis ; connected ; Top                            ; post-synthesis    ; target_y[4]                               ; N/A     ;
; target_y[5]          ; pre-synthesis ; connected ; Top                            ; post-synthesis    ; target_y[5]                               ; N/A     ;
; target_y[6]          ; pre-synthesis ; connected ; Top                            ; post-synthesis    ; target_y[6]                               ; N/A     ;
; target_y[7]          ; pre-synthesis ; connected ; Top                            ; post-synthesis    ; GND                                       ; N/A     ;
; target_y[8]          ; pre-synthesis ; connected ; Top                            ; post-synthesis    ; GND                                       ; N/A     ;
; target_y[9]          ; pre-synthesis ; connected ; Top                            ; post-synthesis    ; GND                                       ; N/A     ;
; auto_signaltap_0|gnd ; post-fitting  ; connected ; sld_signaltap:auto_signaltap_0 ; post-synthesis    ; sld_signaltap:auto_signaltap_0|~GND       ; N/A     ;
; auto_signaltap_0|gnd ; post-fitting  ; connected ; sld_signaltap:auto_signaltap_0 ; post-synthesis    ; sld_signaltap:auto_signaltap_0|~GND       ; N/A     ;
; auto_signaltap_0|gnd ; post-fitting  ; connected ; sld_signaltap:auto_signaltap_0 ; post-synthesis    ; sld_signaltap:auto_signaltap_0|~GND       ; N/A     ;
; auto_signaltap_0|gnd ; post-fitting  ; connected ; sld_signaltap:auto_signaltap_0 ; post-synthesis    ; sld_signaltap:auto_signaltap_0|~GND       ; N/A     ;
; auto_signaltap_0|gnd ; post-fitting  ; connected ; sld_signaltap:auto_signaltap_0 ; post-synthesis    ; sld_signaltap:auto_signaltap_0|~GND       ; N/A     ;
; auto_signaltap_0|gnd ; post-fitting  ; connected ; sld_signaltap:auto_signaltap_0 ; post-synthesis    ; sld_signaltap:auto_signaltap_0|~GND       ; N/A     ;
; auto_signaltap_0|gnd ; post-fitting  ; connected ; sld_signaltap:auto_signaltap_0 ; post-synthesis    ; sld_signaltap:auto_signaltap_0|~GND       ; N/A     ;
; auto_signaltap_0|gnd ; post-fitting  ; connected ; sld_signaltap:auto_signaltap_0 ; post-synthesis    ; sld_signaltap:auto_signaltap_0|~GND       ; N/A     ;
; auto_signaltap_0|gnd ; post-fitting  ; connected ; sld_signaltap:auto_signaltap_0 ; post-synthesis    ; sld_signaltap:auto_signaltap_0|~GND       ; N/A     ;
; auto_signaltap_0|gnd ; post-fitting  ; connected ; sld_signaltap:auto_signaltap_0 ; post-synthesis    ; sld_signaltap:auto_signaltap_0|~GND       ; N/A     ;
; auto_signaltap_0|gnd ; post-fitting  ; connected ; sld_signaltap:auto_signaltap_0 ; post-synthesis    ; sld_signaltap:auto_signaltap_0|~GND       ; N/A     ;
; auto_signaltap_0|gnd ; post-fitting  ; connected ; sld_signaltap:auto_signaltap_0 ; post-synthesis    ; sld_signaltap:auto_signaltap_0|~GND       ; N/A     ;
; auto_signaltap_0|gnd ; post-fitting  ; connected ; sld_signaltap:auto_signaltap_0 ; post-synthesis    ; sld_signaltap:auto_signaltap_0|~GND       ; N/A     ;
; auto_signaltap_0|gnd ; post-fitting  ; connected ; sld_signaltap:auto_signaltap_0 ; post-synthesis    ; sld_signaltap:auto_signaltap_0|~GND       ; N/A     ;
; auto_signaltap_0|gnd ; post-fitting  ; connected ; sld_signaltap:auto_signaltap_0 ; post-synthesis    ; sld_signaltap:auto_signaltap_0|~GND       ; N/A     ;
; auto_signaltap_0|gnd ; post-fitting  ; connected ; sld_signaltap:auto_signaltap_0 ; post-synthesis    ; sld_signaltap:auto_signaltap_0|~GND       ; N/A     ;
; auto_signaltap_0|vcc ; post-fitting  ; connected ; sld_signaltap:auto_signaltap_0 ; post-synthesis    ; sld_signaltap:auto_signaltap_0|~VCC       ; N/A     ;
; auto_signaltap_0|vcc ; post-fitting  ; connected ; sld_signaltap:auto_signaltap_0 ; post-synthesis    ; sld_signaltap:auto_signaltap_0|~VCC       ; N/A     ;
; auto_signaltap_0|vcc ; post-fitting  ; connected ; sld_signaltap:auto_signaltap_0 ; post-synthesis    ; sld_signaltap:auto_signaltap_0|~VCC       ; N/A     ;
; auto_signaltap_0|vcc ; post-fitting  ; connected ; sld_signaltap:auto_signaltap_0 ; post-synthesis    ; sld_signaltap:auto_signaltap_0|~VCC       ; N/A     ;
; auto_signaltap_0|vcc ; post-fitting  ; connected ; sld_signaltap:auto_signaltap_0 ; post-synthesis    ; sld_signaltap:auto_signaltap_0|~VCC       ; N/A     ;
; auto_signaltap_0|vcc ; post-fitting  ; connected ; sld_signaltap:auto_signaltap_0 ; post-synthesis    ; sld_signaltap:auto_signaltap_0|~VCC       ; N/A     ;
; auto_signaltap_0|vcc ; post-fitting  ; connected ; sld_signaltap:auto_signaltap_0 ; post-synthesis    ; sld_signaltap:auto_signaltap_0|~VCC       ; N/A     ;
; auto_signaltap_0|vcc ; post-fitting  ; connected ; sld_signaltap:auto_signaltap_0 ; post-synthesis    ; sld_signaltap:auto_signaltap_0|~VCC       ; N/A     ;
; auto_signaltap_0|vcc ; post-fitting  ; connected ; sld_signaltap:auto_signaltap_0 ; post-synthesis    ; sld_signaltap:auto_signaltap_0|~VCC       ; N/A     ;
; auto_signaltap_0|vcc ; post-fitting  ; connected ; sld_signaltap:auto_signaltap_0 ; post-synthesis    ; sld_signaltap:auto_signaltap_0|~VCC       ; N/A     ;
; auto_signaltap_0|vcc ; post-fitting  ; connected ; sld_signaltap:auto_signaltap_0 ; post-synthesis    ; sld_signaltap:auto_signaltap_0|~VCC       ; N/A     ;
; auto_signaltap_0|vcc ; post-fitting  ; connected ; sld_signaltap:auto_signaltap_0 ; post-synthesis    ; sld_signaltap:auto_signaltap_0|~VCC       ; N/A     ;
; auto_signaltap_0|vcc ; post-fitting  ; connected ; sld_signaltap:auto_signaltap_0 ; post-synthesis    ; sld_signaltap:auto_signaltap_0|~VCC       ; N/A     ;
; auto_signaltap_0|vcc ; post-fitting  ; connected ; sld_signaltap:auto_signaltap_0 ; post-synthesis    ; sld_signaltap:auto_signaltap_0|~VCC       ; N/A     ;
; auto_signaltap_0|vcc ; post-fitting  ; connected ; sld_signaltap:auto_signaltap_0 ; post-synthesis    ; sld_signaltap:auto_signaltap_0|~VCC       ; N/A     ;
; auto_signaltap_0|vcc ; post-fitting  ; connected ; sld_signaltap:auto_signaltap_0 ; post-synthesis    ; sld_signaltap:auto_signaltap_0|~VCC       ; N/A     ;
+----------------------+---------------+-----------+--------------------------------+-------------------+-------------------------------------------+---------+


+-------------------------------+
; Analysis & Synthesis Messages ;
+-------------------------------+
Info: *******************************************************************
Info: Running Quartus Prime Analysis & Synthesis
    Info: Version 23.1std.1 Build 993 05/14/2024 SC Lite Edition
    Info: Processing started: Thu Dec 11 13:26:40 2025
Info: Command: quartus_map --read_settings_files=on --write_settings_files=off black_jack -c black_jack
Info (20030): Parallel compilation is enabled and will use 16 of the 20 processors detected
Info (12021): Found 1 design units, including 1 entities, in source file asset_controller.v
    Info (12023): Found entity 1: asset_controller File: D:/ECE_287/Final_Project/Black_Jack/asset_controller.v Line: 3
Info (12021): Found 1 design units, including 1 entities, in source file get_suit_rank.v
    Info (12023): Found entity 1: get_suit_rank File: D:/ECE_287/Final_Project/Black_Jack/get_suit_rank.v Line: 1
Info (12021): Found 1 design units, including 1 entities, in source file vga_frame.v
    Info (12023): Found entity 1: vga_frame File: D:/ECE_287/Final_Project/Black_Jack/vga_frame.v Line: 40
Info (12021): Found 1 design units, including 1 entities, in source file vga_frame_driver.v
    Info (12023): Found entity 1: vga_frame_driver File: D:/ECE_287/Final_Project/Black_Jack/vga_frame_driver.v Line: 3
Info (12021): Found 1 design units, including 1 entities, in source file vga_driver.v
    Info (12023): Found entity 1: vga_driver File: D:/ECE_287/Final_Project/Black_Jack/vga_driver.v Line: 11
Info (12021): Found 2 design units, including 2 entities, in source file debounce.v
    Info (12023): Found entity 1: debounce_switches File: D:/ECE_287/Final_Project/Black_Jack/debounce.v Line: 3
    Info (12023): Found entity 2: debounce File: D:/ECE_287/Final_Project/Black_Jack/debounce.v Line: 31
Info (12021): Found 1 design units, including 1 entities, in source file black_jack.v
    Info (12023): Found entity 1: black_jack File: D:/ECE_287/Final_Project/Black_Jack/black_jack.v Line: 1
Info (12021): Found 1 design units, including 1 entities, in source file playing_card.v
    Info (12023): Found entity 1: playing_card File: D:/ECE_287/Final_Project/Black_Jack/playing_card.v Line: 40
Info (12021): Found 1 design units, including 1 entities, in source file dealer_chip_asset.v
    Info (12023): Found entity 1: dealer_chip_asset File: D:/ECE_287/Final_Project/Black_Jack/dealer_chip_asset.v Line: 40
Info (12021): Found 1 design units, including 1 entities, in source file player_chip_asset.v
    Info (12023): Found entity 1: player_chip_asset File: D:/ECE_287/Final_Project/Black_Jack/player_chip_asset.v Line: 40
Warning (12019): Can't analyze file -- file output_files/shuffle_deck.v is missing
Info (12021): Found 1 design units, including 1 entities, in source file suit_library.v
    Info (12023): Found entity 1: suit_library File: D:/ECE_287/Final_Project/Black_Jack/suit_library.v Line: 40
Info (12021): Found 1 design units, including 1 entities, in source file rank_library.v
    Info (12023): Found entity 1: rank_library File: D:/ECE_287/Final_Project/Black_Jack/rank_library.v Line: 40
Info (12021): Found 1 design units, including 1 entities, in source file shuffle_deck_v2.v
    Info (12023): Found entity 1: shuffle_deck_v2 File: D:/ECE_287/Final_Project/Black_Jack/shuffle_deck_v2.v Line: 1
Info (12021): Found 1 design units, including 1 entities, in source file replace_background.v
    Info (12023): Found entity 1: replace_background File: D:/ECE_287/Final_Project/Black_Jack/replace_background.v Line: 40
Info (12021): Found 1 design units, including 1 entities, in source file seven_segment.v
    Info (12023): Found entity 1: seven_segment File: D:/ECE_287/Final_Project/Black_Jack/seven_segment.v Line: 1
Info (12021): Found 1 design units, including 1 entities, in source file seven_segment_suit.v
    Info (12023): Found entity 1: seven_segment_suit File: D:/ECE_287/Final_Project/Black_Jack/seven_segment_suit.v Line: 1
Info (12021): Found 1 design units, including 1 entities, in source file deck.v
    Info (12023): Found entity 1: deck File: D:/ECE_287/Final_Project/Black_Jack/deck.v Line: 40
Info (12127): Elaborating entity "black_jack" for the top level hierarchy
Warning (10858): Verilog HDL warning at black_jack.v(947): object seg7_dig3 used but never assigned File: D:/ECE_287/Final_Project/Black_Jack/black_jack.v Line: 947
Warning (10036): Verilog HDL or VHDL warning at black_jack.v(1027): object "done" assigned a value but never read File: D:/ECE_287/Final_Project/Black_Jack/black_jack.v Line: 1027
Critical Warning (10237): Verilog HDL warning at black_jack.v(424): can't infer register for assignment in edge-triggered always construct because the clock isn't obvious. Generated combinational logic instead File: D:/ECE_287/Final_Project/Black_Jack/black_jack.v Line: 424
Critical Warning (10237): Verilog HDL warning at black_jack.v(425): can't infer register for assignment in edge-triggered always construct because the clock isn't obvious. Generated combinational logic instead File: D:/ECE_287/Final_Project/Black_Jack/black_jack.v Line: 425
Warning (10230): Verilog HDL assignment warning at black_jack.v(1138): truncated value with size 6 to match size of target (1) File: D:/ECE_287/Final_Project/Black_Jack/black_jack.v Line: 1138
Warning (10230): Verilog HDL assignment warning at black_jack.v(1153): truncated value with size 6 to match size of target (1) File: D:/ECE_287/Final_Project/Black_Jack/black_jack.v Line: 1153
Warning (10272): Verilog HDL Case Statement warning at black_jack.v(1385): case item expression covers a value already covered by a previous case item File: D:/ECE_287/Final_Project/Black_Jack/black_jack.v Line: 1385
Warning (10272): Verilog HDL Case Statement warning at black_jack.v(1388): case item expression covers a value already covered by a previous case item File: D:/ECE_287/Final_Project/Black_Jack/black_jack.v Line: 1388
Warning (10240): Verilog HDL Always Construct warning at black_jack.v(1116): inferring latch(es) for variable "wren", which holds its previous value in one or more paths through the always construct File: D:/ECE_287/Final_Project/Black_Jack/black_jack.v Line: 1116
Warning (10240): Verilog HDL Always Construct warning at black_jack.v(1116): inferring latch(es) for variable "deck_write_data", which holds its previous value in one or more paths through the always construct File: D:/ECE_287/Final_Project/Black_Jack/black_jack.v Line: 1116
Warning (10240): Verilog HDL Always Construct warning at black_jack.v(1116): inferring latch(es) for variable "deck_index", which holds its previous value in one or more paths through the always construct File: D:/ECE_287/Final_Project/Black_Jack/black_jack.v Line: 1116
Warning (10240): Verilog HDL Always Construct warning at black_jack.v(1116): inferring latch(es) for variable "NS", which holds its previous value in one or more paths through the always construct File: D:/ECE_287/Final_Project/Black_Jack/black_jack.v Line: 1116
Warning (10230): Verilog HDL assignment warning at black_jack.v(1534): truncated value with size 32 to match size of target (1) File: D:/ECE_287/Final_Project/Black_Jack/black_jack.v Line: 1534
Warning (10230): Verilog HDL assignment warning at black_jack.v(1555): truncated value with size 32 to match size of target (6) File: D:/ECE_287/Final_Project/Black_Jack/black_jack.v Line: 1555
Warning (10230): Verilog HDL assignment warning at black_jack.v(1620): truncated value with size 6 to match size of target (5) File: D:/ECE_287/Final_Project/Black_Jack/black_jack.v Line: 1620
Warning (10230): Verilog HDL assignment warning at black_jack.v(1634): truncated value with size 6 to match size of target (5) File: D:/ECE_287/Final_Project/Black_Jack/black_jack.v Line: 1634
Warning (10230): Verilog HDL assignment warning at black_jack.v(1687): truncated value with size 32 to match size of target (3) File: D:/ECE_287/Final_Project/Black_Jack/black_jack.v Line: 1687
Warning (10230): Verilog HDL assignment warning at black_jack.v(1713): truncated value with size 32 to match size of target (5) File: D:/ECE_287/Final_Project/Black_Jack/black_jack.v Line: 1713
Warning (10230): Verilog HDL assignment warning at black_jack.v(1715): truncated value with size 32 to match size of target (5) File: D:/ECE_287/Final_Project/Black_Jack/black_jack.v Line: 1715
Warning (10230): Verilog HDL assignment warning at black_jack.v(1788): truncated value with size 6 to match size of target (5) File: D:/ECE_287/Final_Project/Black_Jack/black_jack.v Line: 1788
Warning (10230): Verilog HDL assignment warning at black_jack.v(1793): truncated value with size 32 to match size of target (6) File: D:/ECE_287/Final_Project/Black_Jack/black_jack.v Line: 1793
Warning (10230): Verilog HDL assignment warning at black_jack.v(1847): truncated value with size 32 to match size of target (6) File: D:/ECE_287/Final_Project/Black_Jack/black_jack.v Line: 1847
Warning (10230): Verilog HDL assignment warning at black_jack.v(1862): truncated value with size 32 to match size of target (5) File: D:/ECE_287/Final_Project/Black_Jack/black_jack.v Line: 1862
Warning (10230): Verilog HDL assignment warning at black_jack.v(1864): truncated value with size 32 to match size of target (5) File: D:/ECE_287/Final_Project/Black_Jack/black_jack.v Line: 1864
Warning (10272): Verilog HDL Case Statement warning at black_jack.v(1719): case item expression covers a value already covered by a previous case item File: D:/ECE_287/Final_Project/Black_Jack/black_jack.v Line: 1719
Warning (10272): Verilog HDL Case Statement warning at black_jack.v(1780): case item expression covers a value already covered by a previous case item File: D:/ECE_287/Final_Project/Black_Jack/black_jack.v Line: 1780
Warning (10272): Verilog HDL Case Statement warning at black_jack.v(1829): case item expression covers a value already covered by a previous case item File: D:/ECE_287/Final_Project/Black_Jack/black_jack.v Line: 1829
Warning (10230): Verilog HDL assignment warning at black_jack.v(1875): truncated value with size 32 to match size of target (4) File: D:/ECE_287/Final_Project/Black_Jack/black_jack.v Line: 1875
Warning (10230): Verilog HDL assignment warning at black_jack.v(1876): truncated value with size 32 to match size of target (4) File: D:/ECE_287/Final_Project/Black_Jack/black_jack.v Line: 1876
Warning (10230): Verilog HDL assignment warning at black_jack.v(1877): truncated value with size 6 to match size of target (2) File: D:/ECE_287/Final_Project/Black_Jack/black_jack.v Line: 1877
Warning (10230): Verilog HDL assignment warning at black_jack.v(1878): truncated value with size 6 to match size of target (4) File: D:/ECE_287/Final_Project/Black_Jack/black_jack.v Line: 1878
Warning (10230): Verilog HDL assignment warning at black_jack.v(1882): truncated value with size 32 to match size of target (7) File: D:/ECE_287/Final_Project/Black_Jack/black_jack.v Line: 1882
Warning (10230): Verilog HDL assignment warning at black_jack.v(1883): truncated value with size 32 to match size of target (7) File: D:/ECE_287/Final_Project/Black_Jack/black_jack.v Line: 1883
Warning (10230): Verilog HDL assignment warning at black_jack.v(1888): truncated value with size 32 to match size of target (7) File: D:/ECE_287/Final_Project/Black_Jack/black_jack.v Line: 1888
Warning (10230): Verilog HDL assignment warning at black_jack.v(1889): truncated value with size 32 to match size of target (7) File: D:/ECE_287/Final_Project/Black_Jack/black_jack.v Line: 1889
Warning (10230): Verilog HDL assignment warning at black_jack.v(1894): truncated value with size 32 to match size of target (7) File: D:/ECE_287/Final_Project/Black_Jack/black_jack.v Line: 1894
Warning (10230): Verilog HDL assignment warning at black_jack.v(1895): truncated value with size 32 to match size of target (7) File: D:/ECE_287/Final_Project/Black_Jack/black_jack.v Line: 1895
Warning (10230): Verilog HDL assignment warning at black_jack.v(1900): truncated value with size 32 to match size of target (7) File: D:/ECE_287/Final_Project/Black_Jack/black_jack.v Line: 1900
Warning (10230): Verilog HDL assignment warning at black_jack.v(1901): truncated value with size 32 to match size of target (7) File: D:/ECE_287/Final_Project/Black_Jack/black_jack.v Line: 1901
Warning (10230): Verilog HDL assignment warning at black_jack.v(1906): truncated value with size 32 to match size of target (7) File: D:/ECE_287/Final_Project/Black_Jack/black_jack.v Line: 1906
Warning (10230): Verilog HDL assignment warning at black_jack.v(1907): truncated value with size 32 to match size of target (7) File: D:/ECE_287/Final_Project/Black_Jack/black_jack.v Line: 1907
Warning (10230): Verilog HDL assignment warning at black_jack.v(1912): truncated value with size 32 to match size of target (7) File: D:/ECE_287/Final_Project/Black_Jack/black_jack.v Line: 1912
Warning (10230): Verilog HDL assignment warning at black_jack.v(1913): truncated value with size 32 to match size of target (7) File: D:/ECE_287/Final_Project/Black_Jack/black_jack.v Line: 1913
Warning (10230): Verilog HDL assignment warning at black_jack.v(1918): truncated value with size 32 to match size of target (7) File: D:/ECE_287/Final_Project/Black_Jack/black_jack.v Line: 1918
Warning (10230): Verilog HDL assignment warning at black_jack.v(1919): truncated value with size 32 to match size of target (7) File: D:/ECE_287/Final_Project/Black_Jack/black_jack.v Line: 1919
Warning (10230): Verilog HDL assignment warning at black_jack.v(1924): truncated value with size 32 to match size of target (7) File: D:/ECE_287/Final_Project/Black_Jack/black_jack.v Line: 1924
Warning (10230): Verilog HDL assignment warning at black_jack.v(1925): truncated value with size 32 to match size of target (7) File: D:/ECE_287/Final_Project/Black_Jack/black_jack.v Line: 1925
Warning (10230): Verilog HDL assignment warning at black_jack.v(1930): truncated value with size 32 to match size of target (7) File: D:/ECE_287/Final_Project/Black_Jack/black_jack.v Line: 1930
Warning (10230): Verilog HDL assignment warning at black_jack.v(1931): truncated value with size 32 to match size of target (7) File: D:/ECE_287/Final_Project/Black_Jack/black_jack.v Line: 1931
Warning (10230): Verilog HDL assignment warning at black_jack.v(1936): truncated value with size 32 to match size of target (7) File: D:/ECE_287/Final_Project/Black_Jack/black_jack.v Line: 1936
Warning (10230): Verilog HDL assignment warning at black_jack.v(1937): truncated value with size 32 to match size of target (7) File: D:/ECE_287/Final_Project/Black_Jack/black_jack.v Line: 1937
Warning (10230): Verilog HDL assignment warning at black_jack.v(1942): truncated value with size 32 to match size of target (7) File: D:/ECE_287/Final_Project/Black_Jack/black_jack.v Line: 1942
Warning (10230): Verilog HDL assignment warning at black_jack.v(1943): truncated value with size 32 to match size of target (7) File: D:/ECE_287/Final_Project/Black_Jack/black_jack.v Line: 1943
Warning (10230): Verilog HDL assignment warning at black_jack.v(1948): truncated value with size 32 to match size of target (7) File: D:/ECE_287/Final_Project/Black_Jack/black_jack.v Line: 1948
Warning (10230): Verilog HDL assignment warning at black_jack.v(1949): truncated value with size 32 to match size of target (7) File: D:/ECE_287/Final_Project/Black_Jack/black_jack.v Line: 1949
Warning (10230): Verilog HDL assignment warning at black_jack.v(1954): truncated value with size 32 to match size of target (7) File: D:/ECE_287/Final_Project/Black_Jack/black_jack.v Line: 1954
Warning (10230): Verilog HDL assignment warning at black_jack.v(1955): truncated value with size 32 to match size of target (7) File: D:/ECE_287/Final_Project/Black_Jack/black_jack.v Line: 1955
Warning (10230): Verilog HDL assignment warning at black_jack.v(1960): truncated value with size 32 to match size of target (7) File: D:/ECE_287/Final_Project/Black_Jack/black_jack.v Line: 1960
Warning (10230): Verilog HDL assignment warning at black_jack.v(1961): truncated value with size 32 to match size of target (7) File: D:/ECE_287/Final_Project/Black_Jack/black_jack.v Line: 1961
Warning (10230): Verilog HDL assignment warning at black_jack.v(1966): truncated value with size 32 to match size of target (7) File: D:/ECE_287/Final_Project/Black_Jack/black_jack.v Line: 1966
Warning (10230): Verilog HDL assignment warning at black_jack.v(1967): truncated value with size 32 to match size of target (7) File: D:/ECE_287/Final_Project/Black_Jack/black_jack.v Line: 1967
Warning (10230): Verilog HDL assignment warning at black_jack.v(1972): truncated value with size 32 to match size of target (7) File: D:/ECE_287/Final_Project/Black_Jack/black_jack.v Line: 1972
Warning (10230): Verilog HDL assignment warning at black_jack.v(1973): truncated value with size 32 to match size of target (7) File: D:/ECE_287/Final_Project/Black_Jack/black_jack.v Line: 1973
Warning (10030): Net "seg7_dig3" at black_jack.v(947) has no driver or initial value, using a default initial value '0' File: D:/ECE_287/Final_Project/Black_Jack/black_jack.v Line: 947
Warning (10034): Output port "LEDR[6]" at black_jack.v(56) has no driver File: D:/ECE_287/Final_Project/Black_Jack/black_jack.v Line: 56
Warning (10034): Output port "LEDR[3..0]" at black_jack.v(56) has no driver File: D:/ECE_287/Final_Project/Black_Jack/black_jack.v Line: 56
Info (10041): Inferred latch for "NS[0]" at black_jack.v(1116) File: D:/ECE_287/Final_Project/Black_Jack/black_jack.v Line: 1116
Info (10041): Inferred latch for "NS[1]" at black_jack.v(1116) File: D:/ECE_287/Final_Project/Black_Jack/black_jack.v Line: 1116
Info (10041): Inferred latch for "NS[2]" at black_jack.v(1116) File: D:/ECE_287/Final_Project/Black_Jack/black_jack.v Line: 1116
Info (10041): Inferred latch for "NS[3]" at black_jack.v(1116) File: D:/ECE_287/Final_Project/Black_Jack/black_jack.v Line: 1116
Info (10041): Inferred latch for "NS[4]" at black_jack.v(1116) File: D:/ECE_287/Final_Project/Black_Jack/black_jack.v Line: 1116
Info (10041): Inferred latch for "NS[5]" at black_jack.v(1116) File: D:/ECE_287/Final_Project/Black_Jack/black_jack.v Line: 1116
Info (10041): Inferred latch for "deck_index[0]" at black_jack.v(1116) File: D:/ECE_287/Final_Project/Black_Jack/black_jack.v Line: 1116
Info (10041): Inferred latch for "deck_index[1]" at black_jack.v(1116) File: D:/ECE_287/Final_Project/Black_Jack/black_jack.v Line: 1116
Info (10041): Inferred latch for "deck_index[2]" at black_jack.v(1116) File: D:/ECE_287/Final_Project/Black_Jack/black_jack.v Line: 1116
Info (10041): Inferred latch for "deck_index[3]" at black_jack.v(1116) File: D:/ECE_287/Final_Project/Black_Jack/black_jack.v Line: 1116
Info (10041): Inferred latch for "deck_index[4]" at black_jack.v(1116) File: D:/ECE_287/Final_Project/Black_Jack/black_jack.v Line: 1116
Info (10041): Inferred latch for "deck_index[5]" at black_jack.v(1116) File: D:/ECE_287/Final_Project/Black_Jack/black_jack.v Line: 1116
Info (10041): Inferred latch for "deck_write_data[0]" at black_jack.v(1116) File: D:/ECE_287/Final_Project/Black_Jack/black_jack.v Line: 1116
Info (10041): Inferred latch for "deck_write_data[1]" at black_jack.v(1116) File: D:/ECE_287/Final_Project/Black_Jack/black_jack.v Line: 1116
Info (10041): Inferred latch for "deck_write_data[2]" at black_jack.v(1116) File: D:/ECE_287/Final_Project/Black_Jack/black_jack.v Line: 1116
Info (10041): Inferred latch for "deck_write_data[3]" at black_jack.v(1116) File: D:/ECE_287/Final_Project/Black_Jack/black_jack.v Line: 1116
Info (10041): Inferred latch for "deck_write_data[4]" at black_jack.v(1116) File: D:/ECE_287/Final_Project/Black_Jack/black_jack.v Line: 1116
Info (10041): Inferred latch for "deck_write_data[5]" at black_jack.v(1116) File: D:/ECE_287/Final_Project/Black_Jack/black_jack.v Line: 1116
Info (10041): Inferred latch for "wren" at black_jack.v(1116) File: D:/ECE_287/Final_Project/Black_Jack/black_jack.v Line: 1116
Info (12128): Elaborating entity "debounce_switches" for hierarchy "debounce_switches:db" File: D:/ECE_287/Final_Project/Black_Jack/black_jack.v Line: 110
Info (12128): Elaborating entity "debounce" for hierarchy "debounce_switches:db|debounce:db0" File: D:/ECE_287/Final_Project/Black_Jack/debounce.v Line: 10
Info (10264): Verilog HDL Case Statement information at debounce.v(61): all case item expressions in this case statement are onehot File: D:/ECE_287/Final_Project/Black_Jack/debounce.v Line: 61
Info (10264): Verilog HDL Case Statement information at debounce.v(97): all case item expressions in this case statement are onehot File: D:/ECE_287/Final_Project/Black_Jack/debounce.v Line: 97
Info (12128): Elaborating entity "get_suit_rank" for hierarchy "get_suit_rank:my_get_suit_rank" File: D:/ECE_287/Final_Project/Black_Jack/black_jack.v Line: 356
Warning (10199): Verilog HDL Case Statement warning at get_suit_rank.v(37): case item expression never matches the case expression File: D:/ECE_287/Final_Project/Black_Jack/get_suit_rank.v Line: 37
Warning (10199): Verilog HDL Case Statement warning at get_suit_rank.v(39): case item expression never matches the case expression File: D:/ECE_287/Final_Project/Black_Jack/get_suit_rank.v Line: 39
Warning (10270): Verilog HDL Case Statement warning at get_suit_rank.v(31): incomplete case statement has no default case item File: D:/ECE_287/Final_Project/Black_Jack/get_suit_rank.v Line: 31
Warning (10199): Verilog HDL Case Statement warning at get_suit_rank.v(52): case item expression never matches the case expression File: D:/ECE_287/Final_Project/Black_Jack/get_suit_rank.v Line: 52
Warning (10199): Verilog HDL Case Statement warning at get_suit_rank.v(54): case item expression never matches the case expression File: D:/ECE_287/Final_Project/Black_Jack/get_suit_rank.v Line: 54
Warning (10199): Verilog HDL Case Statement warning at get_suit_rank.v(56): case item expression never matches the case expression File: D:/ECE_287/Final_Project/Black_Jack/get_suit_rank.v Line: 56
Warning (10199): Verilog HDL Case Statement warning at get_suit_rank.v(58): case item expression never matches the case expression File: D:/ECE_287/Final_Project/Black_Jack/get_suit_rank.v Line: 58
Warning (10199): Verilog HDL Case Statement warning at get_suit_rank.v(60): case item expression never matches the case expression File: D:/ECE_287/Final_Project/Black_Jack/get_suit_rank.v Line: 60
Warning (10199): Verilog HDL Case Statement warning at get_suit_rank.v(62): case item expression never matches the case expression File: D:/ECE_287/Final_Project/Black_Jack/get_suit_rank.v Line: 62
Warning (10199): Verilog HDL Case Statement warning at get_suit_rank.v(64): case item expression never matches the case expression File: D:/ECE_287/Final_Project/Black_Jack/get_suit_rank.v Line: 64
Warning (10199): Verilog HDL Case Statement warning at get_suit_rank.v(66): case item expression never matches the case expression File: D:/ECE_287/Final_Project/Black_Jack/get_suit_rank.v Line: 66
Warning (10199): Verilog HDL Case Statement warning at get_suit_rank.v(68): case item expression never matches the case expression File: D:/ECE_287/Final_Project/Black_Jack/get_suit_rank.v Line: 68
Warning (10199): Verilog HDL Case Statement warning at get_suit_rank.v(70): case item expression never matches the case expression File: D:/ECE_287/Final_Project/Black_Jack/get_suit_rank.v Line: 70
Warning (10270): Verilog HDL Case Statement warning at get_suit_rank.v(44): incomplete case statement has no default case item File: D:/ECE_287/Final_Project/Black_Jack/get_suit_rank.v Line: 44
Warning (10240): Verilog HDL Always Construct warning at get_suit_rank.v(31): inferring latch(es) for variable "suit_out", which holds its previous value in one or more paths through the always construct File: D:/ECE_287/Final_Project/Black_Jack/get_suit_rank.v Line: 31
Warning (10240): Verilog HDL Always Construct warning at get_suit_rank.v(31): inferring latch(es) for variable "rank_out", which holds its previous value in one or more paths through the always construct File: D:/ECE_287/Final_Project/Black_Jack/get_suit_rank.v Line: 31
Info (10041): Inferred latch for "rank_out[0]" at get_suit_rank.v(31) File: D:/ECE_287/Final_Project/Black_Jack/get_suit_rank.v Line: 31
Info (10041): Inferred latch for "rank_out[1]" at get_suit_rank.v(31) File: D:/ECE_287/Final_Project/Black_Jack/get_suit_rank.v Line: 31
Info (10041): Inferred latch for "rank_out[2]" at get_suit_rank.v(31) File: D:/ECE_287/Final_Project/Black_Jack/get_suit_rank.v Line: 31
Info (10041): Inferred latch for "rank_out[3]" at get_suit_rank.v(31) File: D:/ECE_287/Final_Project/Black_Jack/get_suit_rank.v Line: 31
Info (10041): Inferred latch for "rank_out[4]" at get_suit_rank.v(31) File: D:/ECE_287/Final_Project/Black_Jack/get_suit_rank.v Line: 31
Info (10041): Inferred latch for "rank_out[5]" at get_suit_rank.v(31) File: D:/ECE_287/Final_Project/Black_Jack/get_suit_rank.v Line: 31
Info (10041): Inferred latch for "rank_out[6]" at get_suit_rank.v(31) File: D:/ECE_287/Final_Project/Black_Jack/get_suit_rank.v Line: 31
Info (10041): Inferred latch for "rank_out[7]" at get_suit_rank.v(31) File: D:/ECE_287/Final_Project/Black_Jack/get_suit_rank.v Line: 31
Info (10041): Inferred latch for "rank_out[8]" at get_suit_rank.v(31) File: D:/ECE_287/Final_Project/Black_Jack/get_suit_rank.v Line: 31
Info (10041): Inferred latch for "rank_out[9]" at get_suit_rank.v(31) File: D:/ECE_287/Final_Project/Black_Jack/get_suit_rank.v Line: 31
Info (10041): Inferred latch for "suit_out[0]" at get_suit_rank.v(31) File: D:/ECE_287/Final_Project/Black_Jack/get_suit_rank.v Line: 31
Info (10041): Inferred latch for "suit_out[1]" at get_suit_rank.v(31) File: D:/ECE_287/Final_Project/Black_Jack/get_suit_rank.v Line: 31
Info (10041): Inferred latch for "suit_out[2]" at get_suit_rank.v(31) File: D:/ECE_287/Final_Project/Black_Jack/get_suit_rank.v Line: 31
Info (10041): Inferred latch for "suit_out[3]" at get_suit_rank.v(31) File: D:/ECE_287/Final_Project/Black_Jack/get_suit_rank.v Line: 31
Info (10041): Inferred latch for "suit_out[4]" at get_suit_rank.v(31) File: D:/ECE_287/Final_Project/Black_Jack/get_suit_rank.v Line: 31
Info (10041): Inferred latch for "suit_out[5]" at get_suit_rank.v(31) File: D:/ECE_287/Final_Project/Black_Jack/get_suit_rank.v Line: 31
Info (10041): Inferred latch for "suit_out[6]" at get_suit_rank.v(31) File: D:/ECE_287/Final_Project/Black_Jack/get_suit_rank.v Line: 31
Info (10041): Inferred latch for "suit_out[7]" at get_suit_rank.v(31) File: D:/ECE_287/Final_Project/Black_Jack/get_suit_rank.v Line: 31
Info (10041): Inferred latch for "suit_out[8]" at get_suit_rank.v(31) File: D:/ECE_287/Final_Project/Black_Jack/get_suit_rank.v Line: 31
Info (10041): Inferred latch for "suit_out[9]" at get_suit_rank.v(31) File: D:/ECE_287/Final_Project/Black_Jack/get_suit_rank.v Line: 31
Info (12128): Elaborating entity "asset_controller" for hierarchy "asset_controller:my_asset_controller" File: D:/ECE_287/Final_Project/Black_Jack/black_jack.v Line: 392
Warning (10036): Verilog HDL or VHDL warning at asset_controller.v(61): object "index_adjustment" assigned a value but never read File: D:/ECE_287/Final_Project/Black_Jack/asset_controller.v Line: 61
Warning (10036): Verilog HDL or VHDL warning at asset_controller.v(104): object "total_pixels" assigned a value but never read File: D:/ECE_287/Final_Project/Black_Jack/asset_controller.v Line: 104
Warning (10230): Verilog HDL assignment warning at asset_controller.v(115): truncated value with size 10 to match size of target (9) File: D:/ECE_287/Final_Project/Black_Jack/asset_controller.v Line: 115
Warning (10230): Verilog HDL assignment warning at asset_controller.v(116): truncated value with size 10 to match size of target (9) File: D:/ECE_287/Final_Project/Black_Jack/asset_controller.v Line: 116
Warning (10240): Verilog HDL Always Construct warning at asset_controller.v(115): inferring latch(es) for variable "index_card", which holds its previous value in one or more paths through the always construct File: D:/ECE_287/Final_Project/Black_Jack/asset_controller.v Line: 115
Warning (10240): Verilog HDL Always Construct warning at asset_controller.v(115): inferring latch(es) for variable "asset_out", which holds its previous value in one or more paths through the always construct File: D:/ECE_287/Final_Project/Black_Jack/asset_controller.v Line: 115
Warning (10240): Verilog HDL Always Construct warning at asset_controller.v(115): inferring latch(es) for variable "index_chipP", which holds its previous value in one or more paths through the always construct File: D:/ECE_287/Final_Project/Black_Jack/asset_controller.v Line: 115
Warning (10240): Verilog HDL Always Construct warning at asset_controller.v(115): inferring latch(es) for variable "index_chipD", which holds its previous value in one or more paths through the always construct File: D:/ECE_287/Final_Project/Black_Jack/asset_controller.v Line: 115
Warning (10240): Verilog HDL Always Construct warning at asset_controller.v(115): inferring latch(es) for variable "index_suit", which holds its previous value in one or more paths through the always construct File: D:/ECE_287/Final_Project/Black_Jack/asset_controller.v Line: 115
Warning (10240): Verilog HDL Always Construct warning at asset_controller.v(115): inferring latch(es) for variable "index_rank", which holds its previous value in one or more paths through the always construct File: D:/ECE_287/Final_Project/Black_Jack/asset_controller.v Line: 115
Warning (10240): Verilog HDL Always Construct warning at asset_controller.v(115): inferring latch(es) for variable "index_replace", which holds its previous value in one or more paths through the always construct File: D:/ECE_287/Final_Project/Black_Jack/asset_controller.v Line: 115
Warning (10230): Verilog HDL assignment warning at asset_controller.v(299): truncated value with size 16 to match size of target (15) File: D:/ECE_287/Final_Project/Black_Jack/asset_controller.v Line: 299
Warning (10230): Verilog HDL assignment warning at asset_controller.v(333): truncated value with size 32 to match size of target (9) File: D:/ECE_287/Final_Project/Black_Jack/asset_controller.v Line: 333
Warning (10230): Verilog HDL assignment warning at asset_controller.v(340): truncated value with size 32 to match size of target (9) File: D:/ECE_287/Final_Project/Black_Jack/asset_controller.v Line: 340
Info (10041): Inferred latch for "index_replace[0]" at asset_controller.v(134) File: D:/ECE_287/Final_Project/Black_Jack/asset_controller.v Line: 134
Info (10041): Inferred latch for "index_replace[1]" at asset_controller.v(134) File: D:/ECE_287/Final_Project/Black_Jack/asset_controller.v Line: 134
Info (10041): Inferred latch for "index_replace[2]" at asset_controller.v(134) File: D:/ECE_287/Final_Project/Black_Jack/asset_controller.v Line: 134
Info (10041): Inferred latch for "index_replace[3]" at asset_controller.v(134) File: D:/ECE_287/Final_Project/Black_Jack/asset_controller.v Line: 134
Info (10041): Inferred latch for "index_replace[4]" at asset_controller.v(134) File: D:/ECE_287/Final_Project/Black_Jack/asset_controller.v Line: 134
Info (10041): Inferred latch for "index_replace[5]" at asset_controller.v(134) File: D:/ECE_287/Final_Project/Black_Jack/asset_controller.v Line: 134
Info (10041): Inferred latch for "index_replace[6]" at asset_controller.v(134) File: D:/ECE_287/Final_Project/Black_Jack/asset_controller.v Line: 134
Info (10041): Inferred latch for "index_replace[7]" at asset_controller.v(134) File: D:/ECE_287/Final_Project/Black_Jack/asset_controller.v Line: 134
Info (10041): Inferred latch for "index_replace[8]" at asset_controller.v(134) File: D:/ECE_287/Final_Project/Black_Jack/asset_controller.v Line: 134
Info (10041): Inferred latch for "index_rank[0]" at asset_controller.v(134) File: D:/ECE_287/Final_Project/Black_Jack/asset_controller.v Line: 134
Info (10041): Inferred latch for "index_rank[1]" at asset_controller.v(134) File: D:/ECE_287/Final_Project/Black_Jack/asset_controller.v Line: 134
Info (10041): Inferred latch for "index_rank[2]" at asset_controller.v(134) File: D:/ECE_287/Final_Project/Black_Jack/asset_controller.v Line: 134
Info (10041): Inferred latch for "index_rank[3]" at asset_controller.v(134) File: D:/ECE_287/Final_Project/Black_Jack/asset_controller.v Line: 134
Info (10041): Inferred latch for "index_rank[4]" at asset_controller.v(134) File: D:/ECE_287/Final_Project/Black_Jack/asset_controller.v Line: 134
Info (10041): Inferred latch for "index_rank[5]" at asset_controller.v(134) File: D:/ECE_287/Final_Project/Black_Jack/asset_controller.v Line: 134
Info (10041): Inferred latch for "index_rank[6]" at asset_controller.v(134) File: D:/ECE_287/Final_Project/Black_Jack/asset_controller.v Line: 134
Info (10041): Inferred latch for "index_rank[7]" at asset_controller.v(134) File: D:/ECE_287/Final_Project/Black_Jack/asset_controller.v Line: 134
Info (10041): Inferred latch for "index_rank[8]" at asset_controller.v(134) File: D:/ECE_287/Final_Project/Black_Jack/asset_controller.v Line: 134
Info (10041): Inferred latch for "index_suit[0]" at asset_controller.v(134) File: D:/ECE_287/Final_Project/Black_Jack/asset_controller.v Line: 134
Info (10041): Inferred latch for "index_suit[1]" at asset_controller.v(134) File: D:/ECE_287/Final_Project/Black_Jack/asset_controller.v Line: 134
Info (10041): Inferred latch for "index_suit[2]" at asset_controller.v(134) File: D:/ECE_287/Final_Project/Black_Jack/asset_controller.v Line: 134
Info (10041): Inferred latch for "index_suit[3]" at asset_controller.v(134) File: D:/ECE_287/Final_Project/Black_Jack/asset_controller.v Line: 134
Info (10041): Inferred latch for "index_suit[4]" at asset_controller.v(134) File: D:/ECE_287/Final_Project/Black_Jack/asset_controller.v Line: 134
Info (10041): Inferred latch for "index_suit[5]" at asset_controller.v(134) File: D:/ECE_287/Final_Project/Black_Jack/asset_controller.v Line: 134
Info (10041): Inferred latch for "index_suit[6]" at asset_controller.v(134) File: D:/ECE_287/Final_Project/Black_Jack/asset_controller.v Line: 134
Info (10041): Inferred latch for "index_suit[7]" at asset_controller.v(134) File: D:/ECE_287/Final_Project/Black_Jack/asset_controller.v Line: 134
Info (10041): Inferred latch for "index_suit[8]" at asset_controller.v(134) File: D:/ECE_287/Final_Project/Black_Jack/asset_controller.v Line: 134
Info (10041): Inferred latch for "index_chipD[0]" at asset_controller.v(134) File: D:/ECE_287/Final_Project/Black_Jack/asset_controller.v Line: 134
Info (10041): Inferred latch for "index_chipD[1]" at asset_controller.v(134) File: D:/ECE_287/Final_Project/Black_Jack/asset_controller.v Line: 134
Info (10041): Inferred latch for "index_chipD[2]" at asset_controller.v(134) File: D:/ECE_287/Final_Project/Black_Jack/asset_controller.v Line: 134
Info (10041): Inferred latch for "index_chipD[3]" at asset_controller.v(134) File: D:/ECE_287/Final_Project/Black_Jack/asset_controller.v Line: 134
Info (10041): Inferred latch for "index_chipD[4]" at asset_controller.v(134) File: D:/ECE_287/Final_Project/Black_Jack/asset_controller.v Line: 134
Info (10041): Inferred latch for "index_chipD[5]" at asset_controller.v(134) File: D:/ECE_287/Final_Project/Black_Jack/asset_controller.v Line: 134
Info (10041): Inferred latch for "index_chipD[6]" at asset_controller.v(134) File: D:/ECE_287/Final_Project/Black_Jack/asset_controller.v Line: 134
Info (10041): Inferred latch for "index_chipD[7]" at asset_controller.v(134) File: D:/ECE_287/Final_Project/Black_Jack/asset_controller.v Line: 134
Info (10041): Inferred latch for "index_chipD[8]" at asset_controller.v(134) File: D:/ECE_287/Final_Project/Black_Jack/asset_controller.v Line: 134
Info (10041): Inferred latch for "index_chipP[0]" at asset_controller.v(134) File: D:/ECE_287/Final_Project/Black_Jack/asset_controller.v Line: 134
Info (10041): Inferred latch for "index_chipP[1]" at asset_controller.v(134) File: D:/ECE_287/Final_Project/Black_Jack/asset_controller.v Line: 134
Info (10041): Inferred latch for "index_chipP[2]" at asset_controller.v(134) File: D:/ECE_287/Final_Project/Black_Jack/asset_controller.v Line: 134
Info (10041): Inferred latch for "index_chipP[3]" at asset_controller.v(134) File: D:/ECE_287/Final_Project/Black_Jack/asset_controller.v Line: 134
Info (10041): Inferred latch for "index_chipP[4]" at asset_controller.v(134) File: D:/ECE_287/Final_Project/Black_Jack/asset_controller.v Line: 134
Info (10041): Inferred latch for "index_chipP[5]" at asset_controller.v(134) File: D:/ECE_287/Final_Project/Black_Jack/asset_controller.v Line: 134
Info (10041): Inferred latch for "index_chipP[6]" at asset_controller.v(134) File: D:/ECE_287/Final_Project/Black_Jack/asset_controller.v Line: 134
Info (10041): Inferred latch for "index_chipP[7]" at asset_controller.v(134) File: D:/ECE_287/Final_Project/Black_Jack/asset_controller.v Line: 134
Info (10041): Inferred latch for "index_chipP[8]" at asset_controller.v(134) File: D:/ECE_287/Final_Project/Black_Jack/asset_controller.v Line: 134
Info (10041): Inferred latch for "asset_out[0]" at asset_controller.v(134) File: D:/ECE_287/Final_Project/Black_Jack/asset_controller.v Line: 134
Info (10041): Inferred latch for "asset_out[1]" at asset_controller.v(134) File: D:/ECE_287/Final_Project/Black_Jack/asset_controller.v Line: 134
Info (10041): Inferred latch for "asset_out[2]" at asset_controller.v(134) File: D:/ECE_287/Final_Project/Black_Jack/asset_controller.v Line: 134
Info (10041): Inferred latch for "asset_out[3]" at asset_controller.v(134) File: D:/ECE_287/Final_Project/Black_Jack/asset_controller.v Line: 134
Info (10041): Inferred latch for "asset_out[4]" at asset_controller.v(134) File: D:/ECE_287/Final_Project/Black_Jack/asset_controller.v Line: 134
Info (10041): Inferred latch for "asset_out[5]" at asset_controller.v(134) File: D:/ECE_287/Final_Project/Black_Jack/asset_controller.v Line: 134
Info (10041): Inferred latch for "asset_out[6]" at asset_controller.v(134) File: D:/ECE_287/Final_Project/Black_Jack/asset_controller.v Line: 134
Info (10041): Inferred latch for "asset_out[7]" at asset_controller.v(134) File: D:/ECE_287/Final_Project/Black_Jack/asset_controller.v Line: 134
Info (10041): Inferred latch for "asset_out[8]" at asset_controller.v(134) File: D:/ECE_287/Final_Project/Black_Jack/asset_controller.v Line: 134
Info (10041): Inferred latch for "asset_out[9]" at asset_controller.v(134) File: D:/ECE_287/Final_Project/Black_Jack/asset_controller.v Line: 134
Info (10041): Inferred latch for "asset_out[10]" at asset_controller.v(134) File: D:/ECE_287/Final_Project/Black_Jack/asset_controller.v Line: 134
Info (10041): Inferred latch for "asset_out[11]" at asset_controller.v(134) File: D:/ECE_287/Final_Project/Black_Jack/asset_controller.v Line: 134
Info (10041): Inferred latch for "asset_out[12]" at asset_controller.v(134) File: D:/ECE_287/Final_Project/Black_Jack/asset_controller.v Line: 134
Info (10041): Inferred latch for "asset_out[13]" at asset_controller.v(134) File: D:/ECE_287/Final_Project/Black_Jack/asset_controller.v Line: 134
Info (10041): Inferred latch for "asset_out[14]" at asset_controller.v(134) File: D:/ECE_287/Final_Project/Black_Jack/asset_controller.v Line: 134
Info (10041): Inferred latch for "asset_out[15]" at asset_controller.v(134) File: D:/ECE_287/Final_Project/Black_Jack/asset_controller.v Line: 134
Info (10041): Inferred latch for "asset_out[16]" at asset_controller.v(134) File: D:/ECE_287/Final_Project/Black_Jack/asset_controller.v Line: 134
Info (10041): Inferred latch for "asset_out[17]" at asset_controller.v(134) File: D:/ECE_287/Final_Project/Black_Jack/asset_controller.v Line: 134
Info (10041): Inferred latch for "asset_out[18]" at asset_controller.v(134) File: D:/ECE_287/Final_Project/Black_Jack/asset_controller.v Line: 134
Info (10041): Inferred latch for "asset_out[19]" at asset_controller.v(134) File: D:/ECE_287/Final_Project/Black_Jack/asset_controller.v Line: 134
Info (10041): Inferred latch for "asset_out[20]" at asset_controller.v(134) File: D:/ECE_287/Final_Project/Black_Jack/asset_controller.v Line: 134
Info (10041): Inferred latch for "asset_out[21]" at asset_controller.v(134) File: D:/ECE_287/Final_Project/Black_Jack/asset_controller.v Line: 134
Info (10041): Inferred latch for "asset_out[22]" at asset_controller.v(134) File: D:/ECE_287/Final_Project/Black_Jack/asset_controller.v Line: 134
Info (10041): Inferred latch for "asset_out[23]" at asset_controller.v(134) File: D:/ECE_287/Final_Project/Black_Jack/asset_controller.v Line: 134
Info (10041): Inferred latch for "index_card[0]" at asset_controller.v(134) File: D:/ECE_287/Final_Project/Black_Jack/asset_controller.v Line: 134
Info (10041): Inferred latch for "index_card[1]" at asset_controller.v(134) File: D:/ECE_287/Final_Project/Black_Jack/asset_controller.v Line: 134
Info (10041): Inferred latch for "index_card[2]" at asset_controller.v(134) File: D:/ECE_287/Final_Project/Black_Jack/asset_controller.v Line: 134
Info (10041): Inferred latch for "index_card[3]" at asset_controller.v(134) File: D:/ECE_287/Final_Project/Black_Jack/asset_controller.v Line: 134
Info (10041): Inferred latch for "index_card[4]" at asset_controller.v(134) File: D:/ECE_287/Final_Project/Black_Jack/asset_controller.v Line: 134
Info (10041): Inferred latch for "index_card[5]" at asset_controller.v(134) File: D:/ECE_287/Final_Project/Black_Jack/asset_controller.v Line: 134
Info (10041): Inferred latch for "index_card[6]" at asset_controller.v(134) File: D:/ECE_287/Final_Project/Black_Jack/asset_controller.v Line: 134
Info (10041): Inferred latch for "index_card[7]" at asset_controller.v(134) File: D:/ECE_287/Final_Project/Black_Jack/asset_controller.v Line: 134
Info (10041): Inferred latch for "index_card[8]" at asset_controller.v(134) File: D:/ECE_287/Final_Project/Black_Jack/asset_controller.v Line: 134
Info (12128): Elaborating entity "playing_card" for hierarchy "asset_controller:my_asset_controller|playing_card:cards" File: D:/ECE_287/Final_Project/Black_Jack/asset_controller.v Line: 364
Info (12128): Elaborating entity "altsyncram" for hierarchy "asset_controller:my_asset_controller|playing_card:cards|altsyncram:altsyncram_component" File: D:/ECE_287/Final_Project/Black_Jack/playing_card.v Line: 82
Info (12130): Elaborated megafunction instantiation "asset_controller:my_asset_controller|playing_card:cards|altsyncram:altsyncram_component" File: D:/ECE_287/Final_Project/Black_Jack/playing_card.v Line: 82
Info (12133): Instantiated megafunction "asset_controller:my_asset_controller|playing_card:cards|altsyncram:altsyncram_component" with the following parameter: File: D:/ECE_287/Final_Project/Black_Jack/playing_card.v Line: 82
    Info (12134): Parameter "address_aclr_a" = "NONE"
    Info (12134): Parameter "clock_enable_input_a" = "BYPASS"
    Info (12134): Parameter "clock_enable_output_a" = "BYPASS"
    Info (12134): Parameter "init_file" = "../card_asset.mif"
    Info (12134): Parameter "intended_device_family" = "Cyclone V"
    Info (12134): Parameter "lpm_hint" = "ENABLE_RUNTIME_MOD=NO"
    Info (12134): Parameter "lpm_type" = "altsyncram"
    Info (12134): Parameter "numwords_a" = "285"
    Info (12134): Parameter "operation_mode" = "ROM"
    Info (12134): Parameter "outdata_aclr_a" = "NONE"
    Info (12134): Parameter "outdata_reg_a" = "UNREGISTERED"
    Info (12134): Parameter "widthad_a" = "9"
    Info (12134): Parameter "width_a" = "24"
    Info (12134): Parameter "width_byteena_a" = "1"
Info (12021): Found 1 design units, including 1 entities, in source file db/altsyncram_qng1.tdf
    Info (12023): Found entity 1: altsyncram_qng1 File: D:/ECE_287/Final_Project/Black_Jack/db/altsyncram_qng1.tdf Line: 28
Info (12128): Elaborating entity "altsyncram_qng1" for hierarchy "asset_controller:my_asset_controller|playing_card:cards|altsyncram:altsyncram_component|altsyncram_qng1:auto_generated" File: c:/intelfpga_lite/23.1std/quartus/libraries/megafunctions/altsyncram.tdf Line: 792
Info (12128): Elaborating entity "player_chip_asset" for hierarchy "asset_controller:my_asset_controller|player_chip_asset:chipP" File: D:/ECE_287/Final_Project/Black_Jack/asset_controller.v Line: 370
Info (12128): Elaborating entity "altsyncram" for hierarchy "asset_controller:my_asset_controller|player_chip_asset:chipP|altsyncram:altsyncram_component" File: D:/ECE_287/Final_Project/Black_Jack/player_chip_asset.v Line: 82
Info (12130): Elaborated megafunction instantiation "asset_controller:my_asset_controller|player_chip_asset:chipP|altsyncram:altsyncram_component" File: D:/ECE_287/Final_Project/Black_Jack/player_chip_asset.v Line: 82
Info (12133): Instantiated megafunction "asset_controller:my_asset_controller|player_chip_asset:chipP|altsyncram:altsyncram_component" with the following parameter: File: D:/ECE_287/Final_Project/Black_Jack/player_chip_asset.v Line: 82
    Info (12134): Parameter "address_aclr_a" = "NONE"
    Info (12134): Parameter "clock_enable_input_a" = "BYPASS"
    Info (12134): Parameter "clock_enable_output_a" = "BYPASS"
    Info (12134): Parameter "init_file" = "player_chip.mif"
    Info (12134): Parameter "intended_device_family" = "Cyclone V"
    Info (12134): Parameter "lpm_hint" = "ENABLE_RUNTIME_MOD=NO"
    Info (12134): Parameter "lpm_type" = "altsyncram"
    Info (12134): Parameter "numwords_a" = "144"
    Info (12134): Parameter "operation_mode" = "ROM"
    Info (12134): Parameter "outdata_aclr_a" = "NONE"
    Info (12134): Parameter "outdata_reg_a" = "UNREGISTERED"
    Info (12134): Parameter "widthad_a" = "8"
    Info (12134): Parameter "width_a" = "24"
    Info (12134): Parameter "width_byteena_a" = "1"
Info (12021): Found 1 design units, including 1 entities, in source file db/altsyncram_vmg1.tdf
    Info (12023): Found entity 1: altsyncram_vmg1 File: D:/ECE_287/Final_Project/Black_Jack/db/altsyncram_vmg1.tdf Line: 28
Info (12128): Elaborating entity "altsyncram_vmg1" for hierarchy "asset_controller:my_asset_controller|player_chip_asset:chipP|altsyncram:altsyncram_component|altsyncram_vmg1:auto_generated" File: c:/intelfpga_lite/23.1std/quartus/libraries/megafunctions/altsyncram.tdf Line: 792
Info (12128): Elaborating entity "dealer_chip_asset" for hierarchy "asset_controller:my_asset_controller|dealer_chip_asset:chipD" File: D:/ECE_287/Final_Project/Black_Jack/asset_controller.v Line: 376
Info (12128): Elaborating entity "altsyncram" for hierarchy "asset_controller:my_asset_controller|dealer_chip_asset:chipD|altsyncram:altsyncram_component" File: D:/ECE_287/Final_Project/Black_Jack/dealer_chip_asset.v Line: 82
Info (12130): Elaborated megafunction instantiation "asset_controller:my_asset_controller|dealer_chip_asset:chipD|altsyncram:altsyncram_component" File: D:/ECE_287/Final_Project/Black_Jack/dealer_chip_asset.v Line: 82
Info (12133): Instantiated megafunction "asset_controller:my_asset_controller|dealer_chip_asset:chipD|altsyncram:altsyncram_component" with the following parameter: File: D:/ECE_287/Final_Project/Black_Jack/dealer_chip_asset.v Line: 82
    Info (12134): Parameter "address_aclr_a" = "NONE"
    Info (12134): Parameter "clock_enable_input_a" = "BYPASS"
    Info (12134): Parameter "clock_enable_output_a" = "BYPASS"
    Info (12134): Parameter "init_file" = "dealer_chip.mif"
    Info (12134): Parameter "intended_device_family" = "Cyclone V"
    Info (12134): Parameter "lpm_hint" = "ENABLE_RUNTIME_MOD=NO"
    Info (12134): Parameter "lpm_type" = "altsyncram"
    Info (12134): Parameter "numwords_a" = "144"
    Info (12134): Parameter "operation_mode" = "ROM"
    Info (12134): Parameter "outdata_aclr_a" = "NONE"
    Info (12134): Parameter "outdata_reg_a" = "UNREGISTERED"
    Info (12134): Parameter "widthad_a" = "8"
    Info (12134): Parameter "width_a" = "24"
    Info (12134): Parameter "width_byteena_a" = "1"
Info (12021): Found 1 design units, including 1 entities, in source file db/altsyncram_vlg1.tdf
    Info (12023): Found entity 1: altsyncram_vlg1 File: D:/ECE_287/Final_Project/Black_Jack/db/altsyncram_vlg1.tdf Line: 28
Info (12128): Elaborating entity "altsyncram_vlg1" for hierarchy "asset_controller:my_asset_controller|dealer_chip_asset:chipD|altsyncram:altsyncram_component|altsyncram_vlg1:auto_generated" File: c:/intelfpga_lite/23.1std/quartus/libraries/megafunctions/altsyncram.tdf Line: 792
Info (12128): Elaborating entity "rank_library" for hierarchy "asset_controller:my_asset_controller|rank_library:ranks" File: D:/ECE_287/Final_Project/Black_Jack/asset_controller.v Line: 382
Info (12128): Elaborating entity "altsyncram" for hierarchy "asset_controller:my_asset_controller|rank_library:ranks|altsyncram:altsyncram_component" File: D:/ECE_287/Final_Project/Black_Jack/rank_library.v Line: 82
Info (12130): Elaborated megafunction instantiation "asset_controller:my_asset_controller|rank_library:ranks|altsyncram:altsyncram_component" File: D:/ECE_287/Final_Project/Black_Jack/rank_library.v Line: 82
Info (12133): Instantiated megafunction "asset_controller:my_asset_controller|rank_library:ranks|altsyncram:altsyncram_component" with the following parameter: File: D:/ECE_287/Final_Project/Black_Jack/rank_library.v Line: 82
    Info (12134): Parameter "address_aclr_a" = "NONE"
    Info (12134): Parameter "clock_enable_input_a" = "BYPASS"
    Info (12134): Parameter "clock_enable_output_a" = "BYPASS"
    Info (12134): Parameter "init_file" = "rank_library.mif"
    Info (12134): Parameter "intended_device_family" = "Cyclone V"
    Info (12134): Parameter "lpm_hint" = "ENABLE_RUNTIME_MOD=NO"
    Info (12134): Parameter "lpm_type" = "altsyncram"
    Info (12134): Parameter "numwords_a" = "480"
    Info (12134): Parameter "operation_mode" = "ROM"
    Info (12134): Parameter "outdata_aclr_a" = "NONE"
    Info (12134): Parameter "outdata_reg_a" = "UNREGISTERED"
    Info (12134): Parameter "widthad_a" = "9"
    Info (12134): Parameter "width_a" = "24"
    Info (12134): Parameter "width_byteena_a" = "1"
Info (12021): Found 1 design units, including 1 entities, in source file db/altsyncram_jqg1.tdf
    Info (12023): Found entity 1: altsyncram_jqg1 File: D:/ECE_287/Final_Project/Black_Jack/db/altsyncram_jqg1.tdf Line: 28
Info (12128): Elaborating entity "altsyncram_jqg1" for hierarchy "asset_controller:my_asset_controller|rank_library:ranks|altsyncram:altsyncram_component|altsyncram_jqg1:auto_generated" File: c:/intelfpga_lite/23.1std/quartus/libraries/megafunctions/altsyncram.tdf Line: 792
Critical Warning (127005): Memory depth (480) in the design file differs from memory depth (144) in the Memory Initialization File "D:/ECE_287/Final_Project/Black_Jack/rank_library.mif" -- setting initial value for remaining addresses to 0 File: D:/ECE_287/Final_Project/Black_Jack/rank_library.v Line: 82
Info (12128): Elaborating entity "suit_library" for hierarchy "asset_controller:my_asset_controller|suit_library:suits" File: D:/ECE_287/Final_Project/Black_Jack/asset_controller.v Line: 388
Info (12128): Elaborating entity "altsyncram" for hierarchy "asset_controller:my_asset_controller|suit_library:suits|altsyncram:altsyncram_component" File: D:/ECE_287/Final_Project/Black_Jack/suit_library.v Line: 82
Info (12130): Elaborated megafunction instantiation "asset_controller:my_asset_controller|suit_library:suits|altsyncram:altsyncram_component" File: D:/ECE_287/Final_Project/Black_Jack/suit_library.v Line: 82
Info (12133): Instantiated megafunction "asset_controller:my_asset_controller|suit_library:suits|altsyncram:altsyncram_component" with the following parameter: File: D:/ECE_287/Final_Project/Black_Jack/suit_library.v Line: 82
    Info (12134): Parameter "address_aclr_a" = "NONE"
    Info (12134): Parameter "clock_enable_input_a" = "BYPASS"
    Info (12134): Parameter "clock_enable_output_a" = "BYPASS"
    Info (12134): Parameter "init_file" = "suit_library.mif"
    Info (12134): Parameter "intended_device_family" = "Cyclone V"
    Info (12134): Parameter "lpm_hint" = "ENABLE_RUNTIME_MOD=NO"
    Info (12134): Parameter "lpm_type" = "altsyncram"
    Info (12134): Parameter "numwords_a" = "272"
    Info (12134): Parameter "operation_mode" = "ROM"
    Info (12134): Parameter "outdata_aclr_a" = "NONE"
    Info (12134): Parameter "outdata_reg_a" = "UNREGISTERED"
    Info (12134): Parameter "widthad_a" = "9"
    Info (12134): Parameter "width_a" = "24"
    Info (12134): Parameter "width_byteena_a" = "1"
Info (12021): Found 1 design units, including 1 entities, in source file db/altsyncram_brg1.tdf
    Info (12023): Found entity 1: altsyncram_brg1 File: D:/ECE_287/Final_Project/Black_Jack/db/altsyncram_brg1.tdf Line: 28
Info (12128): Elaborating entity "altsyncram_brg1" for hierarchy "asset_controller:my_asset_controller|suit_library:suits|altsyncram:altsyncram_component|altsyncram_brg1:auto_generated" File: c:/intelfpga_lite/23.1std/quartus/libraries/megafunctions/altsyncram.tdf Line: 792
Critical Warning (127005): Memory depth (272) in the design file differs from memory depth (144) in the Memory Initialization File "D:/ECE_287/Final_Project/Black_Jack/suit_library.mif" -- setting initial value for remaining addresses to 0 File: D:/ECE_287/Final_Project/Black_Jack/suit_library.v Line: 82
Info (12128): Elaborating entity "replace_background" for hierarchy "asset_controller:my_asset_controller|replace_background:replacement" File: D:/ECE_287/Final_Project/Black_Jack/asset_controller.v Line: 394
Info (12128): Elaborating entity "altsyncram" for hierarchy "asset_controller:my_asset_controller|replace_background:replacement|altsyncram:altsyncram_component" File: D:/ECE_287/Final_Project/Black_Jack/replace_background.v Line: 82
Info (12130): Elaborated megafunction instantiation "asset_controller:my_asset_controller|replace_background:replacement|altsyncram:altsyncram_component" File: D:/ECE_287/Final_Project/Black_Jack/replace_background.v Line: 82
Info (12133): Instantiated megafunction "asset_controller:my_asset_controller|replace_background:replacement|altsyncram:altsyncram_component" with the following parameter: File: D:/ECE_287/Final_Project/Black_Jack/replace_background.v Line: 82
    Info (12134): Parameter "address_aclr_a" = "NONE"
    Info (12134): Parameter "clock_enable_input_a" = "BYPASS"
    Info (12134): Parameter "clock_enable_output_a" = "BYPASS"
    Info (12134): Parameter "init_file" = "table_background.mif"
    Info (12134): Parameter "intended_device_family" = "Cyclone V"
    Info (12134): Parameter "lpm_hint" = "ENABLE_RUNTIME_MOD=NO"
    Info (12134): Parameter "lpm_type" = "altsyncram"
    Info (12134): Parameter "numwords_a" = "32768"
    Info (12134): Parameter "operation_mode" = "ROM"
    Info (12134): Parameter "outdata_aclr_a" = "NONE"
    Info (12134): Parameter "outdata_reg_a" = "UNREGISTERED"
    Info (12134): Parameter "widthad_a" = "15"
    Info (12134): Parameter "width_a" = "24"
    Info (12134): Parameter "width_byteena_a" = "1"
Info (12021): Found 1 design units, including 1 entities, in source file db/altsyncram_lbh1.tdf
    Info (12023): Found entity 1: altsyncram_lbh1 File: D:/ECE_287/Final_Project/Black_Jack/db/altsyncram_lbh1.tdf Line: 32
Info (12128): Elaborating entity "altsyncram_lbh1" for hierarchy "asset_controller:my_asset_controller|replace_background:replacement|altsyncram:altsyncram_component|altsyncram_lbh1:auto_generated" File: c:/intelfpga_lite/23.1std/quartus/libraries/megafunctions/altsyncram.tdf Line: 792
Critical Warning (127005): Memory depth (32768) in the design file differs from memory depth (19200) in the Memory Initialization File "D:/ECE_287/Final_Project/Black_Jack/table_background.mif" -- setting initial value for remaining addresses to 0 File: D:/ECE_287/Final_Project/Black_Jack/replace_background.v Line: 82
Info (12021): Found 1 design units, including 1 entities, in source file db/decode_11a.tdf
    Info (12023): Found entity 1: decode_11a File: D:/ECE_287/Final_Project/Black_Jack/db/decode_11a.tdf Line: 23
Info (12128): Elaborating entity "decode_11a" for hierarchy "asset_controller:my_asset_controller|replace_background:replacement|altsyncram:altsyncram_component|altsyncram_lbh1:auto_generated|decode_11a:rden_decode" File: D:/ECE_287/Final_Project/Black_Jack/db/altsyncram_lbh1.tdf Line: 40
Info (12021): Found 1 design units, including 1 entities, in source file db/mux_6hb.tdf
    Info (12023): Found entity 1: mux_6hb File: D:/ECE_287/Final_Project/Black_Jack/db/mux_6hb.tdf Line: 23
Info (12128): Elaborating entity "mux_6hb" for hierarchy "asset_controller:my_asset_controller|replace_background:replacement|altsyncram:altsyncram_component|altsyncram_lbh1:auto_generated|mux_6hb:mux2" File: D:/ECE_287/Final_Project/Black_Jack/db/altsyncram_lbh1.tdf Line: 41
Info (12128): Elaborating entity "vga_frame_driver" for hierarchy "vga_frame_driver:my_frame_driver" File: D:/ECE_287/Final_Project/Black_Jack/black_jack.v Line: 417
Info (10264): Verilog HDL Case Statement information at vga_frame_driver.v(159): all case item expressions in this case statement are onehot File: D:/ECE_287/Final_Project/Black_Jack/vga_frame_driver.v Line: 159
Warning (10230): Verilog HDL assignment warning at vga_frame_driver.v(209): truncated value with size 24 to match size of target (15) File: D:/ECE_287/Final_Project/Black_Jack/vga_frame_driver.v Line: 209
Warning (10230): Verilog HDL assignment warning at vga_frame_driver.v(219): truncated value with size 24 to match size of target (15) File: D:/ECE_287/Final_Project/Black_Jack/vga_frame_driver.v Line: 219
Warning (10230): Verilog HDL assignment warning at vga_frame_driver.v(251): truncated value with size 16 to match size of target (15) File: D:/ECE_287/Final_Project/Black_Jack/vga_frame_driver.v Line: 251
Info (10264): Verilog HDL Case Statement information at vga_frame_driver.v(216): all case item expressions in this case statement are onehot File: D:/ECE_287/Final_Project/Black_Jack/vga_frame_driver.v Line: 216
Info (12128): Elaborating entity "vga_frame" for hierarchy "vga_frame_driver:my_frame_driver|vga_frame:vga_memory0" File: D:/ECE_287/Final_Project/Black_Jack/vga_frame_driver.v Line: 53
Info (12128): Elaborating entity "altsyncram" for hierarchy "vga_frame_driver:my_frame_driver|vga_frame:vga_memory0|altsyncram:altsyncram_component" File: D:/ECE_287/Final_Project/Black_Jack/vga_frame.v Line: 86
Info (12130): Elaborated megafunction instantiation "vga_frame_driver:my_frame_driver|vga_frame:vga_memory0|altsyncram:altsyncram_component" File: D:/ECE_287/Final_Project/Black_Jack/vga_frame.v Line: 86
Info (12133): Instantiated megafunction "vga_frame_driver:my_frame_driver|vga_frame:vga_memory0|altsyncram:altsyncram_component" with the following parameter: File: D:/ECE_287/Final_Project/Black_Jack/vga_frame.v Line: 86
    Info (12134): Parameter "clock_enable_input_a" = "BYPASS"
    Info (12134): Parameter "clock_enable_output_a" = "BYPASS"
    Info (12134): Parameter "init_file" = "table_background.mif"
    Info (12134): Parameter "intended_device_family" = "Cyclone V"
    Info (12134): Parameter "lpm_hint" = "ENABLE_RUNTIME_MOD=NO"
    Info (12134): Parameter "lpm_type" = "altsyncram"
    Info (12134): Parameter "numwords_a" = "32768"
    Info (12134): Parameter "operation_mode" = "SINGLE_PORT"
    Info (12134): Parameter "outdata_aclr_a" = "NONE"
    Info (12134): Parameter "outdata_reg_a" = "UNREGISTERED"
    Info (12134): Parameter "power_up_uninitialized" = "FALSE"
    Info (12134): Parameter "read_during_write_mode_port_a" = "NEW_DATA_NO_NBE_READ"
    Info (12134): Parameter "widthad_a" = "15"
    Info (12134): Parameter "width_a" = "24"
    Info (12134): Parameter "width_byteena_a" = "1"
Info (12021): Found 1 design units, including 1 entities, in source file db/altsyncram_5kp1.tdf
    Info (12023): Found entity 1: altsyncram_5kp1 File: D:/ECE_287/Final_Project/Black_Jack/db/altsyncram_5kp1.tdf Line: 34
Info (12128): Elaborating entity "altsyncram_5kp1" for hierarchy "vga_frame_driver:my_frame_driver|vga_frame:vga_memory0|altsyncram:altsyncram_component|altsyncram_5kp1:auto_generated" File: c:/intelfpga_lite/23.1std/quartus/libraries/megafunctions/altsyncram.tdf Line: 792
Info (12021): Found 1 design units, including 1 entities, in source file db/decode_8la.tdf
    Info (12023): Found entity 1: decode_8la File: D:/ECE_287/Final_Project/Black_Jack/db/decode_8la.tdf Line: 23
Info (12128): Elaborating entity "decode_8la" for hierarchy "vga_frame_driver:my_frame_driver|vga_frame:vga_memory0|altsyncram:altsyncram_component|altsyncram_5kp1:auto_generated|decode_8la:decode3" File: D:/ECE_287/Final_Project/Black_Jack/db/altsyncram_5kp1.tdf Line: 44
Info (12128): Elaborating entity "vga_driver" for hierarchy "vga_frame_driver:my_frame_driver|vga_driver:the_vga" File: D:/ECE_287/Final_Project/Black_Jack/vga_frame_driver.v Line: 141
Info (12128): Elaborating entity "seven_segment" for hierarchy "seven_segment:dig0" File: D:/ECE_287/Final_Project/Black_Jack/black_jack.v Line: 1005
Info (12128): Elaborating entity "seven_segment_suit" for hierarchy "seven_segment_suit:dig2" File: D:/ECE_287/Final_Project/Black_Jack/black_jack.v Line: 1007
Info (12128): Elaborating entity "deck" for hierarchy "deck:memory" File: D:/ECE_287/Final_Project/Black_Jack/black_jack.v Line: 1029
Info (12128): Elaborating entity "altsyncram" for hierarchy "deck:memory|altsyncram:altsyncram_component" File: D:/ECE_287/Final_Project/Black_Jack/deck.v Line: 86
Info (12130): Elaborated megafunction instantiation "deck:memory|altsyncram:altsyncram_component" File: D:/ECE_287/Final_Project/Black_Jack/deck.v Line: 86
Info (12133): Instantiated megafunction "deck:memory|altsyncram:altsyncram_component" with the following parameter: File: D:/ECE_287/Final_Project/Black_Jack/deck.v Line: 86
    Info (12134): Parameter "clock_enable_input_a" = "BYPASS"
    Info (12134): Parameter "clock_enable_output_a" = "BYPASS"
    Info (12134): Parameter "init_file" = "black_jack_deck.mif"
    Info (12134): Parameter "intended_device_family" = "Cyclone V"
    Info (12134): Parameter "lpm_hint" = "ENABLE_RUNTIME_MOD=NO"
    Info (12134): Parameter "lpm_type" = "altsyncram"
    Info (12134): Parameter "numwords_a" = "52"
    Info (12134): Parameter "operation_mode" = "SINGLE_PORT"
    Info (12134): Parameter "outdata_aclr_a" = "NONE"
    Info (12134): Parameter "outdata_reg_a" = "UNREGISTERED"
    Info (12134): Parameter "power_up_uninitialized" = "FALSE"
    Info (12134): Parameter "read_during_write_mode_port_a" = "NEW_DATA_NO_NBE_READ"
    Info (12134): Parameter "widthad_a" = "6"
    Info (12134): Parameter "width_a" = "6"
    Info (12134): Parameter "width_byteena_a" = "1"
Info (12021): Found 1 design units, including 1 entities, in source file db/altsyncram_67p1.tdf
    Info (12023): Found entity 1: altsyncram_67p1 File: D:/ECE_287/Final_Project/Black_Jack/db/altsyncram_67p1.tdf Line: 28
Info (12128): Elaborating entity "altsyncram_67p1" for hierarchy "deck:memory|altsyncram:altsyncram_component|altsyncram_67p1:auto_generated" File: c:/intelfpga_lite/23.1std/quartus/libraries/megafunctions/altsyncram.tdf Line: 792
Info (12128): Elaborating entity "shuffle_deck_v2" for hierarchy "shuffle_deck_v2:my_deck_v2" File: D:/ECE_287/Final_Project/Black_Jack/black_jack.v Line: 1043
Warning (10036): Verilog HDL or VHDL warning at shuffle_deck_v2.v(27): object "temp_card" assigned a value but never read File: D:/ECE_287/Final_Project/Black_Jack/shuffle_deck_v2.v Line: 27
Critical Warning (10237): Verilog HDL warning at shuffle_deck_v2.v(83): can't infer register for assignment in edge-triggered always construct because the clock isn't obvious. Generated combinational logic instead File: D:/ECE_287/Final_Project/Black_Jack/shuffle_deck_v2.v Line: 83
Warning (10230): Verilog HDL assignment warning at shuffle_deck_v2.v(235): truncated value with size 32 to match size of target (6) File: D:/ECE_287/Final_Project/Black_Jack/shuffle_deck_v2.v Line: 235
Warning (10230): Verilog HDL assignment warning at shuffle_deck_v2.v(291): truncated value with size 32 to match size of target (17) File: D:/ECE_287/Final_Project/Black_Jack/shuffle_deck_v2.v Line: 291
Info (10264): Verilog HDL Case Statement information at shuffle_deck_v2.v(183): all case item expressions in this case statement are onehot File: D:/ECE_287/Final_Project/Black_Jack/shuffle_deck_v2.v Line: 183
Warning (10034): Output port "enOut" at shuffle_deck_v2.v(18) has no driver File: D:/ECE_287/Final_Project/Black_Jack/shuffle_deck_v2.v Line: 18
Info (12021): Found 1 design units, including 1 entities, in source file db/altsyncram_4i84.tdf
    Info (12023): Found entity 1: altsyncram_4i84 File: D:/ECE_287/Final_Project/Black_Jack/db/altsyncram_4i84.tdf Line: 28
Info (12021): Found 1 design units, including 1 entities, in source file db/mux_hlc.tdf
    Info (12023): Found entity 1: mux_hlc File: D:/ECE_287/Final_Project/Black_Jack/db/mux_hlc.tdf Line: 23
Info (12021): Found 1 design units, including 1 entities, in source file db/decode_vnf.tdf
    Info (12023): Found entity 1: decode_vnf File: D:/ECE_287/Final_Project/Black_Jack/db/decode_vnf.tdf Line: 23
Info (12021): Found 1 design units, including 1 entities, in source file db/cntr_89i.tdf
    Info (12023): Found entity 1: cntr_89i File: D:/ECE_287/Final_Project/Black_Jack/db/cntr_89i.tdf Line: 28
Info (12021): Found 1 design units, including 1 entities, in source file db/cmpr_e9c.tdf
    Info (12023): Found entity 1: cmpr_e9c File: D:/ECE_287/Final_Project/Black_Jack/db/cmpr_e9c.tdf Line: 23
Info (12021): Found 1 design units, including 1 entities, in source file db/cntr_a2j.tdf
    Info (12023): Found entity 1: cntr_a2j File: D:/ECE_287/Final_Project/Black_Jack/db/cntr_a2j.tdf Line: 26
Info (12021): Found 1 design units, including 1 entities, in source file db/cntr_69i.tdf
    Info (12023): Found entity 1: cntr_69i File: D:/ECE_287/Final_Project/Black_Jack/db/cntr_69i.tdf Line: 28
Info (12021): Found 1 design units, including 1 entities, in source file db/cmpr_d9c.tdf
    Info (12023): Found entity 1: cmpr_d9c File: D:/ECE_287/Final_Project/Black_Jack/db/cmpr_d9c.tdf Line: 23
Info (12021): Found 1 design units, including 1 entities, in source file db/cntr_kri.tdf
    Info (12023): Found entity 1: cntr_kri File: D:/ECE_287/Final_Project/Black_Jack/db/cntr_kri.tdf Line: 28
Info (12021): Found 1 design units, including 1 entities, in source file db/cmpr_99c.tdf
    Info (12023): Found entity 1: cmpr_99c File: D:/ECE_287/Final_Project/Black_Jack/db/cmpr_99c.tdf Line: 23
Info (12033): Analysis and Synthesis generated Signal Tap or debug node instance "auto_signaltap_0"
Info (11170): Starting IP generation for the debug fabric: alt_sld_fab.
Info (11172): 2025.12.11.13:27:01 Progress: Loading sldd4feb88e/alt_sld_fab_wrapper_hw.tcl
Info (11172): Alt_sld_fab.alt_sld_fab: SLD fabric agents which did not specify prefer_host were connected to JTAG
Info (11172): Alt_sld_fab: Generating alt_sld_fab "alt_sld_fab" for QUARTUS_SYNTH
Info (11172): Alt_sld_fab: "alt_sld_fab" instantiated alt_sld_fab "alt_sld_fab"
Info (11172): Presplit: "alt_sld_fab" instantiated altera_super_splitter "presplit"
Info (11172): Splitter: "alt_sld_fab" instantiated altera_sld_splitter "splitter"
Info (11172): Sldfabric: "alt_sld_fab" instantiated altera_sld_jtag_hub "sldfabric"
Info (11172): Ident: "alt_sld_fab" instantiated altera_connection_identification_hub "ident"
Info (11172): Alt_sld_fab: Done "alt_sld_fab" with 6 modules, 6 files
Info (11171): Finished IP generation for the debug fabric: alt_sld_fab.
Info (12021): Found 1 design units, including 1 entities, in source file db/ip/sldd4feb88e/alt_sld_fab.v
    Info (12023): Found entity 1: alt_sld_fab File: D:/ECE_287/Final_Project/Black_Jack/db/ip/sldd4feb88e/alt_sld_fab.v Line: 9
Info (12021): Found 1 design units, including 1 entities, in source file db/ip/sldd4feb88e/submodules/alt_sld_fab_alt_sld_fab.v
    Info (12023): Found entity 1: alt_sld_fab_alt_sld_fab File: D:/ECE_287/Final_Project/Black_Jack/db/ip/sldd4feb88e/submodules/alt_sld_fab_alt_sld_fab.v Line: 9
Info (12021): Found 1 design units, including 1 entities, in source file db/ip/sldd4feb88e/submodules/alt_sld_fab_alt_sld_fab_ident.sv
    Info (12023): Found entity 1: alt_sld_fab_alt_sld_fab_ident File: D:/ECE_287/Final_Project/Black_Jack/db/ip/sldd4feb88e/submodules/alt_sld_fab_alt_sld_fab_ident.sv Line: 33
Info (12021): Found 1 design units, including 1 entities, in source file db/ip/sldd4feb88e/submodules/alt_sld_fab_alt_sld_fab_presplit.sv
    Info (12023): Found entity 1: alt_sld_fab_alt_sld_fab_presplit File: D:/ECE_287/Final_Project/Black_Jack/db/ip/sldd4feb88e/submodules/alt_sld_fab_alt_sld_fab_presplit.sv Line: 3
Info (12021): Found 2 design units, including 1 entities, in source file db/ip/sldd4feb88e/submodules/alt_sld_fab_alt_sld_fab_sldfabric.vhd
    Info (12022): Found design unit 1: alt_sld_fab_alt_sld_fab_sldfabric-rtl File: D:/ECE_287/Final_Project/Black_Jack/db/ip/sldd4feb88e/submodules/alt_sld_fab_alt_sld_fab_sldfabric.vhd Line: 102
    Info (12023): Found entity 1: alt_sld_fab_alt_sld_fab_sldfabric File: D:/ECE_287/Final_Project/Black_Jack/db/ip/sldd4feb88e/submodules/alt_sld_fab_alt_sld_fab_sldfabric.vhd Line: 11
Info (12021): Found 1 design units, including 1 entities, in source file db/ip/sldd4feb88e/submodules/alt_sld_fab_alt_sld_fab_splitter.sv
    Info (12023): Found entity 1: alt_sld_fab_alt_sld_fab_splitter File: D:/ECE_287/Final_Project/Black_Jack/db/ip/sldd4feb88e/submodules/alt_sld_fab_alt_sld_fab_splitter.sv Line: 3
Warning (14284): Synthesized away the following node(s):
    Warning (14285): Synthesized away the following RAM node(s):
        Warning (14320): Synthesized away node "asset_controller:my_asset_controller|replace_background:replacement|altsyncram:altsyncram_component|altsyncram_lbh1:auto_generated|ram_block1a24" File: D:/ECE_287/Final_Project/Black_Jack/db/altsyncram_lbh1.tdf Line: 546
        Warning (14320): Synthesized away node "asset_controller:my_asset_controller|replace_background:replacement|altsyncram:altsyncram_component|altsyncram_lbh1:auto_generated|ram_block1a25" File: D:/ECE_287/Final_Project/Black_Jack/db/altsyncram_lbh1.tdf Line: 567
        Warning (14320): Synthesized away node "asset_controller:my_asset_controller|replace_background:replacement|altsyncram:altsyncram_component|altsyncram_lbh1:auto_generated|ram_block1a26" File: D:/ECE_287/Final_Project/Black_Jack/db/altsyncram_lbh1.tdf Line: 588
        Warning (14320): Synthesized away node "asset_controller:my_asset_controller|replace_background:replacement|altsyncram:altsyncram_component|altsyncram_lbh1:auto_generated|ram_block1a27" File: D:/ECE_287/Final_Project/Black_Jack/db/altsyncram_lbh1.tdf Line: 609
        Warning (14320): Synthesized away node "asset_controller:my_asset_controller|replace_background:replacement|altsyncram:altsyncram_component|altsyncram_lbh1:auto_generated|ram_block1a28" File: D:/ECE_287/Final_Project/Black_Jack/db/altsyncram_lbh1.tdf Line: 630
        Warning (14320): Synthesized away node "asset_controller:my_asset_controller|replace_background:replacement|altsyncram:altsyncram_component|altsyncram_lbh1:auto_generated|ram_block1a29" File: D:/ECE_287/Final_Project/Black_Jack/db/altsyncram_lbh1.tdf Line: 651
        Warning (14320): Synthesized away node "asset_controller:my_asset_controller|replace_background:replacement|altsyncram:altsyncram_component|altsyncram_lbh1:auto_generated|ram_block1a30" File: D:/ECE_287/Final_Project/Black_Jack/db/altsyncram_lbh1.tdf Line: 672
        Warning (14320): Synthesized away node "asset_controller:my_asset_controller|replace_background:replacement|altsyncram:altsyncram_component|altsyncram_lbh1:auto_generated|ram_block1a31" File: D:/ECE_287/Final_Project/Black_Jack/db/altsyncram_lbh1.tdf Line: 693
        Warning (14320): Synthesized away node "asset_controller:my_asset_controller|replace_background:replacement|altsyncram:altsyncram_component|altsyncram_lbh1:auto_generated|ram_block1a32" File: D:/ECE_287/Final_Project/Black_Jack/db/altsyncram_lbh1.tdf Line: 714
        Warning (14320): Synthesized away node "asset_controller:my_asset_controller|replace_background:replacement|altsyncram:altsyncram_component|altsyncram_lbh1:auto_generated|ram_block1a33" File: D:/ECE_287/Final_Project/Black_Jack/db/altsyncram_lbh1.tdf Line: 735
        Warning (14320): Synthesized away node "asset_controller:my_asset_controller|replace_background:replacement|altsyncram:altsyncram_component|altsyncram_lbh1:auto_generated|ram_block1a34" File: D:/ECE_287/Final_Project/Black_Jack/db/altsyncram_lbh1.tdf Line: 756
        Warning (14320): Synthesized away node "asset_controller:my_asset_controller|replace_background:replacement|altsyncram:altsyncram_component|altsyncram_lbh1:auto_generated|ram_block1a35" File: D:/ECE_287/Final_Project/Black_Jack/db/altsyncram_lbh1.tdf Line: 777
        Warning (14320): Synthesized away node "asset_controller:my_asset_controller|replace_background:replacement|altsyncram:altsyncram_component|altsyncram_lbh1:auto_generated|ram_block1a36" File: D:/ECE_287/Final_Project/Black_Jack/db/altsyncram_lbh1.tdf Line: 798
        Warning (14320): Synthesized away node "asset_controller:my_asset_controller|replace_background:replacement|altsyncram:altsyncram_component|altsyncram_lbh1:auto_generated|ram_block1a37" File: D:/ECE_287/Final_Project/Black_Jack/db/altsyncram_lbh1.tdf Line: 819
        Warning (14320): Synthesized away node "asset_controller:my_asset_controller|replace_background:replacement|altsyncram:altsyncram_component|altsyncram_lbh1:auto_generated|ram_block1a38" File: D:/ECE_287/Final_Project/Black_Jack/db/altsyncram_lbh1.tdf Line: 840
        Warning (14320): Synthesized away node "asset_controller:my_asset_controller|replace_background:replacement|altsyncram:altsyncram_component|altsyncram_lbh1:auto_generated|ram_block1a39" File: D:/ECE_287/Final_Project/Black_Jack/db/altsyncram_lbh1.tdf Line: 861
        Warning (14320): Synthesized away node "asset_controller:my_asset_controller|replace_background:replacement|altsyncram:altsyncram_component|altsyncram_lbh1:auto_generated|ram_block1a40" File: D:/ECE_287/Final_Project/Black_Jack/db/altsyncram_lbh1.tdf Line: 882
        Warning (14320): Synthesized away node "asset_controller:my_asset_controller|replace_background:replacement|altsyncram:altsyncram_component|altsyncram_lbh1:auto_generated|ram_block1a41" File: D:/ECE_287/Final_Project/Black_Jack/db/altsyncram_lbh1.tdf Line: 903
        Warning (14320): Synthesized away node "asset_controller:my_asset_controller|replace_background:replacement|altsyncram:altsyncram_component|altsyncram_lbh1:auto_generated|ram_block1a42" File: D:/ECE_287/Final_Project/Black_Jack/db/altsyncram_lbh1.tdf Line: 924
        Warning (14320): Synthesized away node "asset_controller:my_asset_controller|replace_background:replacement|altsyncram:altsyncram_component|altsyncram_lbh1:auto_generated|ram_block1a43" File: D:/ECE_287/Final_Project/Black_Jack/db/altsyncram_lbh1.tdf Line: 945
        Warning (14320): Synthesized away node "asset_controller:my_asset_controller|replace_background:replacement|altsyncram:altsyncram_component|altsyncram_lbh1:auto_generated|ram_block1a44" File: D:/ECE_287/Final_Project/Black_Jack/db/altsyncram_lbh1.tdf Line: 966
        Warning (14320): Synthesized away node "asset_controller:my_asset_controller|replace_background:replacement|altsyncram:altsyncram_component|altsyncram_lbh1:auto_generated|ram_block1a45" File: D:/ECE_287/Final_Project/Black_Jack/db/altsyncram_lbh1.tdf Line: 987
        Warning (14320): Synthesized away node "asset_controller:my_asset_controller|replace_background:replacement|altsyncram:altsyncram_component|altsyncram_lbh1:auto_generated|ram_block1a46" File: D:/ECE_287/Final_Project/Black_Jack/db/altsyncram_lbh1.tdf Line: 1008
        Warning (14320): Synthesized away node "asset_controller:my_asset_controller|replace_background:replacement|altsyncram:altsyncram_component|altsyncram_lbh1:auto_generated|ram_block1a47" File: D:/ECE_287/Final_Project/Black_Jack/db/altsyncram_lbh1.tdf Line: 1029
        Warning (14320): Synthesized away node "asset_controller:my_asset_controller|replace_background:replacement|altsyncram:altsyncram_component|altsyncram_lbh1:auto_generated|ram_block1a48" File: D:/ECE_287/Final_Project/Black_Jack/db/altsyncram_lbh1.tdf Line: 1050
        Warning (14320): Synthesized away node "asset_controller:my_asset_controller|replace_background:replacement|altsyncram:altsyncram_component|altsyncram_lbh1:auto_generated|ram_block1a49" File: D:/ECE_287/Final_Project/Black_Jack/db/altsyncram_lbh1.tdf Line: 1071
        Warning (14320): Synthesized away node "asset_controller:my_asset_controller|replace_background:replacement|altsyncram:altsyncram_component|altsyncram_lbh1:auto_generated|ram_block1a50" File: D:/ECE_287/Final_Project/Black_Jack/db/altsyncram_lbh1.tdf Line: 1092
        Warning (14320): Synthesized away node "asset_controller:my_asset_controller|replace_background:replacement|altsyncram:altsyncram_component|altsyncram_lbh1:auto_generated|ram_block1a51" File: D:/ECE_287/Final_Project/Black_Jack/db/altsyncram_lbh1.tdf Line: 1113
        Warning (14320): Synthesized away node "asset_controller:my_asset_controller|replace_background:replacement|altsyncram:altsyncram_component|altsyncram_lbh1:auto_generated|ram_block1a52" File: D:/ECE_287/Final_Project/Black_Jack/db/altsyncram_lbh1.tdf Line: 1134
        Warning (14320): Synthesized away node "asset_controller:my_asset_controller|replace_background:replacement|altsyncram:altsyncram_component|altsyncram_lbh1:auto_generated|ram_block1a53" File: D:/ECE_287/Final_Project/Black_Jack/db/altsyncram_lbh1.tdf Line: 1155
        Warning (14320): Synthesized away node "asset_controller:my_asset_controller|replace_background:replacement|altsyncram:altsyncram_component|altsyncram_lbh1:auto_generated|ram_block1a54" File: D:/ECE_287/Final_Project/Black_Jack/db/altsyncram_lbh1.tdf Line: 1176
        Warning (14320): Synthesized away node "asset_controller:my_asset_controller|replace_background:replacement|altsyncram:altsyncram_component|altsyncram_lbh1:auto_generated|ram_block1a55" File: D:/ECE_287/Final_Project/Black_Jack/db/altsyncram_lbh1.tdf Line: 1197
        Warning (14320): Synthesized away node "asset_controller:my_asset_controller|replace_background:replacement|altsyncram:altsyncram_component|altsyncram_lbh1:auto_generated|ram_block1a56" File: D:/ECE_287/Final_Project/Black_Jack/db/altsyncram_lbh1.tdf Line: 1218
        Warning (14320): Synthesized away node "asset_controller:my_asset_controller|replace_background:replacement|altsyncram:altsyncram_component|altsyncram_lbh1:auto_generated|ram_block1a57" File: D:/ECE_287/Final_Project/Black_Jack/db/altsyncram_lbh1.tdf Line: 1239
        Warning (14320): Synthesized away node "asset_controller:my_asset_controller|replace_background:replacement|altsyncram:altsyncram_component|altsyncram_lbh1:auto_generated|ram_block1a58" File: D:/ECE_287/Final_Project/Black_Jack/db/altsyncram_lbh1.tdf Line: 1260
        Warning (14320): Synthesized away node "asset_controller:my_asset_controller|replace_background:replacement|altsyncram:altsyncram_component|altsyncram_lbh1:auto_generated|ram_block1a59" File: D:/ECE_287/Final_Project/Black_Jack/db/altsyncram_lbh1.tdf Line: 1281
        Warning (14320): Synthesized away node "asset_controller:my_asset_controller|replace_background:replacement|altsyncram:altsyncram_component|altsyncram_lbh1:auto_generated|ram_block1a60" File: D:/ECE_287/Final_Project/Black_Jack/db/altsyncram_lbh1.tdf Line: 1302
        Warning (14320): Synthesized away node "asset_controller:my_asset_controller|replace_background:replacement|altsyncram:altsyncram_component|altsyncram_lbh1:auto_generated|ram_block1a61" File: D:/ECE_287/Final_Project/Black_Jack/db/altsyncram_lbh1.tdf Line: 1323
        Warning (14320): Synthesized away node "asset_controller:my_asset_controller|replace_background:replacement|altsyncram:altsyncram_component|altsyncram_lbh1:auto_generated|ram_block1a62" File: D:/ECE_287/Final_Project/Black_Jack/db/altsyncram_lbh1.tdf Line: 1344
        Warning (14320): Synthesized away node "asset_controller:my_asset_controller|replace_background:replacement|altsyncram:altsyncram_component|altsyncram_lbh1:auto_generated|ram_block1a63" File: D:/ECE_287/Final_Project/Black_Jack/db/altsyncram_lbh1.tdf Line: 1365
        Warning (14320): Synthesized away node "asset_controller:my_asset_controller|replace_background:replacement|altsyncram:altsyncram_component|altsyncram_lbh1:auto_generated|ram_block1a64" File: D:/ECE_287/Final_Project/Black_Jack/db/altsyncram_lbh1.tdf Line: 1386
        Warning (14320): Synthesized away node "asset_controller:my_asset_controller|replace_background:replacement|altsyncram:altsyncram_component|altsyncram_lbh1:auto_generated|ram_block1a65" File: D:/ECE_287/Final_Project/Black_Jack/db/altsyncram_lbh1.tdf Line: 1407
        Warning (14320): Synthesized away node "asset_controller:my_asset_controller|replace_background:replacement|altsyncram:altsyncram_component|altsyncram_lbh1:auto_generated|ram_block1a66" File: D:/ECE_287/Final_Project/Black_Jack/db/altsyncram_lbh1.tdf Line: 1428
        Warning (14320): Synthesized away node "asset_controller:my_asset_controller|replace_background:replacement|altsyncram:altsyncram_component|altsyncram_lbh1:auto_generated|ram_block1a67" File: D:/ECE_287/Final_Project/Black_Jack/db/altsyncram_lbh1.tdf Line: 1449
        Warning (14320): Synthesized away node "asset_controller:my_asset_controller|replace_background:replacement|altsyncram:altsyncram_component|altsyncram_lbh1:auto_generated|ram_block1a68" File: D:/ECE_287/Final_Project/Black_Jack/db/altsyncram_lbh1.tdf Line: 1470
        Warning (14320): Synthesized away node "asset_controller:my_asset_controller|replace_background:replacement|altsyncram:altsyncram_component|altsyncram_lbh1:auto_generated|ram_block1a69" File: D:/ECE_287/Final_Project/Black_Jack/db/altsyncram_lbh1.tdf Line: 1491
        Warning (14320): Synthesized away node "asset_controller:my_asset_controller|replace_background:replacement|altsyncram:altsyncram_component|altsyncram_lbh1:auto_generated|ram_block1a70" File: D:/ECE_287/Final_Project/Black_Jack/db/altsyncram_lbh1.tdf Line: 1512
        Warning (14320): Synthesized away node "asset_controller:my_asset_controller|replace_background:replacement|altsyncram:altsyncram_component|altsyncram_lbh1:auto_generated|ram_block1a71" File: D:/ECE_287/Final_Project/Black_Jack/db/altsyncram_lbh1.tdf Line: 1533
        Warning (14320): Synthesized away node "asset_controller:my_asset_controller|replace_background:replacement|altsyncram:altsyncram_component|altsyncram_lbh1:auto_generated|ram_block1a72" File: D:/ECE_287/Final_Project/Black_Jack/db/altsyncram_lbh1.tdf Line: 1554
        Warning (14320): Synthesized away node "asset_controller:my_asset_controller|replace_background:replacement|altsyncram:altsyncram_component|altsyncram_lbh1:auto_generated|ram_block1a73" File: D:/ECE_287/Final_Project/Black_Jack/db/altsyncram_lbh1.tdf Line: 1575
        Warning (14320): Synthesized away node "asset_controller:my_asset_controller|replace_background:replacement|altsyncram:altsyncram_component|altsyncram_lbh1:auto_generated|ram_block1a74" File: D:/ECE_287/Final_Project/Black_Jack/db/altsyncram_lbh1.tdf Line: 1596
        Warning (14320): Synthesized away node "asset_controller:my_asset_controller|replace_background:replacement|altsyncram:altsyncram_component|altsyncram_lbh1:auto_generated|ram_block1a75" File: D:/ECE_287/Final_Project/Black_Jack/db/altsyncram_lbh1.tdf Line: 1617
        Warning (14320): Synthesized away node "asset_controller:my_asset_controller|replace_background:replacement|altsyncram:altsyncram_component|altsyncram_lbh1:auto_generated|ram_block1a76" File: D:/ECE_287/Final_Project/Black_Jack/db/altsyncram_lbh1.tdf Line: 1638
        Warning (14320): Synthesized away node "asset_controller:my_asset_controller|replace_background:replacement|altsyncram:altsyncram_component|altsyncram_lbh1:auto_generated|ram_block1a77" File: D:/ECE_287/Final_Project/Black_Jack/db/altsyncram_lbh1.tdf Line: 1659
        Warning (14320): Synthesized away node "asset_controller:my_asset_controller|replace_background:replacement|altsyncram:altsyncram_component|altsyncram_lbh1:auto_generated|ram_block1a78" File: D:/ECE_287/Final_Project/Black_Jack/db/altsyncram_lbh1.tdf Line: 1680
        Warning (14320): Synthesized away node "asset_controller:my_asset_controller|replace_background:replacement|altsyncram:altsyncram_component|altsyncram_lbh1:auto_generated|ram_block1a79" File: D:/ECE_287/Final_Project/Black_Jack/db/altsyncram_lbh1.tdf Line: 1701
        Warning (14320): Synthesized away node "asset_controller:my_asset_controller|replace_background:replacement|altsyncram:altsyncram_component|altsyncram_lbh1:auto_generated|ram_block1a80" File: D:/ECE_287/Final_Project/Black_Jack/db/altsyncram_lbh1.tdf Line: 1722
        Warning (14320): Synthesized away node "asset_controller:my_asset_controller|replace_background:replacement|altsyncram:altsyncram_component|altsyncram_lbh1:auto_generated|ram_block1a81" File: D:/ECE_287/Final_Project/Black_Jack/db/altsyncram_lbh1.tdf Line: 1743
        Warning (14320): Synthesized away node "asset_controller:my_asset_controller|replace_background:replacement|altsyncram:altsyncram_component|altsyncram_lbh1:auto_generated|ram_block1a82" File: D:/ECE_287/Final_Project/Black_Jack/db/altsyncram_lbh1.tdf Line: 1764
        Warning (14320): Synthesized away node "asset_controller:my_asset_controller|replace_background:replacement|altsyncram:altsyncram_component|altsyncram_lbh1:auto_generated|ram_block1a83" File: D:/ECE_287/Final_Project/Black_Jack/db/altsyncram_lbh1.tdf Line: 1785
        Warning (14320): Synthesized away node "asset_controller:my_asset_controller|replace_background:replacement|altsyncram:altsyncram_component|altsyncram_lbh1:auto_generated|ram_block1a84" File: D:/ECE_287/Final_Project/Black_Jack/db/altsyncram_lbh1.tdf Line: 1806
        Warning (14320): Synthesized away node "asset_controller:my_asset_controller|replace_background:replacement|altsyncram:altsyncram_component|altsyncram_lbh1:auto_generated|ram_block1a85" File: D:/ECE_287/Final_Project/Black_Jack/db/altsyncram_lbh1.tdf Line: 1827
        Warning (14320): Synthesized away node "asset_controller:my_asset_controller|replace_background:replacement|altsyncram:altsyncram_component|altsyncram_lbh1:auto_generated|ram_block1a86" File: D:/ECE_287/Final_Project/Black_Jack/db/altsyncram_lbh1.tdf Line: 1848
        Warning (14320): Synthesized away node "asset_controller:my_asset_controller|replace_background:replacement|altsyncram:altsyncram_component|altsyncram_lbh1:auto_generated|ram_block1a87" File: D:/ECE_287/Final_Project/Black_Jack/db/altsyncram_lbh1.tdf Line: 1869
        Warning (14320): Synthesized away node "asset_controller:my_asset_controller|replace_background:replacement|altsyncram:altsyncram_component|altsyncram_lbh1:auto_generated|ram_block1a88" File: D:/ECE_287/Final_Project/Black_Jack/db/altsyncram_lbh1.tdf Line: 1890
        Warning (14320): Synthesized away node "asset_controller:my_asset_controller|replace_background:replacement|altsyncram:altsyncram_component|altsyncram_lbh1:auto_generated|ram_block1a89" File: D:/ECE_287/Final_Project/Black_Jack/db/altsyncram_lbh1.tdf Line: 1911
        Warning (14320): Synthesized away node "asset_controller:my_asset_controller|replace_background:replacement|altsyncram:altsyncram_component|altsyncram_lbh1:auto_generated|ram_block1a90" File: D:/ECE_287/Final_Project/Black_Jack/db/altsyncram_lbh1.tdf Line: 1932
        Warning (14320): Synthesized away node "asset_controller:my_asset_controller|replace_background:replacement|altsyncram:altsyncram_component|altsyncram_lbh1:auto_generated|ram_block1a91" File: D:/ECE_287/Final_Project/Black_Jack/db/altsyncram_lbh1.tdf Line: 1953
        Warning (14320): Synthesized away node "asset_controller:my_asset_controller|replace_background:replacement|altsyncram:altsyncram_component|altsyncram_lbh1:auto_generated|ram_block1a92" File: D:/ECE_287/Final_Project/Black_Jack/db/altsyncram_lbh1.tdf Line: 1974
        Warning (14320): Synthesized away node "asset_controller:my_asset_controller|replace_background:replacement|altsyncram:altsyncram_component|altsyncram_lbh1:auto_generated|ram_block1a93" File: D:/ECE_287/Final_Project/Black_Jack/db/altsyncram_lbh1.tdf Line: 1995
        Warning (14320): Synthesized away node "asset_controller:my_asset_controller|replace_background:replacement|altsyncram:altsyncram_component|altsyncram_lbh1:auto_generated|ram_block1a94" File: D:/ECE_287/Final_Project/Black_Jack/db/altsyncram_lbh1.tdf Line: 2016
        Warning (14320): Synthesized away node "asset_controller:my_asset_controller|replace_background:replacement|altsyncram:altsyncram_component|altsyncram_lbh1:auto_generated|ram_block1a95" File: D:/ECE_287/Final_Project/Black_Jack/db/altsyncram_lbh1.tdf Line: 2037
Warning (14025): LATCH primitive "asset_controller:my_asset_controller|index_chipD[1]" is permanently disabled File: D:/ECE_287/Final_Project/Black_Jack/asset_controller.v Line: 134
Warning (14025): LATCH primitive "asset_controller:my_asset_controller|index_chipD[2]" is permanently disabled File: D:/ECE_287/Final_Project/Black_Jack/asset_controller.v Line: 134
Warning (14025): LATCH primitive "asset_controller:my_asset_controller|index_chipD[3]" is permanently disabled File: D:/ECE_287/Final_Project/Black_Jack/asset_controller.v Line: 134
Warning (14025): LATCH primitive "asset_controller:my_asset_controller|index_chipD[4]" is permanently disabled File: D:/ECE_287/Final_Project/Black_Jack/asset_controller.v Line: 134
Warning (14025): LATCH primitive "asset_controller:my_asset_controller|index_chipD[5]" is permanently disabled File: D:/ECE_287/Final_Project/Black_Jack/asset_controller.v Line: 134
Warning (14025): LATCH primitive "asset_controller:my_asset_controller|index_chipD[6]" is permanently disabled File: D:/ECE_287/Final_Project/Black_Jack/asset_controller.v Line: 134
Warning (14025): LATCH primitive "asset_controller:my_asset_controller|index_chipD[7]" is permanently disabled File: D:/ECE_287/Final_Project/Black_Jack/asset_controller.v Line: 134
Warning (14025): LATCH primitive "asset_controller:my_asset_controller|index_chipP[1]" is permanently disabled File: D:/ECE_287/Final_Project/Black_Jack/asset_controller.v Line: 134
Warning (14025): LATCH primitive "asset_controller:my_asset_controller|index_chipP[2]" is permanently disabled File: D:/ECE_287/Final_Project/Black_Jack/asset_controller.v Line: 134
Warning (14025): LATCH primitive "asset_controller:my_asset_controller|index_chipP[3]" is permanently disabled File: D:/ECE_287/Final_Project/Black_Jack/asset_controller.v Line: 134
Warning (14025): LATCH primitive "asset_controller:my_asset_controller|index_chipP[4]" is permanently disabled File: D:/ECE_287/Final_Project/Black_Jack/asset_controller.v Line: 134
Warning (14025): LATCH primitive "asset_controller:my_asset_controller|index_chipP[5]" is permanently disabled File: D:/ECE_287/Final_Project/Black_Jack/asset_controller.v Line: 134
Warning (14025): LATCH primitive "asset_controller:my_asset_controller|index_chipP[6]" is permanently disabled File: D:/ECE_287/Final_Project/Black_Jack/asset_controller.v Line: 134
Warning (14025): LATCH primitive "asset_controller:my_asset_controller|index_chipP[7]" is permanently disabled File: D:/ECE_287/Final_Project/Black_Jack/asset_controller.v Line: 134
Warning (14284): Synthesized away the following node(s):
    Warning (14285): Synthesized away the following RAM node(s):
        Warning (14320): Synthesized away node "asset_controller:my_asset_controller|dealer_chip_asset:chipD|altsyncram:altsyncram_component|altsyncram_vlg1:auto_generated|q_a[0]" File: D:/ECE_287/Final_Project/Black_Jack/db/altsyncram_vlg1.tdf Line: 35
        Warning (14320): Synthesized away node "asset_controller:my_asset_controller|dealer_chip_asset:chipD|altsyncram:altsyncram_component|altsyncram_vlg1:auto_generated|q_a[1]" File: D:/ECE_287/Final_Project/Black_Jack/db/altsyncram_vlg1.tdf Line: 56
        Warning (14320): Synthesized away node "asset_controller:my_asset_controller|dealer_chip_asset:chipD|altsyncram:altsyncram_component|altsyncram_vlg1:auto_generated|q_a[2]" File: D:/ECE_287/Final_Project/Black_Jack/db/altsyncram_vlg1.tdf Line: 77
        Warning (14320): Synthesized away node "asset_controller:my_asset_controller|dealer_chip_asset:chipD|altsyncram:altsyncram_component|altsyncram_vlg1:auto_generated|q_a[3]" File: D:/ECE_287/Final_Project/Black_Jack/db/altsyncram_vlg1.tdf Line: 98
        Warning (14320): Synthesized away node "asset_controller:my_asset_controller|dealer_chip_asset:chipD|altsyncram:altsyncram_component|altsyncram_vlg1:auto_generated|q_a[4]" File: D:/ECE_287/Final_Project/Black_Jack/db/altsyncram_vlg1.tdf Line: 119
        Warning (14320): Synthesized away node "asset_controller:my_asset_controller|dealer_chip_asset:chipD|altsyncram:altsyncram_component|altsyncram_vlg1:auto_generated|q_a[5]" File: D:/ECE_287/Final_Project/Black_Jack/db/altsyncram_vlg1.tdf Line: 140
        Warning (14320): Synthesized away node "asset_controller:my_asset_controller|dealer_chip_asset:chipD|altsyncram:altsyncram_component|altsyncram_vlg1:auto_generated|q_a[6]" File: D:/ECE_287/Final_Project/Black_Jack/db/altsyncram_vlg1.tdf Line: 161
        Warning (14320): Synthesized away node "asset_controller:my_asset_controller|dealer_chip_asset:chipD|altsyncram:altsyncram_component|altsyncram_vlg1:auto_generated|q_a[7]" File: D:/ECE_287/Final_Project/Black_Jack/db/altsyncram_vlg1.tdf Line: 182
        Warning (14320): Synthesized away node "asset_controller:my_asset_controller|dealer_chip_asset:chipD|altsyncram:altsyncram_component|altsyncram_vlg1:auto_generated|q_a[8]" File: D:/ECE_287/Final_Project/Black_Jack/db/altsyncram_vlg1.tdf Line: 203
        Warning (14320): Synthesized away node "asset_controller:my_asset_controller|dealer_chip_asset:chipD|altsyncram:altsyncram_component|altsyncram_vlg1:auto_generated|q_a[9]" File: D:/ECE_287/Final_Project/Black_Jack/db/altsyncram_vlg1.tdf Line: 224
        Warning (14320): Synthesized away node "asset_controller:my_asset_controller|dealer_chip_asset:chipD|altsyncram:altsyncram_component|altsyncram_vlg1:auto_generated|q_a[10]" File: D:/ECE_287/Final_Project/Black_Jack/db/altsyncram_vlg1.tdf Line: 245
        Warning (14320): Synthesized away node "asset_controller:my_asset_controller|dealer_chip_asset:chipD|altsyncram:altsyncram_component|altsyncram_vlg1:auto_generated|q_a[11]" File: D:/ECE_287/Final_Project/Black_Jack/db/altsyncram_vlg1.tdf Line: 266
        Warning (14320): Synthesized away node "asset_controller:my_asset_controller|dealer_chip_asset:chipD|altsyncram:altsyncram_component|altsyncram_vlg1:auto_generated|q_a[12]" File: D:/ECE_287/Final_Project/Black_Jack/db/altsyncram_vlg1.tdf Line: 287
        Warning (14320): Synthesized away node "asset_controller:my_asset_controller|dealer_chip_asset:chipD|altsyncram:altsyncram_component|altsyncram_vlg1:auto_generated|q_a[13]" File: D:/ECE_287/Final_Project/Black_Jack/db/altsyncram_vlg1.tdf Line: 308
        Warning (14320): Synthesized away node "asset_controller:my_asset_controller|dealer_chip_asset:chipD|altsyncram:altsyncram_component|altsyncram_vlg1:auto_generated|q_a[14]" File: D:/ECE_287/Final_Project/Black_Jack/db/altsyncram_vlg1.tdf Line: 329
        Warning (14320): Synthesized away node "asset_controller:my_asset_controller|dealer_chip_asset:chipD|altsyncram:altsyncram_component|altsyncram_vlg1:auto_generated|q_a[15]" File: D:/ECE_287/Final_Project/Black_Jack/db/altsyncram_vlg1.tdf Line: 350
        Warning (14320): Synthesized away node "asset_controller:my_asset_controller|dealer_chip_asset:chipD|altsyncram:altsyncram_component|altsyncram_vlg1:auto_generated|q_a[16]" File: D:/ECE_287/Final_Project/Black_Jack/db/altsyncram_vlg1.tdf Line: 371
        Warning (14320): Synthesized away node "asset_controller:my_asset_controller|dealer_chip_asset:chipD|altsyncram:altsyncram_component|altsyncram_vlg1:auto_generated|q_a[17]" File: D:/ECE_287/Final_Project/Black_Jack/db/altsyncram_vlg1.tdf Line: 392
        Warning (14320): Synthesized away node "asset_controller:my_asset_controller|dealer_chip_asset:chipD|altsyncram:altsyncram_component|altsyncram_vlg1:auto_generated|q_a[18]" File: D:/ECE_287/Final_Project/Black_Jack/db/altsyncram_vlg1.tdf Line: 413
        Warning (14320): Synthesized away node "asset_controller:my_asset_controller|dealer_chip_asset:chipD|altsyncram:altsyncram_component|altsyncram_vlg1:auto_generated|q_a[19]" File: D:/ECE_287/Final_Project/Black_Jack/db/altsyncram_vlg1.tdf Line: 434
        Warning (14320): Synthesized away node "asset_controller:my_asset_controller|dealer_chip_asset:chipD|altsyncram:altsyncram_component|altsyncram_vlg1:auto_generated|q_a[20]" File: D:/ECE_287/Final_Project/Black_Jack/db/altsyncram_vlg1.tdf Line: 455
        Warning (14320): Synthesized away node "asset_controller:my_asset_controller|dealer_chip_asset:chipD|altsyncram:altsyncram_component|altsyncram_vlg1:auto_generated|q_a[21]" File: D:/ECE_287/Final_Project/Black_Jack/db/altsyncram_vlg1.tdf Line: 476
        Warning (14320): Synthesized away node "asset_controller:my_asset_controller|dealer_chip_asset:chipD|altsyncram:altsyncram_component|altsyncram_vlg1:auto_generated|q_a[22]" File: D:/ECE_287/Final_Project/Black_Jack/db/altsyncram_vlg1.tdf Line: 497
        Warning (14320): Synthesized away node "asset_controller:my_asset_controller|dealer_chip_asset:chipD|altsyncram:altsyncram_component|altsyncram_vlg1:auto_generated|q_a[23]" File: D:/ECE_287/Final_Project/Black_Jack/db/altsyncram_vlg1.tdf Line: 518
        Warning (14320): Synthesized away node "asset_controller:my_asset_controller|player_chip_asset:chipP|altsyncram:altsyncram_component|altsyncram_vmg1:auto_generated|q_a[0]" File: D:/ECE_287/Final_Project/Black_Jack/db/altsyncram_vmg1.tdf Line: 35
        Warning (14320): Synthesized away node "asset_controller:my_asset_controller|player_chip_asset:chipP|altsyncram:altsyncram_component|altsyncram_vmg1:auto_generated|q_a[1]" File: D:/ECE_287/Final_Project/Black_Jack/db/altsyncram_vmg1.tdf Line: 56
        Warning (14320): Synthesized away node "asset_controller:my_asset_controller|player_chip_asset:chipP|altsyncram:altsyncram_component|altsyncram_vmg1:auto_generated|q_a[2]" File: D:/ECE_287/Final_Project/Black_Jack/db/altsyncram_vmg1.tdf Line: 77
        Warning (14320): Synthesized away node "asset_controller:my_asset_controller|player_chip_asset:chipP|altsyncram:altsyncram_component|altsyncram_vmg1:auto_generated|q_a[3]" File: D:/ECE_287/Final_Project/Black_Jack/db/altsyncram_vmg1.tdf Line: 98
        Warning (14320): Synthesized away node "asset_controller:my_asset_controller|player_chip_asset:chipP|altsyncram:altsyncram_component|altsyncram_vmg1:auto_generated|q_a[4]" File: D:/ECE_287/Final_Project/Black_Jack/db/altsyncram_vmg1.tdf Line: 119
        Warning (14320): Synthesized away node "asset_controller:my_asset_controller|player_chip_asset:chipP|altsyncram:altsyncram_component|altsyncram_vmg1:auto_generated|q_a[5]" File: D:/ECE_287/Final_Project/Black_Jack/db/altsyncram_vmg1.tdf Line: 140
        Warning (14320): Synthesized away node "asset_controller:my_asset_controller|player_chip_asset:chipP|altsyncram:altsyncram_component|altsyncram_vmg1:auto_generated|q_a[6]" File: D:/ECE_287/Final_Project/Black_Jack/db/altsyncram_vmg1.tdf Line: 161
        Warning (14320): Synthesized away node "asset_controller:my_asset_controller|player_chip_asset:chipP|altsyncram:altsyncram_component|altsyncram_vmg1:auto_generated|q_a[7]" File: D:/ECE_287/Final_Project/Black_Jack/db/altsyncram_vmg1.tdf Line: 182
        Warning (14320): Synthesized away node "asset_controller:my_asset_controller|player_chip_asset:chipP|altsyncram:altsyncram_component|altsyncram_vmg1:auto_generated|q_a[8]" File: D:/ECE_287/Final_Project/Black_Jack/db/altsyncram_vmg1.tdf Line: 203
        Warning (14320): Synthesized away node "asset_controller:my_asset_controller|player_chip_asset:chipP|altsyncram:altsyncram_component|altsyncram_vmg1:auto_generated|q_a[9]" File: D:/ECE_287/Final_Project/Black_Jack/db/altsyncram_vmg1.tdf Line: 224
        Warning (14320): Synthesized away node "asset_controller:my_asset_controller|player_chip_asset:chipP|altsyncram:altsyncram_component|altsyncram_vmg1:auto_generated|q_a[10]" File: D:/ECE_287/Final_Project/Black_Jack/db/altsyncram_vmg1.tdf Line: 245
        Warning (14320): Synthesized away node "asset_controller:my_asset_controller|player_chip_asset:chipP|altsyncram:altsyncram_component|altsyncram_vmg1:auto_generated|q_a[11]" File: D:/ECE_287/Final_Project/Black_Jack/db/altsyncram_vmg1.tdf Line: 266
        Warning (14320): Synthesized away node "asset_controller:my_asset_controller|player_chip_asset:chipP|altsyncram:altsyncram_component|altsyncram_vmg1:auto_generated|q_a[12]" File: D:/ECE_287/Final_Project/Black_Jack/db/altsyncram_vmg1.tdf Line: 287
        Warning (14320): Synthesized away node "asset_controller:my_asset_controller|player_chip_asset:chipP|altsyncram:altsyncram_component|altsyncram_vmg1:auto_generated|q_a[13]" File: D:/ECE_287/Final_Project/Black_Jack/db/altsyncram_vmg1.tdf Line: 308
        Warning (14320): Synthesized away node "asset_controller:my_asset_controller|player_chip_asset:chipP|altsyncram:altsyncram_component|altsyncram_vmg1:auto_generated|q_a[14]" File: D:/ECE_287/Final_Project/Black_Jack/db/altsyncram_vmg1.tdf Line: 329
        Warning (14320): Synthesized away node "asset_controller:my_asset_controller|player_chip_asset:chipP|altsyncram:altsyncram_component|altsyncram_vmg1:auto_generated|q_a[15]" File: D:/ECE_287/Final_Project/Black_Jack/db/altsyncram_vmg1.tdf Line: 350
        Warning (14320): Synthesized away node "asset_controller:my_asset_controller|player_chip_asset:chipP|altsyncram:altsyncram_component|altsyncram_vmg1:auto_generated|q_a[16]" File: D:/ECE_287/Final_Project/Black_Jack/db/altsyncram_vmg1.tdf Line: 371
        Warning (14320): Synthesized away node "asset_controller:my_asset_controller|player_chip_asset:chipP|altsyncram:altsyncram_component|altsyncram_vmg1:auto_generated|q_a[17]" File: D:/ECE_287/Final_Project/Black_Jack/db/altsyncram_vmg1.tdf Line: 392
        Warning (14320): Synthesized away node "asset_controller:my_asset_controller|player_chip_asset:chipP|altsyncram:altsyncram_component|altsyncram_vmg1:auto_generated|q_a[18]" File: D:/ECE_287/Final_Project/Black_Jack/db/altsyncram_vmg1.tdf Line: 413
        Warning (14320): Synthesized away node "asset_controller:my_asset_controller|player_chip_asset:chipP|altsyncram:altsyncram_component|altsyncram_vmg1:auto_generated|q_a[19]" File: D:/ECE_287/Final_Project/Black_Jack/db/altsyncram_vmg1.tdf Line: 434
        Warning (14320): Synthesized away node "asset_controller:my_asset_controller|player_chip_asset:chipP|altsyncram:altsyncram_component|altsyncram_vmg1:auto_generated|q_a[20]" File: D:/ECE_287/Final_Project/Black_Jack/db/altsyncram_vmg1.tdf Line: 455
        Warning (14320): Synthesized away node "asset_controller:my_asset_controller|player_chip_asset:chipP|altsyncram:altsyncram_component|altsyncram_vmg1:auto_generated|q_a[21]" File: D:/ECE_287/Final_Project/Black_Jack/db/altsyncram_vmg1.tdf Line: 476
        Warning (14320): Synthesized away node "asset_controller:my_asset_controller|player_chip_asset:chipP|altsyncram:altsyncram_component|altsyncram_vmg1:auto_generated|q_a[22]" File: D:/ECE_287/Final_Project/Black_Jack/db/altsyncram_vmg1.tdf Line: 497
        Warning (14320): Synthesized away node "asset_controller:my_asset_controller|player_chip_asset:chipP|altsyncram:altsyncram_component|altsyncram_vmg1:auto_generated|q_a[23]" File: D:/ECE_287/Final_Project/Black_Jack/db/altsyncram_vmg1.tdf Line: 518
Info (278001): Inferred 28 megafunctions from design logic
    Info (278004): Inferred divider/modulo megafunction ("lpm_divide") from the following logic: "Mod0" File: D:/ECE_287/Final_Project/Black_Jack/black_jack.v Line: 1875
    Info (278004): Inferred divider/modulo megafunction ("lpm_divide") from the following logic: "Mod1" File: D:/ECE_287/Final_Project/Black_Jack/black_jack.v Line: 1882
    Info (278004): Inferred divider/modulo megafunction ("lpm_divide") from the following logic: "Mod2" File: D:/ECE_287/Final_Project/Black_Jack/black_jack.v Line: 1888
    Info (278004): Inferred divider/modulo megafunction ("lpm_divide") from the following logic: "Mod7" File: D:/ECE_287/Final_Project/Black_Jack/black_jack.v Line: 1918
    Info (278004): Inferred divider/modulo megafunction ("lpm_divide") from the following logic: "Mod15" File: D:/ECE_287/Final_Project/Black_Jack/black_jack.v Line: 1966
    Info (278004): Inferred divider/modulo megafunction ("lpm_divide") from the following logic: "Mod5" File: D:/ECE_287/Final_Project/Black_Jack/black_jack.v Line: 1906
    Info (278004): Inferred divider/modulo megafunction ("lpm_divide") from the following logic: "Mod6" File: D:/ECE_287/Final_Project/Black_Jack/black_jack.v Line: 1912
    Info (278004): Inferred divider/modulo megafunction ("lpm_divide") from the following logic: "Mod13" File: D:/ECE_287/Final_Project/Black_Jack/black_jack.v Line: 1954
    Info (278004): Inferred divider/modulo megafunction ("lpm_divide") from the following logic: "Mod14" File: D:/ECE_287/Final_Project/Black_Jack/black_jack.v Line: 1960
    Info (278004): Inferred divider/modulo megafunction ("lpm_divide") from the following logic: "Mod8" File: D:/ECE_287/Final_Project/Black_Jack/black_jack.v Line: 1924
    Info (278004): Inferred divider/modulo megafunction ("lpm_divide") from the following logic: "Mod3" File: D:/ECE_287/Final_Project/Black_Jack/black_jack.v Line: 1894
    Info (278004): Inferred divider/modulo megafunction ("lpm_divide") from the following logic: "Mod4" File: D:/ECE_287/Final_Project/Black_Jack/black_jack.v Line: 1900
    Info (278004): Inferred divider/modulo megafunction ("lpm_divide") from the following logic: "Mod11" File: D:/ECE_287/Final_Project/Black_Jack/black_jack.v Line: 1942
    Info (278004): Inferred divider/modulo megafunction ("lpm_divide") from the following logic: "Mod12" File: D:/ECE_287/Final_Project/Black_Jack/black_jack.v Line: 1948
    Info (278004): Inferred divider/modulo megafunction ("lpm_divide") from the following logic: "Div1" File: D:/ECE_287/Final_Project/Black_Jack/black_jack.v Line: 1883
    Info (278004): Inferred divider/modulo megafunction ("lpm_divide") from the following logic: "Div2" File: D:/ECE_287/Final_Project/Black_Jack/black_jack.v Line: 1889
    Info (278004): Inferred divider/modulo megafunction ("lpm_divide") from the following logic: "Div7" File: D:/ECE_287/Final_Project/Black_Jack/black_jack.v Line: 1919
    Info (278004): Inferred divider/modulo megafunction ("lpm_divide") from the following logic: "Div15" File: D:/ECE_287/Final_Project/Black_Jack/black_jack.v Line: 1967
    Info (278004): Inferred divider/modulo megafunction ("lpm_divide") from the following logic: "Div5" File: D:/ECE_287/Final_Project/Black_Jack/black_jack.v Line: 1907
    Info (278004): Inferred divider/modulo megafunction ("lpm_divide") from the following logic: "Div6" File: D:/ECE_287/Final_Project/Black_Jack/black_jack.v Line: 1913
    Info (278004): Inferred divider/modulo megafunction ("lpm_divide") from the following logic: "Div13" File: D:/ECE_287/Final_Project/Black_Jack/black_jack.v Line: 1955
    Info (278004): Inferred divider/modulo megafunction ("lpm_divide") from the following logic: "Div14" File: D:/ECE_287/Final_Project/Black_Jack/black_jack.v Line: 1961
    Info (278004): Inferred divider/modulo megafunction ("lpm_divide") from the following logic: "Div8" File: D:/ECE_287/Final_Project/Black_Jack/black_jack.v Line: 1925
    Info (278004): Inferred divider/modulo megafunction ("lpm_divide") from the following logic: "Div3" File: D:/ECE_287/Final_Project/Black_Jack/black_jack.v Line: 1895
    Info (278004): Inferred divider/modulo megafunction ("lpm_divide") from the following logic: "Div4" File: D:/ECE_287/Final_Project/Black_Jack/black_jack.v Line: 1901
    Info (278004): Inferred divider/modulo megafunction ("lpm_divide") from the following logic: "Div11" File: D:/ECE_287/Final_Project/Black_Jack/black_jack.v Line: 1943
    Info (278004): Inferred divider/modulo megafunction ("lpm_divide") from the following logic: "Div12" File: D:/ECE_287/Final_Project/Black_Jack/black_jack.v Line: 1949
    Info (278004): Inferred divider/modulo megafunction ("lpm_divide") from the following logic: "shuffle_deck_v2:my_deck_v2|Mod0" File: D:/ECE_287/Final_Project/Black_Jack/shuffle_deck_v2.v Line: 235
Info (12130): Elaborated megafunction instantiation "lpm_divide:Mod0" File: D:/ECE_287/Final_Project/Black_Jack/black_jack.v Line: 1875
Info (12133): Instantiated megafunction "lpm_divide:Mod0" with the following parameter: File: D:/ECE_287/Final_Project/Black_Jack/black_jack.v Line: 1875
    Info (12134): Parameter "LPM_WIDTHN" = "4"
    Info (12134): Parameter "LPM_WIDTHD" = "4"
    Info (12134): Parameter "LPM_NREPRESENTATION" = "UNSIGNED"
    Info (12134): Parameter "LPM_DREPRESENTATION" = "UNSIGNED"
Info (12021): Found 1 design units, including 1 entities, in source file db/lpm_divide_42m.tdf
    Info (12023): Found entity 1: lpm_divide_42m File: D:/ECE_287/Final_Project/Black_Jack/db/lpm_divide_42m.tdf Line: 25
Info (12021): Found 1 design units, including 1 entities, in source file db/sign_div_unsign_7kh.tdf
    Info (12023): Found entity 1: sign_div_unsign_7kh File: D:/ECE_287/Final_Project/Black_Jack/db/sign_div_unsign_7kh.tdf Line: 25
Info (12021): Found 1 design units, including 1 entities, in source file db/alt_u_div_kse.tdf
    Info (12023): Found entity 1: alt_u_div_kse File: D:/ECE_287/Final_Project/Black_Jack/db/alt_u_div_kse.tdf Line: 23
Info (12130): Elaborated megafunction instantiation "lpm_divide:Mod1" File: D:/ECE_287/Final_Project/Black_Jack/black_jack.v Line: 1882
Info (12133): Instantiated megafunction "lpm_divide:Mod1" with the following parameter: File: D:/ECE_287/Final_Project/Black_Jack/black_jack.v Line: 1882
    Info (12134): Parameter "LPM_WIDTHN" = "5"
    Info (12134): Parameter "LPM_WIDTHD" = "4"
    Info (12134): Parameter "LPM_NREPRESENTATION" = "UNSIGNED"
    Info (12134): Parameter "LPM_DREPRESENTATION" = "UNSIGNED"
Info (12021): Found 1 design units, including 1 entities, in source file db/lpm_divide_52m.tdf
    Info (12023): Found entity 1: lpm_divide_52m File: D:/ECE_287/Final_Project/Black_Jack/db/lpm_divide_52m.tdf Line: 25
Info (12021): Found 1 design units, including 1 entities, in source file db/sign_div_unsign_8kh.tdf
    Info (12023): Found entity 1: sign_div_unsign_8kh File: D:/ECE_287/Final_Project/Black_Jack/db/sign_div_unsign_8kh.tdf Line: 25
Info (12021): Found 1 design units, including 1 entities, in source file db/alt_u_div_mse.tdf
    Info (12023): Found entity 1: alt_u_div_mse File: D:/ECE_287/Final_Project/Black_Jack/db/alt_u_div_mse.tdf Line: 23
Info (12130): Elaborated megafunction instantiation "lpm_divide:Mod8" File: D:/ECE_287/Final_Project/Black_Jack/black_jack.v Line: 1924
Info (12133): Instantiated megafunction "lpm_divide:Mod8" with the following parameter: File: D:/ECE_287/Final_Project/Black_Jack/black_jack.v Line: 1924
    Info (12134): Parameter "LPM_WIDTHN" = "6"
    Info (12134): Parameter "LPM_WIDTHD" = "4"
    Info (12134): Parameter "LPM_NREPRESENTATION" = "UNSIGNED"
    Info (12134): Parameter "LPM_DREPRESENTATION" = "UNSIGNED"
Info (12021): Found 1 design units, including 1 entities, in source file db/lpm_divide_62m.tdf
    Info (12023): Found entity 1: lpm_divide_62m File: D:/ECE_287/Final_Project/Black_Jack/db/lpm_divide_62m.tdf Line: 25
Info (12021): Found 1 design units, including 1 entities, in source file db/sign_div_unsign_9kh.tdf
    Info (12023): Found entity 1: sign_div_unsign_9kh File: D:/ECE_287/Final_Project/Black_Jack/db/sign_div_unsign_9kh.tdf Line: 25
Info (12021): Found 1 design units, including 1 entities, in source file db/alt_u_div_ose.tdf
    Info (12023): Found entity 1: alt_u_div_ose File: D:/ECE_287/Final_Project/Black_Jack/db/alt_u_div_ose.tdf Line: 23
Info (12130): Elaborated megafunction instantiation "lpm_divide:Div1" File: D:/ECE_287/Final_Project/Black_Jack/black_jack.v Line: 1883
Info (12133): Instantiated megafunction "lpm_divide:Div1" with the following parameter: File: D:/ECE_287/Final_Project/Black_Jack/black_jack.v Line: 1883
    Info (12134): Parameter "LPM_WIDTHN" = "5"
    Info (12134): Parameter "LPM_WIDTHD" = "4"
    Info (12134): Parameter "LPM_NREPRESENTATION" = "UNSIGNED"
    Info (12134): Parameter "LPM_DREPRESENTATION" = "UNSIGNED"
Info (12021): Found 1 design units, including 1 entities, in source file db/lpm_divide_2am.tdf
    Info (12023): Found entity 1: lpm_divide_2am File: D:/ECE_287/Final_Project/Black_Jack/db/lpm_divide_2am.tdf Line: 25
Info (12130): Elaborated megafunction instantiation "lpm_divide:Div7" File: D:/ECE_287/Final_Project/Black_Jack/black_jack.v Line: 1919
Info (12133): Instantiated megafunction "lpm_divide:Div7" with the following parameter: File: D:/ECE_287/Final_Project/Black_Jack/black_jack.v Line: 1919
    Info (12134): Parameter "LPM_WIDTHN" = "4"
    Info (12134): Parameter "LPM_WIDTHD" = "4"
    Info (12134): Parameter "LPM_NREPRESENTATION" = "UNSIGNED"
    Info (12134): Parameter "LPM_DREPRESENTATION" = "UNSIGNED"
Info (12021): Found 1 design units, including 1 entities, in source file db/lpm_divide_1am.tdf
    Info (12023): Found entity 1: lpm_divide_1am File: D:/ECE_287/Final_Project/Black_Jack/db/lpm_divide_1am.tdf Line: 25
Info (12130): Elaborated megafunction instantiation "lpm_divide:Div8" File: D:/ECE_287/Final_Project/Black_Jack/black_jack.v Line: 1925
Info (12133): Instantiated megafunction "lpm_divide:Div8" with the following parameter: File: D:/ECE_287/Final_Project/Black_Jack/black_jack.v Line: 1925
    Info (12134): Parameter "LPM_WIDTHN" = "6"
    Info (12134): Parameter "LPM_WIDTHD" = "4"
    Info (12134): Parameter "LPM_NREPRESENTATION" = "UNSIGNED"
    Info (12134): Parameter "LPM_DREPRESENTATION" = "UNSIGNED"
Info (12021): Found 1 design units, including 1 entities, in source file db/lpm_divide_3am.tdf
    Info (12023): Found entity 1: lpm_divide_3am File: D:/ECE_287/Final_Project/Black_Jack/db/lpm_divide_3am.tdf Line: 25
Info (12130): Elaborated megafunction instantiation "shuffle_deck_v2:my_deck_v2|lpm_divide:Mod0" File: D:/ECE_287/Final_Project/Black_Jack/shuffle_deck_v2.v Line: 235
Info (12133): Instantiated megafunction "shuffle_deck_v2:my_deck_v2|lpm_divide:Mod0" with the following parameter: File: D:/ECE_287/Final_Project/Black_Jack/shuffle_deck_v2.v Line: 235
    Info (12134): Parameter "LPM_WIDTHN" = "6"
    Info (12134): Parameter "LPM_WIDTHD" = "6"
    Info (12134): Parameter "LPM_NREPRESENTATION" = "UNSIGNED"
    Info (12134): Parameter "LPM_DREPRESENTATION" = "UNSIGNED"
Info (12021): Found 1 design units, including 1 entities, in source file db/lpm_divide_82m.tdf
    Info (12023): Found entity 1: lpm_divide_82m File: D:/ECE_287/Final_Project/Black_Jack/db/lpm_divide_82m.tdf Line: 25
Info (12021): Found 1 design units, including 1 entities, in source file db/sign_div_unsign_bkh.tdf
    Info (12023): Found entity 1: sign_div_unsign_bkh File: D:/ECE_287/Final_Project/Black_Jack/db/sign_div_unsign_bkh.tdf Line: 25
Info (12021): Found 1 design units, including 1 entities, in source file db/alt_u_div_sse.tdf
    Info (12023): Found entity 1: alt_u_div_sse File: D:/ECE_287/Final_Project/Black_Jack/db/alt_u_div_sse.tdf Line: 23
Warning (12241): 11 hierarchies have connectivity warnings - see the Connectivity Checks report folder
Warning (13012): Latch NS[3] has unsafe behavior File: D:/ECE_287/Final_Project/Black_Jack/black_jack.v Line: 1116
    Warning (13013): Ports D and ENA on the latch are fed by the same signal S[4] File: D:/ECE_287/Final_Project/Black_Jack/black_jack.v Line: 1113
Warning (13012): Latch NS[4] has unsafe behavior File: D:/ECE_287/Final_Project/Black_Jack/black_jack.v Line: 1116
    Warning (13013): Ports D and ENA on the latch are fed by the same signal S[4] File: D:/ECE_287/Final_Project/Black_Jack/black_jack.v Line: 1113
Warning (13012): Latch NS[5] has unsafe behavior File: D:/ECE_287/Final_Project/Black_Jack/black_jack.v Line: 1116
    Warning (13013): Ports D and ENA on the latch are fed by the same signal S[5] File: D:/ECE_287/Final_Project/Black_Jack/black_jack.v Line: 1113
Warning (13012): Latch wren has unsafe behavior File: D:/ECE_287/Final_Project/Black_Jack/black_jack.v Line: 1014
    Warning (13013): Ports D and ENA on the latch are fed by the same signal S[5] File: D:/ECE_287/Final_Project/Black_Jack/black_jack.v Line: 1113
Warning (13012): Latch deck_write_data[0] has unsafe behavior File: D:/ECE_287/Final_Project/Black_Jack/black_jack.v Line: 1116
    Warning (13013): Ports D and ENA on the latch are fed by the same signal S[5] File: D:/ECE_287/Final_Project/Black_Jack/black_jack.v Line: 1113
Warning (13012): Latch deck_index[0] has unsafe behavior File: D:/ECE_287/Final_Project/Black_Jack/black_jack.v Line: 1116
    Warning (13013): Ports D and ENA on the latch are fed by the same signal S[4] File: D:/ECE_287/Final_Project/Black_Jack/black_jack.v Line: 1113
Warning (13012): Latch deck_index[1] has unsafe behavior File: D:/ECE_287/Final_Project/Black_Jack/black_jack.v Line: 1116
    Warning (13013): Ports D and ENA on the latch are fed by the same signal S[4] File: D:/ECE_287/Final_Project/Black_Jack/black_jack.v Line: 1113
Warning (13012): Latch deck_index[2] has unsafe behavior File: D:/ECE_287/Final_Project/Black_Jack/black_jack.v Line: 1116
    Warning (13013): Ports D and ENA on the latch are fed by the same signal S[4] File: D:/ECE_287/Final_Project/Black_Jack/black_jack.v Line: 1113
Warning (13012): Latch deck_index[3] has unsafe behavior File: D:/ECE_287/Final_Project/Black_Jack/black_jack.v Line: 1116
    Warning (13013): Ports D and ENA on the latch are fed by the same signal S[4] File: D:/ECE_287/Final_Project/Black_Jack/black_jack.v Line: 1113
Warning (13012): Latch deck_index[4] has unsafe behavior File: D:/ECE_287/Final_Project/Black_Jack/black_jack.v Line: 1116
    Warning (13013): Ports D and ENA on the latch are fed by the same signal S[4] File: D:/ECE_287/Final_Project/Black_Jack/black_jack.v Line: 1113
Warning (13012): Latch deck_index[5] has unsafe behavior File: D:/ECE_287/Final_Project/Black_Jack/black_jack.v Line: 1116
    Warning (13013): Ports D and ENA on the latch are fed by the same signal S[4] File: D:/ECE_287/Final_Project/Black_Jack/black_jack.v Line: 1113
Warning (13012): Latch deck_write_data[1] has unsafe behavior File: D:/ECE_287/Final_Project/Black_Jack/black_jack.v Line: 1116
    Warning (13013): Ports D and ENA on the latch are fed by the same signal S[5] File: D:/ECE_287/Final_Project/Black_Jack/black_jack.v Line: 1113
Warning (13012): Latch deck_write_data[2] has unsafe behavior File: D:/ECE_287/Final_Project/Black_Jack/black_jack.v Line: 1116
    Warning (13013): Ports D and ENA on the latch are fed by the same signal S[5] File: D:/ECE_287/Final_Project/Black_Jack/black_jack.v Line: 1113
Warning (13012): Latch deck_write_data[3] has unsafe behavior File: D:/ECE_287/Final_Project/Black_Jack/black_jack.v Line: 1116
    Warning (13013): Ports D and ENA on the latch are fed by the same signal S[5] File: D:/ECE_287/Final_Project/Black_Jack/black_jack.v Line: 1113
Warning (13012): Latch deck_write_data[4] has unsafe behavior File: D:/ECE_287/Final_Project/Black_Jack/black_jack.v Line: 1116
    Warning (13013): Ports D and ENA on the latch are fed by the same signal S[5] File: D:/ECE_287/Final_Project/Black_Jack/black_jack.v Line: 1113
Warning (13012): Latch deck_write_data[5] has unsafe behavior File: D:/ECE_287/Final_Project/Black_Jack/black_jack.v Line: 1116
    Warning (13013): Ports D and ENA on the latch are fed by the same signal S[5] File: D:/ECE_287/Final_Project/Black_Jack/black_jack.v Line: 1113
Warning (13012): Latch asset_controller:my_asset_controller|asset_out[0] has unsafe behavior File: D:/ECE_287/Final_Project/Black_Jack/asset_controller.v Line: 134
    Warning (13013): Ports D and ENA on the latch are fed by the same signal cardP_en File: D:/ECE_287/Final_Project/Black_Jack/black_jack.v Line: 268
Warning (13012): Latch asset_controller:my_asset_controller|asset_out[1] has unsafe behavior File: D:/ECE_287/Final_Project/Black_Jack/asset_controller.v Line: 134
    Warning (13013): Ports D and ENA on the latch are fed by the same signal cardP_en File: D:/ECE_287/Final_Project/Black_Jack/black_jack.v Line: 268
Warning (13012): Latch asset_controller:my_asset_controller|asset_out[2] has unsafe behavior File: D:/ECE_287/Final_Project/Black_Jack/asset_controller.v Line: 134
    Warning (13013): Ports D and ENA on the latch are fed by the same signal cardP_en File: D:/ECE_287/Final_Project/Black_Jack/black_jack.v Line: 268
Warning (13012): Latch asset_controller:my_asset_controller|asset_out[3] has unsafe behavior File: D:/ECE_287/Final_Project/Black_Jack/asset_controller.v Line: 134
    Warning (13013): Ports D and ENA on the latch are fed by the same signal cardP_en File: D:/ECE_287/Final_Project/Black_Jack/black_jack.v Line: 268
Warning (13012): Latch asset_controller:my_asset_controller|asset_out[4] has unsafe behavior File: D:/ECE_287/Final_Project/Black_Jack/asset_controller.v Line: 134
    Warning (13013): Ports D and ENA on the latch are fed by the same signal cardP_en File: D:/ECE_287/Final_Project/Black_Jack/black_jack.v Line: 268
Warning (13012): Latch asset_controller:my_asset_controller|asset_out[5] has unsafe behavior File: D:/ECE_287/Final_Project/Black_Jack/asset_controller.v Line: 134
    Warning (13013): Ports D and ENA on the latch are fed by the same signal cardP_en File: D:/ECE_287/Final_Project/Black_Jack/black_jack.v Line: 268
Warning (13012): Latch asset_controller:my_asset_controller|asset_out[6] has unsafe behavior File: D:/ECE_287/Final_Project/Black_Jack/asset_controller.v Line: 134
    Warning (13013): Ports D and ENA on the latch are fed by the same signal cardP_en File: D:/ECE_287/Final_Project/Black_Jack/black_jack.v Line: 268
Warning (13012): Latch asset_controller:my_asset_controller|asset_out[7] has unsafe behavior File: D:/ECE_287/Final_Project/Black_Jack/asset_controller.v Line: 134
    Warning (13013): Ports D and ENA on the latch are fed by the same signal cardP_en File: D:/ECE_287/Final_Project/Black_Jack/black_jack.v Line: 268
Warning (13012): Latch asset_controller:my_asset_controller|asset_out[8] has unsafe behavior File: D:/ECE_287/Final_Project/Black_Jack/asset_controller.v Line: 134
    Warning (13013): Ports D and ENA on the latch are fed by the same signal cardP_en File: D:/ECE_287/Final_Project/Black_Jack/black_jack.v Line: 268
Warning (13012): Latch asset_controller:my_asset_controller|asset_out[9] has unsafe behavior File: D:/ECE_287/Final_Project/Black_Jack/asset_controller.v Line: 134
    Warning (13013): Ports D and ENA on the latch are fed by the same signal cardP_en File: D:/ECE_287/Final_Project/Black_Jack/black_jack.v Line: 268
Warning (13012): Latch asset_controller:my_asset_controller|asset_out[10] has unsafe behavior File: D:/ECE_287/Final_Project/Black_Jack/asset_controller.v Line: 134
    Warning (13013): Ports D and ENA on the latch are fed by the same signal cardP_en File: D:/ECE_287/Final_Project/Black_Jack/black_jack.v Line: 268
Warning (13012): Latch asset_controller:my_asset_controller|asset_out[11] has unsafe behavior File: D:/ECE_287/Final_Project/Black_Jack/asset_controller.v Line: 134
    Warning (13013): Ports D and ENA on the latch are fed by the same signal cardP_en File: D:/ECE_287/Final_Project/Black_Jack/black_jack.v Line: 268
Warning (13012): Latch asset_controller:my_asset_controller|asset_out[12] has unsafe behavior File: D:/ECE_287/Final_Project/Black_Jack/asset_controller.v Line: 134
    Warning (13013): Ports D and ENA on the latch are fed by the same signal cardP_en File: D:/ECE_287/Final_Project/Black_Jack/black_jack.v Line: 268
Warning (13012): Latch asset_controller:my_asset_controller|asset_out[13] has unsafe behavior File: D:/ECE_287/Final_Project/Black_Jack/asset_controller.v Line: 134
    Warning (13013): Ports D and ENA on the latch are fed by the same signal cardP_en File: D:/ECE_287/Final_Project/Black_Jack/black_jack.v Line: 268
Warning (13012): Latch asset_controller:my_asset_controller|asset_out[14] has unsafe behavior File: D:/ECE_287/Final_Project/Black_Jack/asset_controller.v Line: 134
    Warning (13013): Ports D and ENA on the latch are fed by the same signal cardP_en File: D:/ECE_287/Final_Project/Black_Jack/black_jack.v Line: 268
Warning (13012): Latch asset_controller:my_asset_controller|asset_out[15] has unsafe behavior File: D:/ECE_287/Final_Project/Black_Jack/asset_controller.v Line: 134
    Warning (13013): Ports D and ENA on the latch are fed by the same signal cardP_en File: D:/ECE_287/Final_Project/Black_Jack/black_jack.v Line: 268
Warning (13012): Latch asset_controller:my_asset_controller|asset_out[16] has unsafe behavior File: D:/ECE_287/Final_Project/Black_Jack/asset_controller.v Line: 134
    Warning (13013): Ports D and ENA on the latch are fed by the same signal cardP_en File: D:/ECE_287/Final_Project/Black_Jack/black_jack.v Line: 268
Warning (13012): Latch asset_controller:my_asset_controller|asset_out[17] has unsafe behavior File: D:/ECE_287/Final_Project/Black_Jack/asset_controller.v Line: 134
    Warning (13013): Ports D and ENA on the latch are fed by the same signal cardP_en File: D:/ECE_287/Final_Project/Black_Jack/black_jack.v Line: 268
Warning (13012): Latch asset_controller:my_asset_controller|asset_out[18] has unsafe behavior File: D:/ECE_287/Final_Project/Black_Jack/asset_controller.v Line: 134
    Warning (13013): Ports D and ENA on the latch are fed by the same signal cardP_en File: D:/ECE_287/Final_Project/Black_Jack/black_jack.v Line: 268
Warning (13012): Latch asset_controller:my_asset_controller|asset_out[19] has unsafe behavior File: D:/ECE_287/Final_Project/Black_Jack/asset_controller.v Line: 134
    Warning (13013): Ports D and ENA on the latch are fed by the same signal cardP_en File: D:/ECE_287/Final_Project/Black_Jack/black_jack.v Line: 268
Warning (13012): Latch asset_controller:my_asset_controller|asset_out[20] has unsafe behavior File: D:/ECE_287/Final_Project/Black_Jack/asset_controller.v Line: 134
    Warning (13013): Ports D and ENA on the latch are fed by the same signal cardP_en File: D:/ECE_287/Final_Project/Black_Jack/black_jack.v Line: 268
Warning (13012): Latch asset_controller:my_asset_controller|asset_out[21] has unsafe behavior File: D:/ECE_287/Final_Project/Black_Jack/asset_controller.v Line: 134
    Warning (13013): Ports D and ENA on the latch are fed by the same signal cardP_en File: D:/ECE_287/Final_Project/Black_Jack/black_jack.v Line: 268
Warning (13012): Latch asset_controller:my_asset_controller|asset_out[22] has unsafe behavior File: D:/ECE_287/Final_Project/Black_Jack/asset_controller.v Line: 134
    Warning (13013): Ports D and ENA on the latch are fed by the same signal cardP_en File: D:/ECE_287/Final_Project/Black_Jack/black_jack.v Line: 268
Warning (13012): Latch asset_controller:my_asset_controller|asset_out[23] has unsafe behavior File: D:/ECE_287/Final_Project/Black_Jack/asset_controller.v Line: 134
    Warning (13013): Ports D and ENA on the latch are fed by the same signal cardP_en File: D:/ECE_287/Final_Project/Black_Jack/black_jack.v Line: 268
Warning (13024): Output pins are stuck at VCC or GND
    Warning (13410): Pin "HEX1[1]" is stuck at GND File: D:/ECE_287/Final_Project/Black_Jack/black_jack.v Line: 42
    Warning (13410): Pin "HEX1[2]" is stuck at GND File: D:/ECE_287/Final_Project/Black_Jack/black_jack.v Line: 42
    Warning (13410): Pin "HEX1[6]" is stuck at VCC File: D:/ECE_287/Final_Project/Black_Jack/black_jack.v Line: 42
    Warning (13410): Pin "HEX3[0]" is stuck at GND File: D:/ECE_287/Final_Project/Black_Jack/black_jack.v Line: 44
    Warning (13410): Pin "HEX3[1]" is stuck at GND File: D:/ECE_287/Final_Project/Black_Jack/black_jack.v Line: 44
    Warning (13410): Pin "HEX3[2]" is stuck at GND File: D:/ECE_287/Final_Project/Black_Jack/black_jack.v Line: 44
    Warning (13410): Pin "HEX3[3]" is stuck at GND File: D:/ECE_287/Final_Project/Black_Jack/black_jack.v Line: 44
    Warning (13410): Pin "HEX3[4]" is stuck at GND File: D:/ECE_287/Final_Project/Black_Jack/black_jack.v Line: 44
    Warning (13410): Pin "HEX3[5]" is stuck at GND File: D:/ECE_287/Final_Project/Black_Jack/black_jack.v Line: 44
    Warning (13410): Pin "HEX3[6]" is stuck at GND File: D:/ECE_287/Final_Project/Black_Jack/black_jack.v Line: 44
    Warning (13410): Pin "LEDR[0]" is stuck at GND File: D:/ECE_287/Final_Project/Black_Jack/black_jack.v Line: 56
    Warning (13410): Pin "LEDR[1]" is stuck at GND File: D:/ECE_287/Final_Project/Black_Jack/black_jack.v Line: 56
    Warning (13410): Pin "LEDR[2]" is stuck at GND File: D:/ECE_287/Final_Project/Black_Jack/black_jack.v Line: 56
    Warning (13410): Pin "LEDR[3]" is stuck at GND File: D:/ECE_287/Final_Project/Black_Jack/black_jack.v Line: 56
    Warning (13410): Pin "LEDR[6]" is stuck at GND File: D:/ECE_287/Final_Project/Black_Jack/black_jack.v Line: 56
    Warning (13410): Pin "VGA_SYNC_N" is stuck at VCC File: D:/ECE_287/Final_Project/Black_Jack/black_jack.v Line: 81
Info (286031): Timing-Driven Synthesis is running on partition "Top"
Info (17049): 322 registers lost all their fanouts during netlist optimizations.
Info (17036): Removed 4 MSB VCC or GND address nodes from RAM block "asset_controller:my_asset_controller|replace_background:replacement|altsyncram:altsyncram_component|altsyncram_lbh1:auto_generated|ALTSYNCRAM" File: D:/ECE_287/Final_Project/Black_Jack/db/altsyncram_lbh1.tdf Line: 42
Info (144001): Generated suppressed messages file D:/ECE_287/Final_Project/Black_Jack/output_files/black_jack.map.smsg
Info (35024): Successfully connected in-system debug instance "auto_signaltap_0" to all 85 required data inputs, trigger inputs, acquisition clocks, and dynamic pins
Info (16010): Generating hard_block partition "hard_block:auto_generated_inst"
    Info (16011): Adding 9 node(s), including 0 DDIO, 0 PLL, 0 transceiver and 0 LCELL
Warning (21074): Design contains 1 input pin(s) that do not drive logic
    Warning (15610): No output dependent on input pin "KEY[3]" File: D:/ECE_287/Final_Project/Black_Jack/black_jack.v Line: 53
Info (21057): Implemented 2783 device resources after synthesis - the final resource count might be different
    Info (21058): Implemented 18 input pins
    Info (21059): Implemented 82 output pins
    Info (21061): Implemented 2246 logic cells
    Info (21064): Implemented 435 RAM segments
    Info (21062): Implemented 1 DSP elements
Info: Quartus Prime Analysis & Synthesis was successful. 0 errors, 346 warnings
    Info: Peak virtual memory: 5069 megabytes
    Info: Processing ended: Thu Dec 11 13:27:16 2025
    Info: Elapsed time: 00:00:36
    Info: Total CPU time (on all processors): 00:00:16


+------------------------------------------+
; Analysis & Synthesis Suppressed Messages ;
+------------------------------------------+
The suppressed messages can be found in D:/ECE_287/Final_Project/Black_Jack/output_files/black_jack.map.smsg.


