Signal Legend:

Key        Signal Name

0        = debug_num1[6..0]
1        = KEY[2]
2        = HEX5[6..0]
3        = HEX4[6..0]
4        = HEX4[6]
5        = HEX4[5]
6        = HEX4[4]
7        = HEX4[3]
8        = HEX4[2]
9        = HEX4[1]
10       = HEX4[0]

Data Table:

Signals-> 0   1 2   3   4 5 6 7 8 9 10 

sample

-1024     00h 0 40h 02h 0 0 0 0 0 1 0  
-1023     00h 0 40h 02h 0 0 0 0 0 1 0  
-1022     00h 0 40h 02h 0 0 0 0 0 1 0  
-1021     00h 0 40h 02h 0 0 0 0 0 1 0  
-1020     00h 0 40h 02h 0 0 0 0 0 1 0  
-1019     00h 0 40h 02h 0 0 0 0 0 1 0  
-1018     00h 0 40h 02h 0 0 0 0 0 1 0  
-1017     00h 0 40h 02h 0 0 0 0 0 1 0  
-1016     00h 0 40h 02h 0 0 0 0 0 1 0  
-1015     00h 0 40h 02h 0 0 0 0 0 1 0  
-1014     00h 0 40h 02h 0 0 0 0 0 1 0  
-1013     00h 0 40h 02h 0 0 0 0 0 1 0  
-1012     00h 0 40h 02h 0 0 0 0 0 1 0  
-1011     00h 0 40h 02h 0 0 0 0 0 1 0  
-1010     00h 0 40h 02h 0 0 0 0 0 1 0  
-1009     00h 0 40h 02h 0 0 0 0 0 1 0  
-1008     00h 0 40h 02h 0 0 0 0 0 1 0  
-1007     00h 0 40h 02h 0 0 0 0 0 1 0  
-1006     00h 0 40h 02h 0 0 0 0 0 1 0  
-1005     00h 0 40h 02h 0 0 0 0 0 1 0  
-1004     00h 0 40h 02h 0 0 0 0 0 1 0  
-1003     00h 0 40h 02h 0 0 0 0 0 1 0  
-1002     00h 0 40h 02h 0 0 0 0 0 1 0  
-1001     00h 0 40h 02h 0 0 0 0 0 1 0  
-1000     00h 0 40h 02h 0 0 0 0 0 1 0  
-999      00h 0 40h 02h 0 0 0 0 0 1 0  
-998      00h 0 40h 02h 0 0 0 0 0 1 0  
-997      00h 0 40h 02h 0 0 0 0 0 1 0  
-996      00h 0 40h 02h 0 0 0 0 0 1 0  
-995      00h 0 40h 02h 0 0 0 0 0 1 0  
-994      00h 0 40h 02h 0 0 0 0 0 1 0  
-993      00h 0 40h 02h 0 0 0 0 0 1 0  
-992      00h 0 40h 02h 0 0 0 0 0 1 0  
-991      00h 0 40h 02h 0 0 0 0 0 1 0  
-990      00h 0 40h 02h 0 0 0 0 0 1 0  
-989      00h 0 40h 02h 0 0 0 0 0 1 0  
-988      00h 0 40h 02h 0 0 0 0 0 1 0  
-987      00h 0 40h 02h 0 0 0 0 0 1 0  
-986      00h 0 40h 02h 0 0 0 0 0 1 0  
-985      00h 0 40h 02h 0 0 0 0 0 1 0  
-984      00h 0 40h 02h 0 0 0 0 0 1 0  
-983      00h 0 40h 02h 0 0 0 0 0 1 0  
-982      00h 0 40h 02h 0 0 0 0 0 1 0  
-981      00h 0 40h 02h 0 0 0 0 0 1 0  
-980      00h 0 40h 02h 0 0 0 0 0 1 0  
-979      00h 0 40h 02h 0 0 0 0 0 1 0  
-978      00h 0 40h 02h 0 0 0 0 0 1 0  
-977      00h 0 40h 02h 0 0 0 0 0 1 0  
-976      00h 0 40h 02h 0 0 0 0 0 1 0  
-975      00h 0 40h 02h 0 0 0 0 0 1 0  
-974      00h 0 40h 02h 0 0 0 0 0 1 0  
-973      00h 0 40h 02h 0 0 0 0 0 1 0  
-972      00h 0 40h 02h 0 0 0 0 0 1 0  
-971      00h 0 40h 02h 0 0 0 0 0 1 0  
-970      00h 0 40h 02h 0 0 0 0 0 1 0  
-969      00h 0 40h 02h 0 0 0 0 0 1 0  
-968      00h 0 40h 02h 0 0 0 0 0 1 0  
-967      00h 0 40h 02h 0 0 0 0 0 1 0  
-966      00h 0 40h 02h 0 0 0 0 0 1 0  
-965      00h 0 40h 02h 0 0 0 0 0 1 0  
-964      00h 0 40h 02h 0 0 0 0 0 1 0  
-963      00h 0 40h 02h 0 0 0 0 0 1 0  
-962      00h 0 40h 02h 0 0 0 0 0 1 0  
-961      00h 0 40h 02h 0 0 0 0 0 1 0  
-960      00h 0 40h 02h 0 0 0 0 0 1 0  
-959      00h 0 40h 02h 0 0 0 0 0 1 0  
-958      00h 0 40h 02h 0 0 0 0 0 1 0  
-957      00h 0 40h 02h 0 0 0 0 0 1 0  
-956      00h 0 40h 02h 0 0 0 0 0 1 0  
-955      00h 0 40h 02h 0 0 0 0 0 1 0  
-954      00h 0 40h 02h 0 0 0 0 0 1 0  
-953      00h 0 40h 02h 0 0 0 0 0 1 0  
-952      00h 0 40h 02h 0 0 0 0 0 1 0  
-951      00h 0 40h 02h 0 0 0 0 0 1 0  
-950      00h 0 40h 02h 0 0 0 0 0 1 0  
-949      00h 0 40h 02h 0 0 0 0 0 1 0  
-948      00h 0 40h 02h 0 0 0 0 0 1 0  
-947      00h 0 40h 02h 0 0 0 0 0 1 0  
-946      00h 0 40h 02h 0 0 0 0 0 1 0  
-945      00h 0 40h 02h 0 0 0 0 0 1 0  
-944      00h 0 40h 02h 0 0 0 0 0 1 0  
-943      00h 0 40h 02h 0 0 0 0 0 1 0  
-942      00h 0 40h 02h 0 0 0 0 0 1 0  
-941      00h 0 40h 02h 0 0 0 0 0 1 0  
-940      00h 0 40h 02h 0 0 0 0 0 1 0  
-939      00h 0 40h 02h 0 0 0 0 0 1 0  
-938      00h 0 40h 02h 0 0 0 0 0 1 0  
-937      00h 0 40h 02h 0 0 0 0 0 1 0  
-936      00h 0 40h 02h 0 0 0 0 0 1 0  
-935      00h 0 40h 02h 0 0 0 0 0 1 0  
-934      00h 0 40h 02h 0 0 0 0 0 1 0  
-933      00h 0 40h 02h 0 0 0 0 0 1 0  
-932      00h 0 40h 02h 0 0 0 0 0 1 0  
-931      00h 0 40h 02h 0 0 0 0 0 1 0  
-930      00h 0 40h 02h 0 0 0 0 0 1 0  
-929      00h 0 40h 02h 0 0 0 0 0 1 0  
-928      00h 0 40h 02h 0 0 0 0 0 1 0  
-927      00h 0 40h 02h 0 0 0 0 0 1 0  
-926      00h 0 40h 02h 0 0 0 0 0 1 0  
-925      00h 0 40h 02h 0 0 0 0 0 1 0  
-924      00h 0 40h 02h 0 0 0 0 0 1 0  
-923      00h 0 40h 02h 0 0 0 0 0 1 0  
-922      00h 0 40h 02h 0 0 0 0 0 1 0  
-921      00h 0 40h 02h 0 0 0 0 0 1 0  
-920      00h 0 40h 02h 0 0 0 0 0 1 0  
-919      00h 0 40h 02h 0 0 0 0 0 1 0  
-918      00h 0 40h 02h 0 0 0 0 0 1 0  
-917      00h 0 40h 02h 0 0 0 0 0 1 0  
-916      00h 0 40h 02h 0 0 0 0 0 1 0  
-915      00h 0 40h 02h 0 0 0 0 0 1 0  
-914      00h 0 40h 02h 0 0 0 0 0 1 0  
-913      00h 0 40h 02h 0 0 0 0 0 1 0  
-912      00h 0 40h 02h 0 0 0 0 0 1 0  
-911      00h 0 40h 02h 0 0 0 0 0 1 0  
-910      00h 0 40h 02h 0 0 0 0 0 1 0  
-909      00h 0 40h 02h 0 0 0 0 0 1 0  
-908      00h 0 40h 02h 0 0 0 0 0 1 0  
-907      00h 0 40h 02h 0 0 0 0 0 1 0  
-906      00h 0 40h 02h 0 0 0 0 0 1 0  
-905      00h 0 40h 02h 0 0 0 0 0 1 0  
-904      00h 0 40h 02h 0 0 0 0 0 1 0  
-903      00h 0 40h 02h 0 0 0 0 0 1 0  
-902      00h 0 40h 02h 0 0 0 0 0 1 0  
-901      00h 0 40h 02h 0 0 0 0 0 1 0  
-900      00h 0 40h 02h 0 0 0 0 0 1 0  
-899      00h 0 40h 02h 0 0 0 0 0 1 0  
-898      00h 0 40h 02h 0 0 0 0 0 1 0  
-897      00h 0 40h 02h 0 0 0 0 0 1 0  
-896      00h 0 40h 02h 0 0 0 0 0 1 0  
-895      00h 0 40h 02h 0 0 0 0 0 1 0  
-894      00h 0 40h 02h 0 0 0 0 0 1 0  
-893      00h 0 40h 02h 0 0 0 0 0 1 0  
-892      00h 0 40h 02h 0 0 0 0 0 1 0  
-891      00h 0 40h 02h 0 0 0 0 0 1 0  
-890      00h 0 40h 02h 0 0 0 0 0 1 0  
-889      00h 0 40h 02h 0 0 0 0 0 1 0  
-888      00h 0 40h 02h 0 0 0 0 0 1 0  
-887      00h 0 40h 02h 0 0 0 0 0 1 0  
-886      00h 0 40h 02h 0 0 0 0 0 1 0  
-885      00h 0 40h 02h 0 0 0 0 0 1 0  
-884      00h 0 40h 02h 0 0 0 0 0 1 0  
-883      00h 0 40h 02h 0 0 0 0 0 1 0  
-882      00h 0 40h 02h 0 0 0 0 0 1 0  
-881      00h 0 40h 02h 0 0 0 0 0 1 0  
-880      00h 0 40h 02h 0 0 0 0 0 1 0  
-879      00h 0 40h 02h 0 0 0 0 0 1 0  
-878      00h 0 40h 02h 0 0 0 0 0 1 0  
-877      00h 0 40h 02h 0 0 0 0 0 1 0  
-876      00h 0 40h 02h 0 0 0 0 0 1 0  
-875      00h 0 40h 02h 0 0 0 0 0 1 0  
-874      00h 0 40h 02h 0 0 0 0 0 1 0  
-873      00h 0 40h 02h 0 0 0 0 0 1 0  
-872      00h 0 40h 02h 0 0 0 0 0 1 0  
-871      00h 0 40h 02h 0 0 0 0 0 1 0  
-870      00h 0 40h 02h 0 0 0 0 0 1 0  
-869      00h 0 40h 02h 0 0 0 0 0 1 0  
-868      00h 0 40h 02h 0 0 0 0 0 1 0  
-867      00h 0 40h 02h 0 0 0 0 0 1 0  
-866      00h 0 40h 02h 0 0 0 0 0 1 0  
-865      00h 0 40h 02h 0 0 0 0 0 1 0  
-864      00h 0 40h 02h 0 0 0 0 0 1 0  
-863      00h 0 40h 02h 0 0 0 0 0 1 0  
-862      00h 0 40h 02h 0 0 0 0 0 1 0  
-861      00h 0 40h 02h 0 0 0 0 0 1 0  
-860      00h 0 40h 02h 0 0 0 0 0 1 0  
-859      00h 0 40h 02h 0 0 0 0 0 1 0  
-858      00h 0 40h 02h 0 0 0 0 0 1 0  
-857      00h 0 40h 02h 0 0 0 0 0 1 0  
-856      00h 0 40h 02h 0 0 0 0 0 1 0  
-855      00h 0 40h 02h 0 0 0 0 0 1 0  
-854      00h 0 40h 02h 0 0 0 0 0 1 0  
-853      00h 0 40h 02h 0 0 0 0 0 1 0  
-852      00h 0 40h 02h 0 0 0 0 0 1 0  
-851      00h 0 40h 02h 0 0 0 0 0 1 0  
-850      00h 0 40h 02h 0 0 0 0 0 1 0  
-849      00h 0 40h 02h 0 0 0 0 0 1 0  
-848      00h 0 40h 02h 0 0 0 0 0 1 0  
-847      00h 0 40h 02h 0 0 0 0 0 1 0  
-846      00h 0 40h 02h 0 0 0 0 0 1 0  
-845      00h 0 40h 02h 0 0 0 0 0 1 0  
-844      00h 0 40h 02h 0 0 0 0 0 1 0  
-843      00h 0 40h 02h 0 0 0 0 0 1 0  
-842      00h 0 40h 02h 0 0 0 0 0 1 0  
-841      00h 0 40h 02h 0 0 0 0 0 1 0  
-840      00h 0 40h 02h 0 0 0 0 0 1 0  
-839      00h 0 40h 02h 0 0 0 0 0 1 0  
-838      00h 0 40h 02h 0 0 0 0 0 1 0  
-837      00h 0 40h 02h 0 0 0 0 0 1 0  
-836      00h 0 40h 02h 0 0 0 0 0 1 0  
-835      00h 0 40h 02h 0 0 0 0 0 1 0  
-834      00h 0 40h 02h 0 0 0 0 0 1 0  
-833      00h 0 40h 02h 0 0 0 0 0 1 0  
-832      00h 0 40h 02h 0 0 0 0 0 1 0  
-831      00h 0 40h 02h 0 0 0 0 0 1 0  
-830      00h 0 40h 02h 0 0 0 0 0 1 0  
-829      00h 0 40h 02h 0 0 0 0 0 1 0  
-828      00h 0 40h 02h 0 0 0 0 0 1 0  
-827      00h 0 40h 02h 0 0 0 0 0 1 0  
-826      00h 0 40h 02h 0 0 0 0 0 1 0  
-825      00h 0 40h 02h 0 0 0 0 0 1 0  
-824      00h 0 40h 02h 0 0 0 0 0 1 0  
-823      00h 0 40h 02h 0 0 0 0 0 1 0  
-822      00h 0 40h 02h 0 0 0 0 0 1 0  
-821      00h 0 40h 02h 0 0 0 0 0 1 0  
-820      00h 0 40h 02h 0 0 0 0 0 1 0  
-819      00h 0 40h 02h 0 0 0 0 0 1 0  
-818      00h 0 40h 02h 0 0 0 0 0 1 0  
-817      00h 0 40h 02h 0 0 0 0 0 1 0  
-816      00h 0 40h 02h 0 0 0 0 0 1 0  
-815      00h 0 40h 02h 0 0 0 0 0 1 0  
-814      00h 0 40h 02h 0 0 0 0 0 1 0  
-813      00h 0 40h 02h 0 0 0 0 0 1 0  
-812      00h 0 40h 02h 0 0 0 0 0 1 0  
-811      00h 0 40h 02h 0 0 0 0 0 1 0  
-810      00h 0 40h 02h 0 0 0 0 0 1 0  
-809      00h 0 40h 02h 0 0 0 0 0 1 0  
-808      00h 0 40h 02h 0 0 0 0 0 1 0  
-807      00h 0 40h 02h 0 0 0 0 0 1 0  
-806      00h 0 40h 02h 0 0 0 0 0 1 0  
-805      00h 0 40h 02h 0 0 0 0 0 1 0  
-804      00h 0 40h 02h 0 0 0 0 0 1 0  
-803      00h 0 40h 02h 0 0 0 0 0 1 0  
-802      00h 0 40h 02h 0 0 0 0 0 1 0  
-801      00h 0 40h 02h 0 0 0 0 0 1 0  
-800      00h 0 40h 02h 0 0 0 0 0 1 0  
-799      00h 0 40h 02h 0 0 0 0 0 1 0  
-798      00h 0 40h 02h 0 0 0 0 0 1 0  
-797      00h 0 40h 02h 0 0 0 0 0 1 0  
-796      00h 0 40h 02h 0 0 0 0 0 1 0  
-795      00h 0 40h 02h 0 0 0 0 0 1 0  
-794      00h 0 40h 02h 0 0 0 0 0 1 0  
-793      00h 0 40h 02h 0 0 0 0 0 1 0  
-792      00h 0 40h 02h 0 0 0 0 0 1 0  
-791      00h 0 40h 02h 0 0 0 0 0 1 0  
-790      00h 0 40h 02h 0 0 0 0 0 1 0  
-789      00h 0 40h 02h 0 0 0 0 0 1 0  
-788      00h 0 40h 02h 0 0 0 0 0 1 0  
-787      00h 0 40h 02h 0 0 0 0 0 1 0  
-786      00h 0 40h 02h 0 0 0 0 0 1 0  
-785      00h 0 40h 02h 0 0 0 0 0 1 0  
-784      00h 0 40h 02h 0 0 0 0 0 1 0  
-783      00h 0 40h 02h 0 0 0 0 0 1 0  
-782      00h 0 40h 02h 0 0 0 0 0 1 0  
-781      00h 0 40h 02h 0 0 0 0 0 1 0  
-780      00h 0 40h 02h 0 0 0 0 0 1 0  
-779      00h 0 40h 02h 0 0 0 0 0 1 0  
-778      00h 0 40h 02h 0 0 0 0 0 1 0  
-777      00h 0 40h 02h 0 0 0 0 0 1 0  
-776      00h 0 40h 02h 0 0 0 0 0 1 0  
-775      00h 0 40h 02h 0 0 0 0 0 1 0  
-774      00h 0 40h 02h 0 0 0 0 0 1 0  
-773      00h 0 40h 02h 0 0 0 0 0 1 0  
-772      00h 0 40h 02h 0 0 0 0 0 1 0  
-771      00h 0 40h 02h 0 0 0 0 0 1 0  
-770      00h 0 40h 02h 0 0 0 0 0 1 0  
-769      00h 0 40h 02h 0 0 0 0 0 1 0  
-768      00h 0 40h 02h 0 0 0 0 0 1 0  
-767      00h 0 40h 02h 0 0 0 0 0 1 0  
-766      00h 0 40h 02h 0 0 0 0 0 1 0  
-765      00h 0 40h 02h 0 0 0 0 0 1 0  
-764      00h 0 40h 02h 0 0 0 0 0 1 0  
-763      00h 0 40h 02h 0 0 0 0 0 1 0  
-762      00h 0 40h 02h 0 0 0 0 0 1 0  
-761      00h 0 40h 02h 0 0 0 0 0 1 0  
-760      00h 0 40h 02h 0 0 0 0 0 1 0  
-759      00h 0 40h 02h 0 0 0 0 0 1 0  
-758      00h 0 40h 02h 0 0 0 0 0 1 0  
-757      00h 0 40h 02h 0 0 0 0 0 1 0  
-756      00h 0 40h 02h 0 0 0 0 0 1 0  
-755      00h 0 40h 02h 0 0 0 0 0 1 0  
-754      00h 0 40h 02h 0 0 0 0 0 1 0  
-753      00h 0 40h 02h 0 0 0 0 0 1 0  
-752      00h 0 40h 02h 0 0 0 0 0 1 0  
-751      00h 0 40h 02h 0 0 0 0 0 1 0  
-750      00h 0 40h 02h 0 0 0 0 0 1 0  
-749      00h 0 40h 02h 0 0 0 0 0 1 0  
-748      00h 0 40h 02h 0 0 0 0 0 1 0  
-747      00h 0 40h 02h 0 0 0 0 0 1 0  
-746      00h 0 40h 02h 0 0 0 0 0 1 0  
-745      00h 0 40h 02h 0 0 0 0 0 1 0  
-744      00h 0 40h 02h 0 0 0 0 0 1 0  
-743      00h 0 40h 02h 0 0 0 0 0 1 0  
-742      00h 0 40h 02h 0 0 0 0 0 1 0  
-741      00h 0 40h 02h 0 0 0 0 0 1 0  
-740      00h 0 40h 02h 0 0 0 0 0 1 0  
-739      00h 0 40h 02h 0 0 0 0 0 1 0  
-738      00h 0 40h 02h 0 0 0 0 0 1 0  
-737      00h 0 40h 02h 0 0 0 0 0 1 0  
-736      00h 0 40h 02h 0 0 0 0 0 1 0  
-735      00h 0 40h 02h 0 0 0 0 0 1 0  
-734      00h 0 40h 02h 0 0 0 0 0 1 0  
-733      00h 0 40h 02h 0 0 0 0 0 1 0  
-732      00h 0 40h 02h 0 0 0 0 0 1 0  
-731      00h 0 40h 02h 0 0 0 0 0 1 0  
-730      00h 0 40h 02h 0 0 0 0 0 1 0  
-729      00h 0 40h 02h 0 0 0 0 0 1 0  
-728      00h 0 40h 02h 0 0 0 0 0 1 0  
-727      00h 0 40h 02h 0 0 0 0 0 1 0  
-726      00h 0 40h 02h 0 0 0 0 0 1 0  
-725      00h 0 40h 02h 0 0 0 0 0 1 0  
-724      00h 0 40h 02h 0 0 0 0 0 1 0  
-723      00h 0 40h 02h 0 0 0 0 0 1 0  
-722      00h 0 40h 02h 0 0 0 0 0 1 0  
-721      00h 0 40h 02h 0 0 0 0 0 1 0  
-720      00h 0 40h 02h 0 0 0 0 0 1 0  
-719      00h 0 40h 02h 0 0 0 0 0 1 0  
-718      00h 0 40h 02h 0 0 0 0 0 1 0  
-717      00h 0 40h 02h 0 0 0 0 0 1 0  
-716      00h 0 40h 02h 0 0 0 0 0 1 0  
-715      00h 0 40h 02h 0 0 0 0 0 1 0  
-714      00h 0 40h 02h 0 0 0 0 0 1 0  
-713      00h 0 40h 02h 0 0 0 0 0 1 0  
-712      00h 0 40h 02h 0 0 0 0 0 1 0  
-711      00h 0 40h 02h 0 0 0 0 0 1 0  
-710      00h 0 40h 02h 0 0 0 0 0 1 0  
-709      00h 0 40h 02h 0 0 0 0 0 1 0  
-708      00h 0 40h 02h 0 0 0 0 0 1 0  
-707      00h 0 40h 02h 0 0 0 0 0 1 0  
-706      00h 0 40h 02h 0 0 0 0 0 1 0  
-705      00h 0 40h 02h 0 0 0 0 0 1 0  
-704      00h 0 40h 02h 0 0 0 0 0 1 0  
-703      00h 0 40h 02h 0 0 0 0 0 1 0  
-702      00h 0 40h 02h 0 0 0 0 0 1 0  
-701      00h 0 40h 02h 0 0 0 0 0 1 0  
-700      00h 0 40h 02h 0 0 0 0 0 1 0  
-699      00h 0 40h 02h 0 0 0 0 0 1 0  
-698      00h 0 40h 02h 0 0 0 0 0 1 0  
-697      00h 0 40h 02h 0 0 0 0 0 1 0  
-696      00h 0 40h 02h 0 0 0 0 0 1 0  
-695      00h 0 40h 02h 0 0 0 0 0 1 0  
-694      00h 0 40h 02h 0 0 0 0 0 1 0  
-693      00h 0 40h 02h 0 0 0 0 0 1 0  
-692      00h 0 40h 02h 0 0 0 0 0 1 0  
-691      00h 0 40h 02h 0 0 0 0 0 1 0  
-690      00h 0 40h 02h 0 0 0 0 0 1 0  
-689      00h 0 40h 02h 0 0 0 0 0 1 0  
-688      00h 0 40h 02h 0 0 0 0 0 1 0  
-687      00h 0 40h 02h 0 0 0 0 0 1 0  
-686      00h 0 40h 02h 0 0 0 0 0 1 0  
-685      00h 0 40h 02h 0 0 0 0 0 1 0  
-684      00h 0 40h 02h 0 0 0 0 0 1 0  
-683      00h 0 40h 02h 0 0 0 0 0 1 0  
-682      00h 0 40h 02h 0 0 0 0 0 1 0  
-681      00h 0 40h 02h 0 0 0 0 0 1 0  
-680      00h 0 40h 02h 0 0 0 0 0 1 0  
-679      00h 0 40h 02h 0 0 0 0 0 1 0  
-678      00h 0 40h 02h 0 0 0 0 0 1 0  
-677      00h 0 40h 02h 0 0 0 0 0 1 0  
-676      00h 0 40h 02h 0 0 0 0 0 1 0  
-675      00h 0 40h 02h 0 0 0 0 0 1 0  
-674      00h 0 40h 02h 0 0 0 0 0 1 0  
-673      00h 0 40h 02h 0 0 0 0 0 1 0  
-672      00h 0 40h 02h 0 0 0 0 0 1 0  
-671      00h 0 40h 02h 0 0 0 0 0 1 0  
-670      00h 0 40h 02h 0 0 0 0 0 1 0  
-669      00h 0 40h 02h 0 0 0 0 0 1 0  
-668      00h 0 40h 02h 0 0 0 0 0 1 0  
-667      00h 0 40h 02h 0 0 0 0 0 1 0  
-666      00h 0 40h 02h 0 0 0 0 0 1 0  
-665      00h 0 40h 02h 0 0 0 0 0 1 0  
-664      00h 0 40h 02h 0 0 0 0 0 1 0  
-663      00h 0 40h 02h 0 0 0 0 0 1 0  
-662      00h 0 40h 02h 0 0 0 0 0 1 0  
-661      00h 0 40h 02h 0 0 0 0 0 1 0  
-660      00h 0 40h 02h 0 0 0 0 0 1 0  
-659      00h 0 40h 02h 0 0 0 0 0 1 0  
-658      00h 0 40h 02h 0 0 0 0 0 1 0  
-657      00h 0 40h 02h 0 0 0 0 0 1 0  
-656      00h 0 40h 02h 0 0 0 0 0 1 0  
-655      00h 0 40h 02h 0 0 0 0 0 1 0  
-654      00h 0 40h 02h 0 0 0 0 0 1 0  
-653      00h 0 40h 02h 0 0 0 0 0 1 0  
-652      00h 0 40h 02h 0 0 0 0 0 1 0  
-651      00h 0 40h 02h 0 0 0 0 0 1 0  
-650      00h 0 40h 02h 0 0 0 0 0 1 0  
-649      00h 0 40h 02h 0 0 0 0 0 1 0  
-648      00h 0 40h 02h 0 0 0 0 0 1 0  
-647      00h 0 40h 02h 0 0 0 0 0 1 0  
-646      00h 0 40h 02h 0 0 0 0 0 1 0  
-645      00h 0 40h 02h 0 0 0 0 0 1 0  
-644      00h 0 40h 02h 0 0 0 0 0 1 0  
-643      00h 0 40h 02h 0 0 0 0 0 1 0  
-642      00h 0 40h 02h 0 0 0 0 0 1 0  
-641      00h 0 40h 02h 0 0 0 0 0 1 0  
-640      00h 0 40h 02h 0 0 0 0 0 1 0  
-639      00h 0 40h 02h 0 0 0 0 0 1 0  
-638      00h 0 40h 02h 0 0 0 0 0 1 0  
-637      00h 0 40h 02h 0 0 0 0 0 1 0  
-636      00h 0 40h 02h 0 0 0 0 0 1 0  
-635      00h 0 40h 02h 0 0 0 0 0 1 0  
-634      00h 0 40h 02h 0 0 0 0 0 1 0  
-633      00h 0 40h 02h 0 0 0 0 0 1 0  
-632      00h 0 40h 02h 0 0 0 0 0 1 0  
-631      00h 0 40h 02h 0 0 0 0 0 1 0  
-630      00h 0 40h 02h 0 0 0 0 0 1 0  
-629      00h 0 40h 02h 0 0 0 0 0 1 0  
-628      00h 0 40h 02h 0 0 0 0 0 1 0  
-627      00h 0 40h 02h 0 0 0 0 0 1 0  
-626      00h 0 40h 02h 0 0 0 0 0 1 0  
-625      00h 0 40h 02h 0 0 0 0 0 1 0  
-624      00h 0 40h 02h 0 0 0 0 0 1 0  
-623      00h 0 40h 02h 0 0 0 0 0 1 0  
-622      00h 0 40h 02h 0 0 0 0 0 1 0  
-621      00h 0 40h 02h 0 0 0 0 0 1 0  
-620      00h 0 40h 02h 0 0 0 0 0 1 0  
-619      00h 0 40h 02h 0 0 0 0 0 1 0  
-618      00h 0 40h 02h 0 0 0 0 0 1 0  
-617      00h 0 40h 02h 0 0 0 0 0 1 0  
-616      00h 0 40h 02h 0 0 0 0 0 1 0  
-615      00h 0 40h 02h 0 0 0 0 0 1 0  
-614      00h 0 40h 02h 0 0 0 0 0 1 0  
-613      00h 0 40h 02h 0 0 0 0 0 1 0  
-612      00h 0 40h 02h 0 0 0 0 0 1 0  
-611      00h 0 40h 02h 0 0 0 0 0 1 0  
-610      00h 0 40h 02h 0 0 0 0 0 1 0  
-609      00h 0 40h 02h 0 0 0 0 0 1 0  
-608      00h 0 40h 02h 0 0 0 0 0 1 0  
-607      00h 0 40h 02h 0 0 0 0 0 1 0  
-606      00h 0 40h 02h 0 0 0 0 0 1 0  
-605      00h 0 40h 02h 0 0 0 0 0 1 0  
-604      00h 0 40h 02h 0 0 0 0 0 1 0  
-603      00h 0 40h 02h 0 0 0 0 0 1 0  
-602      00h 0 40h 02h 0 0 0 0 0 1 0  
-601      00h 0 40h 02h 0 0 0 0 0 1 0  
-600      00h 0 40h 02h 0 0 0 0 0 1 0  
-599      00h 0 40h 02h 0 0 0 0 0 1 0  
-598      00h 0 40h 02h 0 0 0 0 0 1 0  
-597      00h 0 40h 02h 0 0 0 0 0 1 0  
-596      00h 0 40h 02h 0 0 0 0 0 1 0  
-595      00h 0 40h 02h 0 0 0 0 0 1 0  
-594      00h 0 40h 02h 0 0 0 0 0 1 0  
-593      00h 0 40h 02h 0 0 0 0 0 1 0  
-592      00h 0 40h 02h 0 0 0 0 0 1 0  
-591      00h 0 40h 02h 0 0 0 0 0 1 0  
-590      00h 0 40h 02h 0 0 0 0 0 1 0  
-589      00h 0 40h 02h 0 0 0 0 0 1 0  
-588      00h 0 40h 02h 0 0 0 0 0 1 0  
-587      00h 0 40h 02h 0 0 0 0 0 1 0  
-586      00h 0 40h 02h 0 0 0 0 0 1 0  
-585      00h 0 40h 02h 0 0 0 0 0 1 0  
-584      00h 0 40h 02h 0 0 0 0 0 1 0  
-583      00h 0 40h 02h 0 0 0 0 0 1 0  
-582      00h 0 40h 02h 0 0 0 0 0 1 0  
-581      00h 0 40h 02h 0 0 0 0 0 1 0  
-580      00h 0 40h 02h 0 0 0 0 0 1 0  
-579      00h 0 40h 02h 0 0 0 0 0 1 0  
-578      00h 0 40h 02h 0 0 0 0 0 1 0  
-577      00h 0 40h 02h 0 0 0 0 0 1 0  
-576      00h 0 40h 02h 0 0 0 0 0 1 0  
-575      00h 0 40h 02h 0 0 0 0 0 1 0  
-574      00h 0 40h 02h 0 0 0 0 0 1 0  
-573      00h 0 40h 02h 0 0 0 0 0 1 0  
-572      00h 0 40h 02h 0 0 0 0 0 1 0  
-571      00h 0 40h 02h 0 0 0 0 0 1 0  
-570      00h 0 40h 02h 0 0 0 0 0 1 0  
-569      00h 0 40h 02h 0 0 0 0 0 1 0  
-568      00h 0 40h 02h 0 0 0 0 0 1 0  
-567      00h 0 40h 02h 0 0 0 0 0 1 0  
-566      00h 0 40h 02h 0 0 0 0 0 1 0  
-565      00h 0 40h 02h 0 0 0 0 0 1 0  
-564      00h 0 40h 02h 0 0 0 0 0 1 0  
-563      00h 0 40h 02h 0 0 0 0 0 1 0  
-562      00h 0 40h 02h 0 0 0 0 0 1 0  
-561      00h 0 40h 02h 0 0 0 0 0 1 0  
-560      00h 0 40h 02h 0 0 0 0 0 1 0  
-559      00h 0 40h 02h 0 0 0 0 0 1 0  
-558      00h 0 40h 02h 0 0 0 0 0 1 0  
-557      00h 0 40h 02h 0 0 0 0 0 1 0  
-556      00h 0 40h 02h 0 0 0 0 0 1 0  
-555      00h 0 40h 02h 0 0 0 0 0 1 0  
-554      00h 0 40h 02h 0 0 0 0 0 1 0  
-553      00h 0 40h 02h 0 0 0 0 0 1 0  
-552      00h 0 40h 02h 0 0 0 0 0 1 0  
-551      00h 0 40h 02h 0 0 0 0 0 1 0  
-550      00h 0 40h 02h 0 0 0 0 0 1 0  
-549      00h 0 40h 02h 0 0 0 0 0 1 0  
-548      00h 0 40h 02h 0 0 0 0 0 1 0  
-547      00h 0 40h 02h 0 0 0 0 0 1 0  
-546      00h 0 40h 02h 0 0 0 0 0 1 0  
-545      00h 0 40h 02h 0 0 0 0 0 1 0  
-544      00h 0 40h 02h 0 0 0 0 0 1 0  
-543      00h 0 40h 02h 0 0 0 0 0 1 0  
-542      00h 0 40h 02h 0 0 0 0 0 1 0  
-541      00h 0 40h 02h 0 0 0 0 0 1 0  
-540      00h 0 40h 02h 0 0 0 0 0 1 0  
-539      00h 0 40h 02h 0 0 0 0 0 1 0  
-538      00h 0 40h 02h 0 0 0 0 0 1 0  
-537      00h 0 40h 02h 0 0 0 0 0 1 0  
-536      00h 0 40h 02h 0 0 0 0 0 1 0  
-535      00h 0 40h 02h 0 0 0 0 0 1 0  
-534      00h 0 40h 02h 0 0 0 0 0 1 0  
-533      00h 0 40h 02h 0 0 0 0 0 1 0  
-532      00h 0 40h 02h 0 0 0 0 0 1 0  
-531      00h 0 40h 02h 0 0 0 0 0 1 0  
-530      00h 0 40h 02h 0 0 0 0 0 1 0  
-529      00h 0 40h 02h 0 0 0 0 0 1 0  
-528      00h 0 40h 02h 0 0 0 0 0 1 0  
-527      00h 0 40h 02h 0 0 0 0 0 1 0  
-526      00h 0 40h 02h 0 0 0 0 0 1 0  
-525      00h 0 40h 02h 0 0 0 0 0 1 0  
-524      00h 0 40h 02h 0 0 0 0 0 1 0  
-523      00h 0 40h 02h 0 0 0 0 0 1 0  
-522      00h 0 40h 02h 0 0 0 0 0 1 0  
-521      00h 0 40h 02h 0 0 0 0 0 1 0  
-520      00h 0 40h 02h 0 0 0 0 0 1 0  
-519      00h 0 40h 02h 0 0 0 0 0 1 0  
-518      00h 0 40h 02h 0 0 0 0 0 1 0  
-517      00h 0 40h 02h 0 0 0 0 0 1 0  
-516      00h 0 40h 02h 0 0 0 0 0 1 0  
-515      00h 0 40h 02h 0 0 0 0 0 1 0  
-514      00h 0 40h 02h 0 0 0 0 0 1 0  
-513      00h 0 40h 02h 0 0 0 0 0 1 0  
-512      00h 0 40h 02h 0 0 0 0 0 1 0  
-511      00h 0 40h 02h 0 0 0 0 0 1 0  
-510      00h 0 40h 02h 0 0 0 0 0 1 0  
-509      00h 0 40h 02h 0 0 0 0 0 1 0  
-508      00h 0 40h 02h 0 0 0 0 0 1 0  
-507      00h 0 40h 02h 0 0 0 0 0 1 0  
-506      00h 0 40h 02h 0 0 0 0 0 1 0  
-505      00h 0 40h 02h 0 0 0 0 0 1 0  
-504      00h 0 40h 02h 0 0 0 0 0 1 0  
-503      00h 0 40h 02h 0 0 0 0 0 1 0  
-502      00h 0 40h 02h 0 0 0 0 0 1 0  
-501      00h 0 40h 02h 0 0 0 0 0 1 0  
-500      00h 0 40h 02h 0 0 0 0 0 1 0  
-499      00h 0 40h 02h 0 0 0 0 0 1 0  
-498      00h 0 40h 02h 0 0 0 0 0 1 0  
-497      00h 0 40h 02h 0 0 0 0 0 1 0  
-496      00h 0 40h 02h 0 0 0 0 0 1 0  
-495      00h 0 40h 02h 0 0 0 0 0 1 0  
-494      00h 0 40h 02h 0 0 0 0 0 1 0  
-493      00h 0 40h 02h 0 0 0 0 0 1 0  
-492      00h 0 40h 02h 0 0 0 0 0 1 0  
-491      00h 0 40h 02h 0 0 0 0 0 1 0  
-490      00h 0 40h 02h 0 0 0 0 0 1 0  
-489      00h 0 40h 02h 0 0 0 0 0 1 0  
-488      00h 0 40h 02h 0 0 0 0 0 1 0  
-487      00h 0 40h 02h 0 0 0 0 0 1 0  
-486      00h 0 40h 02h 0 0 0 0 0 1 0  
-485      00h 0 40h 02h 0 0 0 0 0 1 0  
-484      00h 0 40h 02h 0 0 0 0 0 1 0  
-483      00h 0 40h 02h 0 0 0 0 0 1 0  
-482      00h 0 40h 02h 0 0 0 0 0 1 0  
-481      00h 0 40h 02h 0 0 0 0 0 1 0  
-480      00h 0 40h 02h 0 0 0 0 0 1 0  
-479      00h 0 40h 02h 0 0 0 0 0 1 0  
-478      00h 0 40h 02h 0 0 0 0 0 1 0  
-477      00h 0 40h 02h 0 0 0 0 0 1 0  
-476      00h 0 40h 02h 0 0 0 0 0 1 0  
-475      00h 0 40h 02h 0 0 0 0 0 1 0  
-474      00h 0 40h 02h 0 0 0 0 0 1 0  
-473      00h 0 40h 02h 0 0 0 0 0 1 0  
-472      00h 0 40h 02h 0 0 0 0 0 1 0  
-471      00h 0 40h 02h 0 0 0 0 0 1 0  
-470      00h 0 40h 02h 0 0 0 0 0 1 0  
-469      00h 0 40h 02h 0 0 0 0 0 1 0  
-468      00h 0 40h 02h 0 0 0 0 0 1 0  
-467      00h 0 40h 02h 0 0 0 0 0 1 0  
-466      00h 0 40h 02h 0 0 0 0 0 1 0  
-465      00h 0 40h 02h 0 0 0 0 0 1 0  
-464      00h 0 40h 02h 0 0 0 0 0 1 0  
-463      00h 0 40h 02h 0 0 0 0 0 1 0  
-462      00h 0 40h 02h 0 0 0 0 0 1 0  
-461      00h 0 40h 02h 0 0 0 0 0 1 0  
-460      00h 0 40h 02h 0 0 0 0 0 1 0  
-459      00h 0 40h 02h 0 0 0 0 0 1 0  
-458      00h 0 40h 02h 0 0 0 0 0 1 0  
-457      00h 0 40h 02h 0 0 0 0 0 1 0  
-456      00h 0 40h 02h 0 0 0 0 0 1 0  
-455      00h 0 40h 02h 0 0 0 0 0 1 0  
-454      00h 0 40h 02h 0 0 0 0 0 1 0  
-453      00h 0 40h 02h 0 0 0 0 0 1 0  
-452      00h 0 40h 02h 0 0 0 0 0 1 0  
-451      00h 0 40h 02h 0 0 0 0 0 1 0  
-450      00h 0 40h 02h 0 0 0 0 0 1 0  
-449      00h 0 40h 02h 0 0 0 0 0 1 0  
-448      00h 0 40h 02h 0 0 0 0 0 1 0  
-447      00h 0 40h 02h 0 0 0 0 0 1 0  
-446      00h 0 40h 02h 0 0 0 0 0 1 0  
-445      00h 0 40h 02h 0 0 0 0 0 1 0  
-444      00h 0 40h 02h 0 0 0 0 0 1 0  
-443      00h 0 40h 02h 0 0 0 0 0 1 0  
-442      00h 0 40h 02h 0 0 0 0 0 1 0  
-441      00h 0 40h 02h 0 0 0 0 0 1 0  
-440      00h 0 40h 02h 0 0 0 0 0 1 0  
-439      00h 0 40h 02h 0 0 0 0 0 1 0  
-438      00h 0 40h 02h 0 0 0 0 0 1 0  
-437      00h 0 40h 02h 0 0 0 0 0 1 0  
-436      00h 0 40h 02h 0 0 0 0 0 1 0  
-435      00h 0 40h 02h 0 0 0 0 0 1 0  
-434      00h 0 40h 02h 0 0 0 0 0 1 0  
-433      00h 0 40h 02h 0 0 0 0 0 1 0  
-432      00h 0 40h 02h 0 0 0 0 0 1 0  
-431      00h 0 40h 02h 0 0 0 0 0 1 0  
-430      00h 0 40h 02h 0 0 0 0 0 1 0  
-429      00h 0 40h 02h 0 0 0 0 0 1 0  
-428      00h 0 40h 02h 0 0 0 0 0 1 0  
-427      00h 0 40h 02h 0 0 0 0 0 1 0  
-426      00h 0 40h 02h 0 0 0 0 0 1 0  
-425      00h 0 40h 02h 0 0 0 0 0 1 0  
-424      00h 0 40h 02h 0 0 0 0 0 1 0  
-423      00h 0 40h 02h 0 0 0 0 0 1 0  
-422      00h 0 40h 02h 0 0 0 0 0 1 0  
-421      00h 0 40h 02h 0 0 0 0 0 1 0  
-420      00h 0 40h 02h 0 0 0 0 0 1 0  
-419      00h 0 40h 02h 0 0 0 0 0 1 0  
-418      00h 0 40h 02h 0 0 0 0 0 1 0  
-417      00h 0 40h 02h 0 0 0 0 0 1 0  
-416      00h 0 40h 02h 0 0 0 0 0 1 0  
-415      00h 0 40h 02h 0 0 0 0 0 1 0  
-414      00h 0 40h 02h 0 0 0 0 0 1 0  
-413      00h 0 40h 02h 0 0 0 0 0 1 0  
-412      00h 0 40h 02h 0 0 0 0 0 1 0  
-411      00h 0 40h 02h 0 0 0 0 0 1 0  
-410      00h 0 40h 02h 0 0 0 0 0 1 0  
-409      00h 0 40h 02h 0 0 0 0 0 1 0  
-408      00h 0 40h 02h 0 0 0 0 0 1 0  
-407      00h 0 40h 02h 0 0 0 0 0 1 0  
-406      00h 0 40h 02h 0 0 0 0 0 1 0  
-405      00h 0 40h 02h 0 0 0 0 0 1 0  
-404      00h 0 40h 02h 0 0 0 0 0 1 0  
-403      00h 0 40h 02h 0 0 0 0 0 1 0  
-402      00h 0 40h 02h 0 0 0 0 0 1 0  
-401      00h 0 40h 02h 0 0 0 0 0 1 0  
-400      00h 0 40h 02h 0 0 0 0 0 1 0  
-399      00h 0 40h 02h 0 0 0 0 0 1 0  
-398      00h 0 40h 02h 0 0 0 0 0 1 0  
-397      00h 0 40h 02h 0 0 0 0 0 1 0  
-396      00h 0 40h 02h 0 0 0 0 0 1 0  
-395      00h 0 40h 02h 0 0 0 0 0 1 0  
-394      00h 0 40h 02h 0 0 0 0 0 1 0  
-393      00h 0 40h 02h 0 0 0 0 0 1 0  
-392      00h 0 40h 02h 0 0 0 0 0 1 0  
-391      00h 0 40h 02h 0 0 0 0 0 1 0  
-390      00h 0 40h 02h 0 0 0 0 0 1 0  
-389      00h 0 40h 02h 0 0 0 0 0 1 0  
-388      00h 0 40h 02h 0 0 0 0 0 1 0  
-387      00h 0 40h 02h 0 0 0 0 0 1 0  
-386      00h 0 40h 02h 0 0 0 0 0 1 0  
-385      00h 0 40h 02h 0 0 0 0 0 1 0  
-384      00h 0 40h 02h 0 0 0 0 0 1 0  
-383      00h 0 40h 02h 0 0 0 0 0 1 0  
-382      00h 0 40h 02h 0 0 0 0 0 1 0  
-381      00h 0 40h 02h 0 0 0 0 0 1 0  
-380      00h 0 40h 02h 0 0 0 0 0 1 0  
-379      00h 0 40h 02h 0 0 0 0 0 1 0  
-378      00h 0 40h 02h 0 0 0 0 0 1 0  
-377      00h 0 40h 02h 0 0 0 0 0 1 0  
-376      00h 0 40h 02h 0 0 0 0 0 1 0  
-375      00h 0 40h 02h 0 0 0 0 0 1 0  
-374      00h 0 40h 02h 0 0 0 0 0 1 0  
-373      00h 0 40h 02h 0 0 0 0 0 1 0  
-372      00h 0 40h 02h 0 0 0 0 0 1 0  
-371      00h 0 40h 02h 0 0 0 0 0 1 0  
-370      00h 0 40h 02h 0 0 0 0 0 1 0  
-369      00h 0 40h 02h 0 0 0 0 0 1 0  
-368      00h 0 40h 02h 0 0 0 0 0 1 0  
-367      00h 0 40h 02h 0 0 0 0 0 1 0  
-366      00h 0 40h 02h 0 0 0 0 0 1 0  
-365      00h 0 40h 02h 0 0 0 0 0 1 0  
-364      00h 0 40h 02h 0 0 0 0 0 1 0  
-363      00h 0 40h 02h 0 0 0 0 0 1 0  
-362      00h 0 40h 02h 0 0 0 0 0 1 0  
-361      00h 0 40h 02h 0 0 0 0 0 1 0  
-360      00h 0 40h 02h 0 0 0 0 0 1 0  
-359      00h 0 40h 02h 0 0 0 0 0 1 0  
-358      00h 0 40h 02h 0 0 0 0 0 1 0  
-357      00h 0 40h 02h 0 0 0 0 0 1 0  
-356      00h 0 40h 02h 0 0 0 0 0 1 0  
-355      00h 0 40h 02h 0 0 0 0 0 1 0  
-354      00h 0 40h 02h 0 0 0 0 0 1 0  
-353      00h 0 40h 02h 0 0 0 0 0 1 0  
-352      00h 0 40h 02h 0 0 0 0 0 1 0  
-351      00h 0 40h 02h 0 0 0 0 0 1 0  
-350      00h 0 40h 02h 0 0 0 0 0 1 0  
-349      00h 0 40h 02h 0 0 0 0 0 1 0  
-348      00h 0 40h 02h 0 0 0 0 0 1 0  
-347      00h 0 40h 02h 0 0 0 0 0 1 0  
-346      00h 0 40h 02h 0 0 0 0 0 1 0  
-345      00h 0 40h 02h 0 0 0 0 0 1 0  
-344      00h 0 40h 02h 0 0 0 0 0 1 0  
-343      00h 0 40h 02h 0 0 0 0 0 1 0  
-342      00h 0 40h 02h 0 0 0 0 0 1 0  
-341      00h 0 40h 02h 0 0 0 0 0 1 0  
-340      00h 0 40h 02h 0 0 0 0 0 1 0  
-339      00h 0 40h 02h 0 0 0 0 0 1 0  
-338      00h 0 40h 02h 0 0 0 0 0 1 0  
-337      00h 0 40h 02h 0 0 0 0 0 1 0  
-336      00h 0 40h 02h 0 0 0 0 0 1 0  
-335      00h 0 40h 02h 0 0 0 0 0 1 0  
-334      00h 0 40h 02h 0 0 0 0 0 1 0  
-333      00h 0 40h 02h 0 0 0 0 0 1 0  
-332      00h 0 40h 02h 0 0 0 0 0 1 0  
-331      00h 0 40h 02h 0 0 0 0 0 1 0  
-330      00h 0 40h 02h 0 0 0 0 0 1 0  
-329      00h 0 40h 02h 0 0 0 0 0 1 0  
-328      00h 0 40h 02h 0 0 0 0 0 1 0  
-327      00h 0 40h 02h 0 0 0 0 0 1 0  
-326      00h 0 40h 02h 0 0 0 0 0 1 0  
-325      00h 0 40h 02h 0 0 0 0 0 1 0  
-324      00h 0 40h 02h 0 0 0 0 0 1 0  
-323      00h 0 40h 02h 0 0 0 0 0 1 0  
-322      00h 0 40h 02h 0 0 0 0 0 1 0  
-321      00h 0 40h 02h 0 0 0 0 0 1 0  
-320      00h 0 40h 02h 0 0 0 0 0 1 0  
-319      00h 0 40h 02h 0 0 0 0 0 1 0  
-318      00h 0 40h 02h 0 0 0 0 0 1 0  
-317      00h 0 40h 02h 0 0 0 0 0 1 0  
-316      00h 0 40h 02h 0 0 0 0 0 1 0  
-315      00h 0 40h 02h 0 0 0 0 0 1 0  
-314      00h 0 40h 02h 0 0 0 0 0 1 0  
-313      00h 0 40h 02h 0 0 0 0 0 1 0  
-312      00h 0 40h 02h 0 0 0 0 0 1 0  
-311      00h 0 40h 02h 0 0 0 0 0 1 0  
-310      00h 0 40h 02h 0 0 0 0 0 1 0  
-309      00h 0 40h 02h 0 0 0 0 0 1 0  
-308      00h 0 40h 02h 0 0 0 0 0 1 0  
-307      00h 0 40h 02h 0 0 0 0 0 1 0  
-306      00h 0 40h 02h 0 0 0 0 0 1 0  
-305      00h 0 40h 02h 0 0 0 0 0 1 0  
-304      00h 0 40h 02h 0 0 0 0 0 1 0  
-303      00h 0 40h 02h 0 0 0 0 0 1 0  
-302      00h 0 40h 02h 0 0 0 0 0 1 0  
-301      00h 0 40h 02h 0 0 0 0 0 1 0  
-300      00h 0 40h 02h 0 0 0 0 0 1 0  
-299      00h 0 40h 02h 0 0 0 0 0 1 0  
-298      00h 0 40h 02h 0 0 0 0 0 1 0  
-297      00h 0 40h 02h 0 0 0 0 0 1 0  
-296      00h 0 40h 02h 0 0 0 0 0 1 0  
-295      00h 0 40h 02h 0 0 0 0 0 1 0  
-294      00h 0 40h 02h 0 0 0 0 0 1 0  
-293      00h 0 40h 02h 0 0 0 0 0 1 0  
-292      00h 0 40h 02h 0 0 0 0 0 1 0  
-291      00h 0 40h 02h 0 0 0 0 0 1 0  
-290      00h 0 40h 02h 0 0 0 0 0 1 0  
-289      00h 0 40h 02h 0 0 0 0 0 1 0  
-288      00h 0 40h 02h 0 0 0 0 0 1 0  
-287      00h 0 40h 02h 0 0 0 0 0 1 0  
-286      00h 0 40h 02h 0 0 0 0 0 1 0  
-285      00h 0 40h 02h 0 0 0 0 0 1 0  
-284      00h 0 40h 02h 0 0 0 0 0 1 0  
-283      00h 0 40h 02h 0 0 0 0 0 1 0  
-282      00h 0 40h 02h 0 0 0 0 0 1 0  
-281      00h 0 40h 02h 0 0 0 0 0 1 0  
-280      00h 0 40h 02h 0 0 0 0 0 1 0  
-279      00h 0 40h 02h 0 0 0 0 0 1 0  
-278      00h 0 40h 02h 0 0 0 0 0 1 0  
-277      00h 0 40h 02h 0 0 0 0 0 1 0  
-276      00h 0 40h 02h 0 0 0 0 0 1 0  
-275      00h 0 40h 02h 0 0 0 0 0 1 0  
-274      00h 0 40h 02h 0 0 0 0 0 1 0  
-273      00h 0 40h 02h 0 0 0 0 0 1 0  
-272      00h 0 40h 02h 0 0 0 0 0 1 0  
-271      00h 0 40h 02h 0 0 0 0 0 1 0  
-270      00h 0 40h 02h 0 0 0 0 0 1 0  
-269      00h 0 40h 02h 0 0 0 0 0 1 0  
-268      00h 0 40h 02h 0 0 0 0 0 1 0  
-267      00h 0 40h 02h 0 0 0 0 0 1 0  
-266      00h 0 40h 02h 0 0 0 0 0 1 0  
-265      00h 0 40h 02h 0 0 0 0 0 1 0  
-264      00h 0 40h 02h 0 0 0 0 0 1 0  
-263      00h 0 40h 02h 0 0 0 0 0 1 0  
-262      00h 0 40h 02h 0 0 0 0 0 1 0  
-261      00h 0 40h 02h 0 0 0 0 0 1 0  
-260      00h 0 40h 02h 0 0 0 0 0 1 0  
-259      00h 0 40h 02h 0 0 0 0 0 1 0  
-258      00h 0 40h 02h 0 0 0 0 0 1 0  
-257      00h 0 40h 02h 0 0 0 0 0 1 0  
-256      00h 0 40h 02h 0 0 0 0 0 1 0  
-255      00h 0 40h 02h 0 0 0 0 0 1 0  
-254      00h 0 40h 02h 0 0 0 0 0 1 0  
-253      00h 0 40h 02h 0 0 0 0 0 1 0  
-252      00h 0 40h 02h 0 0 0 0 0 1 0  
-251      00h 0 40h 02h 0 0 0 0 0 1 0  
-250      00h 0 40h 02h 0 0 0 0 0 1 0  
-249      00h 0 40h 02h 0 0 0 0 0 1 0  
-248      00h 0 40h 02h 0 0 0 0 0 1 0  
-247      00h 0 40h 02h 0 0 0 0 0 1 0  
-246      00h 0 40h 02h 0 0 0 0 0 1 0  
-245      00h 0 40h 02h 0 0 0 0 0 1 0  
-244      00h 0 40h 02h 0 0 0 0 0 1 0  
-243      00h 0 40h 02h 0 0 0 0 0 1 0  
-242      00h 0 40h 02h 0 0 0 0 0 1 0  
-241      00h 0 40h 02h 0 0 0 0 0 1 0  
-240      00h 0 40h 02h 0 0 0 0 0 1 0  
-239      00h 0 40h 02h 0 0 0 0 0 1 0  
-238      00h 0 40h 02h 0 0 0 0 0 1 0  
-237      00h 0 40h 02h 0 0 0 0 0 1 0  
-236      00h 0 40h 02h 0 0 0 0 0 1 0  
-235      00h 0 40h 02h 0 0 0 0 0 1 0  
-234      00h 0 40h 02h 0 0 0 0 0 1 0  
-233      00h 0 40h 02h 0 0 0 0 0 1 0  
-232      00h 0 40h 02h 0 0 0 0 0 1 0  
-231      00h 0 40h 02h 0 0 0 0 0 1 0  
-230      00h 0 40h 02h 0 0 0 0 0 1 0  
-229      00h 0 40h 02h 0 0 0 0 0 1 0  
-228      00h 0 40h 02h 0 0 0 0 0 1 0  
-227      00h 0 40h 02h 0 0 0 0 0 1 0  
-226      00h 0 40h 02h 0 0 0 0 0 1 0  
-225      00h 0 40h 02h 0 0 0 0 0 1 0  
-224      00h 0 40h 02h 0 0 0 0 0 1 0  
-223      00h 0 40h 02h 0 0 0 0 0 1 0  
-222      00h 0 40h 02h 0 0 0 0 0 1 0  
-221      00h 0 40h 02h 0 0 0 0 0 1 0  
-220      00h 0 40h 02h 0 0 0 0 0 1 0  
-219      00h 0 40h 02h 0 0 0 0 0 1 0  
-218      00h 0 40h 02h 0 0 0 0 0 1 0  
-217      00h 0 40h 02h 0 0 0 0 0 1 0  
-216      00h 0 40h 02h 0 0 0 0 0 1 0  
-215      00h 0 40h 02h 0 0 0 0 0 1 0  
-214      00h 0 40h 02h 0 0 0 0 0 1 0  
-213      00h 0 40h 02h 0 0 0 0 0 1 0  
-212      00h 0 40h 02h 0 0 0 0 0 1 0  
-211      00h 0 40h 02h 0 0 0 0 0 1 0  
-210      00h 0 40h 02h 0 0 0 0 0 1 0  
-209      00h 0 40h 02h 0 0 0 0 0 1 0  
-208      00h 0 40h 02h 0 0 0 0 0 1 0  
-207      00h 0 40h 02h 0 0 0 0 0 1 0  
-206      00h 0 40h 02h 0 0 0 0 0 1 0  
-205      00h 0 40h 02h 0 0 0 0 0 1 0  
-204      00h 0 40h 02h 0 0 0 0 0 1 0  
-203      00h 0 40h 02h 0 0 0 0 0 1 0  
-202      00h 0 40h 02h 0 0 0 0 0 1 0  
-201      00h 0 40h 02h 0 0 0 0 0 1 0  
-200      00h 0 40h 02h 0 0 0 0 0 1 0  
-199      00h 0 40h 02h 0 0 0 0 0 1 0  
-198      00h 0 40h 02h 0 0 0 0 0 1 0  
-197      00h 0 40h 02h 0 0 0 0 0 1 0  
-196      00h 0 40h 02h 0 0 0 0 0 1 0  
-195      00h 0 40h 02h 0 0 0 0 0 1 0  
-194      00h 0 40h 02h 0 0 0 0 0 1 0  
-193      00h 0 40h 02h 0 0 0 0 0 1 0  
-192      00h 0 40h 02h 0 0 0 0 0 1 0  
-191      00h 0 40h 02h 0 0 0 0 0 1 0  
-190      00h 0 40h 02h 0 0 0 0 0 1 0  
-189      00h 0 40h 02h 0 0 0 0 0 1 0  
-188      00h 0 40h 02h 0 0 0 0 0 1 0  
-187      00h 0 40h 02h 0 0 0 0 0 1 0  
-186      00h 0 40h 02h 0 0 0 0 0 1 0  
-185      00h 0 40h 02h 0 0 0 0 0 1 0  
-184      00h 0 40h 02h 0 0 0 0 0 1 0  
-183      00h 0 40h 02h 0 0 0 0 0 1 0  
-182      00h 0 40h 02h 0 0 0 0 0 1 0  
-181      00h 0 40h 02h 0 0 0 0 0 1 0  
-180      00h 0 40h 02h 0 0 0 0 0 1 0  
-179      00h 0 40h 02h 0 0 0 0 0 1 0  
-178      00h 0 40h 02h 0 0 0 0 0 1 0  
-177      00h 0 40h 02h 0 0 0 0 0 1 0  
-176      00h 0 40h 02h 0 0 0 0 0 1 0  
-175      00h 0 40h 02h 0 0 0 0 0 1 0  
-174      00h 0 40h 02h 0 0 0 0 0 1 0  
-173      00h 0 40h 02h 0 0 0 0 0 1 0  
-172      00h 0 40h 02h 0 0 0 0 0 1 0  
-171      00h 0 40h 02h 0 0 0 0 0 1 0  
-170      00h 0 40h 02h 0 0 0 0 0 1 0  
-169      00h 0 40h 02h 0 0 0 0 0 1 0  
-168      00h 0 40h 02h 0 0 0 0 0 1 0  
-167      00h 0 40h 02h 0 0 0 0 0 1 0  
-166      00h 0 40h 02h 0 0 0 0 0 1 0  
-165      00h 0 40h 02h 0 0 0 0 0 1 0  
-164      00h 0 40h 02h 0 0 0 0 0 1 0  
-163      00h 0 40h 02h 0 0 0 0 0 1 0  
-162      00h 0 40h 02h 0 0 0 0 0 1 0  
-161      00h 0 40h 02h 0 0 0 0 0 1 0  
-160      00h 0 40h 02h 0 0 0 0 0 1 0  
-159      00h 0 40h 02h 0 0 0 0 0 1 0  
-158      00h 0 40h 02h 0 0 0 0 0 1 0  
-157      00h 0 40h 02h 0 0 0 0 0 1 0  
-156      00h 0 40h 02h 0 0 0 0 0 1 0  
-155      00h 0 40h 02h 0 0 0 0 0 1 0  
-154      00h 0 40h 02h 0 0 0 0 0 1 0  
-153      00h 0 40h 02h 0 0 0 0 0 1 0  
-152      00h 0 40h 02h 0 0 0 0 0 1 0  
-151      00h 0 40h 02h 0 0 0 0 0 1 0  
-150      00h 0 40h 02h 0 0 0 0 0 1 0  
-149      00h 0 40h 02h 0 0 0 0 0 1 0  
-148      00h 0 40h 02h 0 0 0 0 0 1 0  
-147      00h 0 40h 02h 0 0 0 0 0 1 0  
-146      00h 0 40h 02h 0 0 0 0 0 1 0  
-145      00h 0 40h 02h 0 0 0 0 0 1 0  
-144      00h 0 40h 02h 0 0 0 0 0 1 0  
-143      00h 0 40h 02h 0 0 0 0 0 1 0  
-142      00h 0 40h 02h 0 0 0 0 0 1 0  
-141      00h 0 40h 02h 0 0 0 0 0 1 0  
-140      00h 0 40h 02h 0 0 0 0 0 1 0  
-139      00h 0 40h 02h 0 0 0 0 0 1 0  
-138      00h 0 40h 02h 0 0 0 0 0 1 0  
-137      00h 0 40h 02h 0 0 0 0 0 1 0  
-136      00h 0 40h 02h 0 0 0 0 0 1 0  
-135      00h 0 40h 02h 0 0 0 0 0 1 0  
-134      00h 0 40h 02h 0 0 0 0 0 1 0  
-133      00h 0 40h 02h 0 0 0 0 0 1 0  
-132      00h 0 40h 02h 0 0 0 0 0 1 0  
-131      00h 0 40h 02h 0 0 0 0 0 1 0  
-130      00h 0 40h 02h 0 0 0 0 0 1 0  
-129      00h 0 40h 02h 0 0 0 0 0 1 0  
-128      00h 0 40h 02h 0 0 0 0 0 1 0  
-127      00h 0 40h 02h 0 0 0 0 0 1 0  
-126      00h 0 40h 02h 0 0 0 0 0 1 0  
-125      00h 0 40h 02h 0 0 0 0 0 1 0  
-124      00h 0 40h 02h 0 0 0 0 0 1 0  
-123      00h 0 40h 02h 0 0 0 0 0 1 0  
-122      00h 0 40h 02h 0 0 0 0 0 1 0  
-121      00h 0 40h 02h 0 0 0 0 0 1 0  
-120      00h 0 40h 02h 0 0 0 0 0 1 0  
-119      00h 0 40h 02h 0 0 0 0 0 1 0  
-118      00h 0 40h 02h 0 0 0 0 0 1 0  
-117      00h 0 40h 02h 0 0 0 0 0 1 0  
-116      00h 0 40h 02h 0 0 0 0 0 1 0  
-115      00h 0 40h 02h 0 0 0 0 0 1 0  
-114      00h 0 40h 02h 0 0 0 0 0 1 0  
-113      00h 0 40h 02h 0 0 0 0 0 1 0  
-112      00h 0 40h 02h 0 0 0 0 0 1 0  
-111      00h 0 40h 02h 0 0 0 0 0 1 0  
-110      00h 0 40h 02h 0 0 0 0 0 1 0  
-109      00h 0 40h 02h 0 0 0 0 0 1 0  
-108      00h 0 40h 02h 0 0 0 0 0 1 0  
-107      00h 0 40h 02h 0 0 0 0 0 1 0  
-106      00h 0 40h 02h 0 0 0 0 0 1 0  
-105      00h 0 40h 02h 0 0 0 0 0 1 0  
-104      00h 0 40h 02h 0 0 0 0 0 1 0  
-103      00h 0 40h 02h 0 0 0 0 0 1 0  
-102      00h 0 40h 02h 0 0 0 0 0 1 0  
-101      00h 0 40h 02h 0 0 0 0 0 1 0  
-100      00h 0 40h 02h 0 0 0 0 0 1 0  
-99       00h 0 40h 02h 0 0 0 0 0 1 0  
-98       00h 0 40h 02h 0 0 0 0 0 1 0  
-97       00h 0 40h 02h 0 0 0 0 0 1 0  
-96       00h 0 40h 02h 0 0 0 0 0 1 0  
-95       00h 0 40h 02h 0 0 0 0 0 1 0  
-94       00h 0 40h 02h 0 0 0 0 0 1 0  
-93       00h 0 40h 02h 0 0 0 0 0 1 0  
-92       00h 0 40h 02h 0 0 0 0 0 1 0  
-91       00h 0 40h 02h 0 0 0 0 0 1 0  
-90       00h 0 40h 02h 0 0 0 0 0 1 0  
-89       00h 0 40h 02h 0 0 0 0 0 1 0  
-88       00h 0 40h 02h 0 0 0 0 0 1 0  
-87       00h 0 40h 02h 0 0 0 0 0 1 0  
-86       00h 0 40h 02h 0 0 0 0 0 1 0  
-85       00h 0 40h 02h 0 0 0 0 0 1 0  
-84       00h 0 40h 02h 0 0 0 0 0 1 0  
-83       00h 0 40h 02h 0 0 0 0 0 1 0  
-82       00h 0 40h 02h 0 0 0 0 0 1 0  
-81       00h 0 40h 02h 0 0 0 0 0 1 0  
-80       00h 0 40h 02h 0 0 0 0 0 1 0  
-79       00h 0 40h 02h 0 0 0 0 0 1 0  
-78       00h 0 40h 02h 0 0 0 0 0 1 0  
-77       00h 0 40h 02h 0 0 0 0 0 1 0  
-76       00h 0 40h 02h 0 0 0 0 0 1 0  
-75       00h 0 40h 02h 0 0 0 0 0 1 0  
-74       00h 0 40h 02h 0 0 0 0 0 1 0  
-73       00h 0 40h 02h 0 0 0 0 0 1 0  
-72       00h 0 40h 02h 0 0 0 0 0 1 0  
-71       00h 0 40h 02h 0 0 0 0 0 1 0  
-70       00h 0 40h 02h 0 0 0 0 0 1 0  
-69       00h 0 40h 02h 0 0 0 0 0 1 0  
-68       00h 0 40h 02h 0 0 0 0 0 1 0  
-67       00h 0 40h 02h 0 0 0 0 0 1 0  
-66       00h 0 40h 02h 0 0 0 0 0 1 0  
-65       00h 0 40h 02h 0 0 0 0 0 1 0  
-64       00h 0 40h 02h 0 0 0 0 0 1 0  
-63       00h 0 40h 02h 0 0 0 0 0 1 0  
-62       00h 0 40h 02h 0 0 0 0 0 1 0  
-61       00h 0 40h 02h 0 0 0 0 0 1 0  
-60       00h 0 40h 02h 0 0 0 0 0 1 0  
-59       00h 0 40h 02h 0 0 0 0 0 1 0  
-58       00h 0 40h 02h 0 0 0 0 0 1 0  
-57       00h 0 40h 02h 0 0 0 0 0 1 0  
-56       00h 0 40h 02h 0 0 0 0 0 1 0  
-55       00h 0 40h 02h 0 0 0 0 0 1 0  
-54       00h 0 40h 02h 0 0 0 0 0 1 0  
-53       00h 0 40h 02h 0 0 0 0 0 1 0  
-52       00h 0 40h 02h 0 0 0 0 0 1 0  
-51       00h 0 40h 02h 0 0 0 0 0 1 0  
-50       00h 0 40h 02h 0 0 0 0 0 1 0  
-49       00h 0 40h 02h 0 0 0 0 0 1 0  
-48       00h 0 40h 02h 0 0 0 0 0 1 0  
-47       00h 0 40h 02h 0 0 0 0 0 1 0  
-46       00h 0 40h 02h 0 0 0 0 0 1 0  
-45       00h 0 40h 02h 0 0 0 0 0 1 0  
-44       00h 0 40h 02h 0 0 0 0 0 1 0  
-43       00h 0 40h 02h 0 0 0 0 0 1 0  
-42       00h 0 40h 02h 0 0 0 0 0 1 0  
-41       00h 0 40h 02h 0 0 0 0 0 1 0  
-40       00h 0 40h 02h 0 0 0 0 0 1 0  
-39       00h 0 40h 02h 0 0 0 0 0 1 0  
-38       00h 0 40h 02h 0 0 0 0 0 1 0  
-37       00h 0 40h 02h 0 0 0 0 0 1 0  
-36       00h 0 40h 02h 0 0 0 0 0 1 0  
-35       00h 0 40h 02h 0 0 0 0 0 1 0  
-34       00h 0 40h 02h 0 0 0 0 0 1 0  
-33       00h 0 40h 02h 0 0 0 0 0 1 0  
-32       00h 0 40h 02h 0 0 0 0 0 1 0  
-31       00h 0 40h 02h 0 0 0 0 0 1 0  
-30       00h 0 40h 02h 0 0 0 0 0 1 0  
-29       00h 0 40h 02h 0 0 0 0 0 1 0  
-28       00h 0 40h 02h 0 0 0 0 0 1 0  
-27       00h 0 40h 02h 0 0 0 0 0 1 0  
-26       00h 0 40h 02h 0 0 0 0 0 1 0  
-25       00h 0 40h 02h 0 0 0 0 0 1 0  
-24       00h 0 40h 02h 0 0 0 0 0 1 0  
-23       00h 0 40h 02h 0 0 0 0 0 1 0  
-22       00h 0 40h 02h 0 0 0 0 0 1 0  
-21       00h 0 40h 02h 0 0 0 0 0 1 0  
-20       00h 0 40h 02h 0 0 0 0 0 1 0  
-19       00h 0 40h 02h 0 0 0 0 0 1 0  
-18       00h 0 40h 02h 0 0 0 0 0 1 0  
-17       00h 0 40h 02h 0 0 0 0 0 1 0  
-16       00h 0 40h 02h 0 0 0 0 0 1 0  
-15       00h 0 40h 02h 0 0 0 0 0 1 0  
-14       00h 0 40h 02h 0 0 0 0 0 1 0  
-13       00h 0 40h 02h 0 0 0 0 0 1 0  
-12       00h 0 40h 02h 0 0 0 0 0 1 0  
-11       00h 0 40h 02h 0 0 0 0 0 1 0  
-10       00h 0 40h 02h 0 0 0 0 0 1 0  
-9        00h 0 40h 02h 0 0 0 0 0 1 0  
-8        00h 0 40h 02h 0 0 0 0 0 1 0  
-7        00h 0 40h 02h 0 0 0 0 0 1 0  
-6        00h 0 40h 02h 0 0 0 0 0 1 0  
-5        00h 0 40h 02h 0 0 0 0 0 1 0  
-4        00h 0 40h 02h 0 0 0 0 0 1 0  
-3        00h 0 40h 02h 0 0 0 0 0 1 0  
-2        00h 0 40h 02h 0 0 0 0 0 1 0  
-1        00h 1 40h 02h 0 0 0 0 0 1 0  
0         00h 1 40h 78h 1 1 1 1 0 0 0  
1         00h 1 40h 00h 0 0 0 0 0 0 0  
2         00h 1 79h 40h 1 0 0 0 0 0 0  
3         00h 1 40h 18h 0 0 1 1 0 0 0  
4         00h 1 40h 18h 0 0 1 1 0 0 0  
5         00h 1 40h 18h 0 0 1 1 0 0 0  
6         00h 1 40h 18h 0 0 1 1 0 0 0  
7         00h 1 40h 18h 0 0 1 1 0 0 0  
8         00h 1 40h 18h 0 0 1 1 0 0 0  
9         00h 1 40h 18h 0 0 1 1 0 0 0  
10        00h 1 40h 18h 0 0 1 1 0 0 0  
11        00h 1 40h 18h 0 0 1 1 0 0 0  
12        00h 1 40h 18h 0 0 1 1 0 0 0  
13        00h 1 40h 18h 0 0 1 1 0 0 0  
14        00h 1 40h 18h 0 0 1 1 0 0 0  
15        00h 1 40h 18h 0 0 1 1 0 0 0  
16        00h 1 40h 18h 0 0 1 1 0 0 0  
17        00h 1 40h 18h 0 0 1 1 0 0 0  
18        00h 1 40h 18h 0 0 1 1 0 0 0  
19        00h 1 40h 18h 0 0 1 1 0 0 0  
20        00h 1 40h 18h 0 0 1 1 0 0 0  
21        00h 1 40h 18h 0 0 1 1 0 0 0  
22        00h 1 40h 18h 0 0 1 1 0 0 0  
23        00h 1 40h 18h 0 0 1 1 0 0 0  
24        00h 1 40h 18h 0 0 1 1 0 0 0  
25        00h 1 40h 18h 0 0 1 1 0 0 0  
26        00h 1 40h 18h 0 0 1 1 0 0 0  
27        00h 1 40h 18h 0 0 1 1 0 0 0  
28        00h 1 40h 18h 0 0 1 1 0 0 0  
29        00h 1 40h 18h 0 0 1 1 0 0 0  
30        00h 1 40h 18h 0 0 1 1 0 0 0  
31        00h 1 40h 18h 0 0 1 1 0 0 0  
32        00h 1 40h 18h 0 0 1 1 0 0 0  
33        00h 1 40h 18h 0 0 1 1 0 0 0  
34        00h 1 40h 18h 0 0 1 1 0 0 0  
35        00h 1 40h 18h 0 0 1 1 0 0 0  
36        00h 1 40h 18h 0 0 1 1 0 0 0  
37        00h 1 40h 18h 0 0 1 1 0 0 0  
38        00h 1 40h 18h 0 0 1 1 0 0 0  
39        00h 1 40h 18h 0 0 1 1 0 0 0  
40        00h 1 40h 18h 0 0 1 1 0 0 0  
41        00h 1 40h 18h 0 0 1 1 0 0 0  
42        00h 1 40h 18h 0 0 1 1 0 0 0  
43        00h 1 40h 18h 0 0 1 1 0 0 0  
44        00h 1 40h 18h 0 0 1 1 0 0 0  
45        00h 1 40h 18h 0 0 1 1 0 0 0  
46        00h 1 40h 18h 0 0 1 1 0 0 0  
47        00h 1 40h 18h 0 0 1 1 0 0 0  
48        00h 1 40h 18h 0 0 1 1 0 0 0  
49        00h 1 40h 18h 0 0 1 1 0 0 0  
50        00h 1 40h 18h 0 0 1 1 0 0 0  
51        00h 1 40h 18h 0 0 1 1 0 0 0  
52        00h 1 40h 18h 0 0 1 1 0 0 0  
53        00h 1 40h 18h 0 0 1 1 0 0 0  
54        00h 1 40h 18h 0 0 1 1 0 0 0  
55        00h 1 40h 18h 0 0 1 1 0 0 0  
56        00h 1 40h 18h 0 0 1 1 0 0 0  
57        00h 1 40h 18h 0 0 1 1 0 0 0  
58        00h 1 40h 18h 0 0 1 1 0 0 0  
59        00h 1 40h 18h 0 0 1 1 0 0 0  
60        00h 1 40h 18h 0 0 1 1 0 0 0  
61        00h 1 40h 18h 0 0 1 1 0 0 0  
62        00h 1 40h 18h 0 0 1 1 0 0 0  
63        00h 1 40h 18h 0 0 1 1 0 0 0  
64        00h 1 40h 18h 0 0 1 1 0 0 0  
65        00h 1 40h 18h 0 0 1 1 0 0 0  
66        00h 1 40h 18h 0 0 1 1 0 0 0  
67        00h 1 40h 18h 0 0 1 1 0 0 0  
68        00h 1 40h 18h 0 0 1 1 0 0 0  
69        00h 1 40h 18h 0 0 1 1 0 0 0  
70        00h 1 40h 18h 0 0 1 1 0 0 0  
71        00h 1 40h 18h 0 0 1 1 0 0 0  
72        00h 1 40h 18h 0 0 1 1 0 0 0  
73        00h 1 40h 18h 0 0 1 1 0 0 0  
74        00h 1 40h 18h 0 0 1 1 0 0 0  
75        00h 1 40h 18h 0 0 1 1 0 0 0  
76        00h 1 40h 18h 0 0 1 1 0 0 0  
77        00h 1 40h 18h 0 0 1 1 0 0 0  
78        00h 1 40h 18h 0 0 1 1 0 0 0  
79        00h 1 40h 18h 0 0 1 1 0 0 0  
80        00h 1 40h 18h 0 0 1 1 0 0 0  
81        00h 1 40h 18h 0 0 1 1 0 0 0  
82        00h 1 40h 18h 0 0 1 1 0 0 0  
83        00h 1 40h 18h 0 0 1 1 0 0 0  
84        00h 1 40h 18h 0 0 1 1 0 0 0  
85        00h 1 40h 18h 0 0 1 1 0 0 0  
86        00h 1 40h 18h 0 0 1 1 0 0 0  
87        00h 1 40h 18h 0 0 1 1 0 0 0  
88        00h 1 40h 18h 0 0 1 1 0 0 0  
89        00h 1 40h 18h 0 0 1 1 0 0 0  
90        00h 1 40h 18h 0 0 1 1 0 0 0  
91        00h 1 40h 18h 0 0 1 1 0 0 0  
92        00h 1 40h 18h 0 0 1 1 0 0 0  
93        00h 1 40h 18h 0 0 1 1 0 0 0  
94        00h 1 40h 18h 0 0 1 1 0 0 0  
95        00h 1 40h 18h 0 0 1 1 0 0 0  
96        00h 1 40h 18h 0 0 1 1 0 0 0  
97        00h 1 40h 18h 0 0 1 1 0 0 0  
98        00h 1 40h 18h 0 0 1 1 0 0 0  
99        00h 1 40h 18h 0 0 1 1 0 0 0  
100       00h 1 40h 18h 0 0 1 1 0 0 0  
101       00h 1 40h 18h 0 0 1 1 0 0 0  
102       00h 1 40h 18h 0 0 1 1 0 0 0  
103       00h 1 40h 18h 0 0 1 1 0 0 0  
104       00h 1 40h 18h 0 0 1 1 0 0 0  
105       00h 1 40h 18h 0 0 1 1 0 0 0  
106       00h 1 40h 18h 0 0 1 1 0 0 0  
107       00h 1 40h 18h 0 0 1 1 0 0 0  
108       00h 1 40h 18h 0 0 1 1 0 0 0  
109       00h 1 40h 18h 0 0 1 1 0 0 0  
110       00h 1 40h 18h 0 0 1 1 0 0 0  
111       00h 1 40h 18h 0 0 1 1 0 0 0  
112       00h 1 40h 18h 0 0 1 1 0 0 0  
113       00h 1 40h 18h 0 0 1 1 0 0 0  
114       00h 1 40h 18h 0 0 1 1 0 0 0  
115       00h 1 40h 18h 0 0 1 1 0 0 0  
116       00h 1 40h 18h 0 0 1 1 0 0 0  
117       00h 1 40h 18h 0 0 1 1 0 0 0  
118       00h 1 40h 18h 0 0 1 1 0 0 0  
119       00h 1 40h 18h 0 0 1 1 0 0 0  
120       00h 1 40h 18h 0 0 1 1 0 0 0  
121       00h 1 40h 18h 0 0 1 1 0 0 0  
122       00h 1 40h 18h 0 0 1 1 0 0 0  
123       00h 1 40h 18h 0 0 1 1 0 0 0  
124       00h 1 40h 18h 0 0 1 1 0 0 0  
125       00h 1 40h 18h 0 0 1 1 0 0 0  
126       00h 1 40h 18h 0 0 1 1 0 0 0  
127       00h 1 40h 18h 0 0 1 1 0 0 0  
128       00h 1 40h 18h 0 0 1 1 0 0 0  
129       00h 1 40h 18h 0 0 1 1 0 0 0  
130       00h 1 40h 18h 0 0 1 1 0 0 0  
131       00h 1 40h 18h 0 0 1 1 0 0 0  
132       00h 1 40h 18h 0 0 1 1 0 0 0  
133       00h 1 40h 18h 0 0 1 1 0 0 0  
134       00h 1 40h 18h 0 0 1 1 0 0 0  
135       00h 1 40h 18h 0 0 1 1 0 0 0  
136       00h 1 40h 18h 0 0 1 1 0 0 0  
137       00h 1 40h 18h 0 0 1 1 0 0 0  
138       00h 1 40h 18h 0 0 1 1 0 0 0  
139       00h 1 40h 18h 0 0 1 1 0 0 0  
140       00h 1 40h 18h 0 0 1 1 0 0 0  
141       00h 1 40h 18h 0 0 1 1 0 0 0  
142       00h 1 40h 18h 0 0 1 1 0 0 0  
143       00h 1 40h 18h 0 0 1 1 0 0 0  
144       00h 1 40h 18h 0 0 1 1 0 0 0  
145       00h 1 40h 18h 0 0 1 1 0 0 0  
146       00h 1 40h 18h 0 0 1 1 0 0 0  
147       00h 1 40h 18h 0 0 1 1 0 0 0  
148       00h 1 40h 18h 0 0 1 1 0 0 0  
149       00h 1 40h 18h 0 0 1 1 0 0 0  
150       00h 1 40h 18h 0 0 1 1 0 0 0  
151       00h 1 40h 18h 0 0 1 1 0 0 0  
152       00h 1 40h 18h 0 0 1 1 0 0 0  
153       00h 1 40h 18h 0 0 1 1 0 0 0  
154       00h 1 40h 18h 0 0 1 1 0 0 0  
155       00h 1 40h 18h 0 0 1 1 0 0 0  
156       00h 1 40h 18h 0 0 1 1 0 0 0  
157       00h 1 40h 18h 0 0 1 1 0 0 0  
158       00h 1 40h 18h 0 0 1 1 0 0 0  
159       00h 1 40h 18h 0 0 1 1 0 0 0  
160       00h 1 40h 18h 0 0 1 1 0 0 0  
161       00h 1 40h 18h 0 0 1 1 0 0 0  
162       00h 1 40h 18h 0 0 1 1 0 0 0  
163       00h 1 40h 18h 0 0 1 1 0 0 0  
164       00h 1 40h 18h 0 0 1 1 0 0 0  
165       00h 1 40h 18h 0 0 1 1 0 0 0  
166       00h 1 40h 18h 0 0 1 1 0 0 0  
167       00h 1 40h 18h 0 0 1 1 0 0 0  
168       00h 1 40h 18h 0 0 1 1 0 0 0  
169       00h 1 40h 18h 0 0 1 1 0 0 0  
170       00h 1 40h 18h 0 0 1 1 0 0 0  
171       00h 1 40h 18h 0 0 1 1 0 0 0  
172       00h 1 40h 18h 0 0 1 1 0 0 0  
173       00h 1 40h 18h 0 0 1 1 0 0 0  
174       00h 1 40h 18h 0 0 1 1 0 0 0  
175       00h 1 40h 18h 0 0 1 1 0 0 0  
176       00h 1 40h 18h 0 0 1 1 0 0 0  
177       00h 1 40h 18h 0 0 1 1 0 0 0  
178       00h 1 40h 18h 0 0 1 1 0 0 0  
179       00h 1 40h 18h 0 0 1 1 0 0 0  
180       00h 1 40h 18h 0 0 1 1 0 0 0  
181       00h 1 40h 18h 0 0 1 1 0 0 0  
182       00h 1 40h 18h 0 0 1 1 0 0 0  
183       00h 1 40h 18h 0 0 1 1 0 0 0  
184       00h 1 40h 18h 0 0 1 1 0 0 0  
185       00h 1 40h 18h 0 0 1 1 0 0 0  
186       00h 1 40h 18h 0 0 1 1 0 0 0  
187       00h 1 40h 18h 0 0 1 1 0 0 0  
188       00h 1 40h 18h 0 0 1 1 0 0 0  
189       00h 1 40h 18h 0 0 1 1 0 0 0  
190       00h 1 40h 18h 0 0 1 1 0 0 0  
191       00h 1 40h 18h 0 0 1 1 0 0 0  
192       00h 1 40h 18h 0 0 1 1 0 0 0  
193       00h 1 40h 18h 0 0 1 1 0 0 0  
194       00h 1 40h 18h 0 0 1 1 0 0 0  
195       00h 1 40h 18h 0 0 1 1 0 0 0  
196       00h 1 40h 18h 0 0 1 1 0 0 0  
197       00h 1 40h 18h 0 0 1 1 0 0 0  
198       00h 1 40h 18h 0 0 1 1 0 0 0  
199       00h 1 40h 18h 0 0 1 1 0 0 0  
200       00h 1 40h 18h 0 0 1 1 0 0 0  
201       00h 1 40h 18h 0 0 1 1 0 0 0  
202       00h 1 40h 18h 0 0 1 1 0 0 0  
203       00h 1 40h 18h 0 0 1 1 0 0 0  
204       00h 1 40h 18h 0 0 1 1 0 0 0  
205       00h 1 40h 18h 0 0 1 1 0 0 0  
206       00h 1 40h 18h 0 0 1 1 0 0 0  
207       00h 1 40h 18h 0 0 1 1 0 0 0  
208       00h 1 40h 18h 0 0 1 1 0 0 0  
209       00h 1 40h 18h 0 0 1 1 0 0 0  
210       00h 1 40h 18h 0 0 1 1 0 0 0  
211       00h 1 40h 18h 0 0 1 1 0 0 0  
212       00h 1 40h 18h 0 0 1 1 0 0 0  
213       00h 1 40h 18h 0 0 1 1 0 0 0  
214       00h 1 40h 18h 0 0 1 1 0 0 0  
215       00h 1 40h 18h 0 0 1 1 0 0 0  
216       00h 1 40h 18h 0 0 1 1 0 0 0  
217       00h 1 40h 18h 0 0 1 1 0 0 0  
218       00h 1 40h 18h 0 0 1 1 0 0 0  
219       00h 1 40h 18h 0 0 1 1 0 0 0  
220       00h 1 40h 18h 0 0 1 1 0 0 0  
221       00h 1 40h 18h 0 0 1 1 0 0 0  
222       00h 1 40h 18h 0 0 1 1 0 0 0  
223       00h 1 40h 18h 0 0 1 1 0 0 0  
224       00h 1 40h 18h 0 0 1 1 0 0 0  
225       00h 1 40h 18h 0 0 1 1 0 0 0  
226       00h 1 40h 18h 0 0 1 1 0 0 0  
227       00h 1 40h 18h 0 0 1 1 0 0 0  
228       00h 1 40h 18h 0 0 1 1 0 0 0  
229       00h 1 40h 18h 0 0 1 1 0 0 0  
230       00h 1 40h 18h 0 0 1 1 0 0 0  
231       00h 1 40h 18h 0 0 1 1 0 0 0  
232       00h 1 40h 18h 0 0 1 1 0 0 0  
233       00h 1 40h 18h 0 0 1 1 0 0 0  
234       00h 1 40h 18h 0 0 1 1 0 0 0  
235       00h 1 40h 18h 0 0 1 1 0 0 0  
236       00h 1 40h 18h 0 0 1 1 0 0 0  
237       00h 1 40h 18h 0 0 1 1 0 0 0  
238       00h 1 40h 18h 0 0 1 1 0 0 0  
239       00h 1 40h 18h 0 0 1 1 0 0 0  
240       00h 1 40h 18h 0 0 1 1 0 0 0  
241       00h 1 40h 18h 0 0 1 1 0 0 0  
242       00h 1 40h 18h 0 0 1 1 0 0 0  
243       00h 1 40h 18h 0 0 1 1 0 0 0  
244       00h 1 40h 18h 0 0 1 1 0 0 0  
245       00h 1 40h 18h 0 0 1 1 0 0 0  
246       00h 1 40h 18h 0 0 1 1 0 0 0  
247       00h 1 40h 18h 0 0 1 1 0 0 0  
248       00h 1 40h 18h 0 0 1 1 0 0 0  
249       00h 1 40h 18h 0 0 1 1 0 0 0  
250       00h 1 40h 18h 0 0 1 1 0 0 0  
251       00h 1 40h 18h 0 0 1 1 0 0 0  
252       00h 1 40h 18h 0 0 1 1 0 0 0  
253       00h 1 40h 18h 0 0 1 1 0 0 0  
254       00h 1 40h 18h 0 0 1 1 0 0 0  
255       00h 1 40h 18h 0 0 1 1 0 0 0  
256       00h 1 40h 18h 0 0 1 1 0 0 0  
257       00h 1 40h 18h 0 0 1 1 0 0 0  
258       00h 1 40h 18h 0 0 1 1 0 0 0  
259       00h 1 40h 18h 0 0 1 1 0 0 0  
260       00h 1 40h 18h 0 0 1 1 0 0 0  
261       00h 1 40h 18h 0 0 1 1 0 0 0  
262       00h 1 40h 18h 0 0 1 1 0 0 0  
263       00h 1 40h 18h 0 0 1 1 0 0 0  
264       00h 1 40h 18h 0 0 1 1 0 0 0  
265       00h 1 40h 18h 0 0 1 1 0 0 0  
266       00h 1 40h 18h 0 0 1 1 0 0 0  
267       00h 1 40h 18h 0 0 1 1 0 0 0  
268       00h 1 40h 18h 0 0 1 1 0 0 0  
269       00h 1 40h 18h 0 0 1 1 0 0 0  
270       00h 1 40h 18h 0 0 1 1 0 0 0  
271       00h 1 40h 18h 0 0 1 1 0 0 0  
272       00h 1 40h 18h 0 0 1 1 0 0 0  
273       00h 1 40h 18h 0 0 1 1 0 0 0  
274       00h 1 40h 18h 0 0 1 1 0 0 0  
275       00h 1 40h 18h 0 0 1 1 0 0 0  
276       00h 1 40h 18h 0 0 1 1 0 0 0  
277       00h 1 40h 18h 0 0 1 1 0 0 0  
278       00h 1 40h 18h 0 0 1 1 0 0 0  
279       00h 1 40h 18h 0 0 1 1 0 0 0  
280       00h 1 40h 18h 0 0 1 1 0 0 0  
281       00h 1 40h 18h 0 0 1 1 0 0 0  
282       00h 1 40h 18h 0 0 1 1 0 0 0  
283       00h 1 40h 18h 0 0 1 1 0 0 0  
284       00h 1 40h 18h 0 0 1 1 0 0 0  
285       00h 1 40h 18h 0 0 1 1 0 0 0  
286       00h 1 40h 18h 0 0 1 1 0 0 0  
287       00h 1 40h 18h 0 0 1 1 0 0 0  
288       00h 1 40h 18h 0 0 1 1 0 0 0  
289       00h 1 40h 18h 0 0 1 1 0 0 0  
290       00h 1 40h 18h 0 0 1 1 0 0 0  
291       00h 1 40h 18h 0 0 1 1 0 0 0  
292       00h 1 40h 18h 0 0 1 1 0 0 0  
293       00h 1 40h 18h 0 0 1 1 0 0 0  
294       00h 1 40h 18h 0 0 1 1 0 0 0  
295       00h 1 40h 18h 0 0 1 1 0 0 0  
296       00h 1 40h 18h 0 0 1 1 0 0 0  
297       00h 1 40h 18h 0 0 1 1 0 0 0  
298       00h 1 40h 18h 0 0 1 1 0 0 0  
299       00h 1 40h 18h 0 0 1 1 0 0 0  
300       00h 1 40h 18h 0 0 1 1 0 0 0  
301       00h 1 40h 18h 0 0 1 1 0 0 0  
302       00h 1 40h 18h 0 0 1 1 0 0 0  
303       00h 1 40h 18h 0 0 1 1 0 0 0  
304       00h 1 40h 18h 0 0 1 1 0 0 0  
305       00h 1 40h 18h 0 0 1 1 0 0 0  
306       00h 1 40h 18h 0 0 1 1 0 0 0  
307       00h 1 40h 18h 0 0 1 1 0 0 0  
308       00h 1 40h 18h 0 0 1 1 0 0 0  
309       00h 1 40h 18h 0 0 1 1 0 0 0  
310       00h 1 40h 18h 0 0 1 1 0 0 0  
311       00h 1 40h 18h 0 0 1 1 0 0 0  
312       00h 1 40h 18h 0 0 1 1 0 0 0  
313       00h 1 40h 18h 0 0 1 1 0 0 0  
314       00h 1 40h 18h 0 0 1 1 0 0 0  
315       00h 1 40h 18h 0 0 1 1 0 0 0  
316       00h 1 40h 18h 0 0 1 1 0 0 0  
317       00h 1 40h 18h 0 0 1 1 0 0 0  
318       00h 1 40h 18h 0 0 1 1 0 0 0  
319       00h 1 40h 18h 0 0 1 1 0 0 0  
320       00h 1 40h 18h 0 0 1 1 0 0 0  
321       00h 1 40h 18h 0 0 1 1 0 0 0  
322       00h 1 40h 18h 0 0 1 1 0 0 0  
323       00h 1 40h 18h 0 0 1 1 0 0 0  
324       00h 1 40h 18h 0 0 1 1 0 0 0  
325       00h 1 40h 18h 0 0 1 1 0 0 0  
326       00h 1 40h 18h 0 0 1 1 0 0 0  
327       00h 1 40h 18h 0 0 1 1 0 0 0  
328       00h 1 40h 18h 0 0 1 1 0 0 0  
329       00h 1 40h 18h 0 0 1 1 0 0 0  
330       00h 1 40h 18h 0 0 1 1 0 0 0  
331       00h 1 40h 18h 0 0 1 1 0 0 0  
332       00h 1 40h 18h 0 0 1 1 0 0 0  
333       00h 1 40h 18h 0 0 1 1 0 0 0  
334       00h 1 40h 18h 0 0 1 1 0 0 0  
335       00h 1 40h 18h 0 0 1 1 0 0 0  
336       00h 1 40h 18h 0 0 1 1 0 0 0  
337       00h 1 40h 18h 0 0 1 1 0 0 0  
338       00h 1 40h 18h 0 0 1 1 0 0 0  
339       00h 1 40h 18h 0 0 1 1 0 0 0  
340       00h 1 40h 18h 0 0 1 1 0 0 0  
341       00h 1 40h 18h 0 0 1 1 0 0 0  
342       00h 1 40h 18h 0 0 1 1 0 0 0  
343       00h 1 40h 18h 0 0 1 1 0 0 0  
344       00h 1 40h 18h 0 0 1 1 0 0 0  
345       00h 1 40h 18h 0 0 1 1 0 0 0  
346       00h 1 40h 18h 0 0 1 1 0 0 0  
347       00h 1 40h 18h 0 0 1 1 0 0 0  
348       00h 1 40h 18h 0 0 1 1 0 0 0  
349       00h 1 40h 18h 0 0 1 1 0 0 0  
350       00h 1 40h 18h 0 0 1 1 0 0 0  
351       00h 1 40h 18h 0 0 1 1 0 0 0  
352       00h 1 40h 18h 0 0 1 1 0 0 0  
353       00h 1 40h 18h 0 0 1 1 0 0 0  
354       00h 1 40h 18h 0 0 1 1 0 0 0  
355       00h 1 40h 18h 0 0 1 1 0 0 0  
356       00h 1 40h 18h 0 0 1 1 0 0 0  
357       00h 1 40h 18h 0 0 1 1 0 0 0  
358       00h 1 40h 18h 0 0 1 1 0 0 0  
359       00h 1 40h 18h 0 0 1 1 0 0 0  
360       00h 1 40h 18h 0 0 1 1 0 0 0  
361       00h 1 40h 18h 0 0 1 1 0 0 0  
362       00h 1 40h 18h 0 0 1 1 0 0 0  
363       00h 1 40h 18h 0 0 1 1 0 0 0  
364       00h 1 40h 18h 0 0 1 1 0 0 0  
365       00h 1 40h 18h 0 0 1 1 0 0 0  
366       00h 1 40h 18h 0 0 1 1 0 0 0  
367       00h 1 40h 18h 0 0 1 1 0 0 0  
368       00h 1 40h 18h 0 0 1 1 0 0 0  
369       00h 1 40h 18h 0 0 1 1 0 0 0  
370       00h 1 40h 18h 0 0 1 1 0 0 0  
371       00h 1 40h 18h 0 0 1 1 0 0 0  
372       00h 1 40h 18h 0 0 1 1 0 0 0  
373       00h 1 40h 18h 0 0 1 1 0 0 0  
374       00h 1 40h 18h 0 0 1 1 0 0 0  
375       00h 1 40h 18h 0 0 1 1 0 0 0  
376       00h 1 40h 18h 0 0 1 1 0 0 0  
377       00h 1 40h 18h 0 0 1 1 0 0 0  
378       00h 1 40h 18h 0 0 1 1 0 0 0  
379       00h 1 40h 18h 0 0 1 1 0 0 0  
380       00h 1 40h 18h 0 0 1 1 0 0 0  
381       00h 1 40h 18h 0 0 1 1 0 0 0  
382       00h 1 40h 18h 0 0 1 1 0 0 0  
383       00h 1 40h 18h 0 0 1 1 0 0 0  
384       00h 1 40h 18h 0 0 1 1 0 0 0  
385       00h 1 40h 18h 0 0 1 1 0 0 0  
386       00h 1 40h 18h 0 0 1 1 0 0 0  
387       00h 1 40h 18h 0 0 1 1 0 0 0  
388       00h 1 40h 18h 0 0 1 1 0 0 0  
389       00h 1 40h 18h 0 0 1 1 0 0 0  
390       00h 1 40h 18h 0 0 1 1 0 0 0  
391       00h 1 40h 18h 0 0 1 1 0 0 0  
392       00h 1 40h 18h 0 0 1 1 0 0 0  
393       00h 1 40h 18h 0 0 1 1 0 0 0  
394       00h 1 40h 18h 0 0 1 1 0 0 0  
395       00h 1 40h 18h 0 0 1 1 0 0 0  
396       00h 1 40h 18h 0 0 1 1 0 0 0  
397       00h 1 40h 18h 0 0 1 1 0 0 0  
398       00h 1 40h 18h 0 0 1 1 0 0 0  
399       00h 1 40h 18h 0 0 1 1 0 0 0  
400       00h 1 40h 18h 0 0 1 1 0 0 0  
401       00h 1 40h 18h 0 0 1 1 0 0 0  
402       00h 1 40h 18h 0 0 1 1 0 0 0  
403       00h 1 40h 18h 0 0 1 1 0 0 0  
404       00h 1 40h 18h 0 0 1 1 0 0 0  
405       00h 1 40h 18h 0 0 1 1 0 0 0  
406       00h 1 40h 18h 0 0 1 1 0 0 0  
407       00h 1 40h 18h 0 0 1 1 0 0 0  
408       00h 1 40h 18h 0 0 1 1 0 0 0  
409       00h 1 40h 18h 0 0 1 1 0 0 0  
410       00h 1 40h 18h 0 0 1 1 0 0 0  
411       00h 1 40h 18h 0 0 1 1 0 0 0  
412       00h 1 40h 18h 0 0 1 1 0 0 0  
413       00h 1 40h 18h 0 0 1 1 0 0 0  
414       00h 1 40h 18h 0 0 1 1 0 0 0  
415       00h 1 40h 18h 0 0 1 1 0 0 0  
416       00h 1 40h 18h 0 0 1 1 0 0 0  
417       00h 1 40h 18h 0 0 1 1 0 0 0  
418       00h 1 40h 18h 0 0 1 1 0 0 0  
419       00h 1 40h 18h 0 0 1 1 0 0 0  
420       00h 1 40h 18h 0 0 1 1 0 0 0  
421       00h 1 40h 18h 0 0 1 1 0 0 0  
422       00h 1 40h 18h 0 0 1 1 0 0 0  
423       00h 1 40h 18h 0 0 1 1 0 0 0  
424       00h 1 40h 18h 0 0 1 1 0 0 0  
425       00h 1 40h 18h 0 0 1 1 0 0 0  
426       00h 1 40h 18h 0 0 1 1 0 0 0  
427       00h 1 40h 18h 0 0 1 1 0 0 0  
428       00h 1 40h 18h 0 0 1 1 0 0 0  
429       00h 1 40h 18h 0 0 1 1 0 0 0  
430       00h 1 40h 18h 0 0 1 1 0 0 0  
431       00h 1 40h 18h 0 0 1 1 0 0 0  
432       00h 1 40h 18h 0 0 1 1 0 0 0  
433       00h 1 40h 18h 0 0 1 1 0 0 0  
434       00h 1 40h 18h 0 0 1 1 0 0 0  
435       00h 1 40h 18h 0 0 1 1 0 0 0  
436       00h 1 40h 18h 0 0 1 1 0 0 0  
437       00h 1 40h 18h 0 0 1 1 0 0 0  
438       00h 1 40h 18h 0 0 1 1 0 0 0  
439       00h 1 40h 18h 0 0 1 1 0 0 0  
440       00h 1 40h 18h 0 0 1 1 0 0 0  
441       00h 1 40h 18h 0 0 1 1 0 0 0  
442       00h 1 40h 18h 0 0 1 1 0 0 0  
443       00h 1 40h 18h 0 0 1 1 0 0 0  
444       00h 1 40h 18h 0 0 1 1 0 0 0  
445       00h 1 40h 18h 0 0 1 1 0 0 0  
446       00h 1 40h 18h 0 0 1 1 0 0 0  
447       00h 1 40h 18h 0 0 1 1 0 0 0  
448       00h 1 40h 18h 0 0 1 1 0 0 0  
449       00h 1 40h 18h 0 0 1 1 0 0 0  
450       00h 1 40h 18h 0 0 1 1 0 0 0  
451       00h 1 40h 18h 0 0 1 1 0 0 0  
452       00h 1 40h 18h 0 0 1 1 0 0 0  
453       00h 1 40h 18h 0 0 1 1 0 0 0  
454       00h 1 40h 18h 0 0 1 1 0 0 0  
455       00h 1 40h 18h 0 0 1 1 0 0 0  
456       00h 1 40h 18h 0 0 1 1 0 0 0  
457       00h 1 40h 18h 0 0 1 1 0 0 0  
458       00h 1 40h 18h 0 0 1 1 0 0 0  
459       00h 1 40h 18h 0 0 1 1 0 0 0  
460       00h 1 40h 18h 0 0 1 1 0 0 0  
461       00h 1 40h 18h 0 0 1 1 0 0 0  
462       00h 1 40h 18h 0 0 1 1 0 0 0  
463       00h 1 40h 18h 0 0 1 1 0 0 0  
464       00h 1 40h 18h 0 0 1 1 0 0 0  
465       00h 1 40h 18h 0 0 1 1 0 0 0  
466       00h 1 40h 18h 0 0 1 1 0 0 0  
467       00h 1 40h 18h 0 0 1 1 0 0 0  
468       00h 1 40h 18h 0 0 1 1 0 0 0  
469       00h 1 40h 18h 0 0 1 1 0 0 0  
470       00h 1 40h 18h 0 0 1 1 0 0 0  
471       00h 1 40h 18h 0 0 1 1 0 0 0  
472       00h 1 40h 18h 0 0 1 1 0 0 0  
473       00h 1 40h 18h 0 0 1 1 0 0 0  
474       00h 1 40h 18h 0 0 1 1 0 0 0  
475       00h 1 40h 18h 0 0 1 1 0 0 0  
476       00h 1 40h 18h 0 0 1 1 0 0 0  
477       00h 1 40h 18h 0 0 1 1 0 0 0  
478       00h 1 40h 18h 0 0 1 1 0 0 0  
479       00h 1 40h 18h 0 0 1 1 0 0 0  
480       00h 1 40h 18h 0 0 1 1 0 0 0  
481       00h 1 40h 18h 0 0 1 1 0 0 0  
482       00h 1 40h 18h 0 0 1 1 0 0 0  
483       00h 1 40h 18h 0 0 1 1 0 0 0  
484       00h 1 40h 18h 0 0 1 1 0 0 0  
485       00h 1 40h 18h 0 0 1 1 0 0 0  
486       00h 1 40h 18h 0 0 1 1 0 0 0  
487       00h 1 40h 18h 0 0 1 1 0 0 0  
488       00h 1 40h 18h 0 0 1 1 0 0 0  
489       00h 1 40h 18h 0 0 1 1 0 0 0  
490       00h 1 40h 18h 0 0 1 1 0 0 0  
491       00h 1 40h 18h 0 0 1 1 0 0 0  
492       00h 1 40h 18h 0 0 1 1 0 0 0  
493       00h 1 40h 18h 0 0 1 1 0 0 0  
494       00h 1 40h 18h 0 0 1 1 0 0 0  
495       00h 1 40h 18h 0 0 1 1 0 0 0  
496       00h 1 40h 18h 0 0 1 1 0 0 0  
497       00h 1 40h 18h 0 0 1 1 0 0 0  
498       00h 1 40h 18h 0 0 1 1 0 0 0  
499       00h 1 40h 18h 0 0 1 1 0 0 0  
500       00h 1 40h 18h 0 0 1 1 0 0 0  
501       00h 1 40h 18h 0 0 1 1 0 0 0  
502       00h 1 40h 18h 0 0 1 1 0 0 0  
503       00h 1 40h 18h 0 0 1 1 0 0 0  
504       00h 1 40h 18h 0 0 1 1 0 0 0  
505       00h 1 40h 18h 0 0 1 1 0 0 0  
506       00h 1 40h 18h 0 0 1 1 0 0 0  
507       00h 1 40h 18h 0 0 1 1 0 0 0  
508       00h 1 40h 18h 0 0 1 1 0 0 0  
509       00h 1 40h 18h 0 0 1 1 0 0 0  
510       00h 1 40h 18h 0 0 1 1 0 0 0  
511       00h 1 40h 18h 0 0 1 1 0 0 0  
512       00h 1 40h 18h 0 0 1 1 0 0 0  
513       00h 1 40h 18h 0 0 1 1 0 0 0  
514       00h 1 40h 18h 0 0 1 1 0 0 0  
515       00h 1 40h 18h 0 0 1 1 0 0 0  
516       00h 1 40h 18h 0 0 1 1 0 0 0  
517       00h 1 40h 18h 0 0 1 1 0 0 0  
518       00h 1 40h 18h 0 0 1 1 0 0 0  
519       00h 1 40h 18h 0 0 1 1 0 0 0  
520       00h 1 40h 18h 0 0 1 1 0 0 0  
521       00h 1 40h 18h 0 0 1 1 0 0 0  
522       00h 1 40h 18h 0 0 1 1 0 0 0  
523       00h 1 40h 18h 0 0 1 1 0 0 0  
524       00h 1 40h 18h 0 0 1 1 0 0 0  
525       00h 1 40h 18h 0 0 1 1 0 0 0  
526       00h 1 40h 18h 0 0 1 1 0 0 0  
527       00h 1 40h 18h 0 0 1 1 0 0 0  
528       00h 1 40h 18h 0 0 1 1 0 0 0  
529       00h 1 40h 18h 0 0 1 1 0 0 0  
530       00h 1 40h 18h 0 0 1 1 0 0 0  
531       00h 1 40h 18h 0 0 1 1 0 0 0  
532       00h 1 40h 18h 0 0 1 1 0 0 0  
533       00h 1 40h 18h 0 0 1 1 0 0 0  
534       00h 1 40h 18h 0 0 1 1 0 0 0  
535       00h 1 40h 18h 0 0 1 1 0 0 0  
536       00h 1 40h 18h 0 0 1 1 0 0 0  
537       00h 1 40h 18h 0 0 1 1 0 0 0  
538       00h 1 40h 18h 0 0 1 1 0 0 0  
539       00h 1 40h 18h 0 0 1 1 0 0 0  
540       00h 1 40h 18h 0 0 1 1 0 0 0  
541       00h 1 40h 18h 0 0 1 1 0 0 0  
542       00h 1 40h 18h 0 0 1 1 0 0 0  
543       00h 1 40h 18h 0 0 1 1 0 0 0  
544       00h 1 40h 18h 0 0 1 1 0 0 0  
545       00h 1 40h 18h 0 0 1 1 0 0 0  
546       00h 1 40h 18h 0 0 1 1 0 0 0  
547       00h 1 40h 18h 0 0 1 1 0 0 0  
548       00h 1 40h 18h 0 0 1 1 0 0 0  
549       00h 1 40h 18h 0 0 1 1 0 0 0  
550       00h 1 40h 18h 0 0 1 1 0 0 0  
551       00h 1 40h 18h 0 0 1 1 0 0 0  
552       00h 1 40h 18h 0 0 1 1 0 0 0  
553       00h 1 40h 18h 0 0 1 1 0 0 0  
554       00h 1 40h 18h 0 0 1 1 0 0 0  
555       00h 1 40h 18h 0 0 1 1 0 0 0  
556       00h 1 40h 18h 0 0 1 1 0 0 0  
557       00h 1 40h 18h 0 0 1 1 0 0 0  
558       00h 1 40h 18h 0 0 1 1 0 0 0  
559       00h 1 40h 18h 0 0 1 1 0 0 0  
560       00h 1 40h 18h 0 0 1 1 0 0 0  
561       00h 1 40h 18h 0 0 1 1 0 0 0  
562       00h 1 40h 18h 0 0 1 1 0 0 0  
563       00h 1 40h 18h 0 0 1 1 0 0 0  
564       00h 1 40h 18h 0 0 1 1 0 0 0  
565       00h 1 40h 18h 0 0 1 1 0 0 0  
566       00h 1 40h 18h 0 0 1 1 0 0 0  
567       00h 1 40h 18h 0 0 1 1 0 0 0  
568       00h 1 40h 18h 0 0 1 1 0 0 0  
569       00h 1 40h 18h 0 0 1 1 0 0 0  
570       00h 1 40h 18h 0 0 1 1 0 0 0  
571       00h 1 40h 18h 0 0 1 1 0 0 0  
572       00h 1 40h 18h 0 0 1 1 0 0 0  
573       00h 1 40h 18h 0 0 1 1 0 0 0  
574       00h 1 40h 18h 0 0 1 1 0 0 0  
575       00h 1 40h 18h 0 0 1 1 0 0 0  
576       00h 1 40h 18h 0 0 1 1 0 0 0  
577       00h 1 40h 18h 0 0 1 1 0 0 0  
578       00h 1 40h 18h 0 0 1 1 0 0 0  
579       00h 1 40h 18h 0 0 1 1 0 0 0  
580       00h 1 40h 18h 0 0 1 1 0 0 0  
581       00h 1 40h 18h 0 0 1 1 0 0 0  
582       00h 1 40h 18h 0 0 1 1 0 0 0  
583       00h 1 40h 18h 0 0 1 1 0 0 0  
584       00h 1 40h 18h 0 0 1 1 0 0 0  
585       00h 1 40h 18h 0 0 1 1 0 0 0  
586       00h 1 40h 18h 0 0 1 1 0 0 0  
587       00h 1 40h 18h 0 0 1 1 0 0 0  
588       00h 1 40h 18h 0 0 1 1 0 0 0  
589       00h 1 40h 18h 0 0 1 1 0 0 0  
590       00h 1 40h 18h 0 0 1 1 0 0 0  
591       00h 1 40h 18h 0 0 1 1 0 0 0  
592       00h 1 40h 18h 0 0 1 1 0 0 0  
593       00h 1 40h 18h 0 0 1 1 0 0 0  
594       00h 1 40h 18h 0 0 1 1 0 0 0  
595       00h 1 40h 18h 0 0 1 1 0 0 0  
596       00h 1 40h 18h 0 0 1 1 0 0 0  
597       00h 1 40h 18h 0 0 1 1 0 0 0  
598       00h 1 40h 18h 0 0 1 1 0 0 0  
599       00h 1 40h 18h 0 0 1 1 0 0 0  
600       00h 1 40h 18h 0 0 1 1 0 0 0  
601       00h 1 40h 18h 0 0 1 1 0 0 0  
602       00h 1 40h 18h 0 0 1 1 0 0 0  
603       00h 1 40h 18h 0 0 1 1 0 0 0  
604       00h 1 40h 18h 0 0 1 1 0 0 0  
605       00h 1 40h 18h 0 0 1 1 0 0 0  
606       00h 1 40h 18h 0 0 1 1 0 0 0  
607       00h 1 40h 18h 0 0 1 1 0 0 0  
608       00h 1 40h 18h 0 0 1 1 0 0 0  
609       00h 1 40h 18h 0 0 1 1 0 0 0  
610       00h 1 40h 18h 0 0 1 1 0 0 0  
611       00h 1 40h 18h 0 0 1 1 0 0 0  
612       00h 1 40h 18h 0 0 1 1 0 0 0  
613       00h 1 40h 18h 0 0 1 1 0 0 0  
614       00h 1 40h 18h 0 0 1 1 0 0 0  
615       00h 1 40h 18h 0 0 1 1 0 0 0  
616       00h 1 40h 18h 0 0 1 1 0 0 0  
617       00h 1 40h 18h 0 0 1 1 0 0 0  
618       00h 1 40h 18h 0 0 1 1 0 0 0  
619       00h 1 40h 18h 0 0 1 1 0 0 0  
620       00h 1 40h 18h 0 0 1 1 0 0 0  
621       00h 1 40h 18h 0 0 1 1 0 0 0  
622       00h 1 40h 18h 0 0 1 1 0 0 0  
623       00h 1 40h 18h 0 0 1 1 0 0 0  
624       00h 1 40h 18h 0 0 1 1 0 0 0  
625       00h 1 40h 18h 0 0 1 1 0 0 0  
626       00h 1 40h 18h 0 0 1 1 0 0 0  
627       00h 1 40h 18h 0 0 1 1 0 0 0  
628       00h 1 40h 18h 0 0 1 1 0 0 0  
629       00h 1 40h 18h 0 0 1 1 0 0 0  
630       00h 1 40h 18h 0 0 1 1 0 0 0  
631       00h 1 40h 18h 0 0 1 1 0 0 0  
632       00h 1 40h 18h 0 0 1 1 0 0 0  
633       00h 1 40h 18h 0 0 1 1 0 0 0  
634       00h 1 40h 18h 0 0 1 1 0 0 0  
635       00h 1 40h 18h 0 0 1 1 0 0 0  
636       00h 1 40h 18h 0 0 1 1 0 0 0  
637       00h 1 40h 18h 0 0 1 1 0 0 0  
638       00h 1 40h 18h 0 0 1 1 0 0 0  
639       00h 1 40h 18h 0 0 1 1 0 0 0  
640       00h 1 40h 18h 0 0 1 1 0 0 0  
641       00h 1 40h 18h 0 0 1 1 0 0 0  
642       00h 1 40h 18h 0 0 1 1 0 0 0  
643       00h 1 40h 18h 0 0 1 1 0 0 0  
644       00h 1 40h 18h 0 0 1 1 0 0 0  
645       00h 1 40h 18h 0 0 1 1 0 0 0  
646       00h 1 40h 18h 0 0 1 1 0 0 0  
647       00h 1 40h 18h 0 0 1 1 0 0 0  
648       00h 1 40h 18h 0 0 1 1 0 0 0  
649       00h 1 40h 18h 0 0 1 1 0 0 0  
650       00h 1 40h 18h 0 0 1 1 0 0 0  
651       00h 1 40h 18h 0 0 1 1 0 0 0  
652       00h 1 40h 18h 0 0 1 1 0 0 0  
653       00h 1 40h 18h 0 0 1 1 0 0 0  
654       00h 1 40h 18h 0 0 1 1 0 0 0  
655       00h 1 40h 18h 0 0 1 1 0 0 0  
656       00h 1 40h 18h 0 0 1 1 0 0 0  
657       00h 1 40h 18h 0 0 1 1 0 0 0  
658       00h 1 40h 18h 0 0 1 1 0 0 0  
659       00h 1 40h 18h 0 0 1 1 0 0 0  
660       00h 1 40h 18h 0 0 1 1 0 0 0  
661       00h 1 40h 18h 0 0 1 1 0 0 0  
662       00h 1 40h 18h 0 0 1 1 0 0 0  
663       00h 1 40h 18h 0 0 1 1 0 0 0  
664       00h 1 40h 18h 0 0 1 1 0 0 0  
665       00h 1 40h 18h 0 0 1 1 0 0 0  
666       00h 1 40h 18h 0 0 1 1 0 0 0  
667       00h 1 40h 18h 0 0 1 1 0 0 0  
668       00h 1 40h 18h 0 0 1 1 0 0 0  
669       00h 1 40h 18h 0 0 1 1 0 0 0  
670       00h 1 40h 18h 0 0 1 1 0 0 0  
671       00h 1 40h 18h 0 0 1 1 0 0 0  
672       00h 1 40h 18h 0 0 1 1 0 0 0  
673       00h 1 40h 18h 0 0 1 1 0 0 0  
674       00h 1 40h 18h 0 0 1 1 0 0 0  
675       00h 1 40h 18h 0 0 1 1 0 0 0  
676       00h 1 40h 18h 0 0 1 1 0 0 0  
677       00h 1 40h 18h 0 0 1 1 0 0 0  
678       00h 1 40h 18h 0 0 1 1 0 0 0  
679       00h 1 40h 18h 0 0 1 1 0 0 0  
680       00h 1 40h 18h 0 0 1 1 0 0 0  
681       00h 1 40h 18h 0 0 1 1 0 0 0  
682       00h 1 40h 18h 0 0 1 1 0 0 0  
683       00h 1 40h 18h 0 0 1 1 0 0 0  
684       00h 1 40h 18h 0 0 1 1 0 0 0  
685       00h 1 40h 18h 0 0 1 1 0 0 0  
686       00h 1 40h 18h 0 0 1 1 0 0 0  
687       00h 1 40h 18h 0 0 1 1 0 0 0  
688       00h 1 40h 18h 0 0 1 1 0 0 0  
689       00h 1 40h 18h 0 0 1 1 0 0 0  
690       00h 1 40h 18h 0 0 1 1 0 0 0  
691       00h 1 40h 18h 0 0 1 1 0 0 0  
692       00h 1 40h 18h 0 0 1 1 0 0 0  
693       00h 1 40h 18h 0 0 1 1 0 0 0  
694       00h 1 40h 18h 0 0 1 1 0 0 0  
695       00h 1 40h 18h 0 0 1 1 0 0 0  
696       00h 1 40h 18h 0 0 1 1 0 0 0  
697       00h 1 40h 18h 0 0 1 1 0 0 0  
698       00h 1 40h 18h 0 0 1 1 0 0 0  
699       00h 1 40h 18h 0 0 1 1 0 0 0  
700       00h 1 40h 18h 0 0 1 1 0 0 0  
701       00h 1 40h 18h 0 0 1 1 0 0 0  
702       00h 1 40h 18h 0 0 1 1 0 0 0  
703       00h 1 40h 18h 0 0 1 1 0 0 0  
704       00h 1 40h 18h 0 0 1 1 0 0 0  
705       00h 1 40h 18h 0 0 1 1 0 0 0  
706       00h 1 40h 18h 0 0 1 1 0 0 0  
707       00h 1 40h 18h 0 0 1 1 0 0 0  
708       00h 1 40h 18h 0 0 1 1 0 0 0  
709       00h 1 40h 18h 0 0 1 1 0 0 0  
710       00h 1 40h 18h 0 0 1 1 0 0 0  
711       00h 1 40h 18h 0 0 1 1 0 0 0  
712       00h 1 40h 18h 0 0 1 1 0 0 0  
713       00h 1 40h 18h 0 0 1 1 0 0 0  
714       00h 1 40h 18h 0 0 1 1 0 0 0  
715       00h 1 40h 18h 0 0 1 1 0 0 0  
716       00h 1 40h 18h 0 0 1 1 0 0 0  
717       00h 1 40h 18h 0 0 1 1 0 0 0  
718       00h 1 40h 18h 0 0 1 1 0 0 0  
719       00h 1 40h 18h 0 0 1 1 0 0 0  
720       00h 1 40h 18h 0 0 1 1 0 0 0  
721       00h 1 40h 18h 0 0 1 1 0 0 0  
722       00h 1 40h 18h 0 0 1 1 0 0 0  
723       00h 1 40h 18h 0 0 1 1 0 0 0  
724       00h 1 40h 18h 0 0 1 1 0 0 0  
725       00h 1 40h 18h 0 0 1 1 0 0 0  
726       00h 1 40h 18h 0 0 1 1 0 0 0  
727       00h 1 40h 18h 0 0 1 1 0 0 0  
728       00h 1 40h 18h 0 0 1 1 0 0 0  
729       00h 1 40h 18h 0 0 1 1 0 0 0  
730       00h 1 40h 18h 0 0 1 1 0 0 0  
731       00h 1 40h 18h 0 0 1 1 0 0 0  
732       00h 1 40h 18h 0 0 1 1 0 0 0  
733       00h 1 40h 18h 0 0 1 1 0 0 0  
734       00h 1 40h 18h 0 0 1 1 0 0 0  
735       00h 1 40h 18h 0 0 1 1 0 0 0  
736       00h 1 40h 18h 0 0 1 1 0 0 0  
737       00h 1 40h 18h 0 0 1 1 0 0 0  
738       00h 1 40h 18h 0 0 1 1 0 0 0  
739       00h 1 40h 18h 0 0 1 1 0 0 0  
740       00h 1 40h 18h 0 0 1 1 0 0 0  
741       00h 1 40h 18h 0 0 1 1 0 0 0  
742       00h 1 40h 18h 0 0 1 1 0 0 0  
743       00h 1 40h 18h 0 0 1 1 0 0 0  
744       00h 1 40h 18h 0 0 1 1 0 0 0  
745       00h 1 40h 18h 0 0 1 1 0 0 0  
746       00h 1 40h 18h 0 0 1 1 0 0 0  
747       00h 1 40h 18h 0 0 1 1 0 0 0  
748       00h 1 40h 18h 0 0 1 1 0 0 0  
749       00h 1 40h 18h 0 0 1 1 0 0 0  
750       00h 1 40h 18h 0 0 1 1 0 0 0  
751       00h 1 40h 18h 0 0 1 1 0 0 0  
752       00h 1 40h 18h 0 0 1 1 0 0 0  
753       00h 1 40h 18h 0 0 1 1 0 0 0  
754       00h 1 40h 18h 0 0 1 1 0 0 0  
755       00h 1 40h 18h 0 0 1 1 0 0 0  
756       00h 1 40h 18h 0 0 1 1 0 0 0  
757       00h 1 40h 18h 0 0 1 1 0 0 0  
758       00h 1 40h 18h 0 0 1 1 0 0 0  
759       00h 1 40h 18h 0 0 1 1 0 0 0  
760       00h 1 40h 18h 0 0 1 1 0 0 0  
761       00h 1 40h 18h 0 0 1 1 0 0 0  
762       00h 1 40h 18h 0 0 1 1 0 0 0  
763       00h 1 40h 18h 0 0 1 1 0 0 0  
764       00h 1 40h 18h 0 0 1 1 0 0 0  
765       00h 1 40h 18h 0 0 1 1 0 0 0  
766       00h 1 40h 18h 0 0 1 1 0 0 0  
767       00h 1 40h 18h 0 0 1 1 0 0 0  
768       00h 1 40h 18h 0 0 1 1 0 0 0  
769       00h 1 40h 18h 0 0 1 1 0 0 0  
770       00h 1 40h 18h 0 0 1 1 0 0 0  
771       00h 1 40h 18h 0 0 1 1 0 0 0  
772       00h 1 40h 18h 0 0 1 1 0 0 0  
773       00h 1 40h 18h 0 0 1 1 0 0 0  
774       00h 1 40h 18h 0 0 1 1 0 0 0  
775       00h 1 40h 18h 0 0 1 1 0 0 0  
776       00h 1 40h 18h 0 0 1 1 0 0 0  
777       00h 1 40h 18h 0 0 1 1 0 0 0  
778       00h 1 40h 18h 0 0 1 1 0 0 0  
779       00h 1 40h 18h 0 0 1 1 0 0 0  
780       00h 1 40h 18h 0 0 1 1 0 0 0  
781       00h 1 40h 18h 0 0 1 1 0 0 0  
782       00h 1 40h 18h 0 0 1 1 0 0 0  
783       00h 1 40h 18h 0 0 1 1 0 0 0  
784       00h 1 40h 18h 0 0 1 1 0 0 0  
785       00h 1 40h 18h 0 0 1 1 0 0 0  
786       00h 1 40h 18h 0 0 1 1 0 0 0  
787       00h 1 40h 18h 0 0 1 1 0 0 0  
788       00h 1 40h 18h 0 0 1 1 0 0 0  
789       00h 1 40h 18h 0 0 1 1 0 0 0  
790       00h 1 40h 18h 0 0 1 1 0 0 0  
791       00h 1 40h 18h 0 0 1 1 0 0 0  
792       00h 1 40h 18h 0 0 1 1 0 0 0  
793       00h 1 40h 18h 0 0 1 1 0 0 0  
794       00h 1 40h 18h 0 0 1 1 0 0 0  
795       00h 1 40h 18h 0 0 1 1 0 0 0  
796       00h 1 40h 18h 0 0 1 1 0 0 0  
797       00h 1 40h 18h 0 0 1 1 0 0 0  
798       00h 1 40h 18h 0 0 1 1 0 0 0  
799       00h 1 40h 18h 0 0 1 1 0 0 0  
800       00h 1 40h 18h 0 0 1 1 0 0 0  
801       00h 1 40h 18h 0 0 1 1 0 0 0  
802       00h 1 40h 18h 0 0 1 1 0 0 0  
803       00h 1 40h 18h 0 0 1 1 0 0 0  
804       00h 1 40h 18h 0 0 1 1 0 0 0  
805       00h 1 40h 18h 0 0 1 1 0 0 0  
806       00h 1 40h 18h 0 0 1 1 0 0 0  
807       00h 1 40h 18h 0 0 1 1 0 0 0  
808       00h 1 40h 18h 0 0 1 1 0 0 0  
809       00h 1 40h 18h 0 0 1 1 0 0 0  
810       00h 1 40h 18h 0 0 1 1 0 0 0  
811       00h 1 40h 18h 0 0 1 1 0 0 0  
812       00h 1 40h 18h 0 0 1 1 0 0 0  
813       00h 1 40h 18h 0 0 1 1 0 0 0  
814       00h 1 40h 18h 0 0 1 1 0 0 0  
815       00h 1 40h 18h 0 0 1 1 0 0 0  
816       00h 1 40h 18h 0 0 1 1 0 0 0  
817       00h 1 40h 18h 0 0 1 1 0 0 0  
818       00h 1 40h 18h 0 0 1 1 0 0 0  
819       00h 1 40h 18h 0 0 1 1 0 0 0  
820       00h 1 40h 18h 0 0 1 1 0 0 0  
821       00h 1 40h 18h 0 0 1 1 0 0 0  
822       00h 1 40h 18h 0 0 1 1 0 0 0  
823       00h 1 40h 18h 0 0 1 1 0 0 0  
824       00h 1 40h 18h 0 0 1 1 0 0 0  
825       00h 1 40h 18h 0 0 1 1 0 0 0  
826       00h 1 40h 18h 0 0 1 1 0 0 0  
827       00h 1 40h 18h 0 0 1 1 0 0 0  
828       00h 1 40h 18h 0 0 1 1 0 0 0  
829       00h 1 40h 18h 0 0 1 1 0 0 0  
830       00h 1 40h 18h 0 0 1 1 0 0 0  
831       00h 1 40h 18h 0 0 1 1 0 0 0  
832       00h 1 40h 18h 0 0 1 1 0 0 0  
833       00h 1 40h 18h 0 0 1 1 0 0 0  
834       00h 1 40h 18h 0 0 1 1 0 0 0  
835       00h 1 40h 18h 0 0 1 1 0 0 0  
836       00h 1 40h 18h 0 0 1 1 0 0 0  
837       00h 1 40h 18h 0 0 1 1 0 0 0  
838       00h 1 40h 18h 0 0 1 1 0 0 0  
839       00h 1 40h 18h 0 0 1 1 0 0 0  
840       00h 1 40h 18h 0 0 1 1 0 0 0  
841       00h 1 40h 18h 0 0 1 1 0 0 0  
842       00h 1 40h 18h 0 0 1 1 0 0 0  
843       00h 1 40h 18h 0 0 1 1 0 0 0  
844       00h 1 40h 18h 0 0 1 1 0 0 0  
845       00h 1 40h 18h 0 0 1 1 0 0 0  
846       00h 1 40h 18h 0 0 1 1 0 0 0  
847       00h 1 40h 18h 0 0 1 1 0 0 0  
848       00h 1 40h 18h 0 0 1 1 0 0 0  
849       00h 1 40h 18h 0 0 1 1 0 0 0  
850       00h 1 40h 18h 0 0 1 1 0 0 0  
851       00h 1 40h 18h 0 0 1 1 0 0 0  
852       00h 1 40h 18h 0 0 1 1 0 0 0  
853       00h 1 40h 18h 0 0 1 1 0 0 0  
854       00h 1 40h 18h 0 0 1 1 0 0 0  
855       00h 1 40h 18h 0 0 1 1 0 0 0  
856       00h 1 40h 18h 0 0 1 1 0 0 0  
857       00h 1 40h 18h 0 0 1 1 0 0 0  
858       00h 1 40h 18h 0 0 1 1 0 0 0  
859       00h 1 40h 18h 0 0 1 1 0 0 0  
860       00h 1 40h 18h 0 0 1 1 0 0 0  
861       00h 1 40h 18h 0 0 1 1 0 0 0  
862       00h 1 40h 18h 0 0 1 1 0 0 0  
863       00h 1 40h 18h 0 0 1 1 0 0 0  
864       00h 1 40h 18h 0 0 1 1 0 0 0  
865       00h 1 40h 18h 0 0 1 1 0 0 0  
866       00h 1 40h 18h 0 0 1 1 0 0 0  
867       00h 1 40h 18h 0 0 1 1 0 0 0  
868       00h 1 40h 18h 0 0 1 1 0 0 0  
869       00h 1 40h 18h 0 0 1 1 0 0 0  
870       00h 1 40h 18h 0 0 1 1 0 0 0  
871       00h 1 40h 18h 0 0 1 1 0 0 0  
872       00h 1 40h 18h 0 0 1 1 0 0 0  
873       00h 1 40h 18h 0 0 1 1 0 0 0  
874       00h 1 40h 18h 0 0 1 1 0 0 0  
875       00h 1 40h 18h 0 0 1 1 0 0 0  
876       00h 1 40h 18h 0 0 1 1 0 0 0  
877       00h 1 40h 18h 0 0 1 1 0 0 0  
878       00h 1 40h 18h 0 0 1 1 0 0 0  
879       00h 1 40h 18h 0 0 1 1 0 0 0  
880       00h 1 40h 18h 0 0 1 1 0 0 0  
881       00h 1 40h 18h 0 0 1 1 0 0 0  
882       00h 1 40h 18h 0 0 1 1 0 0 0  
883       00h 1 40h 18h 0 0 1 1 0 0 0  
884       00h 1 40h 18h 0 0 1 1 0 0 0  
885       00h 1 40h 18h 0 0 1 1 0 0 0  
886       00h 1 40h 18h 0 0 1 1 0 0 0  
887       00h 1 40h 18h 0 0 1 1 0 0 0  
888       00h 1 40h 18h 0 0 1 1 0 0 0  
889       00h 1 40h 18h 0 0 1 1 0 0 0  
890       00h 1 40h 18h 0 0 1 1 0 0 0  
891       00h 1 40h 18h 0 0 1 1 0 0 0  
892       00h 1 40h 18h 0 0 1 1 0 0 0  
893       00h 1 40h 18h 0 0 1 1 0 0 0  
894       00h 1 40h 18h 0 0 1 1 0 0 0  
895       00h 1 40h 18h 0 0 1 1 0 0 0  
896       00h 1 40h 18h 0 0 1 1 0 0 0  
897       00h 1 40h 18h 0 0 1 1 0 0 0  
898       00h 1 40h 18h 0 0 1 1 0 0 0  
899       00h 1 40h 18h 0 0 1 1 0 0 0  
900       00h 1 40h 18h 0 0 1 1 0 0 0  
901       00h 1 40h 18h 0 0 1 1 0 0 0  
902       00h 1 40h 18h 0 0 1 1 0 0 0  
903       00h 1 40h 18h 0 0 1 1 0 0 0  
904       00h 1 40h 18h 0 0 1 1 0 0 0  
905       00h 1 40h 18h 0 0 1 1 0 0 0  
906       00h 1 40h 18h 0 0 1 1 0 0 0  
907       00h 1 40h 18h 0 0 1 1 0 0 0  
908       00h 1 40h 18h 0 0 1 1 0 0 0  
909       00h 1 40h 18h 0 0 1 1 0 0 0  
910       00h 1 40h 18h 0 0 1 1 0 0 0  
911       00h 1 40h 18h 0 0 1 1 0 0 0  
912       00h 1 40h 18h 0 0 1 1 0 0 0  
913       00h 1 40h 18h 0 0 1 1 0 0 0  
914       00h 1 40h 18h 0 0 1 1 0 0 0  
915       00h 1 40h 18h 0 0 1 1 0 0 0  
916       00h 1 40h 18h 0 0 1 1 0 0 0  
917       00h 1 40h 18h 0 0 1 1 0 0 0  
918       00h 1 40h 18h 0 0 1 1 0 0 0  
919       00h 1 40h 18h 0 0 1 1 0 0 0  
920       00h 1 40h 18h 0 0 1 1 0 0 0  
921       00h 1 40h 18h 0 0 1 1 0 0 0  
922       00h 1 40h 18h 0 0 1 1 0 0 0  
923       00h 1 40h 18h 0 0 1 1 0 0 0  
924       00h 1 40h 18h 0 0 1 1 0 0 0  
925       00h 1 40h 18h 0 0 1 1 0 0 0  
926       00h 1 40h 18h 0 0 1 1 0 0 0  
927       00h 1 40h 18h 0 0 1 1 0 0 0  
928       00h 1 40h 18h 0 0 1 1 0 0 0  
929       00h 1 40h 18h 0 0 1 1 0 0 0  
930       00h 1 40h 18h 0 0 1 1 0 0 0  
931       00h 1 40h 18h 0 0 1 1 0 0 0  
932       00h 1 40h 18h 0 0 1 1 0 0 0  
933       00h 1 40h 18h 0 0 1 1 0 0 0  
934       00h 1 40h 18h 0 0 1 1 0 0 0  
935       00h 1 40h 18h 0 0 1 1 0 0 0  
936       00h 1 40h 18h 0 0 1 1 0 0 0  
937       00h 1 40h 18h 0 0 1 1 0 0 0  
938       00h 1 40h 18h 0 0 1 1 0 0 0  
939       00h 1 40h 18h 0 0 1 1 0 0 0  
940       00h 1 40h 18h 0 0 1 1 0 0 0  
941       00h 1 40h 18h 0 0 1 1 0 0 0  
942       00h 1 40h 18h 0 0 1 1 0 0 0  
943       00h 1 40h 18h 0 0 1 1 0 0 0  
944       00h 1 40h 18h 0 0 1 1 0 0 0  
945       00h 1 40h 18h 0 0 1 1 0 0 0  
946       00h 1 40h 18h 0 0 1 1 0 0 0  
947       00h 1 40h 18h 0 0 1 1 0 0 0  
948       00h 1 40h 18h 0 0 1 1 0 0 0  
949       00h 1 40h 18h 0 0 1 1 0 0 0  
950       00h 1 40h 18h 0 0 1 1 0 0 0  
951       00h 1 40h 18h 0 0 1 1 0 0 0  
952       00h 1 40h 18h 0 0 1 1 0 0 0  
953       00h 1 40h 18h 0 0 1 1 0 0 0  
954       00h 1 40h 18h 0 0 1 1 0 0 0  
955       00h 1 40h 18h 0 0 1 1 0 0 0  
956       00h 1 40h 18h 0 0 1 1 0 0 0  
957       00h 1 40h 18h 0 0 1 1 0 0 0  
958       00h 1 40h 18h 0 0 1 1 0 0 0  
959       00h 1 40h 18h 0 0 1 1 0 0 0  
960       00h 1 40h 18h 0 0 1 1 0 0 0  
961       00h 1 40h 18h 0 0 1 1 0 0 0  
962       00h 1 40h 18h 0 0 1 1 0 0 0  
963       00h 1 40h 18h 0 0 1 1 0 0 0  
964       00h 1 40h 18h 0 0 1 1 0 0 0  
965       00h 1 40h 18h 0 0 1 1 0 0 0  
966       00h 1 40h 18h 0 0 1 1 0 0 0  
967       00h 1 40h 18h 0 0 1 1 0 0 0  
968       00h 1 40h 18h 0 0 1 1 0 0 0  
969       00h 1 40h 18h 0 0 1 1 0 0 0  
970       00h 1 40h 18h 0 0 1 1 0 0 0  
971       00h 1 40h 18h 0 0 1 1 0 0 0  
972       00h 1 40h 18h 0 0 1 1 0 0 0  
973       00h 1 40h 18h 0 0 1 1 0 0 0  
974       00h 1 40h 18h 0 0 1 1 0 0 0  
975       00h 1 40h 18h 0 0 1 1 0 0 0  
976       00h 1 40h 18h 0 0 1 1 0 0 0  
977       00h 1 40h 18h 0 0 1 1 0 0 0  
978       00h 1 40h 18h 0 0 1 1 0 0 0  
979       00h 1 40h 18h 0 0 1 1 0 0 0  
980       00h 1 40h 18h 0 0 1 1 0 0 0  
981       00h 1 40h 18h 0 0 1 1 0 0 0  
982       00h 1 40h 18h 0 0 1 1 0 0 0  
983       00h 1 40h 18h 0 0 1 1 0 0 0  
984       00h 1 40h 18h 0 0 1 1 0 0 0  
985       00h 1 40h 18h 0 0 1 1 0 0 0  
986       00h 1 40h 18h 0 0 1 1 0 0 0  
987       00h 1 40h 18h 0 0 1 1 0 0 0  
988       00h 1 40h 18h 0 0 1 1 0 0 0  
989       00h 1 40h 18h 0 0 1 1 0 0 0  
990       00h 1 40h 18h 0 0 1 1 0 0 0  
991       00h 1 40h 18h 0 0 1 1 0 0 0  
992       00h 1 40h 18h 0 0 1 1 0 0 0  
993       00h 1 40h 18h 0 0 1 1 0 0 0  
994       00h 1 40h 18h 0 0 1 1 0 0 0  
995       00h 1 40h 18h 0 0 1 1 0 0 0  
996       00h 1 40h 18h 0 0 1 1 0 0 0  
997       00h 1 40h 18h 0 0 1 1 0 0 0  
998       00h 1 40h 18h 0 0 1 1 0 0 0  
999       00h 1 40h 18h 0 0 1 1 0 0 0  
1000      00h 1 40h 18h 0 0 1 1 0 0 0  
1001      00h 1 40h 18h 0 0 1 1 0 0 0  
1002      00h 1 40h 18h 0 0 1 1 0 0 0  
1003      00h 1 40h 18h 0 0 1 1 0 0 0  
1004      00h 1 40h 18h 0 0 1 1 0 0 0  
1005      00h 1 40h 18h 0 0 1 1 0 0 0  
1006      00h 1 40h 18h 0 0 1 1 0 0 0  
1007      00h 1 40h 18h 0 0 1 1 0 0 0  
1008      00h 1 40h 18h 0 0 1 1 0 0 0  
1009      00h 1 40h 18h 0 0 1 1 0 0 0  
1010      00h 1 40h 18h 0 0 1 1 0 0 0  
1011      00h 1 40h 18h 0 0 1 1 0 0 0  
1012      00h 1 40h 18h 0 0 1 1 0 0 0  
1013      00h 1 40h 18h 0 0 1 1 0 0 0  
1014      00h 1 40h 18h 0 0 1 1 0 0 0  
1015      00h 1 40h 18h 0 0 1 1 0 0 0  
1016      00h 1 40h 18h 0 0 1 1 0 0 0  
1017      00h 1 40h 18h 0 0 1 1 0 0 0  
1018      00h 1 40h 18h 0 0 1 1 0 0 0  
1019      00h 1 40h 18h 0 0 1 1 0 0 0  
1020      00h 1 40h 18h 0 0 1 1 0 0 0  
1021      00h 1 40h 18h 0 0 1 1 0 0 0  
1022      00h 1 40h 18h 0 0 1 1 0 0 0  
1023      00h 1 40h 18h 0 0 1 1 0 0 0  
1024      00h 1 40h 18h 0 0 1 1 0 0 0  
1025      00h 1 40h 18h 0 0 1 1 0 0 0  
1026      00h 1 40h 18h 0 0 1 1 0 0 0  
1027      00h 1 40h 18h 0 0 1 1 0 0 0  
1028      00h 1 40h 18h 0 0 1 1 0 0 0  
1029      00h 1 40h 18h 0 0 1 1 0 0 0  
1030      00h 1 40h 18h 0 0 1 1 0 0 0  
1031      00h 1 40h 18h 0 0 1 1 0 0 0  
1032      00h 1 40h 18h 0 0 1 1 0 0 0  
1033      00h 1 40h 18h 0 0 1 1 0 0 0  
1034      00h 1 40h 18h 0 0 1 1 0 0 0  
1035      00h 1 40h 18h 0 0 1 1 0 0 0  
1036      00h 1 40h 18h 0 0 1 1 0 0 0  
1037      00h 1 40h 18h 0 0 1 1 0 0 0  
1038      00h 1 40h 18h 0 0 1 1 0 0 0  
1039      00h 1 40h 18h 0 0 1 1 0 0 0  
1040      00h 1 40h 18h 0 0 1 1 0 0 0  
1041      00h 1 40h 18h 0 0 1 1 0 0 0  
1042      00h 1 40h 18h 0 0 1 1 0 0 0  
1043      00h 1 40h 18h 0 0 1 1 0 0 0  
1044      00h 1 40h 18h 0 0 1 1 0 0 0  
1045      00h 1 40h 18h 0 0 1 1 0 0 0  
1046      00h 1 40h 18h 0 0 1 1 0 0 0  
1047      00h 1 40h 18h 0 0 1 1 0 0 0  
1048      00h 1 40h 18h 0 0 1 1 0 0 0  
1049      00h 1 40h 18h 0 0 1 1 0 0 0  
1050      00h 1 40h 18h 0 0 1 1 0 0 0  
1051      00h 1 40h 18h 0 0 1 1 0 0 0  
1052      00h 1 40h 18h 0 0 1 1 0 0 0  
1053      00h 1 40h 18h 0 0 1 1 0 0 0  
1054      00h 1 40h 18h 0 0 1 1 0 0 0  
1055      00h 1 40h 18h 0 0 1 1 0 0 0  
1056      00h 1 40h 18h 0 0 1 1 0 0 0  
1057      00h 1 40h 18h 0 0 1 1 0 0 0  
1058      00h 1 40h 18h 0 0 1 1 0 0 0  
1059      00h 1 40h 18h 0 0 1 1 0 0 0  
1060      00h 1 40h 18h 0 0 1 1 0 0 0  
1061      00h 1 40h 18h 0 0 1 1 0 0 0  
1062      00h 1 40h 18h 0 0 1 1 0 0 0  
1063      00h 1 40h 18h 0 0 1 1 0 0 0  
1064      00h 1 40h 18h 0 0 1 1 0 0 0  
1065      00h 1 40h 18h 0 0 1 1 0 0 0  
1066      00h 1 40h 18h 0 0 1 1 0 0 0  
1067      00h 1 40h 18h 0 0 1 1 0 0 0  
1068      00h 1 40h 18h 0 0 1 1 0 0 0  
1069      00h 1 40h 18h 0 0 1 1 0 0 0  
1070      00h 1 40h 18h 0 0 1 1 0 0 0  
1071      00h 1 40h 18h 0 0 1 1 0 0 0  
1072      00h 1 40h 18h 0 0 1 1 0 0 0  
1073      00h 1 40h 18h 0 0 1 1 0 0 0  
1074      00h 1 40h 18h 0 0 1 1 0 0 0  
1075      00h 1 40h 18h 0 0 1 1 0 0 0  
1076      00h 1 40h 18h 0 0 1 1 0 0 0  
1077      00h 1 40h 18h 0 0 1 1 0 0 0  
1078      00h 1 40h 18h 0 0 1 1 0 0 0  
1079      00h 1 40h 18h 0 0 1 1 0 0 0  
1080      00h 1 40h 18h 0 0 1 1 0 0 0  
1081      00h 1 40h 18h 0 0 1 1 0 0 0  
1082      00h 1 40h 18h 0 0 1 1 0 0 0  
1083      00h 1 40h 18h 0 0 1 1 0 0 0  
1084      00h 1 40h 18h 0 0 1 1 0 0 0  
1085      00h 1 40h 18h 0 0 1 1 0 0 0  
1086      00h 1 40h 18h 0 0 1 1 0 0 0  
1087      00h 1 40h 18h 0 0 1 1 0 0 0  
1088      00h 1 40h 18h 0 0 1 1 0 0 0  
1089      00h 1 40h 18h 0 0 1 1 0 0 0  
1090      00h 1 40h 18h 0 0 1 1 0 0 0  
1091      00h 1 40h 18h 0 0 1 1 0 0 0  
1092      00h 1 40h 18h 0 0 1 1 0 0 0  
1093      00h 1 40h 18h 0 0 1 1 0 0 0  
1094      00h 1 40h 18h 0 0 1 1 0 0 0  
1095      00h 1 40h 18h 0 0 1 1 0 0 0  
1096      00h 1 40h 18h 0 0 1 1 0 0 0  
1097      00h 1 40h 18h 0 0 1 1 0 0 0  
1098      00h 1 40h 18h 0 0 1 1 0 0 0  
1099      00h 1 40h 18h 0 0 1 1 0 0 0  
1100      00h 1 40h 18h 0 0 1 1 0 0 0  
1101      00h 1 40h 18h 0 0 1 1 0 0 0  
1102      00h 1 40h 18h 0 0 1 1 0 0 0  
1103      00h 1 40h 18h 0 0 1 1 0 0 0  
1104      00h 1 40h 18h 0 0 1 1 0 0 0  
1105      00h 1 40h 18h 0 0 1 1 0 0 0  
1106      00h 1 40h 18h 0 0 1 1 0 0 0  
1107      00h 1 40h 18h 0 0 1 1 0 0 0  
1108      00h 1 40h 18h 0 0 1 1 0 0 0  
1109      00h 1 40h 18h 0 0 1 1 0 0 0  
1110      00h 1 40h 18h 0 0 1 1 0 0 0  
1111      00h 1 40h 18h 0 0 1 1 0 0 0  
1112      00h 1 40h 18h 0 0 1 1 0 0 0  
1113      00h 1 40h 18h 0 0 1 1 0 0 0  
1114      00h 1 40h 18h 0 0 1 1 0 0 0  
1115      00h 1 40h 18h 0 0 1 1 0 0 0  
1116      00h 1 40h 18h 0 0 1 1 0 0 0  
1117      00h 1 40h 18h 0 0 1 1 0 0 0  
1118      00h 1 40h 18h 0 0 1 1 0 0 0  
1119      00h 1 40h 18h 0 0 1 1 0 0 0  
1120      00h 1 40h 18h 0 0 1 1 0 0 0  
1121      00h 1 40h 18h 0 0 1 1 0 0 0  
1122      00h 1 40h 18h 0 0 1 1 0 0 0  
1123      00h 1 40h 18h 0 0 1 1 0 0 0  
1124      00h 1 40h 18h 0 0 1 1 0 0 0  
1125      00h 1 40h 18h 0 0 1 1 0 0 0  
1126      00h 1 40h 18h 0 0 1 1 0 0 0  
1127      00h 1 40h 18h 0 0 1 1 0 0 0  
1128      00h 1 40h 18h 0 0 1 1 0 0 0  
1129      00h 1 40h 18h 0 0 1 1 0 0 0  
1130      00h 1 40h 18h 0 0 1 1 0 0 0  
1131      00h 1 40h 18h 0 0 1 1 0 0 0  
1132      00h 1 40h 18h 0 0 1 1 0 0 0  
1133      00h 1 40h 18h 0 0 1 1 0 0 0  
1134      00h 1 40h 18h 0 0 1 1 0 0 0  
1135      00h 1 40h 18h 0 0 1 1 0 0 0  
1136      00h 1 40h 18h 0 0 1 1 0 0 0  
1137      00h 1 40h 18h 0 0 1 1 0 0 0  
1138      00h 1 40h 18h 0 0 1 1 0 0 0  
1139      00h 1 40h 18h 0 0 1 1 0 0 0  
1140      00h 1 40h 18h 0 0 1 1 0 0 0  
1141      00h 1 40h 18h 0 0 1 1 0 0 0  
1142      00h 1 40h 18h 0 0 1 1 0 0 0  
1143      00h 1 40h 18h 0 0 1 1 0 0 0  
1144      00h 1 40h 18h 0 0 1 1 0 0 0  
1145      00h 1 40h 18h 0 0 1 1 0 0 0  
1146      00h 1 40h 18h 0 0 1 1 0 0 0  
1147      00h 1 40h 18h 0 0 1 1 0 0 0  
1148      00h 1 40h 18h 0 0 1 1 0 0 0  
1149      00h 1 40h 18h 0 0 1 1 0 0 0  
1150      00h 1 40h 18h 0 0 1 1 0 0 0  
1151      00h 1 79h 24h 0 1 0 0 1 0 0  
1152      00h 1 79h 79h 1 1 1 1 0 0 1  
1153      00h 1 12h 19h 0 0 1 1 0 0 1  
1154      00h 1 79h 30h 0 1 1 0 0 0 0  
1155      00h 1 79h 19h 0 0 1 1 0 0 1  
1156      00h 1 79h 12h 0 0 1 0 0 1 0  
1157      00h 1 79h 02h 0 0 0 0 0 1 0  
1158      00h 1 79h 00h 0 0 0 0 0 0 0  
1159      00h 1 79h 78h 1 1 1 1 0 0 0  
1160      00h 1 24h 40h 1 0 0 0 0 0 0  
1161      00h 1 79h 18h 0 0 1 1 0 0 0  
1162      00h 1 12h 12h 0 0 1 0 0 1 0  
1163      00h 1 24h 79h 1 1 1 1 0 0 1  
1164      00h 1 24h 24h 0 1 0 0 1 0 0  
1165      00h 1 24h 24h 0 1 0 0 1 0 0  
1166      00h 1 24h 24h 0 1 0 0 1 0 0  
1167      00h 1 24h 24h 0 1 0 0 1 0 0  
1168      00h 1 24h 24h 0 1 0 0 1 0 0  
1169      00h 1 24h 24h 0 1 0 0 1 0 0  
1170      00h 1 24h 24h 0 1 0 0 1 0 0  
1171      00h 1 24h 24h 0 1 0 0 1 0 0  
1172      00h 1 24h 24h 0 1 0 0 1 0 0  
1173      00h 1 24h 24h 0 1 0 0 1 0 0  
1174      00h 1 24h 24h 0 1 0 0 1 0 0  
1175      00h 1 24h 24h 0 1 0 0 1 0 0  
1176      00h 1 24h 24h 0 1 0 0 1 0 0  
1177      00h 1 24h 24h 0 1 0 0 1 0 0  
1178      00h 1 24h 24h 0 1 0 0 1 0 0  
1179      00h 1 24h 24h 0 1 0 0 1 0 0  
1180      00h 1 24h 24h 0 1 0 0 1 0 0  
1181      00h 1 24h 24h 0 1 0 0 1 0 0  
1182      00h 1 24h 24h 0 1 0 0 1 0 0  
1183      00h 1 24h 24h 0 1 0 0 1 0 0  
1184      00h 1 24h 24h 0 1 0 0 1 0 0  
1185      00h 1 24h 24h 0 1 0 0 1 0 0  
1186      00h 1 24h 24h 0 1 0 0 1 0 0  
1187      00h 1 24h 24h 0 1 0 0 1 0 0  
1188      00h 1 24h 24h 0 1 0 0 1 0 0  
1189      00h 1 24h 24h 0 1 0 0 1 0 0  
1190      00h 1 24h 24h 0 1 0 0 1 0 0  
1191      00h 1 24h 24h 0 1 0 0 1 0 0  
1192      00h 1 24h 24h 0 1 0 0 1 0 0  
1193      00h 1 24h 24h 0 1 0 0 1 0 0  
1194      00h 1 24h 24h 0 1 0 0 1 0 0  
1195      00h 1 24h 24h 0 1 0 0 1 0 0  
1196      00h 1 24h 24h 0 1 0 0 1 0 0  
1197      00h 1 24h 24h 0 1 0 0 1 0 0  
1198      00h 1 24h 24h 0 1 0 0 1 0 0  
1199      00h 1 24h 24h 0 1 0 0 1 0 0  
1200      00h 1 24h 24h 0 1 0 0 1 0 0  
1201      00h 1 24h 24h 0 1 0 0 1 0 0  
1202      00h 1 24h 24h 0 1 0 0 1 0 0  
1203      00h 1 24h 24h 0 1 0 0 1 0 0  
1204      00h 1 24h 24h 0 1 0 0 1 0 0  
1205      00h 1 24h 24h 0 1 0 0 1 0 0  
1206      00h 1 24h 24h 0 1 0 0 1 0 0  
1207      00h 1 24h 24h 0 1 0 0 1 0 0  
1208      00h 1 24h 24h 0 1 0 0 1 0 0  
1209      00h 1 24h 24h 0 1 0 0 1 0 0  
1210      00h 1 24h 24h 0 1 0 0 1 0 0  
1211      00h 1 24h 24h 0 1 0 0 1 0 0  
1212      00h 1 24h 24h 0 1 0 0 1 0 0  
1213      00h 1 24h 24h 0 1 0 0 1 0 0  
1214      00h 1 24h 24h 0 1 0 0 1 0 0  
1215      00h 1 24h 24h 0 1 0 0 1 0 0  
1216      00h 1 24h 24h 0 1 0 0 1 0 0  
1217      00h 1 24h 24h 0 1 0 0 1 0 0  
1218      00h 1 24h 24h 0 1 0 0 1 0 0  
1219      00h 1 24h 24h 0 1 0 0 1 0 0  
1220      00h 1 24h 24h 0 1 0 0 1 0 0  
1221      00h 1 24h 24h 0 1 0 0 1 0 0  
1222      00h 1 24h 24h 0 1 0 0 1 0 0  
1223      00h 1 24h 24h 0 1 0 0 1 0 0  
1224      00h 1 24h 24h 0 1 0 0 1 0 0  
1225      00h 1 24h 24h 0 1 0 0 1 0 0  
1226      00h 1 24h 24h 0 1 0 0 1 0 0  
1227      00h 1 24h 24h 0 1 0 0 1 0 0  
1228      00h 1 24h 24h 0 1 0 0 1 0 0  
1229      00h 1 24h 24h 0 1 0 0 1 0 0  
1230      00h 1 24h 24h 0 1 0 0 1 0 0  
1231      00h 1 24h 24h 0 1 0 0 1 0 0  
1232      00h 1 24h 24h 0 1 0 0 1 0 0  
1233      00h 1 24h 24h 0 1 0 0 1 0 0  
1234      00h 1 24h 24h 0 1 0 0 1 0 0  
1235      00h 1 24h 24h 0 1 0 0 1 0 0  
1236      00h 1 24h 24h 0 1 0 0 1 0 0  
1237      00h 1 24h 24h 0 1 0 0 1 0 0  
1238      00h 1 24h 24h 0 1 0 0 1 0 0  
1239      00h 1 24h 24h 0 1 0 0 1 0 0  
1240      00h 1 24h 24h 0 1 0 0 1 0 0  
1241      00h 1 24h 24h 0 1 0 0 1 0 0  
1242      00h 1 24h 24h 0 1 0 0 1 0 0  
1243      00h 1 24h 24h 0 1 0 0 1 0 0  
1244      00h 1 24h 24h 0 1 0 0 1 0 0  
1245      00h 1 24h 24h 0 1 0 0 1 0 0  
1246      00h 1 24h 24h 0 1 0 0 1 0 0  
1247      00h 1 24h 24h 0 1 0 0 1 0 0  
1248      00h 1 24h 24h 0 1 0 0 1 0 0  
1249      00h 1 24h 24h 0 1 0 0 1 0 0  
1250      00h 1 24h 24h 0 1 0 0 1 0 0  
1251      00h 1 24h 24h 0 1 0 0 1 0 0  
1252      00h 1 24h 24h 0 1 0 0 1 0 0  
1253      00h 1 24h 24h 0 1 0 0 1 0 0  
1254      00h 1 24h 24h 0 1 0 0 1 0 0  
1255      00h 1 24h 24h 0 1 0 0 1 0 0  
1256      00h 1 24h 24h 0 1 0 0 1 0 0  
1257      00h 1 24h 24h 0 1 0 0 1 0 0  
1258      00h 1 24h 24h 0 1 0 0 1 0 0  
1259      00h 1 24h 24h 0 1 0 0 1 0 0  
1260      00h 1 24h 24h 0 1 0 0 1 0 0  
1261      00h 1 24h 24h 0 1 0 0 1 0 0  
1262      00h 1 24h 24h 0 1 0 0 1 0 0  
1263      00h 1 24h 24h 0 1 0 0 1 0 0  
1264      00h 1 24h 24h 0 1 0 0 1 0 0  
1265      00h 1 24h 24h 0 1 0 0 1 0 0  
1266      00h 1 24h 24h 0 1 0 0 1 0 0  
1267      00h 1 24h 24h 0 1 0 0 1 0 0  
1268      00h 1 24h 24h 0 1 0 0 1 0 0  
1269      00h 1 24h 24h 0 1 0 0 1 0 0  
1270      00h 1 24h 24h 0 1 0 0 1 0 0  
1271      00h 1 24h 24h 0 1 0 0 1 0 0  
1272      00h 1 24h 24h 0 1 0 0 1 0 0  
1273      00h 1 24h 24h 0 1 0 0 1 0 0  
1274      00h 1 24h 24h 0 1 0 0 1 0 0  
1275      00h 1 24h 24h 0 1 0 0 1 0 0  
1276      00h 1 24h 24h 0 1 0 0 1 0 0  
1277      00h 1 24h 24h 0 1 0 0 1 0 0  
1278      00h 1 24h 24h 0 1 0 0 1 0 0  
1279      00h 1 24h 24h 0 1 0 0 1 0 0  
1280      00h 1 24h 24h 0 1 0 0 1 0 0  
1281      00h 1 24h 24h 0 1 0 0 1 0 0  
1282      00h 1 24h 24h 0 1 0 0 1 0 0  
1283      00h 1 24h 24h 0 1 0 0 1 0 0  
1284      00h 1 24h 24h 0 1 0 0 1 0 0  
1285      00h 1 24h 24h 0 1 0 0 1 0 0  
1286      00h 1 24h 24h 0 1 0 0 1 0 0  
1287      00h 1 24h 24h 0 1 0 0 1 0 0  
1288      00h 1 24h 24h 0 1 0 0 1 0 0  
1289      00h 1 24h 24h 0 1 0 0 1 0 0  
1290      00h 1 24h 24h 0 1 0 0 1 0 0  
1291      00h 1 24h 24h 0 1 0 0 1 0 0  
1292      00h 1 24h 24h 0 1 0 0 1 0 0  
1293      00h 1 24h 24h 0 1 0 0 1 0 0  
1294      00h 1 24h 24h 0 1 0 0 1 0 0  
1295      00h 1 24h 24h 0 1 0 0 1 0 0  
1296      00h 1 24h 24h 0 1 0 0 1 0 0  
1297      00h 1 24h 24h 0 1 0 0 1 0 0  
1298      00h 1 24h 24h 0 1 0 0 1 0 0  
1299      00h 1 24h 24h 0 1 0 0 1 0 0  
1300      00h 1 24h 24h 0 1 0 0 1 0 0  
1301      00h 1 24h 24h 0 1 0 0 1 0 0  
1302      00h 1 24h 24h 0 1 0 0 1 0 0  
1303      00h 1 24h 24h 0 1 0 0 1 0 0  
1304      00h 1 24h 24h 0 1 0 0 1 0 0  
1305      00h 1 24h 24h 0 1 0 0 1 0 0  
1306      00h 1 24h 24h 0 1 0 0 1 0 0  
1307      00h 1 24h 24h 0 1 0 0 1 0 0  
1308      00h 1 24h 24h 0 1 0 0 1 0 0  
1309      00h 1 24h 24h 0 1 0 0 1 0 0  
1310      00h 1 24h 24h 0 1 0 0 1 0 0  
1311      00h 1 24h 24h 0 1 0 0 1 0 0  
1312      00h 1 24h 24h 0 1 0 0 1 0 0  
1313      00h 1 24h 24h 0 1 0 0 1 0 0  
1314      00h 1 24h 24h 0 1 0 0 1 0 0  
1315      00h 1 24h 24h 0 1 0 0 1 0 0  
1316      00h 1 24h 24h 0 1 0 0 1 0 0  
1317      00h 1 24h 24h 0 1 0 0 1 0 0  
1318      00h 1 24h 24h 0 1 0 0 1 0 0  
1319      00h 1 24h 24h 0 1 0 0 1 0 0  
1320      00h 1 24h 24h 0 1 0 0 1 0 0  
1321      00h 1 24h 24h 0 1 0 0 1 0 0  
1322      00h 1 24h 24h 0 1 0 0 1 0 0  
1323      00h 1 24h 24h 0 1 0 0 1 0 0  
1324      00h 1 24h 24h 0 1 0 0 1 0 0  
1325      00h 1 24h 24h 0 1 0 0 1 0 0  
1326      00h 1 24h 24h 0 1 0 0 1 0 0  
1327      00h 1 24h 24h 0 1 0 0 1 0 0  
1328      00h 1 24h 24h 0 1 0 0 1 0 0  
1329      00h 1 24h 24h 0 1 0 0 1 0 0  
1330      00h 1 24h 24h 0 1 0 0 1 0 0  
1331      00h 1 24h 24h 0 1 0 0 1 0 0  
1332      00h 1 24h 24h 0 1 0 0 1 0 0  
1333      00h 1 24h 24h 0 1 0 0 1 0 0  
1334      00h 1 24h 24h 0 1 0 0 1 0 0  
1335      00h 1 24h 24h 0 1 0 0 1 0 0  
1336      00h 1 24h 24h 0 1 0 0 1 0 0  
1337      00h 1 24h 24h 0 1 0 0 1 0 0  
1338      00h 1 24h 24h 0 1 0 0 1 0 0  
1339      00h 1 24h 24h 0 1 0 0 1 0 0  
1340      00h 1 24h 24h 0 1 0 0 1 0 0  
1341      00h 1 24h 24h 0 1 0 0 1 0 0  
1342      00h 1 24h 24h 0 1 0 0 1 0 0  
1343      00h 1 24h 24h 0 1 0 0 1 0 0  
1344      00h 1 24h 24h 0 1 0 0 1 0 0  
1345      00h 1 24h 24h 0 1 0 0 1 0 0  
1346      00h 1 24h 24h 0 1 0 0 1 0 0  
1347      00h 1 24h 24h 0 1 0 0 1 0 0  
1348      00h 1 24h 24h 0 1 0 0 1 0 0  
1349      00h 1 24h 24h 0 1 0 0 1 0 0  
1350      00h 1 24h 24h 0 1 0 0 1 0 0  
1351      00h 1 24h 24h 0 1 0 0 1 0 0  
1352      00h 1 24h 24h 0 1 0 0 1 0 0  
1353      00h 1 24h 24h 0 1 0 0 1 0 0  
1354      00h 1 24h 24h 0 1 0 0 1 0 0  
1355      00h 1 24h 24h 0 1 0 0 1 0 0  
1356      00h 1 24h 24h 0 1 0 0 1 0 0  
1357      00h 1 24h 24h 0 1 0 0 1 0 0  
1358      00h 1 24h 24h 0 1 0 0 1 0 0  
1359      00h 1 24h 24h 0 1 0 0 1 0 0  
1360      00h 1 24h 24h 0 1 0 0 1 0 0  
1361      00h 1 24h 24h 0 1 0 0 1 0 0  
1362      00h 1 24h 24h 0 1 0 0 1 0 0  
1363      00h 1 24h 24h 0 1 0 0 1 0 0  
1364      00h 1 24h 24h 0 1 0 0 1 0 0  
1365      00h 1 24h 24h 0 1 0 0 1 0 0  
1366      00h 1 24h 24h 0 1 0 0 1 0 0  
1367      00h 1 24h 24h 0 1 0 0 1 0 0  
1368      00h 1 24h 24h 0 1 0 0 1 0 0  
1369      00h 1 24h 24h 0 1 0 0 1 0 0  
1370      00h 1 24h 24h 0 1 0 0 1 0 0  
1371      00h 1 24h 24h 0 1 0 0 1 0 0  
1372      00h 1 24h 24h 0 1 0 0 1 0 0  
1373      00h 1 24h 24h 0 1 0 0 1 0 0  
1374      00h 1 24h 24h 0 1 0 0 1 0 0  
1375      00h 1 24h 24h 0 1 0 0 1 0 0  
1376      00h 1 24h 24h 0 1 0 0 1 0 0  
1377      00h 1 24h 24h 0 1 0 0 1 0 0  
1378      00h 1 24h 24h 0 1 0 0 1 0 0  
1379      00h 1 24h 24h 0 1 0 0 1 0 0  
1380      00h 1 24h 24h 0 1 0 0 1 0 0  
1381      00h 1 24h 24h 0 1 0 0 1 0 0  
1382      00h 1 24h 24h 0 1 0 0 1 0 0  
1383      00h 1 24h 24h 0 1 0 0 1 0 0  
1384      00h 1 24h 24h 0 1 0 0 1 0 0  
1385      00h 1 24h 24h 0 1 0 0 1 0 0  
1386      00h 1 24h 24h 0 1 0 0 1 0 0  
1387      00h 1 24h 24h 0 1 0 0 1 0 0  
1388      00h 1 24h 24h 0 1 0 0 1 0 0  
1389      00h 1 24h 24h 0 1 0 0 1 0 0  
1390      00h 1 24h 24h 0 1 0 0 1 0 0  
1391      00h 1 24h 24h 0 1 0 0 1 0 0  
1392      00h 1 24h 24h 0 1 0 0 1 0 0  
1393      00h 1 24h 24h 0 1 0 0 1 0 0  
1394      00h 1 24h 24h 0 1 0 0 1 0 0  
1395      00h 1 24h 24h 0 1 0 0 1 0 0  
1396      00h 1 24h 24h 0 1 0 0 1 0 0  
1397      00h 1 24h 24h 0 1 0 0 1 0 0  
1398      00h 1 24h 24h 0 1 0 0 1 0 0  
1399      00h 1 24h 24h 0 1 0 0 1 0 0  
1400      00h 1 24h 24h 0 1 0 0 1 0 0  
1401      00h 1 24h 24h 0 1 0 0 1 0 0  
1402      00h 1 24h 24h 0 1 0 0 1 0 0  
1403      00h 1 24h 24h 0 1 0 0 1 0 0  
1404      00h 1 24h 24h 0 1 0 0 1 0 0  
1405      00h 1 24h 24h 0 1 0 0 1 0 0  
1406      00h 1 24h 24h 0 1 0 0 1 0 0  
1407      00h 1 24h 24h 0 1 0 0 1 0 0  
1408      00h 1 24h 24h 0 1 0 0 1 0 0  
1409      00h 1 24h 24h 0 1 0 0 1 0 0  
1410      00h 1 24h 24h 0 1 0 0 1 0 0  
1411      00h 1 24h 24h 0 1 0 0 1 0 0  
1412      00h 1 24h 24h 0 1 0 0 1 0 0  
1413      00h 1 24h 24h 0 1 0 0 1 0 0  
1414      00h 1 24h 24h 0 1 0 0 1 0 0  
1415      00h 1 24h 24h 0 1 0 0 1 0 0  
1416      00h 1 24h 24h 0 1 0 0 1 0 0  
1417      00h 1 24h 24h 0 1 0 0 1 0 0  
1418      00h 1 24h 24h 0 1 0 0 1 0 0  
1419      00h 1 24h 24h 0 1 0 0 1 0 0  
1420      00h 1 24h 24h 0 1 0 0 1 0 0  
1421      00h 1 24h 24h 0 1 0 0 1 0 0  
1422      00h 1 24h 24h 0 1 0 0 1 0 0  
1423      00h 1 24h 24h 0 1 0 0 1 0 0  
1424      00h 1 24h 24h 0 1 0 0 1 0 0  
1425      00h 1 24h 24h 0 1 0 0 1 0 0  
1426      00h 1 24h 24h 0 1 0 0 1 0 0  
1427      00h 1 24h 24h 0 1 0 0 1 0 0  
1428      00h 1 24h 24h 0 1 0 0 1 0 0  
1429      00h 1 24h 24h 0 1 0 0 1 0 0  
1430      00h 1 24h 24h 0 1 0 0 1 0 0  
1431      00h 1 24h 24h 0 1 0 0 1 0 0  
1432      00h 1 24h 24h 0 1 0 0 1 0 0  
1433      00h 1 24h 24h 0 1 0 0 1 0 0  
1434      00h 1 24h 24h 0 1 0 0 1 0 0  
1435      00h 1 24h 24h 0 1 0 0 1 0 0  
1436      00h 1 24h 24h 0 1 0 0 1 0 0  
1437      00h 1 24h 24h 0 1 0 0 1 0 0  
1438      00h 1 24h 24h 0 1 0 0 1 0 0  
1439      00h 1 24h 24h 0 1 0 0 1 0 0  
1440      00h 1 24h 24h 0 1 0 0 1 0 0  
1441      00h 1 24h 24h 0 1 0 0 1 0 0  
1442      00h 1 24h 24h 0 1 0 0 1 0 0  
1443      00h 1 24h 24h 0 1 0 0 1 0 0  
1444      00h 1 24h 24h 0 1 0 0 1 0 0  
1445      00h 1 24h 24h 0 1 0 0 1 0 0  
1446      00h 1 24h 24h 0 1 0 0 1 0 0  
1447      00h 1 24h 24h 0 1 0 0 1 0 0  
1448      00h 1 24h 24h 0 1 0 0 1 0 0  
1449      00h 1 24h 24h 0 1 0 0 1 0 0  
1450      00h 1 24h 24h 0 1 0 0 1 0 0  
1451      00h 1 24h 24h 0 1 0 0 1 0 0  
1452      00h 1 24h 24h 0 1 0 0 1 0 0  
1453      00h 1 24h 24h 0 1 0 0 1 0 0  
1454      00h 1 24h 24h 0 1 0 0 1 0 0  
1455      00h 1 24h 24h 0 1 0 0 1 0 0  
1456      00h 1 24h 24h 0 1 0 0 1 0 0  
1457      00h 1 24h 24h 0 1 0 0 1 0 0  
1458      00h 1 24h 24h 0 1 0 0 1 0 0  
1459      00h 1 24h 24h 0 1 0 0 1 0 0  
1460      00h 1 24h 24h 0 1 0 0 1 0 0  
1461      00h 1 24h 24h 0 1 0 0 1 0 0  
1462      00h 1 24h 24h 0 1 0 0 1 0 0  
1463      00h 1 24h 24h 0 1 0 0 1 0 0  
1464      00h 1 24h 24h 0 1 0 0 1 0 0  
1465      00h 1 24h 24h 0 1 0 0 1 0 0  
1466      00h 1 24h 24h 0 1 0 0 1 0 0  
1467      00h 1 24h 24h 0 1 0 0 1 0 0  
1468      00h 1 24h 24h 0 1 0 0 1 0 0  
1469      00h 1 24h 24h 0 1 0 0 1 0 0  
1470      00h 1 24h 24h 0 1 0 0 1 0 0  
1471      00h 1 24h 24h 0 1 0 0 1 0 0  
1472      00h 1 24h 24h 0 1 0 0 1 0 0  
1473      00h 1 24h 24h 0 1 0 0 1 0 0  
1474      00h 1 24h 24h 0 1 0 0 1 0 0  
1475      00h 1 24h 24h 0 1 0 0 1 0 0  
1476      00h 1 24h 24h 0 1 0 0 1 0 0  
1477      00h 1 24h 24h 0 1 0 0 1 0 0  
1478      00h 1 24h 24h 0 1 0 0 1 0 0  
1479      00h 1 24h 24h 0 1 0 0 1 0 0  
1480      00h 1 24h 24h 0 1 0 0 1 0 0  
1481      00h 1 24h 24h 0 1 0 0 1 0 0  
1482      00h 1 24h 24h 0 1 0 0 1 0 0  
1483      00h 1 24h 24h 0 1 0 0 1 0 0  
1484      00h 1 24h 24h 0 1 0 0 1 0 0  
1485      00h 1 24h 24h 0 1 0 0 1 0 0  
1486      00h 1 24h 24h 0 1 0 0 1 0 0  
1487      00h 1 24h 24h 0 1 0 0 1 0 0  
1488      00h 1 24h 24h 0 1 0 0 1 0 0  
1489      00h 1 24h 24h 0 1 0 0 1 0 0  
1490      00h 1 24h 24h 0 1 0 0 1 0 0  
1491      00h 1 24h 24h 0 1 0 0 1 0 0  
1492      00h 1 24h 24h 0 1 0 0 1 0 0  
1493      00h 1 24h 24h 0 1 0 0 1 0 0  
1494      00h 1 24h 24h 0 1 0 0 1 0 0  
1495      00h 1 24h 24h 0 1 0 0 1 0 0  
1496      00h 1 24h 24h 0 1 0 0 1 0 0  
1497      00h 1 24h 24h 0 1 0 0 1 0 0  
1498      00h 1 24h 24h 0 1 0 0 1 0 0  
1499      00h 1 24h 24h 0 1 0 0 1 0 0  
1500      00h 1 24h 24h 0 1 0 0 1 0 0  
1501      00h 1 24h 24h 0 1 0 0 1 0 0  
1502      00h 1 24h 24h 0 1 0 0 1 0 0  
1503      00h 1 24h 24h 0 1 0 0 1 0 0  
1504      00h 1 24h 24h 0 1 0 0 1 0 0  
1505      00h 1 24h 24h 0 1 0 0 1 0 0  
1506      00h 1 24h 24h 0 1 0 0 1 0 0  
1507      00h 1 24h 24h 0 1 0 0 1 0 0  
1508      00h 1 24h 24h 0 1 0 0 1 0 0  
1509      00h 1 24h 24h 0 1 0 0 1 0 0  
1510      00h 1 24h 24h 0 1 0 0 1 0 0  
1511      00h 1 24h 24h 0 1 0 0 1 0 0  
1512      00h 1 24h 24h 0 1 0 0 1 0 0  
1513      00h 1 24h 24h 0 1 0 0 1 0 0  
1514      00h 1 24h 24h 0 1 0 0 1 0 0  
1515      00h 1 24h 24h 0 1 0 0 1 0 0  
1516      00h 1 24h 24h 0 1 0 0 1 0 0  
1517      00h 1 24h 24h 0 1 0 0 1 0 0  
1518      00h 1 24h 24h 0 1 0 0 1 0 0  
1519      00h 1 24h 24h 0 1 0 0 1 0 0  
1520      00h 1 24h 24h 0 1 0 0 1 0 0  
1521      00h 1 24h 24h 0 1 0 0 1 0 0  
1522      00h 1 24h 24h 0 1 0 0 1 0 0  
1523      00h 1 24h 24h 0 1 0 0 1 0 0  
1524      00h 1 24h 24h 0 1 0 0 1 0 0  
1525      00h 1 24h 24h 0 1 0 0 1 0 0  
1526      00h 1 24h 24h 0 1 0 0 1 0 0  
1527      00h 1 24h 24h 0 1 0 0 1 0 0  
1528      00h 1 24h 24h 0 1 0 0 1 0 0  
1529      00h 1 24h 24h 0 1 0 0 1 0 0  
1530      00h 1 24h 24h 0 1 0 0 1 0 0  
1531      00h 1 24h 24h 0 1 0 0 1 0 0  
1532      00h 1 24h 24h 0 1 0 0 1 0 0  
1533      00h 1 24h 24h 0 1 0 0 1 0 0  
1534      00h 1 24h 24h 0 1 0 0 1 0 0  
1535      00h 1 24h 24h 0 1 0 0 1 0 0  
1536      00h 1 24h 24h 0 1 0 0 1 0 0  
1537      00h 1 24h 24h 0 1 0 0 1 0 0  
1538      00h 1 24h 24h 0 1 0 0 1 0 0  
1539      00h 1 24h 24h 0 1 0 0 1 0 0  
1540      00h 1 24h 24h 0 1 0 0 1 0 0  
1541      00h 1 24h 24h 0 1 0 0 1 0 0  
1542      00h 1 24h 24h 0 1 0 0 1 0 0  
1543      00h 1 24h 24h 0 1 0 0 1 0 0  
1544      00h 1 24h 24h 0 1 0 0 1 0 0  
1545      00h 1 24h 24h 0 1 0 0 1 0 0  
1546      00h 1 24h 24h 0 1 0 0 1 0 0  
1547      00h 1 24h 24h 0 1 0 0 1 0 0  
1548      00h 1 24h 24h 0 1 0 0 1 0 0  
1549      00h 1 24h 24h 0 1 0 0 1 0 0  
1550      00h 1 24h 24h 0 1 0 0 1 0 0  
1551      00h 1 24h 24h 0 1 0 0 1 0 0  
1552      00h 1 24h 24h 0 1 0 0 1 0 0  
1553      00h 1 24h 24h 0 1 0 0 1 0 0  
1554      00h 1 24h 24h 0 1 0 0 1 0 0  
1555      00h 1 24h 24h 0 1 0 0 1 0 0  
1556      00h 1 24h 24h 0 1 0 0 1 0 0  
1557      00h 1 24h 24h 0 1 0 0 1 0 0  
1558      00h 1 24h 24h 0 1 0 0 1 0 0  
1559      00h 1 24h 24h 0 1 0 0 1 0 0  
1560      00h 1 24h 24h 0 1 0 0 1 0 0  
1561      00h 1 24h 24h 0 1 0 0 1 0 0  
1562      00h 1 24h 24h 0 1 0 0 1 0 0  
1563      00h 1 24h 24h 0 1 0 0 1 0 0  
1564      00h 1 24h 24h 0 1 0 0 1 0 0  
1565      00h 1 24h 24h 0 1 0 0 1 0 0  
1566      00h 1 24h 24h 0 1 0 0 1 0 0  
1567      00h 1 24h 24h 0 1 0 0 1 0 0  
1568      00h 1 24h 24h 0 1 0 0 1 0 0  
1569      00h 1 24h 24h 0 1 0 0 1 0 0  
1570      00h 1 24h 24h 0 1 0 0 1 0 0  
1571      00h 1 24h 24h 0 1 0 0 1 0 0  
1572      00h 1 24h 24h 0 1 0 0 1 0 0  
1573      00h 1 24h 24h 0 1 0 0 1 0 0  
1574      00h 1 24h 24h 0 1 0 0 1 0 0  
1575      00h 1 24h 24h 0 1 0 0 1 0 0  
1576      00h 1 24h 24h 0 1 0 0 1 0 0  
1577      00h 1 24h 24h 0 1 0 0 1 0 0  
1578      00h 1 24h 24h 0 1 0 0 1 0 0  
1579      00h 1 24h 24h 0 1 0 0 1 0 0  
1580      00h 1 24h 24h 0 1 0 0 1 0 0  
1581      00h 1 24h 24h 0 1 0 0 1 0 0  
1582      00h 1 24h 24h 0 1 0 0 1 0 0  
1583      00h 1 24h 24h 0 1 0 0 1 0 0  
1584      00h 1 24h 24h 0 1 0 0 1 0 0  
1585      00h 1 24h 24h 0 1 0 0 1 0 0  
1586      00h 1 24h 24h 0 1 0 0 1 0 0  
1587      00h 1 24h 24h 0 1 0 0 1 0 0  
1588      00h 1 24h 24h 0 1 0 0 1 0 0  
1589      00h 1 24h 24h 0 1 0 0 1 0 0  
1590      00h 1 24h 24h 0 1 0 0 1 0 0  
1591      00h 1 24h 24h 0 1 0 0 1 0 0  
1592      00h 1 24h 24h 0 1 0 0 1 0 0  
1593      00h 1 24h 24h 0 1 0 0 1 0 0  
1594      00h 1 24h 24h 0 1 0 0 1 0 0  
1595      00h 1 24h 24h 0 1 0 0 1 0 0  
1596      00h 1 24h 24h 0 1 0 0 1 0 0  
1597      00h 1 24h 24h 0 1 0 0 1 0 0  
1598      00h 1 24h 24h 0 1 0 0 1 0 0  
1599      00h 1 24h 24h 0 1 0 0 1 0 0  
1600      00h 1 24h 24h 0 1 0 0 1 0 0  
1601      00h 1 24h 24h 0 1 0 0 1 0 0  
1602      00h 1 24h 24h 0 1 0 0 1 0 0  
1603      00h 1 24h 24h 0 1 0 0 1 0 0  
1604      00h 1 24h 24h 0 1 0 0 1 0 0  
1605      00h 1 24h 24h 0 1 0 0 1 0 0  
1606      00h 1 24h 24h 0 1 0 0 1 0 0  
1607      00h 1 24h 24h 0 1 0 0 1 0 0  
1608      00h 1 24h 24h 0 1 0 0 1 0 0  
1609      00h 1 24h 24h 0 1 0 0 1 0 0  
1610      00h 1 24h 24h 0 1 0 0 1 0 0  
1611      00h 1 24h 24h 0 1 0 0 1 0 0  
1612      00h 1 24h 24h 0 1 0 0 1 0 0  
1613      00h 1 24h 24h 0 1 0 0 1 0 0  
1614      00h 1 24h 24h 0 1 0 0 1 0 0  
1615      00h 1 24h 24h 0 1 0 0 1 0 0  
1616      00h 1 24h 24h 0 1 0 0 1 0 0  
1617      00h 1 24h 24h 0 1 0 0 1 0 0  
1618      00h 1 24h 24h 0 1 0 0 1 0 0  
1619      00h 1 24h 24h 0 1 0 0 1 0 0  
1620      00h 1 24h 24h 0 1 0 0 1 0 0  
1621      00h 1 24h 24h 0 1 0 0 1 0 0  
1622      00h 1 24h 24h 0 1 0 0 1 0 0  
1623      00h 1 24h 24h 0 1 0 0 1 0 0  
1624      00h 1 24h 24h 0 1 0 0 1 0 0  
1625      00h 1 24h 24h 0 1 0 0 1 0 0  
1626      00h 1 24h 24h 0 1 0 0 1 0 0  
1627      00h 1 24h 24h 0 1 0 0 1 0 0  
1628      00h 1 24h 24h 0 1 0 0 1 0 0  
1629      00h 1 24h 24h 0 1 0 0 1 0 0  
1630      00h 1 24h 24h 0 1 0 0 1 0 0  
1631      00h 1 24h 24h 0 1 0 0 1 0 0  
1632      00h 1 24h 24h 0 1 0 0 1 0 0  
1633      00h 1 24h 24h 0 1 0 0 1 0 0  
1634      00h 1 24h 24h 0 1 0 0 1 0 0  
1635      00h 1 24h 24h 0 1 0 0 1 0 0  
1636      00h 1 24h 24h 0 1 0 0 1 0 0  
1637      00h 1 24h 24h 0 1 0 0 1 0 0  
1638      00h 1 24h 24h 0 1 0 0 1 0 0  
1639      00h 1 24h 24h 0 1 0 0 1 0 0  
1640      00h 1 24h 24h 0 1 0 0 1 0 0  
1641      00h 1 24h 24h 0 1 0 0 1 0 0  
1642      00h 1 24h 24h 0 1 0 0 1 0 0  
1643      00h 1 24h 24h 0 1 0 0 1 0 0  
1644      00h 1 24h 24h 0 1 0 0 1 0 0  
1645      00h 1 24h 24h 0 1 0 0 1 0 0  
1646      00h 1 24h 24h 0 1 0 0 1 0 0  
1647      00h 1 24h 24h 0 1 0 0 1 0 0  
1648      00h 1 24h 24h 0 1 0 0 1 0 0  
1649      00h 1 24h 24h 0 1 0 0 1 0 0  
1650      00h 1 24h 24h 0 1 0 0 1 0 0  
1651      00h 1 24h 24h 0 1 0 0 1 0 0  
1652      00h 1 24h 24h 0 1 0 0 1 0 0  
1653      00h 1 24h 24h 0 1 0 0 1 0 0  
1654      00h 1 24h 24h 0 1 0 0 1 0 0  
1655      00h 1 24h 24h 0 1 0 0 1 0 0  
1656      00h 1 24h 24h 0 1 0 0 1 0 0  
1657      00h 1 24h 24h 0 1 0 0 1 0 0  
1658      00h 1 24h 24h 0 1 0 0 1 0 0  
1659      00h 1 24h 24h 0 1 0 0 1 0 0  
1660      00h 1 24h 24h 0 1 0 0 1 0 0  
1661      00h 1 24h 24h 0 1 0 0 1 0 0  
1662      00h 1 24h 24h 0 1 0 0 1 0 0  
1663      00h 1 24h 24h 0 1 0 0 1 0 0  
1664      00h 1 24h 24h 0 1 0 0 1 0 0  
1665      00h 1 24h 24h 0 1 0 0 1 0 0  
1666      00h 1 24h 24h 0 1 0 0 1 0 0  
1667      00h 1 24h 24h 0 1 0 0 1 0 0  
1668      00h 1 24h 24h 0 1 0 0 1 0 0  
1669      00h 1 24h 24h 0 1 0 0 1 0 0  
1670      00h 1 24h 24h 0 1 0 0 1 0 0  
1671      00h 1 24h 24h 0 1 0 0 1 0 0  
1672      00h 1 24h 24h 0 1 0 0 1 0 0  
1673      00h 1 24h 24h 0 1 0 0 1 0 0  
1674      00h 1 24h 24h 0 1 0 0 1 0 0  
1675      00h 1 24h 24h 0 1 0 0 1 0 0  
1676      00h 1 24h 24h 0 1 0 0 1 0 0  
1677      00h 1 24h 24h 0 1 0 0 1 0 0  
1678      00h 1 24h 24h 0 1 0 0 1 0 0  
1679      00h 1 24h 24h 0 1 0 0 1 0 0  
1680      00h 1 24h 24h 0 1 0 0 1 0 0  
1681      00h 1 24h 24h 0 1 0 0 1 0 0  
1682      00h 1 24h 24h 0 1 0 0 1 0 0  
1683      00h 1 24h 24h 0 1 0 0 1 0 0  
1684      00h 1 24h 24h 0 1 0 0 1 0 0  
1685      00h 1 24h 24h 0 1 0 0 1 0 0  
1686      00h 1 24h 24h 0 1 0 0 1 0 0  
1687      00h 1 24h 24h 0 1 0 0 1 0 0  
1688      00h 1 24h 24h 0 1 0 0 1 0 0  
1689      00h 1 24h 24h 0 1 0 0 1 0 0  
1690      00h 1 24h 24h 0 1 0 0 1 0 0  
1691      00h 1 24h 24h 0 1 0 0 1 0 0  
1692      00h 1 24h 24h 0 1 0 0 1 0 0  
1693      00h 1 24h 24h 0 1 0 0 1 0 0  
1694      00h 1 24h 24h 0 1 0 0 1 0 0  
1695      00h 1 24h 24h 0 1 0 0 1 0 0  
1696      00h 1 24h 24h 0 1 0 0 1 0 0  
1697      00h 1 24h 24h 0 1 0 0 1 0 0  
1698      00h 1 24h 24h 0 1 0 0 1 0 0  
1699      00h 1 24h 24h 0 1 0 0 1 0 0  
1700      00h 1 24h 24h 0 1 0 0 1 0 0  
1701      00h 1 24h 24h 0 1 0 0 1 0 0  
1702      00h 1 24h 24h 0 1 0 0 1 0 0  
1703      00h 1 24h 24h 0 1 0 0 1 0 0  
1704      00h 1 24h 24h 0 1 0 0 1 0 0  
1705      00h 1 24h 24h 0 1 0 0 1 0 0  
1706      00h 1 24h 24h 0 1 0 0 1 0 0  
1707      00h 1 24h 24h 0 1 0 0 1 0 0  
1708      00h 1 24h 24h 0 1 0 0 1 0 0  
1709      00h 1 24h 24h 0 1 0 0 1 0 0  
1710      00h 1 24h 24h 0 1 0 0 1 0 0  
1711      00h 1 24h 24h 0 1 0 0 1 0 0  
1712      00h 1 24h 24h 0 1 0 0 1 0 0  
1713      00h 1 24h 24h 0 1 0 0 1 0 0  
1714      00h 1 24h 24h 0 1 0 0 1 0 0  
1715      00h 1 24h 24h 0 1 0 0 1 0 0  
1716      00h 1 24h 24h 0 1 0 0 1 0 0  
1717      00h 1 24h 24h 0 1 0 0 1 0 0  
1718      00h 1 24h 24h 0 1 0 0 1 0 0  
1719      00h 1 24h 24h 0 1 0 0 1 0 0  
1720      00h 1 24h 24h 0 1 0 0 1 0 0  
1721      00h 1 24h 24h 0 1 0 0 1 0 0  
1722      00h 1 24h 24h 0 1 0 0 1 0 0  
1723      00h 1 24h 24h 0 1 0 0 1 0 0  
1724      00h 1 24h 24h 0 1 0 0 1 0 0  
1725      00h 1 24h 24h 0 1 0 0 1 0 0  
1726      00h 1 24h 24h 0 1 0 0 1 0 0  
1727      00h 1 24h 24h 0 1 0 0 1 0 0  
1728      00h 1 24h 24h 0 1 0 0 1 0 0  
1729      00h 1 24h 24h 0 1 0 0 1 0 0  
1730      00h 1 24h 24h 0 1 0 0 1 0 0  
1731      00h 1 24h 24h 0 1 0 0 1 0 0  
1732      00h 1 24h 24h 0 1 0 0 1 0 0  
1733      00h 1 24h 24h 0 1 0 0 1 0 0  
1734      00h 1 24h 24h 0 1 0 0 1 0 0  
1735      00h 1 24h 24h 0 1 0 0 1 0 0  
1736      00h 1 24h 24h 0 1 0 0 1 0 0  
1737      00h 1 24h 24h 0 1 0 0 1 0 0  
1738      00h 1 24h 24h 0 1 0 0 1 0 0  
1739      00h 1 24h 24h 0 1 0 0 1 0 0  
1740      00h 1 24h 24h 0 1 0 0 1 0 0  
1741      00h 1 24h 24h 0 1 0 0 1 0 0  
1742      00h 1 24h 24h 0 1 0 0 1 0 0  
1743      00h 1 24h 24h 0 1 0 0 1 0 0  
1744      00h 1 24h 24h 0 1 0 0 1 0 0  
1745      00h 1 24h 24h 0 1 0 0 1 0 0  
1746      00h 1 24h 24h 0 1 0 0 1 0 0  
1747      00h 1 24h 24h 0 1 0 0 1 0 0  
1748      00h 1 24h 24h 0 1 0 0 1 0 0  
1749      00h 1 24h 24h 0 1 0 0 1 0 0  
1750      00h 1 24h 24h 0 1 0 0 1 0 0  
1751      00h 1 24h 24h 0 1 0 0 1 0 0  
1752      00h 1 24h 24h 0 1 0 0 1 0 0  
1753      00h 1 24h 24h 0 1 0 0 1 0 0  
1754      00h 1 24h 24h 0 1 0 0 1 0 0  
1755      00h 1 24h 24h 0 1 0 0 1 0 0  
1756      00h 1 24h 24h 0 1 0 0 1 0 0  
1757      00h 1 24h 24h 0 1 0 0 1 0 0  
1758      00h 1 24h 24h 0 1 0 0 1 0 0  
1759      00h 1 24h 24h 0 1 0 0 1 0 0  
1760      00h 1 24h 24h 0 1 0 0 1 0 0  
1761      00h 1 24h 24h 0 1 0 0 1 0 0  
1762      00h 1 24h 24h 0 1 0 0 1 0 0  
1763      00h 1 24h 24h 0 1 0 0 1 0 0  
1764      00h 1 24h 24h 0 1 0 0 1 0 0  
1765      00h 1 24h 24h 0 1 0 0 1 0 0  
1766      00h 1 24h 24h 0 1 0 0 1 0 0  
1767      00h 1 24h 24h 0 1 0 0 1 0 0  
1768      00h 1 24h 24h 0 1 0 0 1 0 0  
1769      00h 1 24h 24h 0 1 0 0 1 0 0  
1770      00h 1 24h 24h 0 1 0 0 1 0 0  
1771      00h 1 24h 24h 0 1 0 0 1 0 0  
1772      00h 1 24h 24h 0 1 0 0 1 0 0  
1773      00h 1 24h 24h 0 1 0 0 1 0 0  
1774      00h 1 24h 24h 0 1 0 0 1 0 0  
1775      00h 1 24h 24h 0 1 0 0 1 0 0  
1776      00h 1 24h 24h 0 1 0 0 1 0 0  
1777      00h 1 24h 24h 0 1 0 0 1 0 0  
1778      00h 1 24h 24h 0 1 0 0 1 0 0  
1779      00h 1 24h 24h 0 1 0 0 1 0 0  
1780      00h 1 24h 24h 0 1 0 0 1 0 0  
1781      00h 1 24h 24h 0 1 0 0 1 0 0  
1782      00h 1 24h 24h 0 1 0 0 1 0 0  
1783      00h 1 24h 24h 0 1 0 0 1 0 0  
1784      00h 1 24h 24h 0 1 0 0 1 0 0  
1785      00h 1 24h 24h 0 1 0 0 1 0 0  
1786      00h 1 24h 24h 0 1 0 0 1 0 0  
1787      00h 1 24h 24h 0 1 0 0 1 0 0  
1788      00h 1 24h 24h 0 1 0 0 1 0 0  
1789      00h 1 24h 24h 0 1 0 0 1 0 0  
1790      00h 1 24h 24h 0 1 0 0 1 0 0  
1791      00h 1 24h 24h 0 1 0 0 1 0 0  
1792      00h 1 24h 24h 0 1 0 0 1 0 0  
1793      00h 1 24h 24h 0 1 0 0 1 0 0  
1794      00h 1 24h 24h 0 1 0 0 1 0 0  
1795      00h 1 24h 24h 0 1 0 0 1 0 0  
1796      00h 1 24h 24h 0 1 0 0 1 0 0  
1797      00h 1 24h 24h 0 1 0 0 1 0 0  
1798      00h 1 24h 24h 0 1 0 0 1 0 0  
1799      00h 1 24h 24h 0 1 0 0 1 0 0  
1800      00h 1 24h 24h 0 1 0 0 1 0 0  
1801      00h 1 24h 24h 0 1 0 0 1 0 0  
1802      00h 1 24h 24h 0 1 0 0 1 0 0  
1803      00h 1 24h 24h 0 1 0 0 1 0 0  
1804      00h 1 24h 24h 0 1 0 0 1 0 0  
1805      00h 1 24h 24h 0 1 0 0 1 0 0  
1806      00h 1 24h 24h 0 1 0 0 1 0 0  
1807      00h 1 24h 24h 0 1 0 0 1 0 0  
1808      00h 1 24h 24h 0 1 0 0 1 0 0  
1809      00h 1 24h 24h 0 1 0 0 1 0 0  
1810      00h 1 24h 24h 0 1 0 0 1 0 0  
1811      00h 1 24h 24h 0 1 0 0 1 0 0  
1812      00h 1 24h 24h 0 1 0 0 1 0 0  
1813      00h 1 24h 24h 0 1 0 0 1 0 0  
1814      00h 1 24h 24h 0 1 0 0 1 0 0  
1815      00h 1 24h 24h 0 1 0 0 1 0 0  
1816      00h 1 24h 24h 0 1 0 0 1 0 0  
1817      00h 1 24h 24h 0 1 0 0 1 0 0  
1818      00h 1 24h 24h 0 1 0 0 1 0 0  
1819      00h 1 24h 24h 0 1 0 0 1 0 0  
1820      00h 1 24h 24h 0 1 0 0 1 0 0  
1821      00h 1 24h 24h 0 1 0 0 1 0 0  
1822      00h 1 24h 24h 0 1 0 0 1 0 0  
1823      00h 1 24h 24h 0 1 0 0 1 0 0  
1824      00h 1 24h 24h 0 1 0 0 1 0 0  
1825      00h 1 24h 24h 0 1 0 0 1 0 0  
1826      00h 1 24h 24h 0 1 0 0 1 0 0  
1827      00h 1 24h 24h 0 1 0 0 1 0 0  
1828      00h 1 24h 24h 0 1 0 0 1 0 0  
1829      00h 1 24h 24h 0 1 0 0 1 0 0  
1830      00h 1 24h 24h 0 1 0 0 1 0 0  
1831      00h 1 24h 24h 0 1 0 0 1 0 0  
1832      00h 1 24h 24h 0 1 0 0 1 0 0  
1833      00h 1 24h 24h 0 1 0 0 1 0 0  
1834      00h 1 24h 24h 0 1 0 0 1 0 0  
1835      00h 1 24h 24h 0 1 0 0 1 0 0  
1836      00h 1 24h 24h 0 1 0 0 1 0 0  
1837      00h 1 24h 24h 0 1 0 0 1 0 0  
1838      00h 1 24h 24h 0 1 0 0 1 0 0  
1839      00h 1 24h 24h 0 1 0 0 1 0 0  
1840      00h 1 24h 24h 0 1 0 0 1 0 0  
1841      00h 1 24h 24h 0 1 0 0 1 0 0  
1842      00h 1 24h 24h 0 1 0 0 1 0 0  
1843      00h 1 24h 24h 0 1 0 0 1 0 0  
1844      00h 1 24h 24h 0 1 0 0 1 0 0  
1845      00h 1 24h 24h 0 1 0 0 1 0 0  
1846      00h 1 24h 24h 0 1 0 0 1 0 0  
1847      00h 1 24h 24h 0 1 0 0 1 0 0  
1848      00h 1 24h 24h 0 1 0 0 1 0 0  
1849      00h 1 24h 24h 0 1 0 0 1 0 0  
1850      00h 1 24h 24h 0 1 0 0 1 0 0  
1851      00h 1 24h 24h 0 1 0 0 1 0 0  
1852      00h 1 24h 24h 0 1 0 0 1 0 0  
1853      00h 1 24h 24h 0 1 0 0 1 0 0  
1854      00h 1 24h 24h 0 1 0 0 1 0 0  
1855      00h 1 24h 24h 0 1 0 0 1 0 0  
1856      00h 1 24h 24h 0 1 0 0 1 0 0  
1857      00h 1 24h 24h 0 1 0 0 1 0 0  
1858      00h 1 24h 24h 0 1 0 0 1 0 0  
1859      00h 1 24h 24h 0 1 0 0 1 0 0  
1860      00h 1 24h 24h 0 1 0 0 1 0 0  
1861      00h 1 24h 24h 0 1 0 0 1 0 0  
1862      00h 1 24h 24h 0 1 0 0 1 0 0  
1863      00h 1 24h 24h 0 1 0 0 1 0 0  
1864      00h 1 24h 24h 0 1 0 0 1 0 0  
1865      00h 1 24h 24h 0 1 0 0 1 0 0  
1866      00h 1 24h 24h 0 1 0 0 1 0 0  
1867      00h 1 24h 24h 0 1 0 0 1 0 0  
1868      00h 1 24h 24h 0 1 0 0 1 0 0  
1869      00h 1 24h 24h 0 1 0 0 1 0 0  
1870      00h 1 24h 24h 0 1 0 0 1 0 0  
1871      00h 1 24h 24h 0 1 0 0 1 0 0  
1872      00h 1 24h 24h 0 1 0 0 1 0 0  
1873      00h 1 24h 24h 0 1 0 0 1 0 0  
1874      00h 1 24h 24h 0 1 0 0 1 0 0  
1875      00h 1 24h 24h 0 1 0 0 1 0 0  
1876      00h 1 24h 24h 0 1 0 0 1 0 0  
1877      00h 1 24h 24h 0 1 0 0 1 0 0  
1878      00h 1 24h 24h 0 1 0 0 1 0 0  
1879      00h 1 24h 24h 0 1 0 0 1 0 0  
1880      00h 1 24h 24h 0 1 0 0 1 0 0  
1881      00h 1 24h 24h 0 1 0 0 1 0 0  
1882      00h 1 24h 24h 0 1 0 0 1 0 0  
1883      00h 1 24h 24h 0 1 0 0 1 0 0  
1884      00h 1 24h 24h 0 1 0 0 1 0 0  
1885      00h 1 24h 24h 0 1 0 0 1 0 0  
1886      00h 1 24h 24h 0 1 0 0 1 0 0  
1887      00h 1 24h 24h 0 1 0 0 1 0 0  
1888      00h 1 24h 24h 0 1 0 0 1 0 0  
1889      00h 1 24h 24h 0 1 0 0 1 0 0  
1890      00h 1 24h 24h 0 1 0 0 1 0 0  
1891      00h 1 24h 24h 0 1 0 0 1 0 0  
1892      00h 1 24h 24h 0 1 0 0 1 0 0  
1893      00h 1 24h 24h 0 1 0 0 1 0 0  
1894      00h 1 24h 24h 0 1 0 0 1 0 0  
1895      00h 1 24h 24h 0 1 0 0 1 0 0  
1896      00h 1 24h 24h 0 1 0 0 1 0 0  
1897      00h 1 24h 24h 0 1 0 0 1 0 0  
1898      00h 1 24h 24h 0 1 0 0 1 0 0  
1899      00h 1 24h 24h 0 1 0 0 1 0 0  
1900      00h 1 24h 24h 0 1 0 0 1 0 0  
1901      00h 1 24h 24h 0 1 0 0 1 0 0  
1902      00h 1 24h 24h 0 1 0 0 1 0 0  
1903      00h 1 24h 24h 0 1 0 0 1 0 0  
1904      00h 1 24h 24h 0 1 0 0 1 0 0  
1905      00h 1 24h 24h 0 1 0 0 1 0 0  
1906      00h 1 24h 24h 0 1 0 0 1 0 0  
1907      00h 1 24h 24h 0 1 0 0 1 0 0  
1908      00h 1 24h 24h 0 1 0 0 1 0 0  
1909      00h 1 24h 24h 0 1 0 0 1 0 0  
1910      00h 1 24h 24h 0 1 0 0 1 0 0  
1911      00h 1 24h 24h 0 1 0 0 1 0 0  
1912      00h 1 24h 24h 0 1 0 0 1 0 0  
1913      00h 1 24h 24h 0 1 0 0 1 0 0  
1914      00h 1 24h 24h 0 1 0 0 1 0 0  
1915      00h 1 24h 24h 0 1 0 0 1 0 0  
1916      00h 1 24h 24h 0 1 0 0 1 0 0  
1917      00h 1 24h 24h 0 1 0 0 1 0 0  
1918      00h 1 24h 24h 0 1 0 0 1 0 0  
1919      00h 1 24h 24h 0 1 0 0 1 0 0  
1920      00h 1 24h 24h 0 1 0 0 1 0 0  
1921      00h 1 24h 24h 0 1 0 0 1 0 0  
1922      00h 1 24h 24h 0 1 0 0 1 0 0  
1923      00h 1 24h 24h 0 1 0 0 1 0 0  
1924      00h 1 24h 24h 0 1 0 0 1 0 0  
1925      00h 1 24h 24h 0 1 0 0 1 0 0  
1926      00h 1 24h 24h 0 1 0 0 1 0 0  
1927      00h 1 24h 24h 0 1 0 0 1 0 0  
1928      00h 1 24h 24h 0 1 0 0 1 0 0  
1929      00h 1 24h 24h 0 1 0 0 1 0 0  
1930      00h 1 24h 24h 0 1 0 0 1 0 0  
1931      00h 1 24h 24h 0 1 0 0 1 0 0  
1932      00h 1 24h 24h 0 1 0 0 1 0 0  
1933      00h 1 24h 24h 0 1 0 0 1 0 0  
1934      00h 1 24h 24h 0 1 0 0 1 0 0  
1935      00h 1 24h 24h 0 1 0 0 1 0 0  
1936      00h 1 24h 24h 0 1 0 0 1 0 0  
1937      00h 1 24h 24h 0 1 0 0 1 0 0  
1938      00h 1 24h 24h 0 1 0 0 1 0 0  
1939      00h 1 24h 24h 0 1 0 0 1 0 0  
1940      00h 1 24h 24h 0 1 0 0 1 0 0  
1941      00h 1 24h 24h 0 1 0 0 1 0 0  
1942      00h 1 24h 24h 0 1 0 0 1 0 0  
1943      00h 1 24h 24h 0 1 0 0 1 0 0  
1944      00h 1 24h 24h 0 1 0 0 1 0 0  
1945      00h 1 24h 24h 0 1 0 0 1 0 0  
1946      00h 1 24h 24h 0 1 0 0 1 0 0  
1947      00h 1 24h 24h 0 1 0 0 1 0 0  
1948      00h 1 24h 24h 0 1 0 0 1 0 0  
1949      00h 1 24h 24h 0 1 0 0 1 0 0  
1950      00h 1 24h 24h 0 1 0 0 1 0 0  
1951      00h 1 24h 24h 0 1 0 0 1 0 0  
1952      00h 1 24h 24h 0 1 0 0 1 0 0  
1953      00h 1 24h 24h 0 1 0 0 1 0 0  
1954      00h 1 24h 24h 0 1 0 0 1 0 0  
1955      00h 1 24h 24h 0 1 0 0 1 0 0  
1956      00h 1 24h 24h 0 1 0 0 1 0 0  
1957      00h 1 24h 24h 0 1 0 0 1 0 0  
1958      00h 1 24h 24h 0 1 0 0 1 0 0  
1959      00h 1 24h 24h 0 1 0 0 1 0 0  
1960      00h 1 24h 24h 0 1 0 0 1 0 0  
1961      00h 1 24h 24h 0 1 0 0 1 0 0  
1962      00h 1 24h 24h 0 1 0 0 1 0 0  
1963      00h 1 24h 24h 0 1 0 0 1 0 0  
1964      00h 1 24h 24h 0 1 0 0 1 0 0  
1965      00h 1 24h 24h 0 1 0 0 1 0 0  
1966      00h 1 24h 24h 0 1 0 0 1 0 0  
1967      00h 1 24h 24h 0 1 0 0 1 0 0  
1968      00h 1 24h 24h 0 1 0 0 1 0 0  
1969      00h 1 24h 24h 0 1 0 0 1 0 0  
1970      00h 1 24h 24h 0 1 0 0 1 0 0  
1971      00h 1 24h 24h 0 1 0 0 1 0 0  
1972      00h 1 24h 24h 0 1 0 0 1 0 0  
1973      00h 1 24h 24h 0 1 0 0 1 0 0  
1974      00h 1 24h 24h 0 1 0 0 1 0 0  
1975      00h 1 24h 24h 0 1 0 0 1 0 0  
1976      00h 1 24h 24h 0 1 0 0 1 0 0  
1977      00h 1 24h 24h 0 1 0 0 1 0 0  
1978      00h 1 24h 24h 0 1 0 0 1 0 0  
1979      00h 1 24h 24h 0 1 0 0 1 0 0  
1980      00h 1 24h 24h 0 1 0 0 1 0 0  
1981      00h 1 24h 24h 0 1 0 0 1 0 0  
1982      00h 1 24h 24h 0 1 0 0 1 0 0  
1983      00h 1 24h 24h 0 1 0 0 1 0 0  
1984      00h 1 24h 24h 0 1 0 0 1 0 0  
1985      00h 1 24h 24h 0 1 0 0 1 0 0  
1986      00h 1 24h 24h 0 1 0 0 1 0 0  
1987      00h 1 24h 24h 0 1 0 0 1 0 0  
1988      00h 1 24h 24h 0 1 0 0 1 0 0  
1989      00h 1 24h 24h 0 1 0 0 1 0 0  
1990      00h 1 24h 24h 0 1 0 0 1 0 0  
1991      00h 1 24h 24h 0 1 0 0 1 0 0  
1992      00h 1 24h 24h 0 1 0 0 1 0 0  
1993      00h 1 24h 24h 0 1 0 0 1 0 0  
1994      00h 1 24h 24h 0 1 0 0 1 0 0  
1995      00h 1 24h 24h 0 1 0 0 1 0 0  
1996      00h 1 24h 24h 0 1 0 0 1 0 0  
1997      00h 1 24h 24h 0 1 0 0 1 0 0  
1998      00h 1 24h 24h 0 1 0 0 1 0 0  
1999      00h 1 24h 24h 0 1 0 0 1 0 0  
2000      00h 1 24h 24h 0 1 0 0 1 0 0  
2001      00h 1 24h 24h 0 1 0 0 1 0 0  
2002      00h 1 24h 24h 0 1 0 0 1 0 0  
2003      00h 1 24h 24h 0 1 0 0 1 0 0  
2004      00h 1 24h 24h 0 1 0 0 1 0 0  
2005      00h 1 24h 24h 0 1 0 0 1 0 0  
2006      00h 1 24h 24h 0 1 0 0 1 0 0  
2007      00h 1 24h 24h 0 1 0 0 1 0 0  
2008      00h 1 24h 24h 0 1 0 0 1 0 0  
2009      00h 1 24h 24h 0 1 0 0 1 0 0  
2010      00h 1 24h 24h 0 1 0 0 1 0 0  
2011      00h 1 24h 24h 0 1 0 0 1 0 0  
2012      00h 1 24h 24h 0 1 0 0 1 0 0  
2013      00h 1 24h 24h 0 1 0 0 1 0 0  
2014      00h 1 24h 24h 0 1 0 0 1 0 0  
2015      00h 1 24h 24h 0 1 0 0 1 0 0  
2016      00h 1 24h 24h 0 1 0 0 1 0 0  
2017      00h 1 24h 24h 0 1 0 0 1 0 0  
2018      00h 1 24h 24h 0 1 0 0 1 0 0  
2019      00h 1 24h 24h 0 1 0 0 1 0 0  
2020      00h 1 24h 24h 0 1 0 0 1 0 0  
2021      00h 1 24h 24h 0 1 0 0 1 0 0  
2022      00h 1 24h 24h 0 1 0 0 1 0 0  
2023      00h 1 24h 24h 0 1 0 0 1 0 0  
2024      00h 1 24h 24h 0 1 0 0 1 0 0  
2025      00h 1 24h 24h 0 1 0 0 1 0 0  
2026      00h 1 24h 24h 0 1 0 0 1 0 0  
2027      00h 1 24h 24h 0 1 0 0 1 0 0  
2028      00h 1 24h 24h 0 1 0 0 1 0 0  
2029      00h 1 24h 24h 0 1 0 0 1 0 0  
2030      00h 1 24h 24h 0 1 0 0 1 0 0  
2031      00h 1 24h 24h 0 1 0 0 1 0 0  
2032      00h 1 24h 24h 0 1 0 0 1 0 0  
2033      00h 1 24h 24h 0 1 0 0 1 0 0  
2034      00h 1 24h 24h 0 1 0 0 1 0 0  
2035      00h 1 24h 24h 0 1 0 0 1 0 0  
2036      00h 1 24h 24h 0 1 0 0 1 0 0  
2037      00h 1 24h 24h 0 1 0 0 1 0 0  
2038      00h 1 24h 24h 0 1 0 0 1 0 0  
2039      00h 1 24h 24h 0 1 0 0 1 0 0  
2040      00h 1 24h 24h 0 1 0 0 1 0 0  
2041      00h 1 24h 24h 0 1 0 0 1 0 0  
2042      00h 1 24h 24h 0 1 0 0 1 0 0  
2043      00h 1 24h 24h 0 1 0 0 1 0 0  
2044      00h 1 24h 24h 0 1 0 0 1 0 0  
2045      00h 1 24h 24h 0 1 0 0 1 0 0  
2046      00h 1 24h 24h 0 1 0 0 1 0 0  
2047      00h 1 24h 24h 0 1 0 0 1 0 0  
2048      00h 1 24h 24h 0 1 0 0 1 0 0  
2049      00h 1 24h 24h 0 1 0 0 1 0 0  
2050      00h 1 24h 24h 0 1 0 0 1 0 0  
2051      00h 1 24h 24h 0 1 0 0 1 0 0  
2052      00h 1 24h 24h 0 1 0 0 1 0 0  
2053      00h 1 24h 24h 0 1 0 0 1 0 0  
2054      00h 1 24h 24h 0 1 0 0 1 0 0  
2055      00h 1 24h 24h 0 1 0 0 1 0 0  
2056      00h 1 24h 24h 0 1 0 0 1 0 0  
2057      00h 1 24h 24h 0 1 0 0 1 0 0  
2058      00h 1 24h 24h 0 1 0 0 1 0 0  
2059      00h 1 24h 24h 0 1 0 0 1 0 0  
2060      00h 1 24h 24h 0 1 0 0 1 0 0  
2061      00h 1 24h 24h 0 1 0 0 1 0 0  
2062      00h 1 24h 24h 0 1 0 0 1 0 0  
2063      00h 1 24h 24h 0 1 0 0 1 0 0  
2064      00h 1 24h 24h 0 1 0 0 1 0 0  
2065      00h 1 24h 24h 0 1 0 0 1 0 0  
2066      00h 1 24h 24h 0 1 0 0 1 0 0  
2067      00h 1 24h 24h 0 1 0 0 1 0 0  
2068      00h 1 24h 24h 0 1 0 0 1 0 0  
2069      00h 1 24h 24h 0 1 0 0 1 0 0  
2070      00h 1 24h 24h 0 1 0 0 1 0 0  
2071      00h 1 24h 24h 0 1 0 0 1 0 0  
2072      00h 1 24h 24h 0 1 0 0 1 0 0  
2073      00h 1 24h 24h 0 1 0 0 1 0 0  
2074      00h 1 24h 24h 0 1 0 0 1 0 0  
2075      00h 1 24h 24h 0 1 0 0 1 0 0  
2076      00h 1 24h 24h 0 1 0 0 1 0 0  
2077      00h 1 24h 24h 0 1 0 0 1 0 0  
2078      00h 1 24h 24h 0 1 0 0 1 0 0  
2079      00h 1 24h 24h 0 1 0 0 1 0 0  
2080      00h 1 24h 24h 0 1 0 0 1 0 0  
2081      00h 1 24h 24h 0 1 0 0 1 0 0  
2082      00h 1 24h 24h 0 1 0 0 1 0 0  
2083      00h 1 24h 24h 0 1 0 0 1 0 0  
2084      00h 1 24h 24h 0 1 0 0 1 0 0  
2085      00h 1 24h 24h 0 1 0 0 1 0 0  
2086      00h 1 24h 24h 0 1 0 0 1 0 0  
2087      00h 1 24h 24h 0 1 0 0 1 0 0  
2088      00h 1 24h 24h 0 1 0 0 1 0 0  
2089      00h 1 24h 24h 0 1 0 0 1 0 0  
2090      00h 1 24h 24h 0 1 0 0 1 0 0  
2091      00h 1 24h 24h 0 1 0 0 1 0 0  
2092      00h 1 24h 24h 0 1 0 0 1 0 0  
2093      00h 1 24h 24h 0 1 0 0 1 0 0  
2094      00h 1 24h 24h 0 1 0 0 1 0 0  
2095      00h 1 24h 24h 0 1 0 0 1 0 0  
2096      00h 1 24h 24h 0 1 0 0 1 0 0  
2097      00h 1 24h 24h 0 1 0 0 1 0 0  
2098      00h 1 24h 24h 0 1 0 0 1 0 0  
2099      00h 1 24h 24h 0 1 0 0 1 0 0  
2100      00h 1 24h 24h 0 1 0 0 1 0 0  
2101      00h 1 24h 24h 0 1 0 0 1 0 0  
2102      00h 1 24h 24h 0 1 0 0 1 0 0  
2103      00h 1 24h 24h 0 1 0 0 1 0 0  
2104      00h 1 24h 24h 0 1 0 0 1 0 0  
2105      00h 1 24h 24h 0 1 0 0 1 0 0  
2106      00h 1 24h 24h 0 1 0 0 1 0 0  
2107      00h 1 24h 24h 0 1 0 0 1 0 0  
2108      00h 1 24h 24h 0 1 0 0 1 0 0  
2109      00h 1 24h 24h 0 1 0 0 1 0 0  
2110      00h 1 24h 24h 0 1 0 0 1 0 0  
2111      00h 1 24h 24h 0 1 0 0 1 0 0  
2112      00h 1 24h 24h 0 1 0 0 1 0 0  
2113      00h 1 24h 24h 0 1 0 0 1 0 0  
2114      00h 1 24h 24h 0 1 0 0 1 0 0  
2115      00h 1 24h 24h 0 1 0 0 1 0 0  
2116      00h 1 24h 24h 0 1 0 0 1 0 0  
2117      00h 1 24h 24h 0 1 0 0 1 0 0  
2118      00h 1 24h 24h 0 1 0 0 1 0 0  
2119      00h 1 24h 24h 0 1 0 0 1 0 0  
2120      00h 1 24h 24h 0 1 0 0 1 0 0  
2121      00h 1 24h 24h 0 1 0 0 1 0 0  
2122      00h 1 24h 24h 0 1 0 0 1 0 0  
2123      00h 1 24h 24h 0 1 0 0 1 0 0  
2124      00h 1 24h 24h 0 1 0 0 1 0 0  
2125      00h 1 24h 24h 0 1 0 0 1 0 0  
2126      00h 1 24h 24h 0 1 0 0 1 0 0  
2127      00h 1 24h 24h 0 1 0 0 1 0 0  
2128      00h 1 24h 24h 0 1 0 0 1 0 0  
2129      00h 1 24h 24h 0 1 0 0 1 0 0  
2130      00h 1 24h 24h 0 1 0 0 1 0 0  
2131      00h 1 24h 24h 0 1 0 0 1 0 0  
2132      00h 1 24h 24h 0 1 0 0 1 0 0  
2133      00h 1 24h 24h 0 1 0 0 1 0 0  
2134      00h 1 24h 24h 0 1 0 0 1 0 0  
2135      00h 1 24h 24h 0 1 0 0 1 0 0  
2136      00h 1 24h 24h 0 1 0 0 1 0 0  
2137      00h 1 24h 24h 0 1 0 0 1 0 0  
2138      00h 1 24h 24h 0 1 0 0 1 0 0  
2139      00h 1 24h 24h 0 1 0 0 1 0 0  
2140      00h 1 24h 24h 0 1 0 0 1 0 0  
2141      00h 1 24h 24h 0 1 0 0 1 0 0  
2142      00h 1 24h 24h 0 1 0 0 1 0 0  
2143      00h 1 24h 24h 0 1 0 0 1 0 0  
2144      00h 1 24h 24h 0 1 0 0 1 0 0  
2145      00h 1 24h 24h 0 1 0 0 1 0 0  
2146      00h 1 24h 24h 0 1 0 0 1 0 0  
2147      00h 1 24h 24h 0 1 0 0 1 0 0  
2148      00h 1 24h 24h 0 1 0 0 1 0 0  
2149      00h 1 24h 24h 0 1 0 0 1 0 0  
2150      00h 1 24h 24h 0 1 0 0 1 0 0  
2151      00h 1 24h 24h 0 1 0 0 1 0 0  
2152      00h 1 24h 24h 0 1 0 0 1 0 0  
2153      00h 1 24h 24h 0 1 0 0 1 0 0  
2154      00h 1 24h 24h 0 1 0 0 1 0 0  
2155      00h 1 24h 24h 0 1 0 0 1 0 0  
2156      00h 1 24h 24h 0 1 0 0 1 0 0  
2157      00h 1 24h 24h 0 1 0 0 1 0 0  
2158      00h 1 24h 24h 0 1 0 0 1 0 0  
2159      00h 1 24h 24h 0 1 0 0 1 0 0  
2160      00h 1 24h 24h 0 1 0 0 1 0 0  
2161      00h 1 24h 24h 0 1 0 0 1 0 0  
2162      00h 1 24h 24h 0 1 0 0 1 0 0  
2163      00h 1 24h 24h 0 1 0 0 1 0 0  
2164      00h 1 24h 24h 0 1 0 0 1 0 0  
2165      00h 1 24h 24h 0 1 0 0 1 0 0  
2166      00h 1 24h 24h 0 1 0 0 1 0 0  
2167      00h 1 24h 24h 0 1 0 0 1 0 0  
2168      00h 1 24h 24h 0 1 0 0 1 0 0  
2169      00h 1 24h 24h 0 1 0 0 1 0 0  
2170      00h 1 24h 24h 0 1 0 0 1 0 0  
2171      00h 1 24h 24h 0 1 0 0 1 0 0  
2172      00h 1 24h 24h 0 1 0 0 1 0 0  
2173      00h 1 24h 24h 0 1 0 0 1 0 0  
2174      00h 1 24h 24h 0 1 0 0 1 0 0  
2175      00h 1 24h 24h 0 1 0 0 1 0 0  
2176      00h 1 24h 24h 0 1 0 0 1 0 0  
2177      00h 1 24h 24h 0 1 0 0 1 0 0  
2178      00h 1 24h 24h 0 1 0 0 1 0 0  
2179      00h 1 24h 24h 0 1 0 0 1 0 0  
2180      00h 1 24h 24h 0 1 0 0 1 0 0  
2181      00h 1 24h 24h 0 1 0 0 1 0 0  
2182      00h 1 24h 24h 0 1 0 0 1 0 0  
2183      00h 1 24h 24h 0 1 0 0 1 0 0  
2184      00h 1 24h 24h 0 1 0 0 1 0 0  
2185      00h 1 24h 24h 0 1 0 0 1 0 0  
2186      00h 1 24h 24h 0 1 0 0 1 0 0  
2187      00h 1 24h 24h 0 1 0 0 1 0 0  
2188      00h 1 24h 24h 0 1 0 0 1 0 0  
2189      00h 1 24h 24h 0 1 0 0 1 0 0  
2190      00h 1 24h 24h 0 1 0 0 1 0 0  
2191      00h 1 24h 24h 0 1 0 0 1 0 0  
2192      00h 1 24h 24h 0 1 0 0 1 0 0  
2193      00h 1 24h 24h 0 1 0 0 1 0 0  
2194      00h 1 24h 24h 0 1 0 0 1 0 0  
2195      00h 1 24h 24h 0 1 0 0 1 0 0  
2196      00h 1 24h 24h 0 1 0 0 1 0 0  
2197      00h 1 24h 24h 0 1 0 0 1 0 0  
2198      00h 1 24h 24h 0 1 0 0 1 0 0  
2199      00h 1 24h 24h 0 1 0 0 1 0 0  
2200      00h 1 24h 24h 0 1 0 0 1 0 0  
2201      00h 1 24h 24h 0 1 0 0 1 0 0  
2202      00h 1 24h 24h 0 1 0 0 1 0 0  
2203      00h 1 24h 24h 0 1 0 0 1 0 0  
2204      00h 1 24h 24h 0 1 0 0 1 0 0  
2205      00h 1 24h 24h 0 1 0 0 1 0 0  
2206      00h 1 24h 24h 0 1 0 0 1 0 0  
2207      00h 1 24h 24h 0 1 0 0 1 0 0  
2208      00h 1 24h 24h 0 1 0 0 1 0 0  
2209      00h 1 24h 24h 0 1 0 0 1 0 0  
2210      00h 1 24h 24h 0 1 0 0 1 0 0  
2211      00h 1 24h 24h 0 1 0 0 1 0 0  
2212      00h 1 24h 24h 0 1 0 0 1 0 0  
2213      00h 1 24h 24h 0 1 0 0 1 0 0  
2214      00h 1 24h 24h 0 1 0 0 1 0 0  
2215      00h 1 24h 24h 0 1 0 0 1 0 0  
2216      00h 1 24h 24h 0 1 0 0 1 0 0  
2217      00h 1 24h 24h 0 1 0 0 1 0 0  
2218      00h 1 24h 24h 0 1 0 0 1 0 0  
2219      00h 1 24h 24h 0 1 0 0 1 0 0  
2220      00h 1 24h 24h 0 1 0 0 1 0 0  
2221      00h 1 24h 24h 0 1 0 0 1 0 0  
2222      00h 1 24h 24h 0 1 0 0 1 0 0  
2223      00h 1 24h 24h 0 1 0 0 1 0 0  
2224      00h 1 24h 24h 0 1 0 0 1 0 0  
2225      00h 1 24h 24h 0 1 0 0 1 0 0  
2226      00h 1 24h 24h 0 1 0 0 1 0 0  
2227      00h 1 24h 24h 0 1 0 0 1 0 0  
2228      00h 1 24h 24h 0 1 0 0 1 0 0  
2229      00h 1 24h 24h 0 1 0 0 1 0 0  
2230      00h 1 24h 24h 0 1 0 0 1 0 0  
2231      00h 1 24h 24h 0 1 0 0 1 0 0  
2232      00h 1 24h 24h 0 1 0 0 1 0 0  
2233      00h 1 24h 24h 0 1 0 0 1 0 0  
2234      00h 1 24h 24h 0 1 0 0 1 0 0  
2235      00h 1 24h 24h 0 1 0 0 1 0 0  
2236      00h 1 24h 24h 0 1 0 0 1 0 0  
2237      00h 1 24h 24h 0 1 0 0 1 0 0  
2238      00h 1 24h 24h 0 1 0 0 1 0 0  
2239      00h 1 24h 24h 0 1 0 0 1 0 0  
2240      00h 1 24h 24h 0 1 0 0 1 0 0  
2241      00h 1 24h 24h 0 1 0 0 1 0 0  
2242      00h 1 24h 24h 0 1 0 0 1 0 0  
2243      00h 1 24h 24h 0 1 0 0 1 0 0  
2244      00h 1 24h 24h 0 1 0 0 1 0 0  
2245      00h 1 24h 24h 0 1 0 0 1 0 0  
2246      00h 1 24h 24h 0 1 0 0 1 0 0  
2247      00h 1 24h 24h 0 1 0 0 1 0 0  
2248      00h 1 24h 24h 0 1 0 0 1 0 0  
2249      00h 1 24h 24h 0 1 0 0 1 0 0  
2250      00h 1 24h 24h 0 1 0 0 1 0 0  
2251      00h 1 24h 24h 0 1 0 0 1 0 0  
2252      00h 1 24h 24h 0 1 0 0 1 0 0  
2253      00h 1 24h 24h 0 1 0 0 1 0 0  
2254      00h 1 24h 24h 0 1 0 0 1 0 0  
2255      00h 1 24h 24h 0 1 0 0 1 0 0  
2256      00h 1 24h 24h 0 1 0 0 1 0 0  
2257      00h 1 24h 24h 0 1 0 0 1 0 0  
2258      00h 1 24h 24h 0 1 0 0 1 0 0  
2259      00h 1 24h 24h 0 1 0 0 1 0 0  
2260      00h 1 24h 24h 0 1 0 0 1 0 0  
2261      00h 1 24h 24h 0 1 0 0 1 0 0  
2262      00h 1 24h 24h 0 1 0 0 1 0 0  
2263      00h 1 24h 24h 0 1 0 0 1 0 0  
2264      00h 1 24h 24h 0 1 0 0 1 0 0  
2265      00h 1 24h 24h 0 1 0 0 1 0 0  
2266      00h 1 24h 24h 0 1 0 0 1 0 0  
2267      00h 1 24h 24h 0 1 0 0 1 0 0  
2268      00h 1 24h 24h 0 1 0 0 1 0 0  
2269      00h 1 24h 24h 0 1 0 0 1 0 0  
2270      00h 1 24h 24h 0 1 0 0 1 0 0  
2271      00h 1 24h 24h 0 1 0 0 1 0 0  
2272      00h 1 24h 24h 0 1 0 0 1 0 0  
2273      00h 1 24h 24h 0 1 0 0 1 0 0  
2274      00h 1 24h 24h 0 1 0 0 1 0 0  
2275      00h 1 24h 24h 0 1 0 0 1 0 0  
2276      00h 1 24h 24h 0 1 0 0 1 0 0  
2277      00h 1 24h 24h 0 1 0 0 1 0 0  
2278      00h 1 24h 24h 0 1 0 0 1 0 0  
2279      00h 1 24h 24h 0 1 0 0 1 0 0  
2280      00h 1 24h 24h 0 1 0 0 1 0 0  
2281      00h 1 24h 24h 0 1 0 0 1 0 0  
2282      00h 1 24h 24h 0 1 0 0 1 0 0  
2283      00h 1 24h 24h 0 1 0 0 1 0 0  
2284      00h 1 24h 24h 0 1 0 0 1 0 0  
2285      00h 1 24h 24h 0 1 0 0 1 0 0  
2286      00h 1 24h 24h 0 1 0 0 1 0 0  
2287      00h 1 24h 24h 0 1 0 0 1 0 0  
2288      00h 1 24h 24h 0 1 0 0 1 0 0  
2289      00h 1 24h 24h 0 1 0 0 1 0 0  
2290      00h 1 24h 24h 0 1 0 0 1 0 0  
2291      00h 1 24h 24h 0 1 0 0 1 0 0  
2292      00h 1 24h 24h 0 1 0 0 1 0 0  
2293      00h 1 24h 24h 0 1 0 0 1 0 0  
2294      00h 1 24h 24h 0 1 0 0 1 0 0  
2295      00h 1 24h 24h 0 1 0 0 1 0 0  
2296      00h 1 24h 24h 0 1 0 0 1 0 0  
2297      00h 1 24h 24h 0 1 0 0 1 0 0  
2298      00h 1 24h 24h 0 1 0 0 1 0 0  
2299      00h 1 24h 24h 0 1 0 0 1 0 0  
2300      00h 1 24h 24h 0 1 0 0 1 0 0  
2301      00h 1 24h 24h 0 1 0 0 1 0 0  
2302      00h 1 24h 24h 0 1 0 0 1 0 0  
2303      00h 1 24h 24h 0 1 0 0 1 0 0  
2304      00h 1 24h 24h 0 1 0 0 1 0 0  
2305      00h 1 24h 24h 0 1 0 0 1 0 0  
2306      00h 1 24h 24h 0 1 0 0 1 0 0  
2307      00h 1 24h 24h 0 1 0 0 1 0 0  
2308      00h 1 24h 24h 0 1 0 0 1 0 0  
2309      00h 1 24h 24h 0 1 0 0 1 0 0  
2310      00h 1 24h 24h 0 1 0 0 1 0 0  
2311      00h 1 24h 24h 0 1 0 0 1 0 0  
2312      00h 1 24h 24h 0 1 0 0 1 0 0  
2313      00h 1 24h 24h 0 1 0 0 1 0 0  
2314      00h 1 24h 24h 0 1 0 0 1 0 0  
2315      00h 1 24h 24h 0 1 0 0 1 0 0  
2316      00h 1 24h 24h 0 1 0 0 1 0 0  
2317      00h 1 24h 24h 0 1 0 0 1 0 0  
2318      00h 1 24h 24h 0 1 0 0 1 0 0  
2319      00h 1 24h 24h 0 1 0 0 1 0 0  
2320      00h 1 24h 24h 0 1 0 0 1 0 0  
2321      00h 1 24h 24h 0 1 0 0 1 0 0  
2322      00h 1 24h 24h 0 1 0 0 1 0 0  
2323      00h 1 24h 24h 0 1 0 0 1 0 0  
2324      00h 1 24h 24h 0 1 0 0 1 0 0  
2325      00h 1 24h 24h 0 1 0 0 1 0 0  
2326      00h 1 24h 24h 0 1 0 0 1 0 0  
2327      00h 1 24h 24h 0 1 0 0 1 0 0  
2328      00h 1 24h 24h 0 1 0 0 1 0 0  
2329      00h 1 24h 24h 0 1 0 0 1 0 0  
2330      00h 1 24h 24h 0 1 0 0 1 0 0  
2331      00h 1 24h 24h 0 1 0 0 1 0 0  
2332      00h 1 24h 24h 0 1 0 0 1 0 0  
2333      00h 1 24h 24h 0 1 0 0 1 0 0  
2334      00h 1 24h 24h 0 1 0 0 1 0 0  
2335      00h 1 24h 24h 0 1 0 0 1 0 0  
2336      00h 1 24h 24h 0 1 0 0 1 0 0  
2337      00h 1 24h 24h 0 1 0 0 1 0 0  
2338      00h 1 24h 24h 0 1 0 0 1 0 0  
2339      00h 1 24h 24h 0 1 0 0 1 0 0  
2340      00h 1 24h 24h 0 1 0 0 1 0 0  
2341      00h 1 24h 24h 0 1 0 0 1 0 0  
2342      00h 1 24h 24h 0 1 0 0 1 0 0  
2343      00h 1 24h 24h 0 1 0 0 1 0 0  
2344      00h 1 24h 24h 0 1 0 0 1 0 0  
2345      00h 1 24h 24h 0 1 0 0 1 0 0  
2346      00h 1 24h 24h 0 1 0 0 1 0 0  
2347      00h 1 24h 24h 0 1 0 0 1 0 0  
2348      00h 1 24h 24h 0 1 0 0 1 0 0  
2349      00h 1 24h 24h 0 1 0 0 1 0 0  
2350      00h 1 24h 24h 0 1 0 0 1 0 0  
2351      00h 1 24h 24h 0 1 0 0 1 0 0  
2352      00h 1 24h 24h 0 1 0 0 1 0 0  
2353      00h 1 24h 24h 0 1 0 0 1 0 0  
2354      00h 1 24h 24h 0 1 0 0 1 0 0  
2355      00h 1 24h 24h 0 1 0 0 1 0 0  
2356      00h 1 24h 24h 0 1 0 0 1 0 0  
2357      00h 1 24h 24h 0 1 0 0 1 0 0  
2358      00h 1 24h 24h 0 1 0 0 1 0 0  
2359      00h 1 24h 24h 0 1 0 0 1 0 0  
2360      00h 1 24h 24h 0 1 0 0 1 0 0  
2361      00h 1 24h 24h 0 1 0 0 1 0 0  
2362      00h 1 24h 24h 0 1 0 0 1 0 0  
2363      00h 1 24h 24h 0 1 0 0 1 0 0  
2364      00h 1 24h 24h 0 1 0 0 1 0 0  
2365      00h 1 24h 24h 0 1 0 0 1 0 0  
2366      00h 1 24h 24h 0 1 0 0 1 0 0  
2367      00h 1 24h 24h 0 1 0 0 1 0 0  
2368      00h 1 24h 24h 0 1 0 0 1 0 0  
2369      00h 1 24h 24h 0 1 0 0 1 0 0  
2370      00h 1 24h 24h 0 1 0 0 1 0 0  
2371      00h 1 24h 24h 0 1 0 0 1 0 0  
2372      00h 1 24h 24h 0 1 0 0 1 0 0  
2373      00h 1 24h 24h 0 1 0 0 1 0 0  
2374      00h 1 24h 24h 0 1 0 0 1 0 0  
2375      00h 1 24h 24h 0 1 0 0 1 0 0  
2376      00h 1 24h 24h 0 1 0 0 1 0 0  
2377      00h 1 24h 24h 0 1 0 0 1 0 0  
2378      00h 1 24h 24h 0 1 0 0 1 0 0  
2379      00h 1 24h 24h 0 1 0 0 1 0 0  
2380      00h 1 24h 24h 0 1 0 0 1 0 0  
2381      00h 1 24h 24h 0 1 0 0 1 0 0  
2382      00h 1 24h 24h 0 1 0 0 1 0 0  
2383      00h 1 24h 24h 0 1 0 0 1 0 0  
2384      00h 1 24h 24h 0 1 0 0 1 0 0  
2385      00h 1 24h 24h 0 1 0 0 1 0 0  
2386      00h 1 24h 24h 0 1 0 0 1 0 0  
2387      00h 1 24h 24h 0 1 0 0 1 0 0  
2388      00h 1 24h 24h 0 1 0 0 1 0 0  
2389      00h 1 24h 24h 0 1 0 0 1 0 0  
2390      00h 1 24h 24h 0 1 0 0 1 0 0  
2391      00h 1 24h 24h 0 1 0 0 1 0 0  
2392      00h 1 24h 24h 0 1 0 0 1 0 0  
2393      00h 1 24h 24h 0 1 0 0 1 0 0  
2394      00h 1 24h 24h 0 1 0 0 1 0 0  
2395      00h 1 24h 24h 0 1 0 0 1 0 0  
2396      00h 1 24h 24h 0 1 0 0 1 0 0  
2397      00h 1 24h 24h 0 1 0 0 1 0 0  
2398      00h 1 24h 24h 0 1 0 0 1 0 0  
2399      00h 1 24h 24h 0 1 0 0 1 0 0  
2400      00h 1 24h 24h 0 1 0 0 1 0 0  
2401      00h 1 24h 24h 0 1 0 0 1 0 0  
2402      00h 1 24h 24h 0 1 0 0 1 0 0  
2403      00h 1 24h 24h 0 1 0 0 1 0 0  
2404      00h 1 24h 24h 0 1 0 0 1 0 0  
2405      00h 1 24h 24h 0 1 0 0 1 0 0  
2406      00h 1 24h 24h 0 1 0 0 1 0 0  
2407      00h 1 24h 24h 0 1 0 0 1 0 0  
2408      00h 1 24h 24h 0 1 0 0 1 0 0  
2409      00h 1 24h 24h 0 1 0 0 1 0 0  
2410      00h 1 24h 24h 0 1 0 0 1 0 0  
2411      00h 1 24h 24h 0 1 0 0 1 0 0  
2412      00h 1 24h 24h 0 1 0 0 1 0 0  
2413      00h 1 24h 24h 0 1 0 0 1 0 0  
2414      00h 1 24h 24h 0 1 0 0 1 0 0  
2415      00h 1 24h 24h 0 1 0 0 1 0 0  
2416      00h 1 24h 24h 0 1 0 0 1 0 0  
2417      00h 1 24h 24h 0 1 0 0 1 0 0  
2418      00h 1 24h 24h 0 1 0 0 1 0 0  
2419      00h 1 24h 24h 0 1 0 0 1 0 0  
2420      00h 1 24h 24h 0 1 0 0 1 0 0  
2421      00h 1 24h 24h 0 1 0 0 1 0 0  
2422      00h 1 24h 24h 0 1 0 0 1 0 0  
2423      00h 1 24h 24h 0 1 0 0 1 0 0  
2424      00h 1 24h 24h 0 1 0 0 1 0 0  
2425      00h 1 24h 24h 0 1 0 0 1 0 0  
2426      00h 1 24h 24h 0 1 0 0 1 0 0  
2427      00h 1 24h 24h 0 1 0 0 1 0 0  
2428      00h 1 24h 24h 0 1 0 0 1 0 0  
2429      00h 1 24h 24h 0 1 0 0 1 0 0  
2430      00h 1 24h 24h 0 1 0 0 1 0 0  
2431      00h 1 24h 24h 0 1 0 0 1 0 0  
2432      00h 1 24h 24h 0 1 0 0 1 0 0  
2433      00h 1 24h 24h 0 1 0 0 1 0 0  
2434      00h 1 24h 24h 0 1 0 0 1 0 0  
2435      00h 1 24h 24h 0 1 0 0 1 0 0  
2436      00h 1 24h 24h 0 1 0 0 1 0 0  
2437      00h 1 24h 24h 0 1 0 0 1 0 0  
2438      00h 1 24h 24h 0 1 0 0 1 0 0  
2439      00h 1 24h 24h 0 1 0 0 1 0 0  
2440      00h 1 24h 24h 0 1 0 0 1 0 0  
2441      00h 1 24h 24h 0 1 0 0 1 0 0  
2442      00h 1 24h 24h 0 1 0 0 1 0 0  
2443      00h 1 24h 24h 0 1 0 0 1 0 0  
2444      00h 1 24h 24h 0 1 0 0 1 0 0  
2445      00h 1 24h 24h 0 1 0 0 1 0 0  
2446      00h 1 24h 24h 0 1 0 0 1 0 0  
2447      00h 1 24h 24h 0 1 0 0 1 0 0  
2448      00h 1 24h 24h 0 1 0 0 1 0 0  
2449      00h 1 24h 24h 0 1 0 0 1 0 0  
2450      00h 1 24h 24h 0 1 0 0 1 0 0  
2451      00h 1 24h 24h 0 1 0 0 1 0 0  
2452      00h 1 24h 24h 0 1 0 0 1 0 0  
2453      00h 1 24h 24h 0 1 0 0 1 0 0  
2454      00h 1 24h 24h 0 1 0 0 1 0 0  
2455      00h 1 24h 24h 0 1 0 0 1 0 0  
2456      00h 1 24h 24h 0 1 0 0 1 0 0  
2457      00h 1 24h 24h 0 1 0 0 1 0 0  
2458      00h 1 24h 24h 0 1 0 0 1 0 0  
2459      00h 1 24h 24h 0 1 0 0 1 0 0  
2460      00h 1 24h 24h 0 1 0 0 1 0 0  
2461      00h 1 24h 24h 0 1 0 0 1 0 0  
2462      00h 1 24h 24h 0 1 0 0 1 0 0  
2463      00h 1 24h 24h 0 1 0 0 1 0 0  
2464      00h 1 24h 24h 0 1 0 0 1 0 0  
2465      00h 1 24h 24h 0 1 0 0 1 0 0  
2466      00h 1 24h 24h 0 1 0 0 1 0 0  
2467      00h 1 24h 24h 0 1 0 0 1 0 0  
2468      00h 1 24h 24h 0 1 0 0 1 0 0  
2469      00h 1 24h 24h 0 1 0 0 1 0 0  
2470      00h 1 24h 24h 0 1 0 0 1 0 0  
2471      00h 1 24h 24h 0 1 0 0 1 0 0  
2472      00h 1 24h 24h 0 1 0 0 1 0 0  
2473      00h 1 24h 24h 0 1 0 0 1 0 0  
2474      00h 1 24h 24h 0 1 0 0 1 0 0  
2475      00h 1 24h 24h 0 1 0 0 1 0 0  
2476      00h 1 24h 24h 0 1 0 0 1 0 0  
2477      00h 1 24h 24h 0 1 0 0 1 0 0  
2478      00h 1 24h 24h 0 1 0 0 1 0 0  
2479      00h 1 24h 24h 0 1 0 0 1 0 0  
2480      00h 1 24h 24h 0 1 0 0 1 0 0  
2481      00h 1 24h 24h 0 1 0 0 1 0 0  
2482      00h 1 24h 24h 0 1 0 0 1 0 0  
2483      00h 1 24h 24h 0 1 0 0 1 0 0  
2484      00h 1 24h 24h 0 1 0 0 1 0 0  
2485      00h 1 24h 24h 0 1 0 0 1 0 0  
2486      00h 1 24h 24h 0 1 0 0 1 0 0  
2487      00h 1 24h 24h 0 1 0 0 1 0 0  
2488      00h 1 24h 24h 0 1 0 0 1 0 0  
2489      00h 1 24h 24h 0 1 0 0 1 0 0  
2490      00h 1 24h 24h 0 1 0 0 1 0 0  
2491      00h 1 24h 24h 0 1 0 0 1 0 0  
2492      00h 1 24h 24h 0 1 0 0 1 0 0  
2493      00h 1 24h 24h 0 1 0 0 1 0 0  
2494      00h 1 24h 24h 0 1 0 0 1 0 0  
2495      00h 1 24h 24h 0 1 0 0 1 0 0  
2496      00h 1 24h 24h 0 1 0 0 1 0 0  
2497      00h 1 24h 24h 0 1 0 0 1 0 0  
2498      00h 1 24h 24h 0 1 0 0 1 0 0  
2499      00h 1 24h 24h 0 1 0 0 1 0 0  
2500      00h 1 24h 24h 0 1 0 0 1 0 0  
2501      00h 1 24h 24h 0 1 0 0 1 0 0  
2502      00h 1 24h 24h 0 1 0 0 1 0 0  
2503      00h 1 24h 24h 0 1 0 0 1 0 0  
2504      00h 1 24h 24h 0 1 0 0 1 0 0  
2505      00h 1 24h 24h 0 1 0 0 1 0 0  
2506      00h 1 24h 24h 0 1 0 0 1 0 0  
2507      00h 1 24h 24h 0 1 0 0 1 0 0  
2508      00h 1 24h 24h 0 1 0 0 1 0 0  
2509      00h 1 24h 24h 0 1 0 0 1 0 0  
2510      00h 1 24h 24h 0 1 0 0 1 0 0  
2511      00h 1 24h 24h 0 1 0 0 1 0 0  
2512      00h 1 24h 24h 0 1 0 0 1 0 0  
2513      00h 1 24h 24h 0 1 0 0 1 0 0  
2514      00h 1 24h 24h 0 1 0 0 1 0 0  
2515      00h 1 24h 24h 0 1 0 0 1 0 0  
2516      00h 1 24h 24h 0 1 0 0 1 0 0  
2517      00h 1 24h 24h 0 1 0 0 1 0 0  
2518      00h 1 24h 24h 0 1 0 0 1 0 0  
2519      00h 1 24h 24h 0 1 0 0 1 0 0  
2520      00h 1 24h 24h 0 1 0 0 1 0 0  
2521      00h 1 24h 24h 0 1 0 0 1 0 0  
2522      00h 1 24h 24h 0 1 0 0 1 0 0  
2523      00h 1 24h 24h 0 1 0 0 1 0 0  
2524      00h 1 24h 24h 0 1 0 0 1 0 0  
2525      00h 1 24h 24h 0 1 0 0 1 0 0  
2526      00h 1 24h 24h 0 1 0 0 1 0 0  
2527      00h 1 24h 24h 0 1 0 0 1 0 0  
2528      00h 1 24h 24h 0 1 0 0 1 0 0  
2529      00h 1 24h 24h 0 1 0 0 1 0 0  
2530      00h 1 24h 24h 0 1 0 0 1 0 0  
2531      00h 1 24h 24h 0 1 0 0 1 0 0  
2532      00h 1 24h 24h 0 1 0 0 1 0 0  
2533      00h 1 24h 24h 0 1 0 0 1 0 0  
2534      00h 1 24h 24h 0 1 0 0 1 0 0  
2535      00h 1 24h 24h 0 1 0 0 1 0 0  
2536      00h 1 24h 24h 0 1 0 0 1 0 0  
2537      00h 1 24h 24h 0 1 0 0 1 0 0  
2538      00h 1 24h 24h 0 1 0 0 1 0 0  
2539      00h 1 24h 24h 0 1 0 0 1 0 0  
2540      00h 1 24h 24h 0 1 0 0 1 0 0  
2541      00h 1 24h 24h 0 1 0 0 1 0 0  
2542      00h 1 24h 24h 0 1 0 0 1 0 0  
2543      00h 1 24h 24h 0 1 0 0 1 0 0  
2544      00h 1 24h 24h 0 1 0 0 1 0 0  
2545      00h 1 24h 24h 0 1 0 0 1 0 0  
2546      00h 1 24h 24h 0 1 0 0 1 0 0  
2547      00h 1 24h 24h 0 1 0 0 1 0 0  
2548      00h 1 24h 24h 0 1 0 0 1 0 0  
2549      00h 1 24h 24h 0 1 0 0 1 0 0  
2550      00h 1 24h 24h 0 1 0 0 1 0 0  
2551      00h 1 24h 24h 0 1 0 0 1 0 0  
2552      00h 1 24h 24h 0 1 0 0 1 0 0  
2553      00h 1 24h 24h 0 1 0 0 1 0 0  
2554      00h 1 24h 24h 0 1 0 0 1 0 0  
2555      00h 1 24h 24h 0 1 0 0 1 0 0  
2556      00h 1 24h 24h 0 1 0 0 1 0 0  
2557      00h 1 24h 24h 0 1 0 0 1 0 0  
2558      00h 1 24h 24h 0 1 0 0 1 0 0  
2559      00h 1 24h 24h 0 1 0 0 1 0 0  
2560      00h 1 24h 24h 0 1 0 0 1 0 0  
2561      00h 1 24h 24h 0 1 0 0 1 0 0  
2562      00h 1 24h 24h 0 1 0 0 1 0 0  
2563      00h 1 24h 24h 0 1 0 0 1 0 0  
2564      00h 1 24h 24h 0 1 0 0 1 0 0  
2565      00h 1 24h 24h 0 1 0 0 1 0 0  
2566      00h 1 24h 24h 0 1 0 0 1 0 0  
2567      00h 1 24h 24h 0 1 0 0 1 0 0  
2568      00h 1 24h 24h 0 1 0 0 1 0 0  
2569      00h 1 24h 24h 0 1 0 0 1 0 0  
2570      00h 1 24h 24h 0 1 0 0 1 0 0  
2571      00h 1 24h 24h 0 1 0 0 1 0 0  
2572      00h 1 24h 24h 0 1 0 0 1 0 0  
2573      00h 1 24h 24h 0 1 0 0 1 0 0  
2574      00h 1 24h 24h 0 1 0 0 1 0 0  
2575      00h 1 24h 24h 0 1 0 0 1 0 0  
2576      00h 1 24h 24h 0 1 0 0 1 0 0  
2577      00h 1 24h 24h 0 1 0 0 1 0 0  
2578      00h 1 24h 24h 0 1 0 0 1 0 0  
2579      00h 1 24h 24h 0 1 0 0 1 0 0  
2580      00h 1 24h 24h 0 1 0 0 1 0 0  
2581      00h 1 24h 24h 0 1 0 0 1 0 0  
2582      00h 1 24h 24h 0 1 0 0 1 0 0  
2583      00h 1 24h 24h 0 1 0 0 1 0 0  
2584      00h 1 24h 24h 0 1 0 0 1 0 0  
2585      00h 1 24h 24h 0 1 0 0 1 0 0  
2586      00h 1 24h 24h 0 1 0 0 1 0 0  
2587      00h 1 24h 24h 0 1 0 0 1 0 0  
2588      00h 1 24h 24h 0 1 0 0 1 0 0  
2589      00h 1 24h 24h 0 1 0 0 1 0 0  
2590      00h 1 24h 24h 0 1 0 0 1 0 0  
2591      00h 1 24h 24h 0 1 0 0 1 0 0  
2592      00h 1 24h 24h 0 1 0 0 1 0 0  
2593      00h 1 24h 24h 0 1 0 0 1 0 0  
2594      00h 1 24h 24h 0 1 0 0 1 0 0  
2595      00h 1 24h 24h 0 1 0 0 1 0 0  
2596      00h 1 24h 24h 0 1 0 0 1 0 0  
2597      00h 1 24h 24h 0 1 0 0 1 0 0  
2598      00h 1 24h 24h 0 1 0 0 1 0 0  
2599      00h 1 24h 24h 0 1 0 0 1 0 0  
2600      00h 1 24h 24h 0 1 0 0 1 0 0  
2601      00h 1 24h 24h 0 1 0 0 1 0 0  
2602      00h 1 24h 24h 0 1 0 0 1 0 0  
2603      00h 1 24h 24h 0 1 0 0 1 0 0  
2604      00h 1 24h 24h 0 1 0 0 1 0 0  
2605      00h 1 24h 24h 0 1 0 0 1 0 0  
2606      00h 1 24h 24h 0 1 0 0 1 0 0  
2607      00h 1 24h 24h 0 1 0 0 1 0 0  
2608      00h 1 24h 24h 0 1 0 0 1 0 0  
2609      00h 1 24h 24h 0 1 0 0 1 0 0  
2610      00h 1 24h 24h 0 1 0 0 1 0 0  
2611      00h 1 24h 24h 0 1 0 0 1 0 0  
2612      00h 1 24h 24h 0 1 0 0 1 0 0  
2613      00h 1 24h 24h 0 1 0 0 1 0 0  
2614      00h 1 24h 24h 0 1 0 0 1 0 0  
2615      00h 1 24h 24h 0 1 0 0 1 0 0  
2616      00h 1 24h 24h 0 1 0 0 1 0 0  
2617      00h 1 24h 24h 0 1 0 0 1 0 0  
2618      00h 1 24h 24h 0 1 0 0 1 0 0  
2619      00h 1 24h 24h 0 1 0 0 1 0 0  
2620      00h 1 24h 24h 0 1 0 0 1 0 0  
2621      00h 1 24h 24h 0 1 0 0 1 0 0  
2622      00h 1 24h 24h 0 1 0 0 1 0 0  
2623      00h 1 24h 24h 0 1 0 0 1 0 0  
2624      00h 1 24h 24h 0 1 0 0 1 0 0  
2625      00h 1 24h 24h 0 1 0 0 1 0 0  
2626      00h 1 24h 24h 0 1 0 0 1 0 0  
2627      00h 1 24h 24h 0 1 0 0 1 0 0  
2628      00h 1 24h 24h 0 1 0 0 1 0 0  
2629      00h 1 24h 24h 0 1 0 0 1 0 0  
2630      00h 1 24h 24h 0 1 0 0 1 0 0  
2631      00h 1 24h 24h 0 1 0 0 1 0 0  
2632      00h 1 24h 24h 0 1 0 0 1 0 0  
2633      00h 1 24h 24h 0 1 0 0 1 0 0  
2634      00h 1 24h 24h 0 1 0 0 1 0 0  
2635      00h 1 24h 24h 0 1 0 0 1 0 0  
2636      00h 1 24h 24h 0 1 0 0 1 0 0  
2637      00h 1 24h 24h 0 1 0 0 1 0 0  
2638      00h 1 24h 24h 0 1 0 0 1 0 0  
2639      00h 1 24h 24h 0 1 0 0 1 0 0  
2640      00h 1 24h 24h 0 1 0 0 1 0 0  
2641      00h 1 24h 24h 0 1 0 0 1 0 0  
2642      00h 1 24h 24h 0 1 0 0 1 0 0  
2643      00h 1 24h 24h 0 1 0 0 1 0 0  
2644      00h 1 24h 24h 0 1 0 0 1 0 0  
2645      00h 1 24h 24h 0 1 0 0 1 0 0  
2646      00h 1 24h 24h 0 1 0 0 1 0 0  
2647      00h 1 24h 24h 0 1 0 0 1 0 0  
2648      00h 1 24h 24h 0 1 0 0 1 0 0  
2649      00h 1 24h 24h 0 1 0 0 1 0 0  
2650      00h 1 24h 24h 0 1 0 0 1 0 0  
2651      00h 1 24h 24h 0 1 0 0 1 0 0  
2652      00h 1 24h 24h 0 1 0 0 1 0 0  
2653      00h 1 24h 24h 0 1 0 0 1 0 0  
2654      00h 1 24h 24h 0 1 0 0 1 0 0  
2655      00h 1 24h 24h 0 1 0 0 1 0 0  
2656      00h 1 24h 24h 0 1 0 0 1 0 0  
2657      00h 1 24h 24h 0 1 0 0 1 0 0  
2658      00h 1 24h 24h 0 1 0 0 1 0 0  
2659      00h 1 24h 24h 0 1 0 0 1 0 0  
2660      00h 1 24h 24h 0 1 0 0 1 0 0  
2661      00h 1 24h 24h 0 1 0 0 1 0 0  
2662      00h 1 24h 24h 0 1 0 0 1 0 0  
2663      00h 1 24h 24h 0 1 0 0 1 0 0  
2664      00h 1 24h 24h 0 1 0 0 1 0 0  
2665      00h 1 24h 24h 0 1 0 0 1 0 0  
2666      00h 1 24h 24h 0 1 0 0 1 0 0  
2667      00h 1 24h 24h 0 1 0 0 1 0 0  
2668      00h 1 24h 24h 0 1 0 0 1 0 0  
2669      00h 1 24h 24h 0 1 0 0 1 0 0  
2670      00h 1 24h 24h 0 1 0 0 1 0 0  
2671      00h 1 24h 24h 0 1 0 0 1 0 0  
2672      00h 1 24h 24h 0 1 0 0 1 0 0  
2673      00h 1 24h 24h 0 1 0 0 1 0 0  
2674      00h 1 24h 24h 0 1 0 0 1 0 0  
2675      00h 1 24h 24h 0 1 0 0 1 0 0  
2676      00h 1 24h 24h 0 1 0 0 1 0 0  
2677      00h 1 24h 24h 0 1 0 0 1 0 0  
2678      00h 1 24h 24h 0 1 0 0 1 0 0  
2679      00h 1 24h 24h 0 1 0 0 1 0 0  
2680      00h 1 24h 24h 0 1 0 0 1 0 0  
2681      00h 1 24h 24h 0 1 0 0 1 0 0  
2682      00h 1 24h 24h 0 1 0 0 1 0 0  
2683      00h 1 24h 24h 0 1 0 0 1 0 0  
2684      00h 1 24h 24h 0 1 0 0 1 0 0  
2685      00h 1 24h 24h 0 1 0 0 1 0 0  
2686      00h 1 24h 24h 0 1 0 0 1 0 0  
2687      00h 1 24h 24h 0 1 0 0 1 0 0  
2688      00h 1 24h 24h 0 1 0 0 1 0 0  
2689      00h 1 24h 24h 0 1 0 0 1 0 0  
2690      00h 1 24h 24h 0 1 0 0 1 0 0  
2691      00h 1 24h 24h 0 1 0 0 1 0 0  
2692      00h 1 24h 24h 0 1 0 0 1 0 0  
2693      00h 1 24h 24h 0 1 0 0 1 0 0  
2694      00h 1 24h 24h 0 1 0 0 1 0 0  
2695      00h 1 24h 24h 0 1 0 0 1 0 0  
2696      00h 1 24h 24h 0 1 0 0 1 0 0  
2697      00h 1 24h 24h 0 1 0 0 1 0 0  
2698      00h 1 24h 24h 0 1 0 0 1 0 0  
2699      00h 1 24h 24h 0 1 0 0 1 0 0  
2700      00h 1 24h 24h 0 1 0 0 1 0 0  
2701      00h 1 24h 24h 0 1 0 0 1 0 0  
2702      00h 1 24h 24h 0 1 0 0 1 0 0  
2703      00h 1 24h 24h 0 1 0 0 1 0 0  
2704      00h 1 24h 24h 0 1 0 0 1 0 0  
2705      00h 1 24h 24h 0 1 0 0 1 0 0  
2706      00h 1 24h 24h 0 1 0 0 1 0 0  
2707      00h 1 24h 24h 0 1 0 0 1 0 0  
2708      00h 1 24h 24h 0 1 0 0 1 0 0  
2709      00h 1 24h 24h 0 1 0 0 1 0 0  
2710      00h 1 24h 24h 0 1 0 0 1 0 0  
2711      00h 1 24h 24h 0 1 0 0 1 0 0  
2712      00h 1 24h 24h 0 1 0 0 1 0 0  
2713      00h 1 24h 24h 0 1 0 0 1 0 0  
2714      00h 1 24h 24h 0 1 0 0 1 0 0  
2715      00h 1 24h 24h 0 1 0 0 1 0 0  
2716      00h 1 24h 24h 0 1 0 0 1 0 0  
2717      00h 1 24h 24h 0 1 0 0 1 0 0  
2718      00h 1 24h 24h 0 1 0 0 1 0 0  
2719      00h 1 24h 24h 0 1 0 0 1 0 0  
2720      00h 1 24h 24h 0 1 0 0 1 0 0  
2721      00h 1 24h 24h 0 1 0 0 1 0 0  
2722      00h 1 24h 24h 0 1 0 0 1 0 0  
2723      00h 1 24h 24h 0 1 0 0 1 0 0  
2724      00h 1 24h 24h 0 1 0 0 1 0 0  
2725      00h 1 24h 24h 0 1 0 0 1 0 0  
2726      00h 1 24h 24h 0 1 0 0 1 0 0  
2727      00h 1 24h 24h 0 1 0 0 1 0 0  
2728      00h 1 24h 24h 0 1 0 0 1 0 0  
2729      00h 1 24h 24h 0 1 0 0 1 0 0  
2730      00h 1 24h 24h 0 1 0 0 1 0 0  
2731      00h 1 24h 24h 0 1 0 0 1 0 0  
2732      00h 1 24h 24h 0 1 0 0 1 0 0  
2733      00h 1 24h 24h 0 1 0 0 1 0 0  
2734      00h 1 24h 24h 0 1 0 0 1 0 0  
2735      00h 1 24h 24h 0 1 0 0 1 0 0  
2736      00h 1 24h 24h 0 1 0 0 1 0 0  
2737      00h 1 24h 24h 0 1 0 0 1 0 0  
2738      00h 1 24h 24h 0 1 0 0 1 0 0  
2739      00h 1 24h 24h 0 1 0 0 1 0 0  
2740      00h 1 24h 24h 0 1 0 0 1 0 0  
2741      00h 1 24h 24h 0 1 0 0 1 0 0  
2742      00h 1 24h 24h 0 1 0 0 1 0 0  
2743      00h 1 24h 24h 0 1 0 0 1 0 0  
2744      00h 1 24h 24h 0 1 0 0 1 0 0  
2745      00h 1 24h 24h 0 1 0 0 1 0 0  
2746      00h 1 24h 24h 0 1 0 0 1 0 0  
2747      00h 1 24h 24h 0 1 0 0 1 0 0  
2748      00h 1 24h 24h 0 1 0 0 1 0 0  
2749      00h 1 24h 24h 0 1 0 0 1 0 0  
2750      00h 1 24h 24h 0 1 0 0 1 0 0  
2751      00h 1 24h 24h 0 1 0 0 1 0 0  
2752      00h 1 24h 24h 0 1 0 0 1 0 0  
2753      00h 1 24h 24h 0 1 0 0 1 0 0  
2754      00h 1 24h 24h 0 1 0 0 1 0 0  
2755      00h 1 24h 24h 0 1 0 0 1 0 0  
2756      00h 1 24h 24h 0 1 0 0 1 0 0  
2757      00h 1 24h 24h 0 1 0 0 1 0 0  
2758      00h 1 24h 24h 0 1 0 0 1 0 0  
2759      00h 1 24h 24h 0 1 0 0 1 0 0  
2760      00h 1 24h 24h 0 1 0 0 1 0 0  
2761      00h 1 24h 24h 0 1 0 0 1 0 0  
2762      00h 1 24h 24h 0 1 0 0 1 0 0  
2763      00h 1 24h 24h 0 1 0 0 1 0 0  
2764      00h 1 24h 24h 0 1 0 0 1 0 0  
2765      00h 1 24h 24h 0 1 0 0 1 0 0  
2766      00h 1 24h 24h 0 1 0 0 1 0 0  
2767      00h 1 24h 24h 0 1 0 0 1 0 0  
2768      00h 1 24h 24h 0 1 0 0 1 0 0  
2769      00h 1 24h 24h 0 1 0 0 1 0 0  
2770      00h 1 24h 24h 0 1 0 0 1 0 0  
2771      00h 1 24h 24h 0 1 0 0 1 0 0  
2772      00h 1 24h 24h 0 1 0 0 1 0 0  
2773      00h 1 24h 24h 0 1 0 0 1 0 0  
2774      00h 1 24h 24h 0 1 0 0 1 0 0  
2775      00h 1 24h 24h 0 1 0 0 1 0 0  
2776      00h 1 24h 24h 0 1 0 0 1 0 0  
2777      00h 1 24h 24h 0 1 0 0 1 0 0  
2778      00h 1 24h 24h 0 1 0 0 1 0 0  
2779      00h 1 24h 24h 0 1 0 0 1 0 0  
2780      00h 1 24h 24h 0 1 0 0 1 0 0  
2781      00h 1 24h 24h 0 1 0 0 1 0 0  
2782      00h 1 24h 24h 0 1 0 0 1 0 0  
2783      00h 1 24h 24h 0 1 0 0 1 0 0  
2784      00h 1 24h 24h 0 1 0 0 1 0 0  
2785      00h 1 24h 24h 0 1 0 0 1 0 0  
2786      00h 1 24h 24h 0 1 0 0 1 0 0  
2787      00h 1 24h 24h 0 1 0 0 1 0 0  
2788      00h 1 24h 24h 0 1 0 0 1 0 0  
2789      00h 1 24h 24h 0 1 0 0 1 0 0  
2790      00h 1 24h 24h 0 1 0 0 1 0 0  
2791      00h 1 24h 24h 0 1 0 0 1 0 0  
2792      00h 1 24h 24h 0 1 0 0 1 0 0  
2793      00h 1 24h 24h 0 1 0 0 1 0 0  
2794      00h 1 24h 24h 0 1 0 0 1 0 0  
2795      00h 1 24h 24h 0 1 0 0 1 0 0  
2796      00h 1 24h 24h 0 1 0 0 1 0 0  
2797      00h 1 24h 24h 0 1 0 0 1 0 0  
2798      00h 1 24h 24h 0 1 0 0 1 0 0  
2799      00h 1 24h 24h 0 1 0 0 1 0 0  
2800      00h 1 24h 24h 0 1 0 0 1 0 0  
2801      00h 1 24h 24h 0 1 0 0 1 0 0  
2802      00h 1 24h 24h 0 1 0 0 1 0 0  
2803      00h 1 24h 24h 0 1 0 0 1 0 0  
2804      00h 1 24h 24h 0 1 0 0 1 0 0  
2805      00h 1 24h 24h 0 1 0 0 1 0 0  
2806      00h 1 24h 24h 0 1 0 0 1 0 0  
2807      00h 1 24h 24h 0 1 0 0 1 0 0  
2808      00h 1 24h 24h 0 1 0 0 1 0 0  
2809      00h 1 24h 24h 0 1 0 0 1 0 0  
2810      00h 1 24h 24h 0 1 0 0 1 0 0  
2811      00h 1 24h 24h 0 1 0 0 1 0 0  
2812      00h 1 24h 24h 0 1 0 0 1 0 0  
2813      00h 1 24h 24h 0 1 0 0 1 0 0  
2814      00h 1 24h 24h 0 1 0 0 1 0 0  
2815      00h 1 24h 24h 0 1 0 0 1 0 0  
2816      00h 1 24h 24h 0 1 0 0 1 0 0  
2817      00h 1 24h 24h 0 1 0 0 1 0 0  
2818      00h 1 24h 24h 0 1 0 0 1 0 0  
2819      00h 1 24h 24h 0 1 0 0 1 0 0  
2820      00h 1 24h 24h 0 1 0 0 1 0 0  
2821      00h 1 24h 24h 0 1 0 0 1 0 0  
2822      00h 1 24h 24h 0 1 0 0 1 0 0  
2823      00h 1 24h 24h 0 1 0 0 1 0 0  
2824      00h 1 24h 24h 0 1 0 0 1 0 0  
2825      00h 1 24h 24h 0 1 0 0 1 0 0  
2826      00h 1 24h 24h 0 1 0 0 1 0 0  
2827      00h 1 24h 24h 0 1 0 0 1 0 0  
2828      00h 1 24h 24h 0 1 0 0 1 0 0  
2829      00h 1 24h 24h 0 1 0 0 1 0 0  
2830      00h 1 24h 24h 0 1 0 0 1 0 0  
2831      00h 1 24h 24h 0 1 0 0 1 0 0  
2832      00h 1 24h 24h 0 1 0 0 1 0 0  
2833      00h 1 24h 24h 0 1 0 0 1 0 0  
2834      00h 1 24h 24h 0 1 0 0 1 0 0  
2835      00h 1 24h 24h 0 1 0 0 1 0 0  
2836      00h 1 24h 24h 0 1 0 0 1 0 0  
2837      00h 1 24h 24h 0 1 0 0 1 0 0  
2838      00h 1 24h 24h 0 1 0 0 1 0 0  
2839      00h 1 24h 24h 0 1 0 0 1 0 0  
2840      00h 1 24h 24h 0 1 0 0 1 0 0  
2841      00h 1 24h 24h 0 1 0 0 1 0 0  
2842      00h 1 24h 24h 0 1 0 0 1 0 0  
2843      00h 1 24h 24h 0 1 0 0 1 0 0  
2844      00h 1 24h 24h 0 1 0 0 1 0 0  
2845      00h 1 24h 24h 0 1 0 0 1 0 0  
2846      00h 1 24h 24h 0 1 0 0 1 0 0  
2847      00h 1 24h 24h 0 1 0 0 1 0 0  
2848      00h 1 24h 24h 0 1 0 0 1 0 0  
2849      00h 1 24h 24h 0 1 0 0 1 0 0  
2850      00h 1 24h 24h 0 1 0 0 1 0 0  
2851      00h 1 24h 24h 0 1 0 0 1 0 0  
2852      00h 1 24h 24h 0 1 0 0 1 0 0  
2853      00h 1 24h 24h 0 1 0 0 1 0 0  
2854      00h 1 24h 24h 0 1 0 0 1 0 0  
2855      00h 1 24h 24h 0 1 0 0 1 0 0  
2856      00h 1 24h 24h 0 1 0 0 1 0 0  
2857      00h 1 24h 24h 0 1 0 0 1 0 0  
2858      00h 1 24h 24h 0 1 0 0 1 0 0  
2859      00h 1 24h 24h 0 1 0 0 1 0 0  
2860      00h 1 24h 24h 0 1 0 0 1 0 0  
2861      00h 1 24h 24h 0 1 0 0 1 0 0  
2862      00h 1 24h 24h 0 1 0 0 1 0 0  
2863      00h 1 24h 24h 0 1 0 0 1 0 0  
2864      00h 1 24h 24h 0 1 0 0 1 0 0  
2865      00h 1 24h 24h 0 1 0 0 1 0 0  
2866      00h 1 24h 24h 0 1 0 0 1 0 0  
2867      00h 1 24h 24h 0 1 0 0 1 0 0  
2868      00h 1 24h 24h 0 1 0 0 1 0 0  
2869      00h 1 24h 24h 0 1 0 0 1 0 0  
2870      00h 1 24h 24h 0 1 0 0 1 0 0  
2871      00h 1 24h 24h 0 1 0 0 1 0 0  
2872      00h 1 24h 24h 0 1 0 0 1 0 0  
2873      00h 1 24h 24h 0 1 0 0 1 0 0  
2874      00h 1 24h 24h 0 1 0 0 1 0 0  
2875      00h 1 24h 24h 0 1 0 0 1 0 0  
2876      00h 1 24h 24h 0 1 0 0 1 0 0  
2877      00h 1 24h 24h 0 1 0 0 1 0 0  
2878      00h 1 24h 24h 0 1 0 0 1 0 0  
2879      00h 1 24h 24h 0 1 0 0 1 0 0  
2880      00h 1 24h 24h 0 1 0 0 1 0 0  
2881      00h 1 24h 24h 0 1 0 0 1 0 0  
2882      00h 1 24h 24h 0 1 0 0 1 0 0  
2883      00h 1 24h 24h 0 1 0 0 1 0 0  
2884      00h 1 24h 24h 0 1 0 0 1 0 0  
2885      00h 1 24h 24h 0 1 0 0 1 0 0  
2886      00h 1 24h 24h 0 1 0 0 1 0 0  
2887      00h 1 24h 24h 0 1 0 0 1 0 0  
2888      00h 1 24h 24h 0 1 0 0 1 0 0  
2889      00h 1 24h 24h 0 1 0 0 1 0 0  
2890      00h 1 24h 24h 0 1 0 0 1 0 0  
2891      00h 1 24h 24h 0 1 0 0 1 0 0  
2892      00h 1 24h 24h 0 1 0 0 1 0 0  
2893      00h 1 24h 24h 0 1 0 0 1 0 0  
2894      00h 1 24h 24h 0 1 0 0 1 0 0  
2895      00h 1 24h 24h 0 1 0 0 1 0 0  
2896      00h 1 24h 24h 0 1 0 0 1 0 0  
2897      00h 1 24h 24h 0 1 0 0 1 0 0  
2898      00h 1 24h 24h 0 1 0 0 1 0 0  
2899      00h 1 24h 24h 0 1 0 0 1 0 0  
2900      00h 1 24h 24h 0 1 0 0 1 0 0  
2901      00h 1 24h 24h 0 1 0 0 1 0 0  
2902      00h 1 24h 24h 0 1 0 0 1 0 0  
2903      00h 1 24h 24h 0 1 0 0 1 0 0  
2904      00h 1 24h 24h 0 1 0 0 1 0 0  
2905      00h 1 24h 24h 0 1 0 0 1 0 0  
2906      00h 1 24h 24h 0 1 0 0 1 0 0  
2907      00h 1 24h 24h 0 1 0 0 1 0 0  
2908      00h 1 24h 24h 0 1 0 0 1 0 0  
2909      00h 1 24h 24h 0 1 0 0 1 0 0  
2910      00h 1 24h 24h 0 1 0 0 1 0 0  
2911      00h 1 24h 24h 0 1 0 0 1 0 0  
2912      00h 1 24h 24h 0 1 0 0 1 0 0  
2913      00h 1 24h 24h 0 1 0 0 1 0 0  
2914      00h 1 24h 24h 0 1 0 0 1 0 0  
2915      00h 1 24h 24h 0 1 0 0 1 0 0  
2916      00h 1 24h 24h 0 1 0 0 1 0 0  
2917      00h 1 24h 24h 0 1 0 0 1 0 0  
2918      00h 1 24h 24h 0 1 0 0 1 0 0  
2919      00h 1 24h 24h 0 1 0 0 1 0 0  
2920      00h 1 24h 24h 0 1 0 0 1 0 0  
2921      00h 1 24h 24h 0 1 0 0 1 0 0  
2922      00h 1 24h 24h 0 1 0 0 1 0 0  
2923      00h 1 24h 24h 0 1 0 0 1 0 0  
2924      00h 1 24h 24h 0 1 0 0 1 0 0  
2925      00h 1 24h 24h 0 1 0 0 1 0 0  
2926      00h 1 24h 24h 0 1 0 0 1 0 0  
2927      00h 1 24h 24h 0 1 0 0 1 0 0  
2928      00h 1 24h 24h 0 1 0 0 1 0 0  
2929      00h 1 24h 24h 0 1 0 0 1 0 0  
2930      00h 1 24h 24h 0 1 0 0 1 0 0  
2931      00h 1 24h 24h 0 1 0 0 1 0 0  
2932      00h 1 24h 24h 0 1 0 0 1 0 0  
2933      00h 1 24h 24h 0 1 0 0 1 0 0  
2934      00h 1 24h 24h 0 1 0 0 1 0 0  
2935      00h 1 24h 24h 0 1 0 0 1 0 0  
2936      00h 1 24h 24h 0 1 0 0 1 0 0  
2937      00h 1 24h 24h 0 1 0 0 1 0 0  
2938      00h 1 24h 24h 0 1 0 0 1 0 0  
2939      00h 1 24h 24h 0 1 0 0 1 0 0  
2940      00h 1 24h 24h 0 1 0 0 1 0 0  
2941      00h 1 24h 24h 0 1 0 0 1 0 0  
2942      00h 1 24h 24h 0 1 0 0 1 0 0  
2943      00h 1 24h 24h 0 1 0 0 1 0 0  
2944      00h 1 24h 24h 0 1 0 0 1 0 0  
2945      00h 1 24h 24h 0 1 0 0 1 0 0  
2946      00h 1 24h 24h 0 1 0 0 1 0 0  
2947      00h 1 24h 24h 0 1 0 0 1 0 0  
2948      00h 1 24h 24h 0 1 0 0 1 0 0  
2949      00h 1 24h 24h 0 1 0 0 1 0 0  
2950      00h 1 24h 24h 0 1 0 0 1 0 0  
2951      00h 1 24h 24h 0 1 0 0 1 0 0  
2952      00h 1 24h 24h 0 1 0 0 1 0 0  
2953      00h 1 24h 24h 0 1 0 0 1 0 0  
2954      00h 1 24h 24h 0 1 0 0 1 0 0  
2955      00h 1 24h 24h 0 1 0 0 1 0 0  
2956      00h 1 24h 24h 0 1 0 0 1 0 0  
2957      00h 1 24h 24h 0 1 0 0 1 0 0  
2958      00h 1 24h 24h 0 1 0 0 1 0 0  
2959      00h 1 24h 24h 0 1 0 0 1 0 0  
2960      00h 1 24h 24h 0 1 0 0 1 0 0  
2961      00h 1 24h 24h 0 1 0 0 1 0 0  
2962      00h 1 24h 24h 0 1 0 0 1 0 0  
2963      00h 1 24h 24h 0 1 0 0 1 0 0  
2964      00h 1 24h 24h 0 1 0 0 1 0 0  
2965      00h 1 24h 24h 0 1 0 0 1 0 0  
2966      00h 1 24h 24h 0 1 0 0 1 0 0  
2967      00h 1 24h 24h 0 1 0 0 1 0 0  
2968      00h 1 24h 24h 0 1 0 0 1 0 0  
2969      00h 1 24h 24h 0 1 0 0 1 0 0  
2970      00h 1 24h 24h 0 1 0 0 1 0 0  
2971      00h 1 24h 24h 0 1 0 0 1 0 0  
2972      00h 1 24h 24h 0 1 0 0 1 0 0  
2973      00h 1 24h 24h 0 1 0 0 1 0 0  
2974      00h 1 24h 24h 0 1 0 0 1 0 0  
2975      00h 1 24h 24h 0 1 0 0 1 0 0  
2976      00h 1 24h 24h 0 1 0 0 1 0 0  
2977      00h 1 24h 24h 0 1 0 0 1 0 0  
2978      00h 1 24h 24h 0 1 0 0 1 0 0  
2979      00h 1 24h 24h 0 1 0 0 1 0 0  
2980      00h 1 24h 24h 0 1 0 0 1 0 0  
2981      00h 1 24h 24h 0 1 0 0 1 0 0  
2982      00h 1 24h 24h 0 1 0 0 1 0 0  
2983      00h 1 24h 24h 0 1 0 0 1 0 0  
2984      00h 1 24h 24h 0 1 0 0 1 0 0  
2985      00h 1 24h 24h 0 1 0 0 1 0 0  
2986      00h 1 24h 24h 0 1 0 0 1 0 0  
2987      00h 1 24h 24h 0 1 0 0 1 0 0  
2988      00h 1 24h 24h 0 1 0 0 1 0 0  
2989      00h 1 24h 24h 0 1 0 0 1 0 0  
2990      00h 1 24h 24h 0 1 0 0 1 0 0  
2991      00h 1 24h 24h 0 1 0 0 1 0 0  
2992      00h 1 24h 24h 0 1 0 0 1 0 0  
2993      00h 1 24h 24h 0 1 0 0 1 0 0  
2994      00h 1 24h 24h 0 1 0 0 1 0 0  
2995      00h 1 24h 24h 0 1 0 0 1 0 0  
2996      00h 1 24h 24h 0 1 0 0 1 0 0  
2997      00h 1 24h 24h 0 1 0 0 1 0 0  
2998      00h 1 24h 24h 0 1 0 0 1 0 0  
2999      00h 1 24h 24h 0 1 0 0 1 0 0  
3000      00h 1 24h 24h 0 1 0 0 1 0 0  
3001      00h 1 24h 24h 0 1 0 0 1 0 0  
3002      00h 1 24h 24h 0 1 0 0 1 0 0  
3003      00h 1 24h 24h 0 1 0 0 1 0 0  
3004      00h 1 24h 24h 0 1 0 0 1 0 0  
3005      00h 1 24h 24h 0 1 0 0 1 0 0  
3006      00h 1 24h 24h 0 1 0 0 1 0 0  
3007      00h 1 24h 24h 0 1 0 0 1 0 0  
3008      00h 1 24h 24h 0 1 0 0 1 0 0  
3009      00h 1 24h 24h 0 1 0 0 1 0 0  
3010      00h 1 24h 24h 0 1 0 0 1 0 0  
3011      00h 1 24h 24h 0 1 0 0 1 0 0  
3012      00h 1 24h 24h 0 1 0 0 1 0 0  
3013      00h 1 24h 24h 0 1 0 0 1 0 0  
3014      00h 1 24h 24h 0 1 0 0 1 0 0  
3015      00h 1 24h 24h 0 1 0 0 1 0 0  
3016      00h 1 24h 24h 0 1 0 0 1 0 0  
3017      00h 1 24h 24h 0 1 0 0 1 0 0  
3018      00h 1 24h 24h 0 1 0 0 1 0 0  
3019      00h 1 24h 24h 0 1 0 0 1 0 0  
3020      00h 1 24h 24h 0 1 0 0 1 0 0  
3021      00h 1 24h 24h 0 1 0 0 1 0 0  
3022      00h 1 24h 24h 0 1 0 0 1 0 0  
3023      00h 1 24h 24h 0 1 0 0 1 0 0  
3024      00h 1 24h 24h 0 1 0 0 1 0 0  
3025      00h 1 24h 24h 0 1 0 0 1 0 0  
3026      00h 1 24h 24h 0 1 0 0 1 0 0  
3027      00h 1 24h 24h 0 1 0 0 1 0 0  
3028      00h 1 24h 24h 0 1 0 0 1 0 0  
3029      00h 1 24h 24h 0 1 0 0 1 0 0  
3030      00h 1 24h 24h 0 1 0 0 1 0 0  
3031      00h 1 24h 24h 0 1 0 0 1 0 0  
3032      00h 1 24h 24h 0 1 0 0 1 0 0  
3033      00h 1 24h 24h 0 1 0 0 1 0 0  
3034      00h 1 24h 24h 0 1 0 0 1 0 0  
3035      00h 1 24h 24h 0 1 0 0 1 0 0  
3036      00h 1 24h 24h 0 1 0 0 1 0 0  
3037      00h 1 24h 24h 0 1 0 0 1 0 0  
3038      00h 1 24h 24h 0 1 0 0 1 0 0  
3039      00h 1 24h 24h 0 1 0 0 1 0 0  
3040      00h 1 24h 24h 0 1 0 0 1 0 0  
3041      00h 1 24h 24h 0 1 0 0 1 0 0  
3042      00h 1 24h 24h 0 1 0 0 1 0 0  
3043      00h 1 24h 24h 0 1 0 0 1 0 0  
3044      00h 1 24h 24h 0 1 0 0 1 0 0  
3045      00h 1 24h 24h 0 1 0 0 1 0 0  
3046      00h 1 24h 24h 0 1 0 0 1 0 0  
3047      00h 1 24h 24h 0 1 0 0 1 0 0  
3048      00h 1 24h 24h 0 1 0 0 1 0 0  
3049      00h 1 24h 24h 0 1 0 0 1 0 0  
3050      00h 1 24h 24h 0 1 0 0 1 0 0  
3051      00h 1 24h 24h 0 1 0 0 1 0 0  
3052      00h 1 24h 24h 0 1 0 0 1 0 0  
3053      00h 1 24h 24h 0 1 0 0 1 0 0  
3054      00h 1 24h 24h 0 1 0 0 1 0 0  
3055      00h 1 24h 24h 0 1 0 0 1 0 0  
3056      00h 1 24h 24h 0 1 0 0 1 0 0  
3057      00h 1 24h 24h 0 1 0 0 1 0 0  
3058      00h 1 24h 24h 0 1 0 0 1 0 0  
3059      00h 1 24h 24h 0 1 0 0 1 0 0  
3060      00h 1 24h 24h 0 1 0 0 1 0 0  
3061      00h 1 24h 24h 0 1 0 0 1 0 0  
3062      00h 1 24h 24h 0 1 0 0 1 0 0  
3063      00h 1 24h 24h 0 1 0 0 1 0 0  
3064      00h 1 24h 24h 0 1 0 0 1 0 0  
3065      00h 1 24h 24h 0 1 0 0 1 0 0  
3066      00h 1 24h 24h 0 1 0 0 1 0 0  
3067      00h 1 24h 24h 0 1 0 0 1 0 0  
3068      00h 1 24h 24h 0 1 0 0 1 0 0  
3069      00h 1 24h 24h 0 1 0 0 1 0 0  
3070      00h 1 24h 24h 0 1 0 0 1 0 0  
3071      00h 1 24h 24h 0 1 0 0 1 0 0  
3072      00h 1 24h 24h 0 1 0 0 1 0 0  
3073      00h 1 24h 24h 0 1 0 0 1 0 0  
3074      00h 1 24h 24h 0 1 0 0 1 0 0  
3075      00h 1 24h 24h 0 1 0 0 1 0 0  
3076      00h 1 24h 24h 0 1 0 0 1 0 0  
3077      00h 1 24h 24h 0 1 0 0 1 0 0  
3078      00h 1 24h 24h 0 1 0 0 1 0 0  
3079      00h 1 24h 24h 0 1 0 0 1 0 0  
3080      00h 1 24h 24h 0 1 0 0 1 0 0  
3081      00h 1 24h 24h 0 1 0 0 1 0 0  
3082      00h 1 24h 24h 0 1 0 0 1 0 0  
3083      00h 1 24h 24h 0 1 0 0 1 0 0  
3084      00h 1 24h 24h 0 1 0 0 1 0 0  
3085      00h 1 24h 24h 0 1 0 0 1 0 0  
3086      00h 1 24h 24h 0 1 0 0 1 0 0  
3087      00h 1 24h 24h 0 1 0 0 1 0 0  
3088      00h 1 24h 24h 0 1 0 0 1 0 0  
3089      00h 1 24h 24h 0 1 0 0 1 0 0  
3090      00h 1 24h 24h 0 1 0 0 1 0 0  
3091      00h 1 24h 24h 0 1 0 0 1 0 0  
3092      00h 1 24h 24h 0 1 0 0 1 0 0  
3093      00h 1 24h 24h 0 1 0 0 1 0 0  
3094      00h 1 24h 24h 0 1 0 0 1 0 0  
3095      00h 1 24h 24h 0 1 0 0 1 0 0  
3096      00h 1 24h 24h 0 1 0 0 1 0 0  
3097      00h 1 24h 24h 0 1 0 0 1 0 0  
3098      00h 1 24h 24h 0 1 0 0 1 0 0  
3099      00h 1 24h 24h 0 1 0 0 1 0 0  
3100      00h 1 24h 24h 0 1 0 0 1 0 0  
3101      00h 1 24h 24h 0 1 0 0 1 0 0  
3102      00h 1 24h 24h 0 1 0 0 1 0 0  
3103      00h 1 24h 24h 0 1 0 0 1 0 0  
3104      00h 1 24h 24h 0 1 0 0 1 0 0  
3105      00h 1 24h 24h 0 1 0 0 1 0 0  
3106      00h 1 24h 24h 0 1 0 0 1 0 0  
3107      00h 1 24h 24h 0 1 0 0 1 0 0  
3108      00h 1 24h 24h 0 1 0 0 1 0 0  
3109      00h 1 24h 24h 0 1 0 0 1 0 0  
3110      00h 1 24h 24h 0 1 0 0 1 0 0  
3111      00h 1 24h 24h 0 1 0 0 1 0 0  
3112      00h 1 24h 24h 0 1 0 0 1 0 0  
3113      00h 1 24h 24h 0 1 0 0 1 0 0  
3114      00h 1 24h 24h 0 1 0 0 1 0 0  
3115      00h 1 24h 24h 0 1 0 0 1 0 0  
3116      00h 1 24h 24h 0 1 0 0 1 0 0  
3117      00h 1 24h 24h 0 1 0 0 1 0 0  
3118      00h 1 24h 24h 0 1 0 0 1 0 0  
3119      00h 1 24h 24h 0 1 0 0 1 0 0  
3120      00h 1 24h 24h 0 1 0 0 1 0 0  
3121      00h 1 24h 24h 0 1 0 0 1 0 0  
3122      00h 1 24h 24h 0 1 0 0 1 0 0  
3123      00h 1 24h 24h 0 1 0 0 1 0 0  
3124      00h 1 24h 24h 0 1 0 0 1 0 0  
3125      00h 1 24h 24h 0 1 0 0 1 0 0  
3126      00h 1 24h 24h 0 1 0 0 1 0 0  
3127      00h 1 24h 24h 0 1 0 0 1 0 0  
3128      00h 1 24h 24h 0 1 0 0 1 0 0  
3129      00h 1 24h 24h 0 1 0 0 1 0 0  
3130      00h 1 24h 24h 0 1 0 0 1 0 0  
3131      00h 1 24h 24h 0 1 0 0 1 0 0  
3132      00h 1 24h 24h 0 1 0 0 1 0 0  
3133      00h 1 24h 24h 0 1 0 0 1 0 0  
3134      00h 1 24h 24h 0 1 0 0 1 0 0  
3135      00h 1 24h 24h 0 1 0 0 1 0 0  
3136      00h 1 24h 24h 0 1 0 0 1 0 0  
3137      00h 1 24h 24h 0 1 0 0 1 0 0  
3138      00h 1 24h 24h 0 1 0 0 1 0 0  
3139      00h 1 24h 24h 0 1 0 0 1 0 0  
3140      00h 1 24h 24h 0 1 0 0 1 0 0  
3141      00h 1 24h 24h 0 1 0 0 1 0 0  
3142      00h 1 24h 24h 0 1 0 0 1 0 0  
3143      00h 1 24h 24h 0 1 0 0 1 0 0  
3144      00h 1 24h 24h 0 1 0 0 1 0 0  
3145      00h 1 24h 24h 0 1 0 0 1 0 0  
3146      00h 1 24h 24h 0 1 0 0 1 0 0  
3147      00h 1 24h 24h 0 1 0 0 1 0 0  
3148      00h 1 24h 24h 0 1 0 0 1 0 0  
3149      00h 1 24h 24h 0 1 0 0 1 0 0  
3150      00h 1 24h 24h 0 1 0 0 1 0 0  
3151      00h 1 24h 24h 0 1 0 0 1 0 0  
3152      00h 1 24h 24h 0 1 0 0 1 0 0  
3153      00h 1 24h 24h 0 1 0 0 1 0 0  
3154      00h 1 24h 24h 0 1 0 0 1 0 0  
3155      00h 1 24h 24h 0 1 0 0 1 0 0  
3156      00h 1 24h 24h 0 1 0 0 1 0 0  
3157      00h 1 24h 24h 0 1 0 0 1 0 0  
3158      00h 1 24h 24h 0 1 0 0 1 0 0  
3159      00h 1 24h 24h 0 1 0 0 1 0 0  
3160      00h 1 24h 24h 0 1 0 0 1 0 0  
3161      00h 1 24h 24h 0 1 0 0 1 0 0  
3162      00h 1 24h 24h 0 1 0 0 1 0 0  
3163      00h 1 24h 24h 0 1 0 0 1 0 0  
3164      00h 1 24h 24h 0 1 0 0 1 0 0  
3165      00h 1 24h 24h 0 1 0 0 1 0 0  
3166      00h 1 24h 24h 0 1 0 0 1 0 0  
3167      00h 1 24h 24h 0 1 0 0 1 0 0  
3168      00h 1 24h 24h 0 1 0 0 1 0 0  
3169      00h 1 24h 24h 0 1 0 0 1 0 0  
3170      00h 1 24h 24h 0 1 0 0 1 0 0  
3171      00h 1 24h 24h 0 1 0 0 1 0 0  
3172      00h 1 24h 24h 0 1 0 0 1 0 0  
3173      00h 1 24h 24h 0 1 0 0 1 0 0  
3174      00h 1 24h 24h 0 1 0 0 1 0 0  
3175      00h 1 24h 24h 0 1 0 0 1 0 0  
3176      00h 1 24h 24h 0 1 0 0 1 0 0  
3177      00h 1 24h 24h 0 1 0 0 1 0 0  
3178      00h 1 24h 24h 0 1 0 0 1 0 0  
3179      00h 1 24h 24h 0 1 0 0 1 0 0  
3180      00h 1 24h 24h 0 1 0 0 1 0 0  
3181      00h 1 24h 24h 0 1 0 0 1 0 0  
3182      00h 1 24h 24h 0 1 0 0 1 0 0  
3183      00h 1 24h 24h 0 1 0 0 1 0 0  
3184      00h 1 24h 24h 0 1 0 0 1 0 0  
3185      00h 1 24h 24h 0 1 0 0 1 0 0  
3186      00h 1 24h 24h 0 1 0 0 1 0 0  
3187      00h 1 24h 24h 0 1 0 0 1 0 0  
3188      00h 1 24h 24h 0 1 0 0 1 0 0  
3189      00h 1 24h 24h 0 1 0 0 1 0 0  
3190      00h 1 24h 24h 0 1 0 0 1 0 0  
3191      00h 1 24h 24h 0 1 0 0 1 0 0  
3192      00h 1 24h 24h 0 1 0 0 1 0 0  
3193      00h 1 24h 24h 0 1 0 0 1 0 0  
3194      00h 1 24h 24h 0 1 0 0 1 0 0  
3195      00h 1 24h 24h 0 1 0 0 1 0 0  
3196      00h 1 24h 24h 0 1 0 0 1 0 0  
3197      00h 1 24h 24h 0 1 0 0 1 0 0  
3198      00h 1 24h 24h 0 1 0 0 1 0 0  
3199      00h 1 24h 24h 0 1 0 0 1 0 0  
3200      00h 1 24h 24h 0 1 0 0 1 0 0  
3201      00h 1 24h 24h 0 1 0 0 1 0 0  
3202      00h 1 24h 24h 0 1 0 0 1 0 0  
3203      00h 1 24h 24h 0 1 0 0 1 0 0  
3204      00h 1 24h 24h 0 1 0 0 1 0 0  
3205      00h 1 24h 24h 0 1 0 0 1 0 0  
3206      00h 1 24h 24h 0 1 0 0 1 0 0  
3207      00h 1 24h 24h 0 1 0 0 1 0 0  
3208      00h 1 24h 24h 0 1 0 0 1 0 0  
3209      00h 1 24h 24h 0 1 0 0 1 0 0  
3210      00h 1 24h 24h 0 1 0 0 1 0 0  
3211      00h 1 24h 24h 0 1 0 0 1 0 0  
3212      00h 1 24h 24h 0 1 0 0 1 0 0  
3213      00h 1 24h 24h 0 1 0 0 1 0 0  
3214      00h 1 24h 24h 0 1 0 0 1 0 0  
3215      00h 1 24h 24h 0 1 0 0 1 0 0  
3216      00h 1 24h 24h 0 1 0 0 1 0 0  
3217      00h 1 24h 24h 0 1 0 0 1 0 0  
3218      00h 1 24h 24h 0 1 0 0 1 0 0  
3219      00h 1 24h 24h 0 1 0 0 1 0 0  
3220      00h 1 24h 24h 0 1 0 0 1 0 0  
3221      00h 1 24h 24h 0 1 0 0 1 0 0  
3222      00h 1 24h 24h 0 1 0 0 1 0 0  
3223      00h 1 24h 24h 0 1 0 0 1 0 0  
3224      00h 1 24h 24h 0 1 0 0 1 0 0  
3225      00h 1 24h 24h 0 1 0 0 1 0 0  
3226      00h 1 24h 24h 0 1 0 0 1 0 0  
3227      00h 1 24h 24h 0 1 0 0 1 0 0  
3228      00h 1 24h 24h 0 1 0 0 1 0 0  
3229      00h 1 24h 24h 0 1 0 0 1 0 0  
3230      00h 1 24h 24h 0 1 0 0 1 0 0  
3231      00h 1 24h 24h 0 1 0 0 1 0 0  
3232      00h 1 24h 24h 0 1 0 0 1 0 0  
3233      00h 1 24h 24h 0 1 0 0 1 0 0  
3234      00h 1 24h 24h 0 1 0 0 1 0 0  
3235      00h 1 24h 24h 0 1 0 0 1 0 0  
3236      00h 1 24h 24h 0 1 0 0 1 0 0  
3237      00h 1 24h 24h 0 1 0 0 1 0 0  
3238      00h 1 24h 24h 0 1 0 0 1 0 0  
3239      00h 1 24h 24h 0 1 0 0 1 0 0  
3240      00h 1 24h 24h 0 1 0 0 1 0 0  
3241      00h 1 24h 24h 0 1 0 0 1 0 0  
3242      00h 1 24h 24h 0 1 0 0 1 0 0  
3243      00h 1 24h 24h 0 1 0 0 1 0 0  
3244      00h 1 24h 24h 0 1 0 0 1 0 0  
3245      00h 1 24h 24h 0 1 0 0 1 0 0  
3246      00h 1 24h 24h 0 1 0 0 1 0 0  
3247      00h 1 24h 24h 0 1 0 0 1 0 0  
3248      00h 1 24h 24h 0 1 0 0 1 0 0  
3249      00h 1 24h 24h 0 1 0 0 1 0 0  
3250      00h 1 24h 24h 0 1 0 0 1 0 0  
3251      00h 1 24h 24h 0 1 0 0 1 0 0  
3252      00h 1 24h 24h 0 1 0 0 1 0 0  
3253      00h 1 24h 24h 0 1 0 0 1 0 0  
3254      00h 1 24h 24h 0 1 0 0 1 0 0  
3255      00h 1 24h 24h 0 1 0 0 1 0 0  
3256      00h 1 24h 24h 0 1 0 0 1 0 0  
3257      00h 1 24h 24h 0 1 0 0 1 0 0  
3258      00h 1 24h 24h 0 1 0 0 1 0 0  
3259      00h 1 24h 24h 0 1 0 0 1 0 0  
3260      00h 1 24h 24h 0 1 0 0 1 0 0  
3261      00h 1 24h 24h 0 1 0 0 1 0 0  
3262      00h 1 24h 24h 0 1 0 0 1 0 0  
3263      00h 1 24h 24h 0 1 0 0 1 0 0  
3264      00h 1 24h 24h 0 1 0 0 1 0 0  
3265      00h 1 24h 24h 0 1 0 0 1 0 0  
3266      00h 1 24h 24h 0 1 0 0 1 0 0  
3267      00h 1 24h 24h 0 1 0 0 1 0 0  
3268      00h 1 24h 24h 0 1 0 0 1 0 0  
3269      00h 1 24h 24h 0 1 0 0 1 0 0  
3270      00h 1 24h 24h 0 1 0 0 1 0 0  
3271      00h 1 24h 24h 0 1 0 0 1 0 0  
3272      00h 1 24h 24h 0 1 0 0 1 0 0  
3273      00h 1 24h 24h 0 1 0 0 1 0 0  
3274      00h 1 24h 24h 0 1 0 0 1 0 0  
3275      00h 1 24h 24h 0 1 0 0 1 0 0  
3276      00h 1 24h 24h 0 1 0 0 1 0 0  
3277      00h 1 24h 24h 0 1 0 0 1 0 0  
3278      00h 1 24h 24h 0 1 0 0 1 0 0  
3279      00h 1 24h 24h 0 1 0 0 1 0 0  
3280      00h 1 24h 24h 0 1 0 0 1 0 0  
3281      00h 1 24h 24h 0 1 0 0 1 0 0  
3282      00h 1 24h 24h 0 1 0 0 1 0 0  
3283      00h 1 24h 24h 0 1 0 0 1 0 0  
3284      00h 1 24h 24h 0 1 0 0 1 0 0  
3285      00h 1 24h 24h 0 1 0 0 1 0 0  
3286      00h 1 24h 24h 0 1 0 0 1 0 0  
3287      00h 1 24h 24h 0 1 0 0 1 0 0  
3288      00h 1 24h 24h 0 1 0 0 1 0 0  
3289      00h 1 24h 24h 0 1 0 0 1 0 0  
3290      00h 1 24h 24h 0 1 0 0 1 0 0  
3291      00h 1 24h 24h 0 1 0 0 1 0 0  
3292      00h 1 24h 24h 0 1 0 0 1 0 0  
3293      00h 1 24h 24h 0 1 0 0 1 0 0  
3294      00h 1 24h 24h 0 1 0 0 1 0 0  
3295      00h 1 24h 24h 0 1 0 0 1 0 0  
3296      00h 1 24h 24h 0 1 0 0 1 0 0  
3297      00h 1 24h 24h 0 1 0 0 1 0 0  
3298      00h 1 24h 24h 0 1 0 0 1 0 0  
3299      00h 1 24h 24h 0 1 0 0 1 0 0  
3300      00h 1 24h 24h 0 1 0 0 1 0 0  
3301      00h 1 24h 24h 0 1 0 0 1 0 0  
3302      00h 1 24h 24h 0 1 0 0 1 0 0  
3303      00h 1 24h 24h 0 1 0 0 1 0 0  
3304      00h 1 24h 24h 0 1 0 0 1 0 0  
3305      00h 1 24h 24h 0 1 0 0 1 0 0  
3306      00h 1 24h 24h 0 1 0 0 1 0 0  
3307      00h 1 24h 24h 0 1 0 0 1 0 0  
3308      00h 1 24h 24h 0 1 0 0 1 0 0  
3309      00h 1 24h 24h 0 1 0 0 1 0 0  
3310      00h 1 24h 24h 0 1 0 0 1 0 0  
3311      00h 1 24h 24h 0 1 0 0 1 0 0  
3312      00h 1 24h 24h 0 1 0 0 1 0 0  
3313      00h 1 24h 24h 0 1 0 0 1 0 0  
3314      00h 1 24h 24h 0 1 0 0 1 0 0  
3315      00h 1 24h 24h 0 1 0 0 1 0 0  
3316      00h 1 24h 24h 0 1 0 0 1 0 0  
3317      00h 1 24h 24h 0 1 0 0 1 0 0  
3318      00h 1 24h 24h 0 1 0 0 1 0 0  
3319      00h 1 24h 24h 0 1 0 0 1 0 0  
3320      00h 1 24h 24h 0 1 0 0 1 0 0  
3321      00h 1 24h 24h 0 1 0 0 1 0 0  
3322      00h 1 24h 24h 0 1 0 0 1 0 0  
3323      00h 1 24h 24h 0 1 0 0 1 0 0  
3324      00h 1 24h 24h 0 1 0 0 1 0 0  
3325      00h 1 24h 24h 0 1 0 0 1 0 0  
3326      00h 1 24h 24h 0 1 0 0 1 0 0  
3327      00h 1 24h 24h 0 1 0 0 1 0 0  
3328      00h 1 24h 24h 0 1 0 0 1 0 0  
3329      00h 1 24h 24h 0 1 0 0 1 0 0  
3330      00h 1 24h 24h 0 1 0 0 1 0 0  
3331      00h 1 24h 24h 0 1 0 0 1 0 0  
3332      00h 1 24h 24h 0 1 0 0 1 0 0  
3333      00h 1 24h 24h 0 1 0 0 1 0 0  
3334      00h 1 24h 24h 0 1 0 0 1 0 0  
3335      00h 1 24h 24h 0 1 0 0 1 0 0  
3336      00h 1 24h 24h 0 1 0 0 1 0 0  
3337      00h 1 24h 24h 0 1 0 0 1 0 0  
3338      00h 1 24h 24h 0 1 0 0 1 0 0  
3339      00h 1 24h 24h 0 1 0 0 1 0 0  
3340      00h 1 24h 24h 0 1 0 0 1 0 0  
3341      00h 1 24h 24h 0 1 0 0 1 0 0  
3342      00h 1 24h 24h 0 1 0 0 1 0 0  
3343      00h 1 24h 24h 0 1 0 0 1 0 0  
3344      00h 1 24h 24h 0 1 0 0 1 0 0  
3345      00h 1 24h 24h 0 1 0 0 1 0 0  
3346      00h 1 24h 24h 0 1 0 0 1 0 0  
3347      00h 1 24h 24h 0 1 0 0 1 0 0  
3348      00h 1 24h 24h 0 1 0 0 1 0 0  
3349      00h 1 24h 24h 0 1 0 0 1 0 0  
3350      00h 1 24h 24h 0 1 0 0 1 0 0  
3351      00h 1 24h 24h 0 1 0 0 1 0 0  
3352      00h 1 24h 24h 0 1 0 0 1 0 0  
3353      00h 1 24h 24h 0 1 0 0 1 0 0  
3354      00h 1 24h 24h 0 1 0 0 1 0 0  
3355      00h 1 24h 24h 0 1 0 0 1 0 0  
3356      00h 1 24h 24h 0 1 0 0 1 0 0  
3357      00h 1 24h 24h 0 1 0 0 1 0 0  
3358      00h 1 24h 24h 0 1 0 0 1 0 0  
3359      00h 1 24h 24h 0 1 0 0 1 0 0  
3360      00h 1 24h 24h 0 1 0 0 1 0 0  
3361      00h 1 24h 24h 0 1 0 0 1 0 0  
3362      00h 1 24h 24h 0 1 0 0 1 0 0  
3363      00h 1 24h 24h 0 1 0 0 1 0 0  
3364      00h 1 24h 24h 0 1 0 0 1 0 0  
3365      00h 1 24h 24h 0 1 0 0 1 0 0  
3366      00h 1 24h 24h 0 1 0 0 1 0 0  
3367      00h 1 24h 24h 0 1 0 0 1 0 0  
3368      00h 1 24h 24h 0 1 0 0 1 0 0  
3369      00h 1 24h 24h 0 1 0 0 1 0 0  
3370      00h 1 24h 24h 0 1 0 0 1 0 0  
3371      00h 1 24h 24h 0 1 0 0 1 0 0  
3372      00h 1 24h 24h 0 1 0 0 1 0 0  
3373      00h 1 24h 24h 0 1 0 0 1 0 0  
3374      00h 1 24h 24h 0 1 0 0 1 0 0  
3375      00h 1 24h 24h 0 1 0 0 1 0 0  
3376      00h 1 24h 24h 0 1 0 0 1 0 0  
3377      00h 1 24h 24h 0 1 0 0 1 0 0  
3378      00h 1 24h 24h 0 1 0 0 1 0 0  
3379      00h 1 24h 24h 0 1 0 0 1 0 0  
3380      00h 1 24h 24h 0 1 0 0 1 0 0  
3381      00h 1 24h 24h 0 1 0 0 1 0 0  
3382      00h 1 24h 24h 0 1 0 0 1 0 0  
3383      00h 1 24h 24h 0 1 0 0 1 0 0  
3384      00h 1 24h 24h 0 1 0 0 1 0 0  
3385      00h 1 24h 24h 0 1 0 0 1 0 0  
3386      00h 1 24h 24h 0 1 0 0 1 0 0  
3387      00h 1 24h 24h 0 1 0 0 1 0 0  
3388      00h 1 24h 24h 0 1 0 0 1 0 0  
3389      00h 1 24h 24h 0 1 0 0 1 0 0  
3390      00h 1 24h 24h 0 1 0 0 1 0 0  
3391      00h 1 24h 24h 0 1 0 0 1 0 0  
3392      00h 1 24h 24h 0 1 0 0 1 0 0  
3393      00h 1 24h 24h 0 1 0 0 1 0 0  
3394      00h 1 24h 24h 0 1 0 0 1 0 0  
3395      00h 1 24h 24h 0 1 0 0 1 0 0  
3396      00h 1 24h 24h 0 1 0 0 1 0 0  
3397      00h 1 24h 24h 0 1 0 0 1 0 0  
3398      00h 1 24h 24h 0 1 0 0 1 0 0  
3399      00h 1 24h 24h 0 1 0 0 1 0 0  
3400      00h 1 24h 24h 0 1 0 0 1 0 0  
3401      00h 1 24h 24h 0 1 0 0 1 0 0  
3402      00h 1 24h 24h 0 1 0 0 1 0 0  
3403      00h 1 24h 24h 0 1 0 0 1 0 0  
3404      00h 1 24h 24h 0 1 0 0 1 0 0  
3405      00h 1 24h 24h 0 1 0 0 1 0 0  
3406      00h 1 24h 24h 0 1 0 0 1 0 0  
3407      00h 1 24h 24h 0 1 0 0 1 0 0  
3408      00h 1 24h 24h 0 1 0 0 1 0 0  
3409      00h 1 24h 24h 0 1 0 0 1 0 0  
3410      00h 1 24h 24h 0 1 0 0 1 0 0  
3411      00h 1 24h 24h 0 1 0 0 1 0 0  
3412      00h 1 24h 24h 0 1 0 0 1 0 0  
3413      00h 1 24h 24h 0 1 0 0 1 0 0  
3414      00h 1 24h 24h 0 1 0 0 1 0 0  
3415      00h 1 24h 24h 0 1 0 0 1 0 0  
3416      00h 1 24h 24h 0 1 0 0 1 0 0  
3417      00h 1 24h 24h 0 1 0 0 1 0 0  
3418      00h 1 24h 24h 0 1 0 0 1 0 0  
3419      00h 1 24h 24h 0 1 0 0 1 0 0  
3420      00h 1 24h 24h 0 1 0 0 1 0 0  
3421      00h 1 24h 24h 0 1 0 0 1 0 0  
3422      00h 1 24h 24h 0 1 0 0 1 0 0  
3423      00h 1 24h 24h 0 1 0 0 1 0 0  
3424      00h 1 24h 24h 0 1 0 0 1 0 0  
3425      00h 1 24h 24h 0 1 0 0 1 0 0  
3426      00h 1 24h 24h 0 1 0 0 1 0 0  
3427      00h 1 24h 24h 0 1 0 0 1 0 0  
3428      00h 1 24h 24h 0 1 0 0 1 0 0  
3429      00h 1 24h 24h 0 1 0 0 1 0 0  
3430      00h 1 24h 24h 0 1 0 0 1 0 0  
3431      00h 1 24h 24h 0 1 0 0 1 0 0  
3432      00h 1 24h 24h 0 1 0 0 1 0 0  
3433      00h 1 24h 24h 0 1 0 0 1 0 0  
3434      00h 1 24h 24h 0 1 0 0 1 0 0  
3435      00h 1 24h 24h 0 1 0 0 1 0 0  
3436      00h 1 24h 24h 0 1 0 0 1 0 0  
3437      00h 1 24h 24h 0 1 0 0 1 0 0  
3438      00h 1 24h 24h 0 1 0 0 1 0 0  
3439      00h 1 24h 24h 0 1 0 0 1 0 0  
3440      00h 1 24h 24h 0 1 0 0 1 0 0  
3441      00h 1 24h 24h 0 1 0 0 1 0 0  
3442      00h 1 24h 24h 0 1 0 0 1 0 0  
3443      00h 1 24h 24h 0 1 0 0 1 0 0  
3444      00h 1 24h 24h 0 1 0 0 1 0 0  
3445      00h 1 24h 24h 0 1 0 0 1 0 0  
3446      00h 1 24h 24h 0 1 0 0 1 0 0  
3447      00h 1 24h 24h 0 1 0 0 1 0 0  
3448      00h 1 24h 24h 0 1 0 0 1 0 0  
3449      00h 1 24h 24h 0 1 0 0 1 0 0  
3450      00h 1 24h 24h 0 1 0 0 1 0 0  
3451      00h 1 24h 24h 0 1 0 0 1 0 0  
3452      00h 1 24h 24h 0 1 0 0 1 0 0  
3453      00h 1 24h 24h 0 1 0 0 1 0 0  
3454      00h 1 24h 24h 0 1 0 0 1 0 0  
3455      00h 1 24h 24h 0 1 0 0 1 0 0  
3456      00h 1 24h 24h 0 1 0 0 1 0 0  
3457      00h 1 24h 24h 0 1 0 0 1 0 0  
3458      00h 1 24h 24h 0 1 0 0 1 0 0  
3459      00h 1 24h 24h 0 1 0 0 1 0 0  
3460      00h 1 24h 24h 0 1 0 0 1 0 0  
3461      00h 1 24h 24h 0 1 0 0 1 0 0  
3462      00h 1 24h 24h 0 1 0 0 1 0 0  
3463      00h 1 24h 24h 0 1 0 0 1 0 0  
3464      00h 1 24h 24h 0 1 0 0 1 0 0  
3465      00h 1 24h 24h 0 1 0 0 1 0 0  
3466      00h 1 24h 24h 0 1 0 0 1 0 0  
3467      00h 1 24h 24h 0 1 0 0 1 0 0  
3468      00h 1 24h 24h 0 1 0 0 1 0 0  
3469      00h 1 24h 24h 0 1 0 0 1 0 0  
3470      00h 1 24h 24h 0 1 0 0 1 0 0  
3471      00h 1 24h 24h 0 1 0 0 1 0 0  
3472      00h 1 24h 24h 0 1 0 0 1 0 0  
3473      00h 1 24h 24h 0 1 0 0 1 0 0  
3474      00h 1 24h 24h 0 1 0 0 1 0 0  
3475      00h 1 24h 24h 0 1 0 0 1 0 0  
3476      00h 1 24h 24h 0 1 0 0 1 0 0  
3477      00h 1 24h 24h 0 1 0 0 1 0 0  
3478      00h 1 24h 24h 0 1 0 0 1 0 0  
3479      00h 1 24h 24h 0 1 0 0 1 0 0  
3480      00h 1 24h 24h 0 1 0 0 1 0 0  
3481      00h 1 24h 24h 0 1 0 0 1 0 0  
3482      00h 1 24h 24h 0 1 0 0 1 0 0  
3483      00h 1 24h 24h 0 1 0 0 1 0 0  
3484      00h 1 24h 24h 0 1 0 0 1 0 0  
3485      00h 1 24h 24h 0 1 0 0 1 0 0  
3486      00h 1 24h 24h 0 1 0 0 1 0 0  
3487      00h 1 24h 24h 0 1 0 0 1 0 0  
3488      00h 1 24h 24h 0 1 0 0 1 0 0  
3489      00h 1 24h 24h 0 1 0 0 1 0 0  
3490      00h 1 24h 24h 0 1 0 0 1 0 0  
3491      00h 1 24h 24h 0 1 0 0 1 0 0  
3492      00h 1 24h 24h 0 1 0 0 1 0 0  
3493      00h 1 24h 24h 0 1 0 0 1 0 0  
3494      00h 1 24h 24h 0 1 0 0 1 0 0  
3495      00h 1 24h 24h 0 1 0 0 1 0 0  
3496      00h 1 24h 24h 0 1 0 0 1 0 0  
3497      00h 1 24h 24h 0 1 0 0 1 0 0  
3498      00h 1 24h 24h 0 1 0 0 1 0 0  
3499      00h 1 24h 24h 0 1 0 0 1 0 0  
3500      00h 1 24h 24h 0 1 0 0 1 0 0  
3501      00h 1 24h 24h 0 1 0 0 1 0 0  
3502      00h 1 24h 24h 0 1 0 0 1 0 0  
3503      00h 1 24h 24h 0 1 0 0 1 0 0  
3504      00h 1 24h 24h 0 1 0 0 1 0 0  
3505      00h 1 24h 24h 0 1 0 0 1 0 0  
3506      00h 1 24h 24h 0 1 0 0 1 0 0  
3507      00h 1 24h 24h 0 1 0 0 1 0 0  
3508      00h 1 24h 24h 0 1 0 0 1 0 0  
3509      00h 1 24h 24h 0 1 0 0 1 0 0  
3510      00h 1 24h 24h 0 1 0 0 1 0 0  
3511      00h 1 24h 24h 0 1 0 0 1 0 0  
3512      00h 1 24h 24h 0 1 0 0 1 0 0  
3513      00h 1 24h 24h 0 1 0 0 1 0 0  
3514      00h 1 24h 24h 0 1 0 0 1 0 0  
3515      00h 1 24h 24h 0 1 0 0 1 0 0  
3516      00h 1 24h 24h 0 1 0 0 1 0 0  
3517      00h 1 24h 24h 0 1 0 0 1 0 0  
3518      00h 1 24h 24h 0 1 0 0 1 0 0  
3519      00h 1 24h 24h 0 1 0 0 1 0 0  
3520      00h 1 24h 24h 0 1 0 0 1 0 0  
3521      00h 1 24h 24h 0 1 0 0 1 0 0  
3522      00h 1 24h 24h 0 1 0 0 1 0 0  
3523      00h 1 24h 24h 0 1 0 0 1 0 0  
3524      00h 1 24h 24h 0 1 0 0 1 0 0  
3525      00h 1 24h 24h 0 1 0 0 1 0 0  
3526      00h 1 24h 24h 0 1 0 0 1 0 0  
3527      00h 1 24h 24h 0 1 0 0 1 0 0  
3528      00h 1 24h 24h 0 1 0 0 1 0 0  
3529      00h 1 24h 24h 0 1 0 0 1 0 0  
3530      00h 1 24h 24h 0 1 0 0 1 0 0  
3531      00h 1 24h 24h 0 1 0 0 1 0 0  
3532      00h 1 24h 24h 0 1 0 0 1 0 0  
3533      00h 1 24h 24h 0 1 0 0 1 0 0  
3534      00h 1 24h 24h 0 1 0 0 1 0 0  
3535      00h 1 24h 24h 0 1 0 0 1 0 0  
3536      00h 1 24h 24h 0 1 0 0 1 0 0  
3537      00h 1 24h 24h 0 1 0 0 1 0 0  
3538      00h 1 24h 24h 0 1 0 0 1 0 0  
3539      00h 1 24h 24h 0 1 0 0 1 0 0  
3540      00h 1 24h 24h 0 1 0 0 1 0 0  
3541      00h 1 24h 24h 0 1 0 0 1 0 0  
3542      00h 1 24h 24h 0 1 0 0 1 0 0  
3543      00h 1 24h 24h 0 1 0 0 1 0 0  
3544      00h 1 24h 24h 0 1 0 0 1 0 0  
3545      00h 1 24h 24h 0 1 0 0 1 0 0  
3546      00h 1 24h 24h 0 1 0 0 1 0 0  
3547      00h 1 24h 24h 0 1 0 0 1 0 0  
3548      00h 1 24h 24h 0 1 0 0 1 0 0  
3549      00h 1 24h 24h 0 1 0 0 1 0 0  
3550      00h 1 24h 24h 0 1 0 0 1 0 0  
3551      00h 1 24h 24h 0 1 0 0 1 0 0  
3552      00h 1 24h 24h 0 1 0 0 1 0 0  
3553      00h 1 24h 24h 0 1 0 0 1 0 0  
3554      00h 1 24h 24h 0 1 0 0 1 0 0  
3555      00h 1 24h 24h 0 1 0 0 1 0 0  
3556      00h 1 24h 24h 0 1 0 0 1 0 0  
3557      00h 1 24h 24h 0 1 0 0 1 0 0  
3558      00h 1 24h 24h 0 1 0 0 1 0 0  
3559      00h 1 24h 24h 0 1 0 0 1 0 0  
3560      00h 1 24h 24h 0 1 0 0 1 0 0  
3561      00h 1 24h 24h 0 1 0 0 1 0 0  
3562      00h 1 24h 24h 0 1 0 0 1 0 0  
3563      00h 1 24h 24h 0 1 0 0 1 0 0  
3564      00h 1 24h 24h 0 1 0 0 1 0 0  
3565      00h 1 24h 24h 0 1 0 0 1 0 0  
3566      00h 1 24h 24h 0 1 0 0 1 0 0  
3567      00h 1 24h 24h 0 1 0 0 1 0 0  
3568      00h 1 24h 24h 0 1 0 0 1 0 0  
3569      00h 1 24h 24h 0 1 0 0 1 0 0  
3570      00h 1 24h 24h 0 1 0 0 1 0 0  
3571      00h 1 24h 24h 0 1 0 0 1 0 0  
3572      00h 1 24h 24h 0 1 0 0 1 0 0  
3573      00h 1 24h 24h 0 1 0 0 1 0 0  
3574      00h 1 24h 24h 0 1 0 0 1 0 0  
3575      00h 1 24h 24h 0 1 0 0 1 0 0  
3576      00h 1 24h 24h 0 1 0 0 1 0 0  
3577      00h 1 24h 24h 0 1 0 0 1 0 0  
3578      00h 1 24h 24h 0 1 0 0 1 0 0  
3579      00h 1 24h 24h 0 1 0 0 1 0 0  
3580      00h 1 24h 24h 0 1 0 0 1 0 0  
3581      00h 1 24h 24h 0 1 0 0 1 0 0  
3582      00h 1 24h 24h 0 1 0 0 1 0 0  
3583      00h 1 24h 24h 0 1 0 0 1 0 0  
3584      00h 1 24h 24h 0 1 0 0 1 0 0  
3585      00h 1 24h 24h 0 1 0 0 1 0 0  
3586      00h 1 24h 24h 0 1 0 0 1 0 0  
3587      00h 1 24h 24h 0 1 0 0 1 0 0  
3588      00h 1 24h 24h 0 1 0 0 1 0 0  
3589      00h 1 24h 24h 0 1 0 0 1 0 0  
3590      00h 1 24h 24h 0 1 0 0 1 0 0  
3591      00h 1 24h 24h 0 1 0 0 1 0 0  
3592      00h 1 24h 24h 0 1 0 0 1 0 0  
3593      00h 1 24h 24h 0 1 0 0 1 0 0  
3594      00h 1 24h 24h 0 1 0 0 1 0 0  
3595      00h 1 24h 24h 0 1 0 0 1 0 0  
3596      00h 1 24h 24h 0 1 0 0 1 0 0  
3597      00h 1 24h 24h 0 1 0 0 1 0 0  
3598      00h 1 24h 24h 0 1 0 0 1 0 0  
3599      00h 1 24h 24h 0 1 0 0 1 0 0  
3600      00h 1 24h 24h 0 1 0 0 1 0 0  
3601      00h 1 24h 24h 0 1 0 0 1 0 0  
3602      00h 1 24h 24h 0 1 0 0 1 0 0  
3603      00h 1 24h 24h 0 1 0 0 1 0 0  
3604      00h 1 24h 24h 0 1 0 0 1 0 0  
3605      00h 1 24h 24h 0 1 0 0 1 0 0  
3606      00h 1 24h 24h 0 1 0 0 1 0 0  
3607      00h 1 24h 24h 0 1 0 0 1 0 0  
3608      00h 1 24h 24h 0 1 0 0 1 0 0  
3609      00h 1 24h 24h 0 1 0 0 1 0 0  
3610      00h 1 24h 24h 0 1 0 0 1 0 0  
3611      00h 1 24h 24h 0 1 0 0 1 0 0  
3612      00h 1 24h 24h 0 1 0 0 1 0 0  
3613      00h 1 24h 24h 0 1 0 0 1 0 0  
3614      00h 1 24h 24h 0 1 0 0 1 0 0  
3615      00h 1 24h 24h 0 1 0 0 1 0 0  
3616      00h 1 24h 24h 0 1 0 0 1 0 0  
3617      00h 1 24h 24h 0 1 0 0 1 0 0  
3618      00h 1 24h 24h 0 1 0 0 1 0 0  
3619      00h 1 24h 24h 0 1 0 0 1 0 0  
3620      00h 1 24h 24h 0 1 0 0 1 0 0  
3621      00h 1 24h 24h 0 1 0 0 1 0 0  
3622      00h 1 24h 24h 0 1 0 0 1 0 0  
3623      00h 1 24h 24h 0 1 0 0 1 0 0  
3624      00h 1 24h 24h 0 1 0 0 1 0 0  
3625      00h 1 24h 24h 0 1 0 0 1 0 0  
3626      00h 1 24h 24h 0 1 0 0 1 0 0  
3627      00h 1 24h 24h 0 1 0 0 1 0 0  
3628      00h 1 24h 24h 0 1 0 0 1 0 0  
3629      00h 1 24h 24h 0 1 0 0 1 0 0  
3630      00h 1 24h 24h 0 1 0 0 1 0 0  
3631      00h 1 24h 24h 0 1 0 0 1 0 0  
3632      00h 1 24h 24h 0 1 0 0 1 0 0  
3633      00h 1 24h 24h 0 1 0 0 1 0 0  
3634      00h 1 24h 24h 0 1 0 0 1 0 0  
3635      00h 1 24h 24h 0 1 0 0 1 0 0  
3636      00h 1 24h 24h 0 1 0 0 1 0 0  
3637      00h 1 24h 24h 0 1 0 0 1 0 0  
3638      00h 1 24h 24h 0 1 0 0 1 0 0  
3639      00h 1 24h 24h 0 1 0 0 1 0 0  
3640      00h 1 24h 24h 0 1 0 0 1 0 0  
3641      00h 1 24h 24h 0 1 0 0 1 0 0  
3642      00h 1 24h 24h 0 1 0 0 1 0 0  
3643      00h 1 24h 24h 0 1 0 0 1 0 0  
3644      00h 1 24h 24h 0 1 0 0 1 0 0  
3645      00h 1 24h 24h 0 1 0 0 1 0 0  
3646      00h 1 24h 24h 0 1 0 0 1 0 0  
3647      00h 1 24h 24h 0 1 0 0 1 0 0  
3648      00h 1 24h 24h 0 1 0 0 1 0 0  
3649      00h 1 24h 24h 0 1 0 0 1 0 0  
3650      00h 1 24h 24h 0 1 0 0 1 0 0  
3651      00h 1 24h 24h 0 1 0 0 1 0 0  
3652      00h 1 24h 24h 0 1 0 0 1 0 0  
3653      00h 1 24h 24h 0 1 0 0 1 0 0  
3654      00h 1 24h 24h 0 1 0 0 1 0 0  
3655      00h 1 24h 24h 0 1 0 0 1 0 0  
3656      00h 1 24h 24h 0 1 0 0 1 0 0  
3657      00h 1 24h 24h 0 1 0 0 1 0 0  
3658      00h 1 24h 24h 0 1 0 0 1 0 0  
3659      00h 1 24h 24h 0 1 0 0 1 0 0  
3660      00h 1 24h 24h 0 1 0 0 1 0 0  
3661      00h 1 24h 24h 0 1 0 0 1 0 0  
3662      00h 1 24h 24h 0 1 0 0 1 0 0  
3663      00h 1 24h 24h 0 1 0 0 1 0 0  
3664      00h 1 24h 24h 0 1 0 0 1 0 0  
3665      00h 1 24h 24h 0 1 0 0 1 0 0  
3666      00h 1 24h 24h 0 1 0 0 1 0 0  
3667      00h 1 24h 24h 0 1 0 0 1 0 0  
3668      00h 1 24h 24h 0 1 0 0 1 0 0  
3669      00h 1 24h 24h 0 1 0 0 1 0 0  
3670      00h 1 24h 24h 0 1 0 0 1 0 0  
3671      00h 1 24h 24h 0 1 0 0 1 0 0  
3672      00h 1 24h 24h 0 1 0 0 1 0 0  
3673      00h 1 24h 24h 0 1 0 0 1 0 0  
3674      00h 1 24h 24h 0 1 0 0 1 0 0  
3675      00h 1 24h 24h 0 1 0 0 1 0 0  
3676      00h 1 24h 24h 0 1 0 0 1 0 0  
3677      00h 1 24h 24h 0 1 0 0 1 0 0  
3678      00h 1 24h 24h 0 1 0 0 1 0 0  
3679      00h 1 24h 24h 0 1 0 0 1 0 0  
3680      00h 1 24h 24h 0 1 0 0 1 0 0  
3681      00h 1 24h 24h 0 1 0 0 1 0 0  
3682      00h 1 24h 24h 0 1 0 0 1 0 0  
3683      00h 1 24h 24h 0 1 0 0 1 0 0  
3684      00h 1 24h 24h 0 1 0 0 1 0 0  
3685      00h 1 24h 24h 0 1 0 0 1 0 0  
3686      00h 1 24h 24h 0 1 0 0 1 0 0  
3687      00h 1 24h 24h 0 1 0 0 1 0 0  
3688      00h 1 24h 24h 0 1 0 0 1 0 0  
3689      00h 1 24h 24h 0 1 0 0 1 0 0  
3690      00h 1 24h 24h 0 1 0 0 1 0 0  
3691      00h 1 24h 24h 0 1 0 0 1 0 0  
3692      00h 1 24h 24h 0 1 0 0 1 0 0  
3693      00h 1 24h 24h 0 1 0 0 1 0 0  
3694      00h 1 24h 24h 0 1 0 0 1 0 0  
3695      00h 1 24h 24h 0 1 0 0 1 0 0  
3696      00h 1 24h 24h 0 1 0 0 1 0 0  
3697      00h 1 24h 24h 0 1 0 0 1 0 0  
3698      00h 1 24h 24h 0 1 0 0 1 0 0  
3699      00h 1 24h 24h 0 1 0 0 1 0 0  
3700      00h 1 24h 24h 0 1 0 0 1 0 0  
3701      00h 1 24h 24h 0 1 0 0 1 0 0  
3702      00h 1 24h 24h 0 1 0 0 1 0 0  
3703      00h 1 24h 24h 0 1 0 0 1 0 0  
3704      00h 1 24h 24h 0 1 0 0 1 0 0  
3705      00h 1 24h 24h 0 1 0 0 1 0 0  
3706      00h 1 24h 24h 0 1 0 0 1 0 0  
3707      00h 1 24h 24h 0 1 0 0 1 0 0  
3708      00h 1 24h 24h 0 1 0 0 1 0 0  
3709      00h 1 24h 24h 0 1 0 0 1 0 0  
3710      00h 1 24h 24h 0 1 0 0 1 0 0  
3711      00h 1 24h 24h 0 1 0 0 1 0 0  
3712      00h 1 24h 24h 0 1 0 0 1 0 0  
3713      00h 1 24h 24h 0 1 0 0 1 0 0  
3714      00h 1 24h 24h 0 1 0 0 1 0 0  
3715      00h 1 24h 24h 0 1 0 0 1 0 0  
3716      00h 1 24h 24h 0 1 0 0 1 0 0  
3717      00h 1 24h 24h 0 1 0 0 1 0 0  
3718      00h 1 24h 24h 0 1 0 0 1 0 0  
3719      00h 1 24h 24h 0 1 0 0 1 0 0  
3720      00h 1 24h 24h 0 1 0 0 1 0 0  
3721      00h 1 24h 24h 0 1 0 0 1 0 0  
3722      00h 1 24h 24h 0 1 0 0 1 0 0  
3723      00h 1 24h 24h 0 1 0 0 1 0 0  
3724      00h 1 24h 24h 0 1 0 0 1 0 0  
3725      00h 1 24h 24h 0 1 0 0 1 0 0  
3726      00h 1 24h 24h 0 1 0 0 1 0 0  
3727      00h 1 24h 24h 0 1 0 0 1 0 0  
3728      00h 1 24h 24h 0 1 0 0 1 0 0  
3729      00h 1 24h 24h 0 1 0 0 1 0 0  
3730      00h 1 24h 24h 0 1 0 0 1 0 0  
3731      00h 1 24h 24h 0 1 0 0 1 0 0  
3732      00h 1 24h 24h 0 1 0 0 1 0 0  
3733      00h 1 24h 24h 0 1 0 0 1 0 0  
3734      00h 1 24h 24h 0 1 0 0 1 0 0  
3735      00h 1 24h 24h 0 1 0 0 1 0 0  
3736      00h 1 24h 24h 0 1 0 0 1 0 0  
3737      00h 1 24h 24h 0 1 0 0 1 0 0  
3738      00h 1 24h 24h 0 1 0 0 1 0 0  
3739      00h 1 24h 24h 0 1 0 0 1 0 0  
3740      00h 1 24h 24h 0 1 0 0 1 0 0  
3741      00h 1 24h 24h 0 1 0 0 1 0 0  
3742      00h 1 24h 24h 0 1 0 0 1 0 0  
3743      00h 1 24h 24h 0 1 0 0 1 0 0  
3744      00h 1 24h 24h 0 1 0 0 1 0 0  
3745      00h 1 24h 24h 0 1 0 0 1 0 0  
3746      00h 1 24h 24h 0 1 0 0 1 0 0  
3747      00h 1 24h 24h 0 1 0 0 1 0 0  
3748      00h 1 24h 24h 0 1 0 0 1 0 0  
3749      00h 1 24h 24h 0 1 0 0 1 0 0  
3750      00h 1 24h 24h 0 1 0 0 1 0 0  
3751      00h 1 24h 24h 0 1 0 0 1 0 0  
3752      00h 1 24h 24h 0 1 0 0 1 0 0  
3753      00h 1 24h 24h 0 1 0 0 1 0 0  
3754      00h 1 24h 24h 0 1 0 0 1 0 0  
3755      00h 1 24h 24h 0 1 0 0 1 0 0  
3756      00h 1 24h 24h 0 1 0 0 1 0 0  
3757      00h 1 24h 24h 0 1 0 0 1 0 0  
3758      00h 1 24h 24h 0 1 0 0 1 0 0  
3759      00h 1 24h 24h 0 1 0 0 1 0 0  
3760      00h 1 24h 24h 0 1 0 0 1 0 0  
3761      00h 1 24h 24h 0 1 0 0 1 0 0  
3762      00h 1 24h 24h 0 1 0 0 1 0 0  
3763      00h 1 24h 24h 0 1 0 0 1 0 0  
3764      00h 1 24h 24h 0 1 0 0 1 0 0  
3765      00h 1 24h 24h 0 1 0 0 1 0 0  
3766      00h 1 24h 24h 0 1 0 0 1 0 0  
3767      00h 1 24h 24h 0 1 0 0 1 0 0  
3768      00h 1 24h 24h 0 1 0 0 1 0 0  
3769      00h 1 24h 24h 0 1 0 0 1 0 0  
3770      00h 1 24h 24h 0 1 0 0 1 0 0  
3771      00h 1 24h 24h 0 1 0 0 1 0 0  
3772      00h 1 24h 24h 0 1 0 0 1 0 0  
3773      00h 1 24h 24h 0 1 0 0 1 0 0  
3774      00h 1 24h 24h 0 1 0 0 1 0 0  
3775      00h 1 24h 24h 0 1 0 0 1 0 0  
3776      00h 1 24h 24h 0 1 0 0 1 0 0  
3777      00h 1 24h 24h 0 1 0 0 1 0 0  
3778      00h 1 24h 24h 0 1 0 0 1 0 0  
3779      00h 1 24h 24h 0 1 0 0 1 0 0  
3780      00h 1 24h 24h 0 1 0 0 1 0 0  
3781      00h 1 24h 24h 0 1 0 0 1 0 0  
3782      00h 1 24h 24h 0 1 0 0 1 0 0  
3783      00h 1 24h 24h 0 1 0 0 1 0 0  
3784      00h 1 24h 24h 0 1 0 0 1 0 0  
3785      00h 1 24h 24h 0 1 0 0 1 0 0  
3786      00h 1 24h 24h 0 1 0 0 1 0 0  
3787      00h 1 24h 24h 0 1 0 0 1 0 0  
3788      00h 1 24h 24h 0 1 0 0 1 0 0  
3789      00h 1 24h 24h 0 1 0 0 1 0 0  
3790      00h 1 24h 24h 0 1 0 0 1 0 0  
3791      00h 1 24h 24h 0 1 0 0 1 0 0  
3792      00h 1 24h 24h 0 1 0 0 1 0 0  
3793      00h 1 24h 24h 0 1 0 0 1 0 0  
3794      00h 1 24h 24h 0 1 0 0 1 0 0  
3795      00h 1 24h 24h 0 1 0 0 1 0 0  
3796      00h 1 24h 24h 0 1 0 0 1 0 0  
3797      00h 1 24h 24h 0 1 0 0 1 0 0  
3798      00h 1 24h 24h 0 1 0 0 1 0 0  
3799      00h 1 24h 24h 0 1 0 0 1 0 0  
3800      00h 1 24h 24h 0 1 0 0 1 0 0  
3801      00h 1 24h 24h 0 1 0 0 1 0 0  
3802      00h 1 24h 24h 0 1 0 0 1 0 0  
3803      00h 1 24h 24h 0 1 0 0 1 0 0  
3804      00h 1 24h 24h 0 1 0 0 1 0 0  
3805      00h 1 24h 24h 0 1 0 0 1 0 0  
3806      00h 1 24h 24h 0 1 0 0 1 0 0  
3807      00h 1 24h 24h 0 1 0 0 1 0 0  
3808      00h 1 24h 24h 0 1 0 0 1 0 0  
3809      00h 1 24h 24h 0 1 0 0 1 0 0  
3810      00h 1 24h 24h 0 1 0 0 1 0 0  
3811      00h 1 24h 24h 0 1 0 0 1 0 0  
3812      00h 1 24h 24h 0 1 0 0 1 0 0  
3813      00h 1 24h 24h 0 1 0 0 1 0 0  
3814      00h 1 24h 24h 0 1 0 0 1 0 0  
3815      00h 1 24h 24h 0 1 0 0 1 0 0  
3816      00h 1 24h 24h 0 1 0 0 1 0 0  
3817      00h 1 24h 24h 0 1 0 0 1 0 0  
3818      00h 1 24h 24h 0 1 0 0 1 0 0  
3819      00h 1 24h 24h 0 1 0 0 1 0 0  
3820      00h 1 24h 24h 0 1 0 0 1 0 0  
3821      00h 1 24h 24h 0 1 0 0 1 0 0  
3822      00h 1 24h 24h 0 1 0 0 1 0 0  
3823      00h 1 24h 24h 0 1 0 0 1 0 0  
3824      00h 1 24h 24h 0 1 0 0 1 0 0  
3825      00h 1 24h 24h 0 1 0 0 1 0 0  
3826      00h 1 24h 24h 0 1 0 0 1 0 0  
3827      00h 1 24h 24h 0 1 0 0 1 0 0  
3828      00h 1 24h 24h 0 1 0 0 1 0 0  
3829      00h 1 24h 24h 0 1 0 0 1 0 0  
3830      00h 1 24h 24h 0 1 0 0 1 0 0  
3831      00h 1 24h 24h 0 1 0 0 1 0 0  
3832      00h 1 24h 24h 0 1 0 0 1 0 0  
3833      00h 1 24h 24h 0 1 0 0 1 0 0  
3834      00h 1 24h 24h 0 1 0 0 1 0 0  
3835      00h 1 24h 24h 0 1 0 0 1 0 0  
3836      00h 1 24h 24h 0 1 0 0 1 0 0  
3837      00h 1 24h 24h 0 1 0 0 1 0 0  
3838      00h 1 24h 24h 0 1 0 0 1 0 0  
3839      00h 1 24h 24h 0 1 0 0 1 0 0  
3840      00h 1 24h 24h 0 1 0 0 1 0 0  
3841      00h 1 24h 24h 0 1 0 0 1 0 0  
3842      00h 1 24h 24h 0 1 0 0 1 0 0  
3843      00h 1 24h 24h 0 1 0 0 1 0 0  
3844      00h 1 24h 24h 0 1 0 0 1 0 0  
3845      00h 1 24h 24h 0 1 0 0 1 0 0  
3846      00h 1 24h 24h 0 1 0 0 1 0 0  
3847      00h 1 24h 24h 0 1 0 0 1 0 0  
3848      00h 1 24h 24h 0 1 0 0 1 0 0  
3849      00h 1 24h 24h 0 1 0 0 1 0 0  
3850      00h 1 24h 24h 0 1 0 0 1 0 0  
3851      00h 1 24h 24h 0 1 0 0 1 0 0  
3852      00h 1 24h 24h 0 1 0 0 1 0 0  
3853      00h 1 24h 24h 0 1 0 0 1 0 0  
3854      00h 1 24h 24h 0 1 0 0 1 0 0  
3855      00h 1 24h 24h 0 1 0 0 1 0 0  
3856      00h 1 24h 24h 0 1 0 0 1 0 0  
3857      00h 1 24h 24h 0 1 0 0 1 0 0  
3858      00h 1 24h 24h 0 1 0 0 1 0 0  
3859      00h 1 24h 24h 0 1 0 0 1 0 0  
3860      00h 1 24h 24h 0 1 0 0 1 0 0  
3861      00h 1 24h 24h 0 1 0 0 1 0 0  
3862      00h 1 24h 24h 0 1 0 0 1 0 0  
3863      00h 1 24h 24h 0 1 0 0 1 0 0  
3864      00h 1 24h 24h 0 1 0 0 1 0 0  
3865      00h 1 24h 24h 0 1 0 0 1 0 0  
3866      00h 1 24h 24h 0 1 0 0 1 0 0  
3867      00h 1 24h 24h 0 1 0 0 1 0 0  
3868      00h 1 24h 24h 0 1 0 0 1 0 0  
3869      00h 1 24h 24h 0 1 0 0 1 0 0  
3870      00h 1 24h 24h 0 1 0 0 1 0 0  
3871      00h 1 24h 24h 0 1 0 0 1 0 0  
3872      00h 1 24h 24h 0 1 0 0 1 0 0  
3873      00h 1 24h 24h 0 1 0 0 1 0 0  
3874      00h 1 24h 24h 0 1 0 0 1 0 0  
3875      00h 1 24h 24h 0 1 0 0 1 0 0  
3876      00h 1 24h 24h 0 1 0 0 1 0 0  
3877      00h 1 24h 24h 0 1 0 0 1 0 0  
3878      00h 1 24h 24h 0 1 0 0 1 0 0  
3879      00h 1 24h 24h 0 1 0 0 1 0 0  
3880      00h 1 24h 24h 0 1 0 0 1 0 0  
3881      00h 1 24h 24h 0 1 0 0 1 0 0  
3882      00h 1 24h 24h 0 1 0 0 1 0 0  
3883      00h 1 24h 24h 0 1 0 0 1 0 0  
3884      00h 1 24h 24h 0 1 0 0 1 0 0  
3885      00h 1 24h 24h 0 1 0 0 1 0 0  
3886      00h 1 24h 24h 0 1 0 0 1 0 0  
3887      00h 1 24h 24h 0 1 0 0 1 0 0  
3888      00h 1 24h 24h 0 1 0 0 1 0 0  
3889      00h 1 24h 24h 0 1 0 0 1 0 0  
3890      00h 1 24h 24h 0 1 0 0 1 0 0  
3891      00h 1 24h 24h 0 1 0 0 1 0 0  
3892      00h 1 24h 24h 0 1 0 0 1 0 0  
3893      00h 1 24h 24h 0 1 0 0 1 0 0  
3894      00h 1 24h 24h 0 1 0 0 1 0 0  
3895      00h 1 24h 24h 0 1 0 0 1 0 0  
3896      00h 1 24h 24h 0 1 0 0 1 0 0  
3897      00h 1 24h 24h 0 1 0 0 1 0 0  
3898      00h 1 24h 24h 0 1 0 0 1 0 0  
3899      00h 1 24h 24h 0 1 0 0 1 0 0  
3900      00h 1 24h 24h 0 1 0 0 1 0 0  
3901      00h 1 24h 24h 0 1 0 0 1 0 0  
3902      00h 1 24h 24h 0 1 0 0 1 0 0  
3903      00h 1 24h 24h 0 1 0 0 1 0 0  
3904      00h 1 24h 24h 0 1 0 0 1 0 0  
3905      00h 1 24h 24h 0 1 0 0 1 0 0  
3906      00h 1 24h 24h 0 1 0 0 1 0 0  
3907      00h 1 24h 24h 0 1 0 0 1 0 0  
3908      00h 1 24h 24h 0 1 0 0 1 0 0  
3909      00h 1 24h 24h 0 1 0 0 1 0 0  
3910      00h 1 24h 24h 0 1 0 0 1 0 0  
3911      00h 1 24h 24h 0 1 0 0 1 0 0  
3912      00h 1 24h 24h 0 1 0 0 1 0 0  
3913      00h 1 24h 24h 0 1 0 0 1 0 0  
3914      00h 1 24h 24h 0 1 0 0 1 0 0  
3915      00h 1 24h 24h 0 1 0 0 1 0 0  
3916      00h 1 24h 24h 0 1 0 0 1 0 0  
3917      00h 1 24h 24h 0 1 0 0 1 0 0  
3918      00h 1 24h 24h 0 1 0 0 1 0 0  
3919      00h 1 24h 24h 0 1 0 0 1 0 0  
3920      00h 1 24h 24h 0 1 0 0 1 0 0  
3921      00h 1 24h 24h 0 1 0 0 1 0 0  
3922      00h 1 24h 24h 0 1 0 0 1 0 0  
3923      00h 1 24h 24h 0 1 0 0 1 0 0  
3924      00h 1 24h 24h 0 1 0 0 1 0 0  
3925      00h 1 24h 24h 0 1 0 0 1 0 0  
3926      00h 1 24h 24h 0 1 0 0 1 0 0  
3927      00h 1 24h 24h 0 1 0 0 1 0 0  
3928      00h 1 24h 24h 0 1 0 0 1 0 0  
3929      00h 1 24h 24h 0 1 0 0 1 0 0  
3930      00h 1 24h 24h 0 1 0 0 1 0 0  
3931      00h 1 24h 24h 0 1 0 0 1 0 0  
3932      00h 1 24h 24h 0 1 0 0 1 0 0  
3933      00h 1 24h 24h 0 1 0 0 1 0 0  
3934      00h 1 24h 24h 0 1 0 0 1 0 0  
3935      00h 1 24h 24h 0 1 0 0 1 0 0  
3936      00h 1 24h 24h 0 1 0 0 1 0 0  
3937      00h 1 24h 24h 0 1 0 0 1 0 0  
3938      00h 1 24h 24h 0 1 0 0 1 0 0  
3939      00h 1 24h 24h 0 1 0 0 1 0 0  
3940      00h 1 24h 24h 0 1 0 0 1 0 0  
3941      00h 1 24h 24h 0 1 0 0 1 0 0  
3942      00h 1 24h 24h 0 1 0 0 1 0 0  
3943      00h 1 24h 24h 0 1 0 0 1 0 0  
3944      00h 1 24h 24h 0 1 0 0 1 0 0  
3945      00h 1 24h 24h 0 1 0 0 1 0 0  
3946      00h 1 24h 24h 0 1 0 0 1 0 0  
3947      00h 1 24h 24h 0 1 0 0 1 0 0  
3948      00h 1 24h 24h 0 1 0 0 1 0 0  
3949      00h 1 24h 24h 0 1 0 0 1 0 0  
3950      00h 1 24h 24h 0 1 0 0 1 0 0  
3951      00h 1 24h 24h 0 1 0 0 1 0 0  
3952      00h 1 24h 24h 0 1 0 0 1 0 0  
3953      00h 1 24h 24h 0 1 0 0 1 0 0  
3954      00h 1 24h 24h 0 1 0 0 1 0 0  
3955      00h 1 24h 24h 0 1 0 0 1 0 0  
3956      00h 1 24h 24h 0 1 0 0 1 0 0  
3957      00h 1 24h 24h 0 1 0 0 1 0 0  
3958      00h 1 24h 24h 0 1 0 0 1 0 0  
3959      00h 1 24h 24h 0 1 0 0 1 0 0  
3960      00h 1 24h 24h 0 1 0 0 1 0 0  
3961      00h 1 24h 24h 0 1 0 0 1 0 0  
3962      00h 1 24h 24h 0 1 0 0 1 0 0  
3963      00h 1 24h 24h 0 1 0 0 1 0 0  
3964      00h 1 24h 24h 0 1 0 0 1 0 0  
3965      00h 1 24h 24h 0 1 0 0 1 0 0  
3966      00h 1 24h 24h 0 1 0 0 1 0 0  
3967      00h 1 24h 24h 0 1 0 0 1 0 0  
3968      00h 1 24h 24h 0 1 0 0 1 0 0  
3969      00h 1 24h 24h 0 1 0 0 1 0 0  
3970      00h 1 24h 24h 0 1 0 0 1 0 0  
3971      00h 1 24h 24h 0 1 0 0 1 0 0  
3972      00h 1 24h 24h 0 1 0 0 1 0 0  
3973      00h 1 24h 24h 0 1 0 0 1 0 0  
3974      00h 1 24h 24h 0 1 0 0 1 0 0  
3975      00h 1 24h 24h 0 1 0 0 1 0 0  
3976      00h 1 24h 24h 0 1 0 0 1 0 0  
3977      00h 1 24h 24h 0 1 0 0 1 0 0  
3978      00h 1 24h 24h 0 1 0 0 1 0 0  
3979      00h 1 24h 24h 0 1 0 0 1 0 0  
3980      00h 1 24h 24h 0 1 0 0 1 0 0  
3981      00h 1 24h 24h 0 1 0 0 1 0 0  
3982      00h 1 24h 24h 0 1 0 0 1 0 0  
3983      00h 1 24h 24h 0 1 0 0 1 0 0  
3984      00h 1 24h 24h 0 1 0 0 1 0 0  
3985      00h 1 24h 24h 0 1 0 0 1 0 0  
3986      00h 1 24h 24h 0 1 0 0 1 0 0  
3987      00h 1 24h 24h 0 1 0 0 1 0 0  
3988      00h 1 24h 24h 0 1 0 0 1 0 0  
3989      00h 1 24h 24h 0 1 0 0 1 0 0  
3990      00h 1 24h 24h 0 1 0 0 1 0 0  
3991      00h 1 24h 24h 0 1 0 0 1 0 0  
3992      00h 1 24h 24h 0 1 0 0 1 0 0  
3993      00h 1 24h 24h 0 1 0 0 1 0 0  
3994      00h 1 24h 24h 0 1 0 0 1 0 0  
3995      00h 1 24h 24h 0 1 0 0 1 0 0  
3996      00h 1 24h 24h 0 1 0 0 1 0 0  
3997      00h 1 24h 24h 0 1 0 0 1 0 0  
3998      00h 1 24h 24h 0 1 0 0 1 0 0  
3999      00h 1 24h 24h 0 1 0 0 1 0 0  
4000      00h 1 24h 24h 0 1 0 0 1 0 0  
4001      00h 1 24h 24h 0 1 0 0 1 0 0  
4002      00h 1 24h 24h 0 1 0 0 1 0 0  
4003      00h 1 24h 24h 0 1 0 0 1 0 0  
4004      00h 1 24h 24h 0 1 0 0 1 0 0  
4005      00h 1 24h 24h 0 1 0 0 1 0 0  
4006      00h 1 24h 24h 0 1 0 0 1 0 0  
4007      00h 1 24h 24h 0 1 0 0 1 0 0  
4008      00h 1 24h 24h 0 1 0 0 1 0 0  
4009      00h 1 24h 24h 0 1 0 0 1 0 0  
4010      00h 1 24h 24h 0 1 0 0 1 0 0  
4011      00h 1 24h 24h 0 1 0 0 1 0 0  
4012      00h 1 24h 24h 0 1 0 0 1 0 0  
4013      00h 1 24h 24h 0 1 0 0 1 0 0  
4014      00h 1 24h 24h 0 1 0 0 1 0 0  
4015      00h 1 24h 24h 0 1 0 0 1 0 0  
4016      00h 1 24h 24h 0 1 0 0 1 0 0  
4017      00h 1 24h 24h 0 1 0 0 1 0 0  
4018      00h 1 24h 24h 0 1 0 0 1 0 0  
4019      00h 1 24h 24h 0 1 0 0 1 0 0  
4020      00h 1 24h 24h 0 1 0 0 1 0 0  
4021      00h 1 24h 24h 0 1 0 0 1 0 0  
4022      00h 1 24h 24h 0 1 0 0 1 0 0  
4023      00h 1 24h 24h 0 1 0 0 1 0 0  
4024      00h 1 24h 24h 0 1 0 0 1 0 0  
4025      00h 1 24h 24h 0 1 0 0 1 0 0  
4026      00h 1 24h 24h 0 1 0 0 1 0 0  
4027      00h 1 24h 24h 0 1 0 0 1 0 0  
4028      00h 1 24h 24h 0 1 0 0 1 0 0  
4029      00h 1 24h 24h 0 1 0 0 1 0 0  
4030      00h 1 24h 24h 0 1 0 0 1 0 0  
4031      00h 1 24h 24h 0 1 0 0 1 0 0  
4032      00h 1 24h 24h 0 1 0 0 1 0 0  
4033      00h 1 24h 24h 0 1 0 0 1 0 0  
4034      00h 1 24h 24h 0 1 0 0 1 0 0  
4035      00h 1 24h 24h 0 1 0 0 1 0 0  
4036      00h 1 24h 24h 0 1 0 0 1 0 0  
4037      00h 1 24h 24h 0 1 0 0 1 0 0  
4038      00h 1 24h 24h 0 1 0 0 1 0 0  
4039      00h 1 24h 24h 0 1 0 0 1 0 0  
4040      00h 1 24h 24h 0 1 0 0 1 0 0  
4041      00h 1 24h 24h 0 1 0 0 1 0 0  
4042      00h 1 24h 24h 0 1 0 0 1 0 0  
4043      00h 1 24h 24h 0 1 0 0 1 0 0  
4044      00h 1 24h 24h 0 1 0 0 1 0 0  
4045      00h 1 24h 24h 0 1 0 0 1 0 0  
4046      00h 1 24h 24h 0 1 0 0 1 0 0  
4047      00h 1 24h 24h 0 1 0 0 1 0 0  
4048      00h 1 24h 24h 0 1 0 0 1 0 0  
4049      00h 1 24h 24h 0 1 0 0 1 0 0  
4050      00h 1 24h 24h 0 1 0 0 1 0 0  
4051      00h 1 24h 24h 0 1 0 0 1 0 0  
4052      00h 1 24h 24h 0 1 0 0 1 0 0  
4053      00h 1 24h 24h 0 1 0 0 1 0 0  
4054      00h 1 24h 24h 0 1 0 0 1 0 0  
4055      00h 1 24h 24h 0 1 0 0 1 0 0  
4056      00h 1 24h 24h 0 1 0 0 1 0 0  
4057      00h 1 24h 24h 0 1 0 0 1 0 0  
4058      00h 1 24h 24h 0 1 0 0 1 0 0  
4059      00h 1 24h 24h 0 1 0 0 1 0 0  
4060      00h 1 24h 24h 0 1 0 0 1 0 0  
4061      00h 1 24h 24h 0 1 0 0 1 0 0  
4062      00h 1 24h 24h 0 1 0 0 1 0 0  
4063      00h 1 24h 24h 0 1 0 0 1 0 0  
4064      00h 1 24h 24h 0 1 0 0 1 0 0  
4065      00h 1 24h 24h 0 1 0 0 1 0 0  
4066      00h 1 24h 24h 0 1 0 0 1 0 0  
4067      00h 1 24h 24h 0 1 0 0 1 0 0  
4068      00h 1 24h 24h 0 1 0 0 1 0 0  
4069      00h 1 24h 24h 0 1 0 0 1 0 0  
4070      00h 1 24h 24h 0 1 0 0 1 0 0  
4071      00h 1 24h 24h 0 1 0 0 1 0 0  
4072      00h 1 24h 24h 0 1 0 0 1 0 0  
4073      00h 1 24h 24h 0 1 0 0 1 0 0  
4074      00h 1 24h 24h 0 1 0 0 1 0 0  
4075      00h 1 24h 24h 0 1 0 0 1 0 0  
4076      00h 1 24h 24h 0 1 0 0 1 0 0  
4077      00h 1 24h 24h 0 1 0 0 1 0 0  
4078      00h 1 24h 24h 0 1 0 0 1 0 0  
4079      00h 1 24h 24h 0 1 0 0 1 0 0  
4080      00h 1 24h 24h 0 1 0 0 1 0 0  
4081      00h 1 24h 24h 0 1 0 0 1 0 0  
4082      00h 1 24h 24h 0 1 0 0 1 0 0  
4083      00h 1 24h 24h 0 1 0 0 1 0 0  
4084      00h 1 24h 24h 0 1 0 0 1 0 0  
4085      00h 1 24h 24h 0 1 0 0 1 0 0  
4086      00h 1 24h 24h 0 1 0 0 1 0 0  
4087      00h 1 24h 24h 0 1 0 0 1 0 0  
4088      00h 1 24h 24h 0 1 0 0 1 0 0  
4089      00h 1 24h 24h 0 1 0 0 1 0 0  
4090      00h 1 24h 24h 0 1 0 0 1 0 0  
4091      00h 1 24h 24h 0 1 0 0 1 0 0  
4092      00h 1 24h 24h 0 1 0 0 1 0 0  
4093      00h 1 24h 24h 0 1 0 0 1 0 0  
4094      00h 1 24h 24h 0 1 0 0 1 0 0  
4095      00h 1 24h 24h 0 1 0 0 1 0 0  
4096      00h 1 24h 24h 0 1 0 0 1 0 0  
4097      00h 1 24h 24h 0 1 0 0 1 0 0  
4098      00h 1 24h 24h 0 1 0 0 1 0 0  
4099      00h 1 24h 24h 0 1 0 0 1 0 0  
4100      00h 1 24h 24h 0 1 0 0 1 0 0  
4101      00h 1 24h 24h 0 1 0 0 1 0 0  
4102      00h 1 24h 24h 0 1 0 0 1 0 0  
4103      00h 1 24h 24h 0 1 0 0 1 0 0  
4104      00h 1 24h 24h 0 1 0 0 1 0 0  
4105      00h 1 24h 24h 0 1 0 0 1 0 0  
4106      00h 1 24h 24h 0 1 0 0 1 0 0  
4107      00h 1 24h 24h 0 1 0 0 1 0 0  
4108      00h 1 24h 24h 0 1 0 0 1 0 0  
4109      00h 1 24h 24h 0 1 0 0 1 0 0  
4110      00h 1 24h 24h 0 1 0 0 1 0 0  
4111      00h 1 24h 24h 0 1 0 0 1 0 0  
4112      00h 1 24h 24h 0 1 0 0 1 0 0  
4113      00h 1 24h 24h 0 1 0 0 1 0 0  
4114      00h 1 24h 24h 0 1 0 0 1 0 0  
4115      00h 1 24h 24h 0 1 0 0 1 0 0  
4116      00h 1 24h 24h 0 1 0 0 1 0 0  
4117      00h 1 24h 24h 0 1 0 0 1 0 0  
4118      00h 1 24h 24h 0 1 0 0 1 0 0  
4119      00h 1 24h 24h 0 1 0 0 1 0 0  
4120      00h 1 24h 24h 0 1 0 0 1 0 0  
4121      00h 1 24h 24h 0 1 0 0 1 0 0  
4122      00h 1 24h 24h 0 1 0 0 1 0 0  
4123      00h 1 24h 24h 0 1 0 0 1 0 0  
4124      00h 1 24h 24h 0 1 0 0 1 0 0  
4125      00h 1 24h 24h 0 1 0 0 1 0 0  
4126      00h 1 24h 24h 0 1 0 0 1 0 0  
4127      00h 1 24h 24h 0 1 0 0 1 0 0  
4128      00h 1 24h 24h 0 1 0 0 1 0 0  
4129      00h 1 24h 24h 0 1 0 0 1 0 0  
4130      00h 1 24h 24h 0 1 0 0 1 0 0  
4131      00h 1 24h 24h 0 1 0 0 1 0 0  
4132      00h 1 24h 24h 0 1 0 0 1 0 0  
4133      00h 1 24h 24h 0 1 0 0 1 0 0  
4134      00h 1 24h 24h 0 1 0 0 1 0 0  
4135      00h 1 24h 24h 0 1 0 0 1 0 0  
4136      00h 1 24h 24h 0 1 0 0 1 0 0  
4137      00h 1 24h 24h 0 1 0 0 1 0 0  
4138      00h 1 24h 24h 0 1 0 0 1 0 0  
4139      00h 1 24h 24h 0 1 0 0 1 0 0  
4140      00h 1 24h 24h 0 1 0 0 1 0 0  
4141      00h 1 24h 24h 0 1 0 0 1 0 0  
4142      00h 1 24h 24h 0 1 0 0 1 0 0  
4143      00h 1 24h 24h 0 1 0 0 1 0 0  
4144      00h 1 24h 24h 0 1 0 0 1 0 0  
4145      00h 1 24h 24h 0 1 0 0 1 0 0  
4146      00h 1 24h 24h 0 1 0 0 1 0 0  
4147      00h 1 24h 24h 0 1 0 0 1 0 0  
4148      00h 1 24h 24h 0 1 0 0 1 0 0  
4149      00h 1 24h 24h 0 1 0 0 1 0 0  
4150      00h 1 24h 24h 0 1 0 0 1 0 0  
4151      00h 1 24h 24h 0 1 0 0 1 0 0  
4152      00h 1 24h 24h 0 1 0 0 1 0 0  
4153      00h 1 24h 24h 0 1 0 0 1 0 0  
4154      00h 1 24h 24h 0 1 0 0 1 0 0  
4155      00h 1 24h 24h 0 1 0 0 1 0 0  
4156      00h 1 24h 24h 0 1 0 0 1 0 0  
4157      00h 1 24h 24h 0 1 0 0 1 0 0  
4158      00h 1 24h 24h 0 1 0 0 1 0 0  
4159      00h 1 24h 24h 0 1 0 0 1 0 0  
4160      00h 1 24h 24h 0 1 0 0 1 0 0  
4161      00h 1 24h 24h 0 1 0 0 1 0 0  
4162      00h 1 24h 24h 0 1 0 0 1 0 0  
4163      00h 1 24h 24h 0 1 0 0 1 0 0  
4164      00h 1 24h 24h 0 1 0 0 1 0 0  
4165      00h 1 24h 24h 0 1 0 0 1 0 0  
4166      00h 1 24h 24h 0 1 0 0 1 0 0  
4167      00h 1 24h 24h 0 1 0 0 1 0 0  
4168      00h 1 24h 24h 0 1 0 0 1 0 0  
4169      00h 1 24h 24h 0 1 0 0 1 0 0  
4170      00h 1 24h 24h 0 1 0 0 1 0 0  
4171      00h 1 24h 24h 0 1 0 0 1 0 0  
4172      00h 1 24h 24h 0 1 0 0 1 0 0  
4173      00h 1 24h 24h 0 1 0 0 1 0 0  
4174      00h 1 24h 24h 0 1 0 0 1 0 0  
4175      00h 1 24h 24h 0 1 0 0 1 0 0  
4176      00h 1 24h 24h 0 1 0 0 1 0 0  
4177      00h 1 24h 24h 0 1 0 0 1 0 0  
4178      00h 1 24h 24h 0 1 0 0 1 0 0  
4179      00h 1 24h 24h 0 1 0 0 1 0 0  
4180      00h 1 24h 24h 0 1 0 0 1 0 0  
4181      00h 1 24h 24h 0 1 0 0 1 0 0  
4182      00h 1 24h 24h 0 1 0 0 1 0 0  
4183      00h 1 24h 24h 0 1 0 0 1 0 0  
4184      00h 1 24h 24h 0 1 0 0 1 0 0  
4185      00h 1 24h 24h 0 1 0 0 1 0 0  
4186      00h 1 24h 24h 0 1 0 0 1 0 0  
4187      00h 1 24h 24h 0 1 0 0 1 0 0  
4188      00h 1 24h 24h 0 1 0 0 1 0 0  
4189      00h 1 24h 24h 0 1 0 0 1 0 0  
4190      00h 1 24h 24h 0 1 0 0 1 0 0  
4191      00h 1 24h 24h 0 1 0 0 1 0 0  
4192      00h 1 24h 24h 0 1 0 0 1 0 0  
4193      00h 1 24h 24h 0 1 0 0 1 0 0  
4194      00h 1 24h 24h 0 1 0 0 1 0 0  
4195      00h 1 24h 24h 0 1 0 0 1 0 0  
4196      00h 1 24h 24h 0 1 0 0 1 0 0  
4197      00h 1 24h 24h 0 1 0 0 1 0 0  
4198      00h 1 24h 24h 0 1 0 0 1 0 0  
4199      00h 1 24h 24h 0 1 0 0 1 0 0  
4200      00h 1 24h 24h 0 1 0 0 1 0 0  
4201      00h 1 24h 24h 0 1 0 0 1 0 0  
4202      00h 1 24h 24h 0 1 0 0 1 0 0  
4203      00h 1 24h 24h 0 1 0 0 1 0 0  
4204      00h 1 24h 24h 0 1 0 0 1 0 0  
4205      00h 1 24h 24h 0 1 0 0 1 0 0  
4206      00h 1 24h 24h 0 1 0 0 1 0 0  
4207      00h 1 24h 24h 0 1 0 0 1 0 0  
4208      00h 1 24h 24h 0 1 0 0 1 0 0  
4209      00h 1 24h 24h 0 1 0 0 1 0 0  
4210      00h 1 24h 24h 0 1 0 0 1 0 0  
4211      00h 1 24h 24h 0 1 0 0 1 0 0  
4212      00h 1 24h 24h 0 1 0 0 1 0 0  
4213      00h 1 24h 24h 0 1 0 0 1 0 0  
4214      00h 1 24h 24h 0 1 0 0 1 0 0  
4215      00h 1 24h 24h 0 1 0 0 1 0 0  
4216      00h 1 24h 24h 0 1 0 0 1 0 0  
4217      00h 1 24h 24h 0 1 0 0 1 0 0  
4218      00h 1 24h 24h 0 1 0 0 1 0 0  
4219      00h 1 24h 24h 0 1 0 0 1 0 0  
4220      00h 1 24h 24h 0 1 0 0 1 0 0  
4221      00h 1 24h 24h 0 1 0 0 1 0 0  
4222      00h 1 24h 24h 0 1 0 0 1 0 0  
4223      00h 1 24h 24h 0 1 0 0 1 0 0  
4224      00h 1 24h 24h 0 1 0 0 1 0 0  
4225      00h 1 24h 24h 0 1 0 0 1 0 0  
4226      00h 1 24h 24h 0 1 0 0 1 0 0  
4227      00h 1 24h 24h 0 1 0 0 1 0 0  
4228      00h 1 24h 24h 0 1 0 0 1 0 0  
4229      00h 1 24h 24h 0 1 0 0 1 0 0  
4230      00h 1 24h 24h 0 1 0 0 1 0 0  
4231      00h 1 24h 24h 0 1 0 0 1 0 0  
4232      00h 1 24h 24h 0 1 0 0 1 0 0  
4233      00h 1 24h 24h 0 1 0 0 1 0 0  
4234      00h 1 24h 24h 0 1 0 0 1 0 0  
4235      00h 1 24h 24h 0 1 0 0 1 0 0  
4236      00h 1 24h 24h 0 1 0 0 1 0 0  
4237      00h 1 24h 24h 0 1 0 0 1 0 0  
4238      00h 1 24h 24h 0 1 0 0 1 0 0  
4239      00h 1 24h 24h 0 1 0 0 1 0 0  
4240      00h 1 24h 24h 0 1 0 0 1 0 0  
4241      00h 1 24h 24h 0 1 0 0 1 0 0  
4242      00h 1 24h 24h 0 1 0 0 1 0 0  
4243      00h 1 24h 24h 0 1 0 0 1 0 0  
4244      00h 1 24h 24h 0 1 0 0 1 0 0  
4245      00h 1 24h 24h 0 1 0 0 1 0 0  
4246      00h 1 24h 24h 0 1 0 0 1 0 0  
4247      00h 1 24h 24h 0 1 0 0 1 0 0  
4248      00h 1 24h 24h 0 1 0 0 1 0 0  
4249      00h 1 24h 24h 0 1 0 0 1 0 0  
4250      00h 1 24h 24h 0 1 0 0 1 0 0  
4251      00h 1 24h 24h 0 1 0 0 1 0 0  
4252      00h 1 24h 24h 0 1 0 0 1 0 0  
4253      00h 1 24h 24h 0 1 0 0 1 0 0  
4254      00h 1 24h 24h 0 1 0 0 1 0 0  
4255      00h 1 24h 24h 0 1 0 0 1 0 0  
4256      00h 1 24h 24h 0 1 0 0 1 0 0  
4257      00h 1 24h 24h 0 1 0 0 1 0 0  
4258      00h 1 24h 24h 0 1 0 0 1 0 0  
4259      00h 1 24h 24h 0 1 0 0 1 0 0  
4260      00h 1 24h 24h 0 1 0 0 1 0 0  
4261      00h 1 24h 24h 0 1 0 0 1 0 0  
4262      00h 1 24h 24h 0 1 0 0 1 0 0  
4263      00h 1 24h 24h 0 1 0 0 1 0 0  
4264      00h 1 24h 24h 0 1 0 0 1 0 0  
4265      00h 1 24h 24h 0 1 0 0 1 0 0  
4266      00h 1 24h 24h 0 1 0 0 1 0 0  
4267      00h 1 24h 24h 0 1 0 0 1 0 0  
4268      00h 1 24h 24h 0 1 0 0 1 0 0  
4269      00h 1 24h 24h 0 1 0 0 1 0 0  
4270      00h 1 24h 24h 0 1 0 0 1 0 0  
4271      00h 1 24h 24h 0 1 0 0 1 0 0  
4272      00h 1 24h 24h 0 1 0 0 1 0 0  
4273      00h 1 24h 24h 0 1 0 0 1 0 0  
4274      00h 1 24h 24h 0 1 0 0 1 0 0  
4275      00h 1 24h 24h 0 1 0 0 1 0 0  
4276      00h 1 24h 24h 0 1 0 0 1 0 0  
4277      00h 1 24h 24h 0 1 0 0 1 0 0  
4278      00h 1 24h 24h 0 1 0 0 1 0 0  
4279      00h 1 24h 24h 0 1 0 0 1 0 0  
4280      00h 1 24h 24h 0 1 0 0 1 0 0  
4281      00h 1 24h 24h 0 1 0 0 1 0 0  
4282      00h 1 24h 24h 0 1 0 0 1 0 0  
4283      00h 1 24h 24h 0 1 0 0 1 0 0  
4284      00h 1 24h 24h 0 1 0 0 1 0 0  
4285      00h 1 24h 24h 0 1 0 0 1 0 0  
4286      00h 1 24h 24h 0 1 0 0 1 0 0  
4287      00h 1 24h 24h 0 1 0 0 1 0 0  
4288      00h 1 24h 24h 0 1 0 0 1 0 0  
4289      00h 1 24h 24h 0 1 0 0 1 0 0  
4290      00h 1 24h 24h 0 1 0 0 1 0 0  
4291      00h 1 24h 24h 0 1 0 0 1 0 0  
4292      00h 1 24h 24h 0 1 0 0 1 0 0  
4293      00h 1 24h 24h 0 1 0 0 1 0 0  
4294      00h 1 24h 24h 0 1 0 0 1 0 0  
4295      00h 1 24h 24h 0 1 0 0 1 0 0  
4296      00h 1 24h 24h 0 1 0 0 1 0 0  
4297      00h 1 24h 24h 0 1 0 0 1 0 0  
4298      00h 1 24h 24h 0 1 0 0 1 0 0  
4299      00h 1 24h 24h 0 1 0 0 1 0 0  
4300      00h 1 24h 24h 0 1 0 0 1 0 0  
4301      00h 1 24h 24h 0 1 0 0 1 0 0  
4302      00h 1 24h 24h 0 1 0 0 1 0 0  
4303      00h 1 24h 24h 0 1 0 0 1 0 0  
4304      00h 1 24h 24h 0 1 0 0 1 0 0  
4305      00h 1 24h 24h 0 1 0 0 1 0 0  
4306      00h 1 24h 24h 0 1 0 0 1 0 0  
4307      00h 1 24h 24h 0 1 0 0 1 0 0  
4308      00h 1 24h 24h 0 1 0 0 1 0 0  
4309      00h 1 24h 24h 0 1 0 0 1 0 0  
4310      00h 1 24h 24h 0 1 0 0 1 0 0  
4311      00h 1 24h 24h 0 1 0 0 1 0 0  
4312      00h 1 24h 24h 0 1 0 0 1 0 0  
4313      00h 1 24h 24h 0 1 0 0 1 0 0  
4314      00h 1 24h 24h 0 1 0 0 1 0 0  
4315      00h 1 24h 24h 0 1 0 0 1 0 0  
4316      00h 1 24h 24h 0 1 0 0 1 0 0  
4317      00h 1 24h 24h 0 1 0 0 1 0 0  
4318      00h 1 24h 24h 0 1 0 0 1 0 0  
4319      00h 1 24h 24h 0 1 0 0 1 0 0  
4320      00h 1 24h 24h 0 1 0 0 1 0 0  
4321      00h 1 24h 24h 0 1 0 0 1 0 0  
4322      00h 1 24h 24h 0 1 0 0 1 0 0  
4323      00h 1 24h 24h 0 1 0 0 1 0 0  
4324      00h 1 24h 24h 0 1 0 0 1 0 0  
4325      00h 1 24h 24h 0 1 0 0 1 0 0  
4326      00h 1 24h 24h 0 1 0 0 1 0 0  
4327      00h 1 24h 24h 0 1 0 0 1 0 0  
4328      00h 1 24h 24h 0 1 0 0 1 0 0  
4329      00h 1 24h 24h 0 1 0 0 1 0 0  
4330      00h 1 24h 24h 0 1 0 0 1 0 0  
4331      00h 1 24h 24h 0 1 0 0 1 0 0  
4332      00h 1 24h 24h 0 1 0 0 1 0 0  
4333      00h 1 24h 24h 0 1 0 0 1 0 0  
4334      00h 1 24h 24h 0 1 0 0 1 0 0  
4335      00h 1 24h 24h 0 1 0 0 1 0 0  
4336      00h 1 24h 24h 0 1 0 0 1 0 0  
4337      00h 1 24h 24h 0 1 0 0 1 0 0  
4338      00h 1 24h 24h 0 1 0 0 1 0 0  
4339      00h 1 24h 24h 0 1 0 0 1 0 0  
4340      00h 1 24h 24h 0 1 0 0 1 0 0  
4341      00h 1 24h 24h 0 1 0 0 1 0 0  
4342      00h 1 24h 24h 0 1 0 0 1 0 0  
4343      00h 1 24h 24h 0 1 0 0 1 0 0  
4344      00h 1 24h 24h 0 1 0 0 1 0 0  
4345      00h 1 24h 24h 0 1 0 0 1 0 0  
4346      00h 1 24h 24h 0 1 0 0 1 0 0  
4347      00h 1 24h 24h 0 1 0 0 1 0 0  
4348      00h 1 24h 24h 0 1 0 0 1 0 0  
4349      00h 1 24h 24h 0 1 0 0 1 0 0  
4350      00h 1 24h 24h 0 1 0 0 1 0 0  
4351      00h 1 24h 24h 0 1 0 0 1 0 0  
4352      00h 1 24h 24h 0 1 0 0 1 0 0  
4353      00h 1 24h 24h 0 1 0 0 1 0 0  
4354      00h 1 24h 24h 0 1 0 0 1 0 0  
4355      00h 1 24h 24h 0 1 0 0 1 0 0  
4356      00h 1 24h 24h 0 1 0 0 1 0 0  
4357      00h 1 24h 24h 0 1 0 0 1 0 0  
4358      00h 1 24h 24h 0 1 0 0 1 0 0  
4359      00h 1 24h 24h 0 1 0 0 1 0 0  
4360      00h 1 24h 24h 0 1 0 0 1 0 0  
4361      00h 1 24h 24h 0 1 0 0 1 0 0  
4362      00h 1 24h 24h 0 1 0 0 1 0 0  
4363      00h 1 24h 24h 0 1 0 0 1 0 0  
4364      00h 1 24h 24h 0 1 0 0 1 0 0  
4365      00h 1 24h 24h 0 1 0 0 1 0 0  
4366      00h 1 24h 24h 0 1 0 0 1 0 0  
4367      00h 1 24h 24h 0 1 0 0 1 0 0  
4368      00h 1 24h 24h 0 1 0 0 1 0 0  
4369      00h 1 24h 24h 0 1 0 0 1 0 0  
4370      00h 1 24h 24h 0 1 0 0 1 0 0  
4371      00h 1 24h 24h 0 1 0 0 1 0 0  
4372      00h 1 24h 24h 0 1 0 0 1 0 0  
4373      00h 1 24h 24h 0 1 0 0 1 0 0  
4374      00h 1 24h 24h 0 1 0 0 1 0 0  
4375      00h 1 24h 24h 0 1 0 0 1 0 0  
4376      00h 1 24h 24h 0 1 0 0 1 0 0  
4377      00h 1 24h 24h 0 1 0 0 1 0 0  
4378      00h 1 24h 24h 0 1 0 0 1 0 0  
4379      00h 1 24h 24h 0 1 0 0 1 0 0  
4380      00h 1 24h 24h 0 1 0 0 1 0 0  
4381      00h 1 24h 24h 0 1 0 0 1 0 0  
4382      00h 1 24h 24h 0 1 0 0 1 0 0  
4383      00h 1 24h 24h 0 1 0 0 1 0 0  
4384      00h 1 24h 24h 0 1 0 0 1 0 0  
4385      00h 1 24h 24h 0 1 0 0 1 0 0  
4386      00h 1 24h 24h 0 1 0 0 1 0 0  
4387      00h 1 24h 24h 0 1 0 0 1 0 0  
4388      00h 1 24h 24h 0 1 0 0 1 0 0  
4389      00h 1 24h 24h 0 1 0 0 1 0 0  
4390      00h 1 24h 24h 0 1 0 0 1 0 0  
4391      00h 1 24h 24h 0 1 0 0 1 0 0  
4392      00h 1 24h 24h 0 1 0 0 1 0 0  
4393      00h 1 24h 24h 0 1 0 0 1 0 0  
4394      00h 1 24h 24h 0 1 0 0 1 0 0  
4395      00h 1 24h 24h 0 1 0 0 1 0 0  
4396      00h 1 24h 24h 0 1 0 0 1 0 0  
4397      00h 1 24h 24h 0 1 0 0 1 0 0  
4398      00h 1 24h 24h 0 1 0 0 1 0 0  
4399      00h 1 24h 24h 0 1 0 0 1 0 0  
4400      00h 1 24h 24h 0 1 0 0 1 0 0  
4401      00h 1 24h 24h 0 1 0 0 1 0 0  
4402      00h 1 24h 24h 0 1 0 0 1 0 0  
4403      00h 1 24h 24h 0 1 0 0 1 0 0  
4404      00h 1 24h 24h 0 1 0 0 1 0 0  
4405      00h 1 24h 24h 0 1 0 0 1 0 0  
4406      00h 1 24h 24h 0 1 0 0 1 0 0  
4407      00h 1 24h 24h 0 1 0 0 1 0 0  
4408      00h 1 24h 24h 0 1 0 0 1 0 0  
4409      00h 1 24h 24h 0 1 0 0 1 0 0  
4410      00h 1 24h 24h 0 1 0 0 1 0 0  
4411      00h 1 24h 24h 0 1 0 0 1 0 0  
4412      00h 1 24h 24h 0 1 0 0 1 0 0  
4413      00h 1 24h 24h 0 1 0 0 1 0 0  
4414      00h 1 24h 24h 0 1 0 0 1 0 0  
4415      00h 1 24h 24h 0 1 0 0 1 0 0  
4416      00h 1 24h 24h 0 1 0 0 1 0 0  
4417      00h 1 24h 24h 0 1 0 0 1 0 0  
4418      00h 1 24h 24h 0 1 0 0 1 0 0  
4419      00h 1 24h 24h 0 1 0 0 1 0 0  
4420      00h 1 24h 24h 0 1 0 0 1 0 0  
4421      00h 1 24h 24h 0 1 0 0 1 0 0  
4422      00h 1 24h 24h 0 1 0 0 1 0 0  
4423      00h 1 24h 24h 0 1 0 0 1 0 0  
4424      00h 1 24h 24h 0 1 0 0 1 0 0  
4425      00h 1 24h 24h 0 1 0 0 1 0 0  
4426      00h 1 24h 24h 0 1 0 0 1 0 0  
4427      00h 1 24h 24h 0 1 0 0 1 0 0  
4428      00h 1 24h 24h 0 1 0 0 1 0 0  
4429      00h 1 24h 24h 0 1 0 0 1 0 0  
4430      00h 1 24h 24h 0 1 0 0 1 0 0  
4431      00h 1 24h 24h 0 1 0 0 1 0 0  
4432      00h 1 24h 24h 0 1 0 0 1 0 0  
4433      00h 1 24h 24h 0 1 0 0 1 0 0  
4434      00h 1 24h 24h 0 1 0 0 1 0 0  
4435      00h 1 24h 24h 0 1 0 0 1 0 0  
4436      00h 1 24h 24h 0 1 0 0 1 0 0  
4437      00h 1 24h 24h 0 1 0 0 1 0 0  
4438      00h 1 24h 24h 0 1 0 0 1 0 0  
4439      00h 1 24h 24h 0 1 0 0 1 0 0  
4440      00h 1 24h 24h 0 1 0 0 1 0 0  
4441      00h 1 24h 24h 0 1 0 0 1 0 0  
4442      00h 1 24h 24h 0 1 0 0 1 0 0  
4443      00h 1 24h 24h 0 1 0 0 1 0 0  
4444      00h 1 24h 24h 0 1 0 0 1 0 0  
4445      00h 1 24h 24h 0 1 0 0 1 0 0  
4446      00h 1 24h 24h 0 1 0 0 1 0 0  
4447      00h 1 24h 24h 0 1 0 0 1 0 0  
4448      00h 1 24h 24h 0 1 0 0 1 0 0  
4449      00h 1 24h 24h 0 1 0 0 1 0 0  
4450      00h 1 24h 24h 0 1 0 0 1 0 0  
4451      00h 1 24h 24h 0 1 0 0 1 0 0  
4452      00h 1 24h 24h 0 1 0 0 1 0 0  
4453      00h 1 24h 24h 0 1 0 0 1 0 0  
4454      00h 1 24h 24h 0 1 0 0 1 0 0  
4455      00h 1 24h 24h 0 1 0 0 1 0 0  
4456      00h 1 24h 24h 0 1 0 0 1 0 0  
4457      00h 1 24h 24h 0 1 0 0 1 0 0  
4458      00h 1 24h 24h 0 1 0 0 1 0 0  
4459      00h 1 24h 24h 0 1 0 0 1 0 0  
4460      00h 1 24h 24h 0 1 0 0 1 0 0  
4461      00h 1 24h 24h 0 1 0 0 1 0 0  
4462      00h 1 24h 24h 0 1 0 0 1 0 0  
4463      00h 1 24h 24h 0 1 0 0 1 0 0  
4464      00h 1 24h 24h 0 1 0 0 1 0 0  
4465      00h 1 24h 24h 0 1 0 0 1 0 0  
4466      00h 1 24h 24h 0 1 0 0 1 0 0  
4467      00h 1 24h 24h 0 1 0 0 1 0 0  
4468      00h 1 24h 24h 0 1 0 0 1 0 0  
4469      00h 1 24h 24h 0 1 0 0 1 0 0  
4470      00h 1 24h 24h 0 1 0 0 1 0 0  
4471      00h 1 24h 24h 0 1 0 0 1 0 0  
4472      00h 1 24h 24h 0 1 0 0 1 0 0  
4473      00h 1 24h 24h 0 1 0 0 1 0 0  
4474      00h 1 24h 24h 0 1 0 0 1 0 0  
4475      00h 1 24h 24h 0 1 0 0 1 0 0  
4476      00h 1 24h 24h 0 1 0 0 1 0 0  
4477      00h 1 24h 24h 0 1 0 0 1 0 0  
4478      00h 1 24h 24h 0 1 0 0 1 0 0  
4479      00h 1 24h 24h 0 1 0 0 1 0 0  
4480      00h 1 24h 24h 0 1 0 0 1 0 0  
4481      00h 1 24h 24h 0 1 0 0 1 0 0  
4482      00h 1 24h 24h 0 1 0 0 1 0 0  
4483      00h 1 24h 24h 0 1 0 0 1 0 0  
4484      00h 1 24h 24h 0 1 0 0 1 0 0  
4485      00h 1 24h 24h 0 1 0 0 1 0 0  
4486      00h 1 24h 24h 0 1 0 0 1 0 0  
4487      00h 1 24h 24h 0 1 0 0 1 0 0  
4488      00h 1 24h 24h 0 1 0 0 1 0 0  
4489      00h 1 24h 24h 0 1 0 0 1 0 0  
4490      00h 1 24h 24h 0 1 0 0 1 0 0  
4491      00h 1 24h 24h 0 1 0 0 1 0 0  
4492      00h 1 24h 24h 0 1 0 0 1 0 0  
4493      00h 1 24h 24h 0 1 0 0 1 0 0  
4494      00h 1 24h 24h 0 1 0 0 1 0 0  
4495      00h 1 24h 24h 0 1 0 0 1 0 0  
4496      00h 1 24h 24h 0 1 0 0 1 0 0  
4497      00h 1 24h 24h 0 1 0 0 1 0 0  
4498      00h 1 24h 24h 0 1 0 0 1 0 0  
4499      00h 1 24h 24h 0 1 0 0 1 0 0  
4500      00h 1 24h 24h 0 1 0 0 1 0 0  
4501      00h 1 24h 24h 0 1 0 0 1 0 0  
4502      00h 1 24h 24h 0 1 0 0 1 0 0  
4503      00h 1 24h 24h 0 1 0 0 1 0 0  
4504      00h 1 24h 24h 0 1 0 0 1 0 0  
4505      00h 1 24h 24h 0 1 0 0 1 0 0  
4506      00h 1 24h 24h 0 1 0 0 1 0 0  
4507      00h 1 24h 24h 0 1 0 0 1 0 0  
4508      00h 1 24h 24h 0 1 0 0 1 0 0  
4509      00h 1 24h 24h 0 1 0 0 1 0 0  
4510      00h 1 24h 24h 0 1 0 0 1 0 0  
4511      00h 1 24h 24h 0 1 0 0 1 0 0  
4512      00h 1 24h 24h 0 1 0 0 1 0 0  
4513      00h 1 24h 24h 0 1 0 0 1 0 0  
4514      00h 1 24h 24h 0 1 0 0 1 0 0  
4515      00h 1 24h 24h 0 1 0 0 1 0 0  
4516      00h 1 24h 24h 0 1 0 0 1 0 0  
4517      00h 1 24h 24h 0 1 0 0 1 0 0  
4518      00h 1 24h 24h 0 1 0 0 1 0 0  
4519      00h 1 24h 24h 0 1 0 0 1 0 0  
4520      00h 1 24h 24h 0 1 0 0 1 0 0  
4521      00h 1 24h 24h 0 1 0 0 1 0 0  
4522      00h 1 24h 24h 0 1 0 0 1 0 0  
4523      00h 1 24h 24h 0 1 0 0 1 0 0  
4524      00h 1 24h 24h 0 1 0 0 1 0 0  
4525      00h 1 24h 24h 0 1 0 0 1 0 0  
4526      00h 1 24h 24h 0 1 0 0 1 0 0  
4527      00h 1 24h 24h 0 1 0 0 1 0 0  
4528      00h 1 24h 24h 0 1 0 0 1 0 0  
4529      00h 1 24h 24h 0 1 0 0 1 0 0  
4530      00h 1 24h 24h 0 1 0 0 1 0 0  
4531      00h 1 24h 24h 0 1 0 0 1 0 0  
4532      00h 1 24h 24h 0 1 0 0 1 0 0  
4533      00h 1 24h 24h 0 1 0 0 1 0 0  
4534      00h 1 24h 24h 0 1 0 0 1 0 0  
4535      00h 1 24h 24h 0 1 0 0 1 0 0  
4536      00h 1 24h 24h 0 1 0 0 1 0 0  
4537      00h 1 24h 24h 0 1 0 0 1 0 0  
4538      00h 1 24h 24h 0 1 0 0 1 0 0  
4539      00h 1 24h 24h 0 1 0 0 1 0 0  
4540      00h 1 24h 24h 0 1 0 0 1 0 0  
4541      00h 1 24h 24h 0 1 0 0 1 0 0  
4542      00h 1 24h 24h 0 1 0 0 1 0 0  
4543      00h 1 24h 24h 0 1 0 0 1 0 0  
4544      00h 1 24h 24h 0 1 0 0 1 0 0  
4545      00h 1 24h 24h 0 1 0 0 1 0 0  
4546      00h 1 24h 24h 0 1 0 0 1 0 0  
4547      00h 1 24h 24h 0 1 0 0 1 0 0  
4548      00h 1 24h 24h 0 1 0 0 1 0 0  
4549      00h 1 24h 24h 0 1 0 0 1 0 0  
4550      00h 1 24h 24h 0 1 0 0 1 0 0  
4551      00h 1 24h 24h 0 1 0 0 1 0 0  
4552      00h 1 24h 24h 0 1 0 0 1 0 0  
4553      00h 1 24h 24h 0 1 0 0 1 0 0  
4554      00h 1 24h 24h 0 1 0 0 1 0 0  
4555      00h 1 24h 24h 0 1 0 0 1 0 0  
4556      00h 1 24h 24h 0 1 0 0 1 0 0  
4557      00h 1 24h 24h 0 1 0 0 1 0 0  
4558      00h 1 24h 24h 0 1 0 0 1 0 0  
4559      00h 1 24h 24h 0 1 0 0 1 0 0  
4560      00h 1 24h 24h 0 1 0 0 1 0 0  
4561      00h 1 24h 24h 0 1 0 0 1 0 0  
4562      00h 1 24h 24h 0 1 0 0 1 0 0  
4563      00h 1 24h 24h 0 1 0 0 1 0 0  
4564      00h 1 24h 24h 0 1 0 0 1 0 0  
4565      00h 1 24h 24h 0 1 0 0 1 0 0  
4566      00h 1 24h 24h 0 1 0 0 1 0 0  
4567      00h 1 24h 24h 0 1 0 0 1 0 0  
4568      00h 1 24h 24h 0 1 0 0 1 0 0  
4569      00h 1 24h 24h 0 1 0 0 1 0 0  
4570      00h 1 24h 24h 0 1 0 0 1 0 0  
4571      00h 1 24h 24h 0 1 0 0 1 0 0  
4572      00h 1 24h 24h 0 1 0 0 1 0 0  
4573      00h 1 24h 24h 0 1 0 0 1 0 0  
4574      00h 1 24h 24h 0 1 0 0 1 0 0  
4575      00h 1 24h 24h 0 1 0 0 1 0 0  
4576      00h 1 24h 24h 0 1 0 0 1 0 0  
4577      00h 1 24h 24h 0 1 0 0 1 0 0  
4578      00h 1 24h 24h 0 1 0 0 1 0 0  
4579      00h 1 24h 24h 0 1 0 0 1 0 0  
4580      00h 1 24h 24h 0 1 0 0 1 0 0  
4581      00h 1 24h 24h 0 1 0 0 1 0 0  
4582      00h 1 24h 24h 0 1 0 0 1 0 0  
4583      00h 1 24h 24h 0 1 0 0 1 0 0  
4584      00h 1 24h 24h 0 1 0 0 1 0 0  
4585      00h 1 24h 24h 0 1 0 0 1 0 0  
4586      00h 1 24h 24h 0 1 0 0 1 0 0  
4587      00h 1 24h 24h 0 1 0 0 1 0 0  
4588      00h 1 24h 24h 0 1 0 0 1 0 0  
4589      00h 1 24h 24h 0 1 0 0 1 0 0  
4590      00h 1 24h 24h 0 1 0 0 1 0 0  
4591      00h 1 24h 24h 0 1 0 0 1 0 0  
4592      00h 1 24h 24h 0 1 0 0 1 0 0  
4593      00h 1 24h 24h 0 1 0 0 1 0 0  
4594      00h 1 24h 24h 0 1 0 0 1 0 0  
4595      00h 1 24h 24h 0 1 0 0 1 0 0  
4596      00h 1 24h 24h 0 1 0 0 1 0 0  
4597      00h 1 24h 24h 0 1 0 0 1 0 0  
4598      00h 1 24h 24h 0 1 0 0 1 0 0  
4599      00h 1 24h 24h 0 1 0 0 1 0 0  
4600      00h 1 24h 24h 0 1 0 0 1 0 0  
4601      00h 1 24h 24h 0 1 0 0 1 0 0  
4602      00h 1 24h 24h 0 1 0 0 1 0 0  
4603      00h 1 24h 24h 0 1 0 0 1 0 0  
4604      00h 1 24h 24h 0 1 0 0 1 0 0  
4605      00h 1 24h 24h 0 1 0 0 1 0 0  
4606      00h 1 24h 24h 0 1 0 0 1 0 0  
4607      00h 1 24h 24h 0 1 0 0 1 0 0  
4608      00h 1 24h 24h 0 1 0 0 1 0 0  
4609      00h 1 24h 24h 0 1 0 0 1 0 0  
4610      00h 1 24h 24h 0 1 0 0 1 0 0  
4611      00h 1 24h 24h 0 1 0 0 1 0 0  
4612      00h 1 24h 24h 0 1 0 0 1 0 0  
4613      00h 1 24h 24h 0 1 0 0 1 0 0  
4614      00h 1 24h 24h 0 1 0 0 1 0 0  
4615      00h 1 24h 24h 0 1 0 0 1 0 0  
4616      00h 1 24h 24h 0 1 0 0 1 0 0  
4617      00h 1 24h 24h 0 1 0 0 1 0 0  
4618      00h 1 24h 24h 0 1 0 0 1 0 0  
4619      00h 1 24h 24h 0 1 0 0 1 0 0  
4620      00h 1 24h 24h 0 1 0 0 1 0 0  
4621      00h 1 24h 24h 0 1 0 0 1 0 0  
4622      00h 1 24h 24h 0 1 0 0 1 0 0  
4623      00h 1 24h 24h 0 1 0 0 1 0 0  
4624      00h 1 24h 24h 0 1 0 0 1 0 0  
4625      00h 1 24h 24h 0 1 0 0 1 0 0  
4626      00h 1 24h 24h 0 1 0 0 1 0 0  
4627      00h 1 24h 24h 0 1 0 0 1 0 0  
4628      00h 1 24h 24h 0 1 0 0 1 0 0  
4629      00h 1 24h 24h 0 1 0 0 1 0 0  
4630      00h 1 24h 24h 0 1 0 0 1 0 0  
4631      00h 1 24h 24h 0 1 0 0 1 0 0  
4632      00h 1 24h 24h 0 1 0 0 1 0 0  
4633      00h 1 24h 24h 0 1 0 0 1 0 0  
4634      00h 1 24h 24h 0 1 0 0 1 0 0  
4635      00h 1 24h 24h 0 1 0 0 1 0 0  
4636      00h 1 24h 24h 0 1 0 0 1 0 0  
4637      00h 1 24h 24h 0 1 0 0 1 0 0  
4638      00h 1 24h 24h 0 1 0 0 1 0 0  
4639      00h 1 24h 24h 0 1 0 0 1 0 0  
4640      00h 1 24h 24h 0 1 0 0 1 0 0  
4641      00h 1 24h 24h 0 1 0 0 1 0 0  
4642      00h 1 24h 24h 0 1 0 0 1 0 0  
4643      00h 1 24h 24h 0 1 0 0 1 0 0  
4644      00h 1 24h 24h 0 1 0 0 1 0 0  
4645      00h 1 24h 24h 0 1 0 0 1 0 0  
4646      00h 1 24h 24h 0 1 0 0 1 0 0  
4647      00h 1 24h 24h 0 1 0 0 1 0 0  
4648      00h 1 24h 24h 0 1 0 0 1 0 0  
4649      00h 1 24h 24h 0 1 0 0 1 0 0  
4650      00h 1 24h 24h 0 1 0 0 1 0 0  
4651      00h 1 24h 24h 0 1 0 0 1 0 0  
4652      00h 1 24h 24h 0 1 0 0 1 0 0  
4653      00h 1 24h 24h 0 1 0 0 1 0 0  
4654      00h 1 24h 24h 0 1 0 0 1 0 0  
4655      00h 1 24h 24h 0 1 0 0 1 0 0  
4656      00h 1 24h 24h 0 1 0 0 1 0 0  
4657      00h 1 24h 24h 0 1 0 0 1 0 0  
4658      00h 1 24h 24h 0 1 0 0 1 0 0  
4659      00h 1 24h 24h 0 1 0 0 1 0 0  
4660      00h 1 24h 24h 0 1 0 0 1 0 0  
4661      00h 1 24h 24h 0 1 0 0 1 0 0  
4662      00h 1 24h 24h 0 1 0 0 1 0 0  
4663      00h 1 24h 24h 0 1 0 0 1 0 0  
4664      00h 1 24h 24h 0 1 0 0 1 0 0  
4665      00h 1 24h 24h 0 1 0 0 1 0 0  
4666      00h 1 24h 24h 0 1 0 0 1 0 0  
4667      00h 1 24h 24h 0 1 0 0 1 0 0  
4668      00h 1 24h 24h 0 1 0 0 1 0 0  
4669      00h 1 24h 24h 0 1 0 0 1 0 0  
4670      00h 1 24h 24h 0 1 0 0 1 0 0  
4671      00h 1 24h 24h 0 1 0 0 1 0 0  
4672      00h 1 24h 24h 0 1 0 0 1 0 0  
4673      00h 1 24h 24h 0 1 0 0 1 0 0  
4674      00h 1 24h 24h 0 1 0 0 1 0 0  
4675      00h 1 24h 24h 0 1 0 0 1 0 0  
4676      00h 1 24h 24h 0 1 0 0 1 0 0  
4677      00h 1 24h 24h 0 1 0 0 1 0 0  
4678      00h 1 24h 24h 0 1 0 0 1 0 0  
4679      00h 1 24h 24h 0 1 0 0 1 0 0  
4680      00h 1 24h 24h 0 1 0 0 1 0 0  
4681      00h 1 24h 24h 0 1 0 0 1 0 0  
4682      00h 1 24h 24h 0 1 0 0 1 0 0  
4683      00h 1 24h 24h 0 1 0 0 1 0 0  
4684      00h 1 24h 24h 0 1 0 0 1 0 0  
4685      00h 1 24h 24h 0 1 0 0 1 0 0  
4686      00h 1 24h 24h 0 1 0 0 1 0 0  
4687      00h 1 24h 24h 0 1 0 0 1 0 0  
4688      00h 1 24h 24h 0 1 0 0 1 0 0  
4689      00h 1 24h 24h 0 1 0 0 1 0 0  
4690      00h 1 24h 24h 0 1 0 0 1 0 0  
4691      00h 1 24h 24h 0 1 0 0 1 0 0  
4692      00h 1 24h 24h 0 1 0 0 1 0 0  
4693      00h 1 24h 24h 0 1 0 0 1 0 0  
4694      00h 1 24h 24h 0 1 0 0 1 0 0  
4695      00h 1 24h 24h 0 1 0 0 1 0 0  
4696      00h 1 24h 24h 0 1 0 0 1 0 0  
4697      00h 1 24h 24h 0 1 0 0 1 0 0  
4698      00h 1 24h 24h 0 1 0 0 1 0 0  
4699      00h 1 24h 24h 0 1 0 0 1 0 0  
4700      00h 1 24h 24h 0 1 0 0 1 0 0  
4701      00h 1 24h 24h 0 1 0 0 1 0 0  
4702      00h 1 24h 24h 0 1 0 0 1 0 0  
4703      00h 1 24h 24h 0 1 0 0 1 0 0  
4704      00h 1 24h 24h 0 1 0 0 1 0 0  
4705      00h 1 24h 24h 0 1 0 0 1 0 0  
4706      00h 1 24h 24h 0 1 0 0 1 0 0  
4707      00h 1 24h 24h 0 1 0 0 1 0 0  
4708      00h 1 24h 24h 0 1 0 0 1 0 0  
4709      00h 1 24h 24h 0 1 0 0 1 0 0  
4710      00h 1 24h 24h 0 1 0 0 1 0 0  
4711      00h 1 24h 24h 0 1 0 0 1 0 0  
4712      00h 1 24h 24h 0 1 0 0 1 0 0  
4713      00h 1 24h 24h 0 1 0 0 1 0 0  
4714      00h 1 24h 24h 0 1 0 0 1 0 0  
4715      00h 1 24h 24h 0 1 0 0 1 0 0  
4716      00h 1 24h 24h 0 1 0 0 1 0 0  
4717      00h 1 24h 24h 0 1 0 0 1 0 0  
4718      00h 1 24h 24h 0 1 0 0 1 0 0  
4719      00h 1 24h 24h 0 1 0 0 1 0 0  
4720      00h 1 24h 24h 0 1 0 0 1 0 0  
4721      00h 1 24h 24h 0 1 0 0 1 0 0  
4722      00h 1 24h 24h 0 1 0 0 1 0 0  
4723      00h 1 24h 24h 0 1 0 0 1 0 0  
4724      00h 1 24h 24h 0 1 0 0 1 0 0  
4725      00h 1 24h 24h 0 1 0 0 1 0 0  
4726      00h 1 24h 24h 0 1 0 0 1 0 0  
4727      00h 1 24h 24h 0 1 0 0 1 0 0  
4728      00h 1 24h 24h 0 1 0 0 1 0 0  
4729      00h 1 24h 24h 0 1 0 0 1 0 0  
4730      00h 1 24h 24h 0 1 0 0 1 0 0  
4731      00h 1 24h 24h 0 1 0 0 1 0 0  
4732      00h 1 24h 24h 0 1 0 0 1 0 0  
4733      00h 1 24h 24h 0 1 0 0 1 0 0  
4734      00h 1 24h 24h 0 1 0 0 1 0 0  
4735      00h 1 24h 24h 0 1 0 0 1 0 0  
4736      00h 1 24h 24h 0 1 0 0 1 0 0  
4737      00h 1 24h 24h 0 1 0 0 1 0 0  
4738      00h 1 24h 24h 0 1 0 0 1 0 0  
4739      00h 1 24h 24h 0 1 0 0 1 0 0  
4740      00h 1 24h 24h 0 1 0 0 1 0 0  
4741      00h 1 24h 24h 0 1 0 0 1 0 0  
4742      00h 1 24h 24h 0 1 0 0 1 0 0  
4743      00h 1 24h 24h 0 1 0 0 1 0 0  
4744      00h 1 24h 24h 0 1 0 0 1 0 0  
4745      00h 1 24h 24h 0 1 0 0 1 0 0  
4746      00h 1 24h 24h 0 1 0 0 1 0 0  
4747      00h 1 24h 24h 0 1 0 0 1 0 0  
4748      00h 1 24h 24h 0 1 0 0 1 0 0  
4749      00h 1 24h 24h 0 1 0 0 1 0 0  
4750      00h 1 24h 24h 0 1 0 0 1 0 0  
4751      00h 1 24h 24h 0 1 0 0 1 0 0  
4752      00h 1 24h 24h 0 1 0 0 1 0 0  
4753      00h 1 24h 24h 0 1 0 0 1 0 0  
4754      00h 1 24h 24h 0 1 0 0 1 0 0  
4755      00h 1 24h 24h 0 1 0 0 1 0 0  
4756      00h 1 24h 24h 0 1 0 0 1 0 0  
4757      00h 1 24h 24h 0 1 0 0 1 0 0  
4758      00h 1 24h 24h 0 1 0 0 1 0 0  
4759      00h 1 24h 24h 0 1 0 0 1 0 0  
4760      00h 1 24h 24h 0 1 0 0 1 0 0  
4761      00h 1 24h 24h 0 1 0 0 1 0 0  
4762      00h 1 24h 24h 0 1 0 0 1 0 0  
4763      00h 1 24h 24h 0 1 0 0 1 0 0  
4764      00h 1 24h 24h 0 1 0 0 1 0 0  
4765      00h 1 24h 24h 0 1 0 0 1 0 0  
4766      00h 1 24h 24h 0 1 0 0 1 0 0  
4767      00h 1 24h 24h 0 1 0 0 1 0 0  
4768      00h 1 24h 24h 0 1 0 0 1 0 0  
4769      00h 1 24h 24h 0 1 0 0 1 0 0  
4770      00h 1 24h 24h 0 1 0 0 1 0 0  
4771      00h 1 24h 24h 0 1 0 0 1 0 0  
4772      00h 1 24h 24h 0 1 0 0 1 0 0  
4773      00h 1 24h 24h 0 1 0 0 1 0 0  
4774      00h 1 24h 24h 0 1 0 0 1 0 0  
4775      00h 1 24h 24h 0 1 0 0 1 0 0  
4776      00h 1 24h 24h 0 1 0 0 1 0 0  
4777      00h 1 24h 24h 0 1 0 0 1 0 0  
4778      00h 1 24h 24h 0 1 0 0 1 0 0  
4779      00h 1 24h 24h 0 1 0 0 1 0 0  
4780      00h 1 24h 24h 0 1 0 0 1 0 0  
4781      00h 1 24h 24h 0 1 0 0 1 0 0  
4782      00h 1 24h 24h 0 1 0 0 1 0 0  
4783      00h 1 24h 24h 0 1 0 0 1 0 0  
4784      00h 1 24h 24h 0 1 0 0 1 0 0  
4785      00h 1 24h 24h 0 1 0 0 1 0 0  
4786      00h 1 24h 24h 0 1 0 0 1 0 0  
4787      00h 1 24h 24h 0 1 0 0 1 0 0  
4788      00h 1 24h 24h 0 1 0 0 1 0 0  
4789      00h 1 24h 24h 0 1 0 0 1 0 0  
4790      00h 1 24h 24h 0 1 0 0 1 0 0  
4791      00h 1 24h 24h 0 1 0 0 1 0 0  
4792      00h 1 24h 24h 0 1 0 0 1 0 0  
4793      00h 1 24h 24h 0 1 0 0 1 0 0  
4794      00h 1 24h 24h 0 1 0 0 1 0 0  
4795      00h 1 24h 24h 0 1 0 0 1 0 0  
4796      00h 1 24h 24h 0 1 0 0 1 0 0  
4797      00h 1 24h 24h 0 1 0 0 1 0 0  
4798      00h 1 24h 24h 0 1 0 0 1 0 0  
4799      00h 1 24h 24h 0 1 0 0 1 0 0  
4800      00h 1 24h 24h 0 1 0 0 1 0 0  
4801      00h 1 24h 24h 0 1 0 0 1 0 0  
4802      00h 1 24h 24h 0 1 0 0 1 0 0  
4803      00h 1 24h 24h 0 1 0 0 1 0 0  
4804      00h 1 24h 24h 0 1 0 0 1 0 0  
4805      00h 1 24h 24h 0 1 0 0 1 0 0  
4806      00h 1 24h 24h 0 1 0 0 1 0 0  
4807      00h 1 24h 24h 0 1 0 0 1 0 0  
4808      00h 1 24h 24h 0 1 0 0 1 0 0  
4809      00h 1 24h 24h 0 1 0 0 1 0 0  
4810      00h 1 24h 24h 0 1 0 0 1 0 0  
4811      00h 1 24h 24h 0 1 0 0 1 0 0  
4812      00h 1 24h 24h 0 1 0 0 1 0 0  
4813      00h 1 24h 24h 0 1 0 0 1 0 0  
4814      00h 1 24h 24h 0 1 0 0 1 0 0  
4815      00h 1 24h 24h 0 1 0 0 1 0 0  
4816      00h 1 24h 24h 0 1 0 0 1 0 0  
4817      00h 1 24h 24h 0 1 0 0 1 0 0  
4818      00h 1 24h 24h 0 1 0 0 1 0 0  
4819      00h 1 24h 24h 0 1 0 0 1 0 0  
4820      00h 1 24h 24h 0 1 0 0 1 0 0  
4821      00h 1 24h 24h 0 1 0 0 1 0 0  
4822      00h 1 24h 24h 0 1 0 0 1 0 0  
4823      00h 1 24h 24h 0 1 0 0 1 0 0  
4824      00h 1 24h 24h 0 1 0 0 1 0 0  
4825      00h 1 24h 24h 0 1 0 0 1 0 0  
4826      00h 1 24h 24h 0 1 0 0 1 0 0  
4827      00h 1 24h 24h 0 1 0 0 1 0 0  
4828      00h 1 24h 24h 0 1 0 0 1 0 0  
4829      00h 1 24h 24h 0 1 0 0 1 0 0  
4830      00h 1 24h 24h 0 1 0 0 1 0 0  
4831      00h 1 24h 24h 0 1 0 0 1 0 0  
4832      00h 1 24h 24h 0 1 0 0 1 0 0  
4833      00h 1 24h 24h 0 1 0 0 1 0 0  
4834      00h 1 24h 24h 0 1 0 0 1 0 0  
4835      00h 1 24h 24h 0 1 0 0 1 0 0  
4836      00h 1 24h 24h 0 1 0 0 1 0 0  
4837      00h 1 24h 24h 0 1 0 0 1 0 0  
4838      00h 1 24h 24h 0 1 0 0 1 0 0  
4839      00h 1 24h 24h 0 1 0 0 1 0 0  
4840      00h 1 24h 24h 0 1 0 0 1 0 0  
4841      00h 1 24h 24h 0 1 0 0 1 0 0  
4842      00h 1 24h 24h 0 1 0 0 1 0 0  
4843      00h 1 24h 24h 0 1 0 0 1 0 0  
4844      00h 1 24h 24h 0 1 0 0 1 0 0  
4845      00h 1 24h 24h 0 1 0 0 1 0 0  
4846      00h 1 24h 24h 0 1 0 0 1 0 0  
4847      00h 1 24h 24h 0 1 0 0 1 0 0  
4848      00h 1 24h 24h 0 1 0 0 1 0 0  
4849      00h 1 24h 24h 0 1 0 0 1 0 0  
4850      00h 1 24h 24h 0 1 0 0 1 0 0  
4851      00h 1 24h 24h 0 1 0 0 1 0 0  
4852      00h 1 24h 24h 0 1 0 0 1 0 0  
4853      00h 1 24h 24h 0 1 0 0 1 0 0  
4854      00h 1 24h 24h 0 1 0 0 1 0 0  
4855      00h 1 24h 24h 0 1 0 0 1 0 0  
4856      00h 1 24h 24h 0 1 0 0 1 0 0  
4857      00h 1 24h 24h 0 1 0 0 1 0 0  
4858      00h 1 24h 24h 0 1 0 0 1 0 0  
4859      00h 1 24h 24h 0 1 0 0 1 0 0  
4860      00h 1 24h 24h 0 1 0 0 1 0 0  
4861      00h 1 24h 24h 0 1 0 0 1 0 0  
4862      00h 1 24h 24h 0 1 0 0 1 0 0  
4863      00h 1 24h 24h 0 1 0 0 1 0 0  
4864      00h 1 24h 24h 0 1 0 0 1 0 0  
4865      00h 1 24h 24h 0 1 0 0 1 0 0  
4866      00h 1 24h 24h 0 1 0 0 1 0 0  
4867      00h 1 24h 24h 0 1 0 0 1 0 0  
4868      00h 1 24h 24h 0 1 0 0 1 0 0  
4869      00h 1 24h 24h 0 1 0 0 1 0 0  
4870      00h 1 24h 24h 0 1 0 0 1 0 0  
4871      00h 1 24h 24h 0 1 0 0 1 0 0  
4872      00h 1 24h 24h 0 1 0 0 1 0 0  
4873      00h 1 24h 24h 0 1 0 0 1 0 0  
4874      00h 1 24h 24h 0 1 0 0 1 0 0  
4875      00h 1 24h 24h 0 1 0 0 1 0 0  
4876      00h 1 24h 24h 0 1 0 0 1 0 0  
4877      00h 1 24h 24h 0 1 0 0 1 0 0  
4878      00h 1 24h 24h 0 1 0 0 1 0 0  
4879      00h 1 24h 24h 0 1 0 0 1 0 0  
4880      00h 1 24h 24h 0 1 0 0 1 0 0  
4881      00h 1 24h 24h 0 1 0 0 1 0 0  
4882      00h 1 24h 24h 0 1 0 0 1 0 0  
4883      00h 1 24h 24h 0 1 0 0 1 0 0  
4884      00h 1 24h 24h 0 1 0 0 1 0 0  
4885      00h 1 24h 24h 0 1 0 0 1 0 0  
4886      00h 1 24h 24h 0 1 0 0 1 0 0  
4887      00h 1 24h 24h 0 1 0 0 1 0 0  
4888      00h 1 24h 24h 0 1 0 0 1 0 0  
4889      00h 1 24h 24h 0 1 0 0 1 0 0  
4890      00h 1 24h 24h 0 1 0 0 1 0 0  
4891      00h 1 24h 24h 0 1 0 0 1 0 0  
4892      00h 1 24h 24h 0 1 0 0 1 0 0  
4893      00h 1 24h 24h 0 1 0 0 1 0 0  
4894      00h 1 24h 24h 0 1 0 0 1 0 0  
4895      00h 1 24h 24h 0 1 0 0 1 0 0  
4896      00h 1 24h 24h 0 1 0 0 1 0 0  
4897      00h 1 24h 24h 0 1 0 0 1 0 0  
4898      00h 1 24h 24h 0 1 0 0 1 0 0  
4899      00h 1 24h 24h 0 1 0 0 1 0 0  
4900      00h 1 24h 24h 0 1 0 0 1 0 0  
4901      00h 1 24h 24h 0 1 0 0 1 0 0  
4902      00h 1 24h 24h 0 1 0 0 1 0 0  
4903      00h 1 24h 24h 0 1 0 0 1 0 0  
4904      00h 1 24h 24h 0 1 0 0 1 0 0  
4905      00h 1 24h 24h 0 1 0 0 1 0 0  
4906      00h 1 24h 24h 0 1 0 0 1 0 0  
4907      00h 1 24h 24h 0 1 0 0 1 0 0  
4908      00h 1 24h 24h 0 1 0 0 1 0 0  
4909      00h 1 24h 24h 0 1 0 0 1 0 0  
4910      00h 1 24h 24h 0 1 0 0 1 0 0  
4911      00h 1 24h 24h 0 1 0 0 1 0 0  
4912      00h 1 24h 24h 0 1 0 0 1 0 0  
4913      00h 1 24h 24h 0 1 0 0 1 0 0  
4914      00h 1 24h 24h 0 1 0 0 1 0 0  
4915      00h 1 24h 24h 0 1 0 0 1 0 0  
4916      00h 1 24h 24h 0 1 0 0 1 0 0  
4917      00h 1 24h 24h 0 1 0 0 1 0 0  
4918      00h 1 24h 24h 0 1 0 0 1 0 0  
4919      00h 1 24h 24h 0 1 0 0 1 0 0  
4920      00h 1 24h 24h 0 1 0 0 1 0 0  
4921      00h 1 24h 24h 0 1 0 0 1 0 0  
4922      00h 1 24h 24h 0 1 0 0 1 0 0  
4923      00h 1 24h 24h 0 1 0 0 1 0 0  
4924      00h 1 24h 24h 0 1 0 0 1 0 0  
4925      00h 1 24h 24h 0 1 0 0 1 0 0  
4926      00h 1 24h 24h 0 1 0 0 1 0 0  
4927      00h 1 24h 24h 0 1 0 0 1 0 0  
4928      00h 1 24h 24h 0 1 0 0 1 0 0  
4929      00h 1 24h 24h 0 1 0 0 1 0 0  
4930      00h 1 24h 24h 0 1 0 0 1 0 0  
4931      00h 1 24h 24h 0 1 0 0 1 0 0  
4932      00h 1 24h 24h 0 1 0 0 1 0 0  
4933      00h 1 24h 24h 0 1 0 0 1 0 0  
4934      00h 1 24h 24h 0 1 0 0 1 0 0  
4935      00h 1 24h 24h 0 1 0 0 1 0 0  
4936      00h 1 24h 24h 0 1 0 0 1 0 0  
4937      00h 1 24h 24h 0 1 0 0 1 0 0  
4938      00h 1 24h 24h 0 1 0 0 1 0 0  
4939      00h 1 24h 24h 0 1 0 0 1 0 0  
4940      00h 1 24h 24h 0 1 0 0 1 0 0  
4941      00h 1 24h 24h 0 1 0 0 1 0 0  
4942      00h 1 24h 24h 0 1 0 0 1 0 0  
4943      00h 1 24h 24h 0 1 0 0 1 0 0  
4944      00h 1 24h 24h 0 1 0 0 1 0 0  
4945      00h 1 24h 24h 0 1 0 0 1 0 0  
4946      00h 1 24h 24h 0 1 0 0 1 0 0  
4947      00h 1 24h 24h 0 1 0 0 1 0 0  
4948      00h 1 24h 24h 0 1 0 0 1 0 0  
4949      00h 1 24h 24h 0 1 0 0 1 0 0  
4950      00h 1 24h 24h 0 1 0 0 1 0 0  
4951      00h 1 24h 24h 0 1 0 0 1 0 0  
4952      00h 1 24h 24h 0 1 0 0 1 0 0  
4953      00h 1 24h 24h 0 1 0 0 1 0 0  
4954      00h 1 24h 24h 0 1 0 0 1 0 0  
4955      00h 1 24h 24h 0 1 0 0 1 0 0  
4956      00h 1 24h 24h 0 1 0 0 1 0 0  
4957      00h 1 24h 24h 0 1 0 0 1 0 0  
4958      00h 1 24h 24h 0 1 0 0 1 0 0  
4959      00h 1 24h 24h 0 1 0 0 1 0 0  
4960      00h 1 24h 24h 0 1 0 0 1 0 0  
4961      00h 1 24h 24h 0 1 0 0 1 0 0  
4962      00h 1 24h 24h 0 1 0 0 1 0 0  
4963      00h 1 24h 24h 0 1 0 0 1 0 0  
4964      00h 1 24h 24h 0 1 0 0 1 0 0  
4965      00h 1 24h 24h 0 1 0 0 1 0 0  
4966      00h 1 24h 24h 0 1 0 0 1 0 0  
4967      00h 1 24h 24h 0 1 0 0 1 0 0  
4968      00h 1 24h 24h 0 1 0 0 1 0 0  
4969      00h 1 24h 24h 0 1 0 0 1 0 0  
4970      00h 1 24h 24h 0 1 0 0 1 0 0  
4971      00h 1 24h 24h 0 1 0 0 1 0 0  
4972      00h 1 24h 24h 0 1 0 0 1 0 0  
4973      00h 1 24h 24h 0 1 0 0 1 0 0  
4974      00h 1 24h 24h 0 1 0 0 1 0 0  
4975      00h 1 24h 24h 0 1 0 0 1 0 0  
4976      00h 1 24h 24h 0 1 0 0 1 0 0  
4977      00h 1 24h 24h 0 1 0 0 1 0 0  
4978      00h 1 24h 24h 0 1 0 0 1 0 0  
4979      00h 1 24h 24h 0 1 0 0 1 0 0  
4980      00h 1 24h 24h 0 1 0 0 1 0 0  
4981      00h 1 24h 24h 0 1 0 0 1 0 0  
4982      00h 1 24h 24h 0 1 0 0 1 0 0  
4983      00h 1 24h 24h 0 1 0 0 1 0 0  
4984      00h 1 24h 24h 0 1 0 0 1 0 0  
4985      00h 1 24h 24h 0 1 0 0 1 0 0  
4986      00h 1 24h 24h 0 1 0 0 1 0 0  
4987      00h 1 24h 24h 0 1 0 0 1 0 0  
4988      00h 1 24h 24h 0 1 0 0 1 0 0  
4989      00h 1 24h 24h 0 1 0 0 1 0 0  
4990      00h 1 24h 24h 0 1 0 0 1 0 0  
4991      00h 1 24h 24h 0 1 0 0 1 0 0  
4992      00h 1 24h 24h 0 1 0 0 1 0 0  
4993      00h 1 24h 24h 0 1 0 0 1 0 0  
4994      00h 1 24h 24h 0 1 0 0 1 0 0  
4995      00h 1 24h 24h 0 1 0 0 1 0 0  
4996      00h 1 24h 24h 0 1 0 0 1 0 0  
4997      00h 1 24h 24h 0 1 0 0 1 0 0  
4998      00h 1 24h 24h 0 1 0 0 1 0 0  
4999      00h 1 24h 24h 0 1 0 0 1 0 0  
5000      00h 1 24h 24h 0 1 0 0 1 0 0  
5001      00h 1 24h 24h 0 1 0 0 1 0 0  
5002      00h 1 24h 24h 0 1 0 0 1 0 0  
5003      00h 1 24h 24h 0 1 0 0 1 0 0  
5004      00h 1 24h 24h 0 1 0 0 1 0 0  
5005      00h 1 24h 24h 0 1 0 0 1 0 0  
5006      00h 1 24h 24h 0 1 0 0 1 0 0  
5007      00h 1 24h 24h 0 1 0 0 1 0 0  
5008      00h 1 24h 24h 0 1 0 0 1 0 0  
5009      00h 1 24h 24h 0 1 0 0 1 0 0  
5010      00h 1 24h 24h 0 1 0 0 1 0 0  
5011      00h 1 24h 24h 0 1 0 0 1 0 0  
5012      00h 1 24h 24h 0 1 0 0 1 0 0  
5013      00h 1 24h 24h 0 1 0 0 1 0 0  
5014      00h 1 24h 24h 0 1 0 0 1 0 0  
5015      00h 1 24h 24h 0 1 0 0 1 0 0  
5016      00h 1 24h 24h 0 1 0 0 1 0 0  
5017      00h 1 24h 24h 0 1 0 0 1 0 0  
5018      00h 1 24h 24h 0 1 0 0 1 0 0  
5019      00h 1 24h 24h 0 1 0 0 1 0 0  
5020      00h 1 24h 24h 0 1 0 0 1 0 0  
5021      00h 1 24h 24h 0 1 0 0 1 0 0  
5022      00h 1 24h 24h 0 1 0 0 1 0 0  
5023      00h 1 24h 24h 0 1 0 0 1 0 0  
5024      00h 1 24h 24h 0 1 0 0 1 0 0  
5025      00h 1 24h 24h 0 1 0 0 1 0 0  
5026      00h 1 24h 24h 0 1 0 0 1 0 0  
5027      00h 1 24h 24h 0 1 0 0 1 0 0  
5028      00h 1 24h 24h 0 1 0 0 1 0 0  
5029      00h 1 24h 24h 0 1 0 0 1 0 0  
5030      00h 1 24h 24h 0 1 0 0 1 0 0  
5031      00h 1 24h 24h 0 1 0 0 1 0 0  
5032      00h 1 24h 24h 0 1 0 0 1 0 0  
5033      00h 1 24h 24h 0 1 0 0 1 0 0  
5034      00h 1 24h 24h 0 1 0 0 1 0 0  
5035      00h 1 24h 24h 0 1 0 0 1 0 0  
5036      00h 1 24h 24h 0 1 0 0 1 0 0  
5037      00h 1 24h 24h 0 1 0 0 1 0 0  
5038      00h 1 24h 24h 0 1 0 0 1 0 0  
5039      00h 1 24h 24h 0 1 0 0 1 0 0  
5040      00h 1 24h 24h 0 1 0 0 1 0 0  
5041      00h 1 24h 24h 0 1 0 0 1 0 0  
5042      00h 1 24h 24h 0 1 0 0 1 0 0  
5043      00h 1 24h 24h 0 1 0 0 1 0 0  
5044      00h 1 24h 24h 0 1 0 0 1 0 0  
5045      00h 1 24h 24h 0 1 0 0 1 0 0  
5046      00h 1 24h 24h 0 1 0 0 1 0 0  
5047      00h 1 24h 24h 0 1 0 0 1 0 0  
5048      00h 1 24h 24h 0 1 0 0 1 0 0  
5049      00h 1 24h 24h 0 1 0 0 1 0 0  
5050      00h 1 24h 24h 0 1 0 0 1 0 0  
5051      00h 1 24h 24h 0 1 0 0 1 0 0  
5052      00h 1 24h 24h 0 1 0 0 1 0 0  
5053      00h 1 24h 24h 0 1 0 0 1 0 0  
5054      00h 1 24h 24h 0 1 0 0 1 0 0  
5055      00h 1 24h 24h 0 1 0 0 1 0 0  
5056      00h 1 24h 24h 0 1 0 0 1 0 0  
5057      00h 1 24h 24h 0 1 0 0 1 0 0  
5058      00h 1 24h 24h 0 1 0 0 1 0 0  
5059      00h 1 24h 24h 0 1 0 0 1 0 0  
5060      00h 1 24h 24h 0 1 0 0 1 0 0  
5061      00h 1 24h 24h 0 1 0 0 1 0 0  
5062      00h 1 24h 24h 0 1 0 0 1 0 0  
5063      00h 1 24h 24h 0 1 0 0 1 0 0  
5064      00h 1 24h 24h 0 1 0 0 1 0 0  
5065      00h 1 24h 24h 0 1 0 0 1 0 0  
5066      00h 1 24h 24h 0 1 0 0 1 0 0  
5067      00h 1 24h 24h 0 1 0 0 1 0 0  
5068      00h 1 24h 24h 0 1 0 0 1 0 0  
5069      00h 1 24h 24h 0 1 0 0 1 0 0  
5070      00h 1 24h 24h 0 1 0 0 1 0 0  
5071      00h 1 24h 24h 0 1 0 0 1 0 0  
5072      00h 1 24h 24h 0 1 0 0 1 0 0  
5073      00h 1 24h 24h 0 1 0 0 1 0 0  
5074      00h 1 24h 24h 0 1 0 0 1 0 0  
5075      00h 1 24h 24h 0 1 0 0 1 0 0  
5076      00h 1 24h 24h 0 1 0 0 1 0 0  
5077      00h 1 24h 24h 0 1 0 0 1 0 0  
5078      00h 1 24h 24h 0 1 0 0 1 0 0  
5079      00h 1 24h 24h 0 1 0 0 1 0 0  
5080      00h 1 24h 24h 0 1 0 0 1 0 0  
5081      00h 1 24h 24h 0 1 0 0 1 0 0  
5082      00h 1 24h 24h 0 1 0 0 1 0 0  
5083      00h 1 24h 24h 0 1 0 0 1 0 0  
5084      00h 1 24h 24h 0 1 0 0 1 0 0  
5085      00h 1 24h 24h 0 1 0 0 1 0 0  
5086      00h 1 24h 24h 0 1 0 0 1 0 0  
5087      00h 1 24h 24h 0 1 0 0 1 0 0  
5088      00h 1 24h 24h 0 1 0 0 1 0 0  
5089      00h 1 24h 24h 0 1 0 0 1 0 0  
5090      00h 1 24h 24h 0 1 0 0 1 0 0  
5091      00h 1 24h 24h 0 1 0 0 1 0 0  
5092      00h 1 24h 24h 0 1 0 0 1 0 0  
5093      00h 1 24h 24h 0 1 0 0 1 0 0  
5094      00h 1 24h 24h 0 1 0 0 1 0 0  
5095      00h 1 24h 24h 0 1 0 0 1 0 0  
5096      00h 1 24h 24h 0 1 0 0 1 0 0  
5097      00h 1 24h 24h 0 1 0 0 1 0 0  
5098      00h 1 24h 24h 0 1 0 0 1 0 0  
5099      00h 1 24h 24h 0 1 0 0 1 0 0  
5100      00h 1 24h 24h 0 1 0 0 1 0 0  
5101      00h 1 24h 24h 0 1 0 0 1 0 0  
5102      00h 1 24h 24h 0 1 0 0 1 0 0  
5103      00h 1 24h 24h 0 1 0 0 1 0 0  
5104      00h 1 24h 24h 0 1 0 0 1 0 0  
5105      00h 1 24h 24h 0 1 0 0 1 0 0  
5106      00h 1 24h 24h 0 1 0 0 1 0 0  
5107      00h 1 24h 24h 0 1 0 0 1 0 0  
5108      00h 1 24h 24h 0 1 0 0 1 0 0  
5109      00h 1 24h 24h 0 1 0 0 1 0 0  
5110      00h 1 24h 24h 0 1 0 0 1 0 0  
5111      00h 1 24h 24h 0 1 0 0 1 0 0  
5112      00h 1 24h 24h 0 1 0 0 1 0 0  
5113      00h 1 24h 24h 0 1 0 0 1 0 0  
5114      00h 1 24h 24h 0 1 0 0 1 0 0  
5115      00h 1 24h 24h 0 1 0 0 1 0 0  
5116      00h 1 24h 24h 0 1 0 0 1 0 0  
5117      00h 1 24h 24h 0 1 0 0 1 0 0  
5118      00h 1 24h 24h 0 1 0 0 1 0 0  
5119      00h 1 24h 24h 0 1 0 0 1 0 0  
5120      00h 1 24h 24h 0 1 0 0 1 0 0  
5121      00h 1 24h 24h 0 1 0 0 1 0 0  
5122      00h 1 24h 24h 0 1 0 0 1 0 0  
5123      00h 1 24h 24h 0 1 0 0 1 0 0  
5124      00h 1 24h 24h 0 1 0 0 1 0 0  
5125      00h 1 24h 24h 0 1 0 0 1 0 0  
5126      00h 1 24h 24h 0 1 0 0 1 0 0  
5127      00h 1 24h 24h 0 1 0 0 1 0 0  
5128      00h 1 24h 24h 0 1 0 0 1 0 0  
5129      00h 1 24h 24h 0 1 0 0 1 0 0  
5130      00h 1 24h 24h 0 1 0 0 1 0 0  
5131      00h 1 24h 24h 0 1 0 0 1 0 0  
5132      00h 1 24h 24h 0 1 0 0 1 0 0  
5133      00h 1 24h 24h 0 1 0 0 1 0 0  
5134      00h 1 24h 24h 0 1 0 0 1 0 0  
5135      00h 1 24h 24h 0 1 0 0 1 0 0  
5136      00h 1 24h 24h 0 1 0 0 1 0 0  
5137      00h 1 24h 24h 0 1 0 0 1 0 0  
5138      00h 1 24h 24h 0 1 0 0 1 0 0  
5139      00h 1 24h 24h 0 1 0 0 1 0 0  
5140      00h 1 24h 24h 0 1 0 0 1 0 0  
5141      00h 1 24h 24h 0 1 0 0 1 0 0  
5142      00h 1 24h 24h 0 1 0 0 1 0 0  
5143      00h 1 24h 24h 0 1 0 0 1 0 0  
5144      00h 1 24h 24h 0 1 0 0 1 0 0  
5145      00h 1 24h 24h 0 1 0 0 1 0 0  
5146      00h 1 24h 24h 0 1 0 0 1 0 0  
5147      00h 1 24h 24h 0 1 0 0 1 0 0  
5148      00h 1 24h 24h 0 1 0 0 1 0 0  
5149      00h 1 24h 24h 0 1 0 0 1 0 0  
5150      00h 1 24h 24h 0 1 0 0 1 0 0  
5151      00h 1 24h 24h 0 1 0 0 1 0 0  
5152      00h 1 24h 24h 0 1 0 0 1 0 0  
5153      00h 1 24h 24h 0 1 0 0 1 0 0  
5154      00h 1 24h 24h 0 1 0 0 1 0 0  
5155      00h 1 24h 24h 0 1 0 0 1 0 0  
5156      00h 1 24h 24h 0 1 0 0 1 0 0  
5157      00h 1 24h 24h 0 1 0 0 1 0 0  
5158      00h 1 24h 24h 0 1 0 0 1 0 0  
5159      00h 1 24h 24h 0 1 0 0 1 0 0  
5160      00h 1 24h 24h 0 1 0 0 1 0 0  
5161      00h 1 24h 24h 0 1 0 0 1 0 0  
5162      00h 1 24h 24h 0 1 0 0 1 0 0  
5163      00h 1 24h 24h 0 1 0 0 1 0 0  
5164      00h 1 24h 24h 0 1 0 0 1 0 0  
5165      00h 1 24h 24h 0 1 0 0 1 0 0  
5166      00h 1 24h 24h 0 1 0 0 1 0 0  
5167      00h 1 24h 24h 0 1 0 0 1 0 0  
5168      00h 1 24h 24h 0 1 0 0 1 0 0  
5169      00h 1 24h 24h 0 1 0 0 1 0 0  
5170      00h 1 24h 24h 0 1 0 0 1 0 0  
5171      00h 1 24h 24h 0 1 0 0 1 0 0  
5172      00h 1 24h 24h 0 1 0 0 1 0 0  
5173      00h 1 24h 24h 0 1 0 0 1 0 0  
5174      00h 1 24h 24h 0 1 0 0 1 0 0  
5175      00h 1 24h 24h 0 1 0 0 1 0 0  
5176      00h 1 24h 24h 0 1 0 0 1 0 0  
5177      00h 1 24h 24h 0 1 0 0 1 0 0  
5178      00h 1 24h 24h 0 1 0 0 1 0 0  
5179      00h 1 24h 24h 0 1 0 0 1 0 0  
5180      00h 1 24h 24h 0 1 0 0 1 0 0  
5181      00h 1 24h 24h 0 1 0 0 1 0 0  
5182      00h 1 24h 24h 0 1 0 0 1 0 0  
5183      00h 1 24h 24h 0 1 0 0 1 0 0  
5184      00h 1 24h 24h 0 1 0 0 1 0 0  
5185      00h 1 24h 24h 0 1 0 0 1 0 0  
5186      00h 1 24h 24h 0 1 0 0 1 0 0  
5187      00h 1 24h 24h 0 1 0 0 1 0 0  
5188      00h 1 24h 24h 0 1 0 0 1 0 0  
5189      00h 1 24h 24h 0 1 0 0 1 0 0  
5190      00h 1 24h 24h 0 1 0 0 1 0 0  
5191      00h 1 24h 24h 0 1 0 0 1 0 0  
5192      00h 1 24h 24h 0 1 0 0 1 0 0  
5193      00h 1 24h 24h 0 1 0 0 1 0 0  
5194      00h 1 24h 24h 0 1 0 0 1 0 0  
5195      00h 1 24h 24h 0 1 0 0 1 0 0  
5196      00h 1 24h 24h 0 1 0 0 1 0 0  
5197      00h 1 24h 24h 0 1 0 0 1 0 0  
5198      00h 1 24h 24h 0 1 0 0 1 0 0  
5199      00h 1 24h 24h 0 1 0 0 1 0 0  
5200      00h 1 24h 24h 0 1 0 0 1 0 0  
5201      00h 1 24h 24h 0 1 0 0 1 0 0  
5202      00h 1 24h 24h 0 1 0 0 1 0 0  
5203      00h 1 24h 24h 0 1 0 0 1 0 0  
5204      00h 1 24h 24h 0 1 0 0 1 0 0  
5205      00h 1 24h 24h 0 1 0 0 1 0 0  
5206      00h 1 24h 24h 0 1 0 0 1 0 0  
5207      00h 1 24h 24h 0 1 0 0 1 0 0  
5208      00h 1 24h 24h 0 1 0 0 1 0 0  
5209      00h 1 24h 24h 0 1 0 0 1 0 0  
5210      00h 1 24h 24h 0 1 0 0 1 0 0  
5211      00h 1 24h 24h 0 1 0 0 1 0 0  
5212      00h 1 24h 24h 0 1 0 0 1 0 0  
5213      00h 1 24h 24h 0 1 0 0 1 0 0  
5214      00h 1 24h 24h 0 1 0 0 1 0 0  
5215      00h 1 24h 24h 0 1 0 0 1 0 0  
5216      00h 1 24h 24h 0 1 0 0 1 0 0  
5217      00h 1 24h 24h 0 1 0 0 1 0 0  
5218      00h 1 24h 24h 0 1 0 0 1 0 0  
5219      00h 1 24h 24h 0 1 0 0 1 0 0  
5220      00h 1 24h 24h 0 1 0 0 1 0 0  
5221      00h 1 24h 24h 0 1 0 0 1 0 0  
5222      00h 1 24h 24h 0 1 0 0 1 0 0  
5223      00h 1 24h 24h 0 1 0 0 1 0 0  
5224      00h 1 24h 24h 0 1 0 0 1 0 0  
5225      00h 1 24h 24h 0 1 0 0 1 0 0  
5226      00h 1 24h 24h 0 1 0 0 1 0 0  
5227      00h 1 24h 24h 0 1 0 0 1 0 0  
5228      00h 1 24h 24h 0 1 0 0 1 0 0  
5229      00h 1 24h 24h 0 1 0 0 1 0 0  
5230      00h 1 24h 24h 0 1 0 0 1 0 0  
5231      00h 1 24h 24h 0 1 0 0 1 0 0  
5232      00h 1 24h 24h 0 1 0 0 1 0 0  
5233      00h 1 24h 24h 0 1 0 0 1 0 0  
5234      00h 1 24h 24h 0 1 0 0 1 0 0  
5235      00h 1 24h 24h 0 1 0 0 1 0 0  
5236      00h 1 24h 24h 0 1 0 0 1 0 0  
5237      00h 1 24h 24h 0 1 0 0 1 0 0  
5238      00h 1 24h 24h 0 1 0 0 1 0 0  
5239      00h 1 24h 24h 0 1 0 0 1 0 0  
5240      00h 1 24h 24h 0 1 0 0 1 0 0  
5241      00h 1 24h 24h 0 1 0 0 1 0 0  
5242      00h 1 24h 24h 0 1 0 0 1 0 0  
5243      00h 1 24h 24h 0 1 0 0 1 0 0  
5244      00h 1 24h 24h 0 1 0 0 1 0 0  
5245      00h 1 24h 24h 0 1 0 0 1 0 0  
5246      00h 1 24h 24h 0 1 0 0 1 0 0  
5247      00h 1 24h 24h 0 1 0 0 1 0 0  
5248      00h 1 24h 24h 0 1 0 0 1 0 0  
5249      00h 1 24h 24h 0 1 0 0 1 0 0  
5250      00h 1 24h 24h 0 1 0 0 1 0 0  
5251      00h 1 24h 24h 0 1 0 0 1 0 0  
5252      00h 1 24h 24h 0 1 0 0 1 0 0  
5253      00h 1 24h 24h 0 1 0 0 1 0 0  
5254      00h 1 24h 24h 0 1 0 0 1 0 0  
5255      00h 1 24h 24h 0 1 0 0 1 0 0  
5256      00h 1 24h 24h 0 1 0 0 1 0 0  
5257      00h 1 24h 24h 0 1 0 0 1 0 0  
5258      00h 1 24h 24h 0 1 0 0 1 0 0  
5259      00h 1 24h 24h 0 1 0 0 1 0 0  
5260      00h 1 24h 24h 0 1 0 0 1 0 0  
5261      00h 1 24h 24h 0 1 0 0 1 0 0  
5262      00h 1 24h 24h 0 1 0 0 1 0 0  
5263      00h 1 24h 24h 0 1 0 0 1 0 0  
5264      00h 1 24h 24h 0 1 0 0 1 0 0  
5265      00h 1 24h 24h 0 1 0 0 1 0 0  
5266      00h 1 24h 24h 0 1 0 0 1 0 0  
5267      00h 1 24h 24h 0 1 0 0 1 0 0  
5268      00h 1 24h 24h 0 1 0 0 1 0 0  
5269      00h 1 24h 24h 0 1 0 0 1 0 0  
5270      00h 1 24h 24h 0 1 0 0 1 0 0  
5271      00h 1 24h 24h 0 1 0 0 1 0 0  
5272      00h 1 24h 24h 0 1 0 0 1 0 0  
5273      00h 1 24h 24h 0 1 0 0 1 0 0  
5274      00h 1 24h 24h 0 1 0 0 1 0 0  
5275      00h 1 24h 24h 0 1 0 0 1 0 0  
5276      00h 1 24h 24h 0 1 0 0 1 0 0  
5277      00h 1 24h 24h 0 1 0 0 1 0 0  
5278      00h 1 24h 24h 0 1 0 0 1 0 0  
5279      00h 1 24h 24h 0 1 0 0 1 0 0  
5280      00h 1 24h 24h 0 1 0 0 1 0 0  
5281      00h 1 24h 24h 0 1 0 0 1 0 0  
5282      00h 1 24h 24h 0 1 0 0 1 0 0  
5283      00h 1 24h 24h 0 1 0 0 1 0 0  
5284      00h 1 24h 24h 0 1 0 0 1 0 0  
5285      00h 1 24h 24h 0 1 0 0 1 0 0  
5286      00h 1 24h 24h 0 1 0 0 1 0 0  
5287      00h 1 24h 24h 0 1 0 0 1 0 0  
5288      00h 1 24h 24h 0 1 0 0 1 0 0  
5289      00h 1 24h 24h 0 1 0 0 1 0 0  
5290      00h 1 24h 24h 0 1 0 0 1 0 0  
5291      00h 1 24h 24h 0 1 0 0 1 0 0  
5292      00h 1 24h 24h 0 1 0 0 1 0 0  
5293      00h 1 24h 24h 0 1 0 0 1 0 0  
5294      00h 1 24h 24h 0 1 0 0 1 0 0  
5295      00h 1 24h 24h 0 1 0 0 1 0 0  
5296      00h 1 24h 24h 0 1 0 0 1 0 0  
5297      00h 1 24h 24h 0 1 0 0 1 0 0  
5298      00h 1 24h 24h 0 1 0 0 1 0 0  
5299      00h 1 24h 24h 0 1 0 0 1 0 0  
5300      00h 1 24h 24h 0 1 0 0 1 0 0  
5301      00h 1 24h 24h 0 1 0 0 1 0 0  
5302      00h 1 24h 24h 0 1 0 0 1 0 0  
5303      00h 1 24h 24h 0 1 0 0 1 0 0  
5304      00h 1 24h 24h 0 1 0 0 1 0 0  
5305      00h 1 24h 24h 0 1 0 0 1 0 0  
5306      00h 1 24h 24h 0 1 0 0 1 0 0  
5307      00h 1 24h 24h 0 1 0 0 1 0 0  
5308      00h 1 24h 24h 0 1 0 0 1 0 0  
5309      00h 1 24h 24h 0 1 0 0 1 0 0  
5310      00h 1 24h 24h 0 1 0 0 1 0 0  
5311      00h 1 24h 24h 0 1 0 0 1 0 0  
5312      00h 1 24h 24h 0 1 0 0 1 0 0  
5313      00h 1 24h 24h 0 1 0 0 1 0 0  
5314      00h 1 24h 24h 0 1 0 0 1 0 0  
5315      00h 1 24h 24h 0 1 0 0 1 0 0  
5316      00h 1 24h 24h 0 1 0 0 1 0 0  
5317      00h 1 24h 24h 0 1 0 0 1 0 0  
5318      00h 1 24h 24h 0 1 0 0 1 0 0  
5319      00h 1 24h 24h 0 1 0 0 1 0 0  
5320      00h 1 24h 24h 0 1 0 0 1 0 0  
5321      00h 1 24h 24h 0 1 0 0 1 0 0  
5322      00h 1 24h 24h 0 1 0 0 1 0 0  
5323      00h 1 24h 24h 0 1 0 0 1 0 0  
5324      00h 1 24h 24h 0 1 0 0 1 0 0  
5325      00h 1 24h 24h 0 1 0 0 1 0 0  
5326      00h 1 24h 24h 0 1 0 0 1 0 0  
5327      00h 1 24h 24h 0 1 0 0 1 0 0  
5328      00h 1 24h 24h 0 1 0 0 1 0 0  
5329      00h 1 24h 24h 0 1 0 0 1 0 0  
5330      00h 1 24h 24h 0 1 0 0 1 0 0  
5331      00h 1 24h 24h 0 1 0 0 1 0 0  
5332      00h 1 24h 24h 0 1 0 0 1 0 0  
5333      00h 1 24h 24h 0 1 0 0 1 0 0  
5334      00h 1 24h 24h 0 1 0 0 1 0 0  
5335      00h 1 24h 24h 0 1 0 0 1 0 0  
5336      00h 1 24h 24h 0 1 0 0 1 0 0  
5337      00h 1 24h 24h 0 1 0 0 1 0 0  
5338      00h 1 24h 24h 0 1 0 0 1 0 0  
5339      00h 1 24h 24h 0 1 0 0 1 0 0  
5340      00h 1 24h 24h 0 1 0 0 1 0 0  
5341      00h 1 24h 24h 0 1 0 0 1 0 0  
5342      00h 1 24h 24h 0 1 0 0 1 0 0  
5343      00h 1 24h 24h 0 1 0 0 1 0 0  
5344      00h 1 24h 24h 0 1 0 0 1 0 0  
5345      00h 1 24h 24h 0 1 0 0 1 0 0  
5346      00h 1 24h 24h 0 1 0 0 1 0 0  
5347      00h 1 24h 24h 0 1 0 0 1 0 0  
5348      00h 1 24h 24h 0 1 0 0 1 0 0  
5349      00h 1 24h 24h 0 1 0 0 1 0 0  
5350      00h 1 24h 24h 0 1 0 0 1 0 0  
5351      00h 1 24h 24h 0 1 0 0 1 0 0  
5352      00h 1 24h 24h 0 1 0 0 1 0 0  
5353      00h 1 24h 24h 0 1 0 0 1 0 0  
5354      00h 1 24h 24h 0 1 0 0 1 0 0  
5355      00h 1 24h 24h 0 1 0 0 1 0 0  
5356      00h 1 24h 24h 0 1 0 0 1 0 0  
5357      00h 1 24h 24h 0 1 0 0 1 0 0  
5358      00h 1 24h 24h 0 1 0 0 1 0 0  
5359      00h 1 24h 24h 0 1 0 0 1 0 0  
5360      00h 1 24h 24h 0 1 0 0 1 0 0  
5361      00h 1 24h 24h 0 1 0 0 1 0 0  
5362      00h 1 24h 24h 0 1 0 0 1 0 0  
5363      00h 1 24h 24h 0 1 0 0 1 0 0  
5364      00h 1 24h 24h 0 1 0 0 1 0 0  
5365      00h 1 24h 24h 0 1 0 0 1 0 0  
5366      00h 1 24h 24h 0 1 0 0 1 0 0  
5367      00h 1 24h 24h 0 1 0 0 1 0 0  
5368      00h 1 24h 24h 0 1 0 0 1 0 0  
5369      00h 1 24h 24h 0 1 0 0 1 0 0  
5370      00h 1 24h 24h 0 1 0 0 1 0 0  
5371      00h 1 24h 24h 0 1 0 0 1 0 0  
5372      00h 1 24h 24h 0 1 0 0 1 0 0  
5373      00h 1 24h 24h 0 1 0 0 1 0 0  
5374      00h 1 24h 24h 0 1 0 0 1 0 0  
5375      00h 1 24h 24h 0 1 0 0 1 0 0  
5376      00h 1 24h 24h 0 1 0 0 1 0 0  
5377      00h 1 24h 24h 0 1 0 0 1 0 0  
5378      00h 1 24h 24h 0 1 0 0 1 0 0  
5379      00h 1 24h 24h 0 1 0 0 1 0 0  
5380      00h 1 24h 24h 0 1 0 0 1 0 0  
5381      00h 1 24h 24h 0 1 0 0 1 0 0  
5382      00h 1 24h 24h 0 1 0 0 1 0 0  
5383      00h 1 24h 24h 0 1 0 0 1 0 0  
5384      00h 1 24h 24h 0 1 0 0 1 0 0  
5385      00h 1 24h 24h 0 1 0 0 1 0 0  
5386      00h 1 24h 24h 0 1 0 0 1 0 0  
5387      00h 1 24h 24h 0 1 0 0 1 0 0  
5388      00h 1 24h 24h 0 1 0 0 1 0 0  
5389      00h 1 24h 24h 0 1 0 0 1 0 0  
5390      00h 1 24h 24h 0 1 0 0 1 0 0  
5391      00h 1 24h 24h 0 1 0 0 1 0 0  
5392      00h 1 24h 24h 0 1 0 0 1 0 0  
5393      00h 1 24h 24h 0 1 0 0 1 0 0  
5394      00h 1 24h 24h 0 1 0 0 1 0 0  
5395      00h 1 24h 24h 0 1 0 0 1 0 0  
5396      00h 1 24h 24h 0 1 0 0 1 0 0  
5397      00h 1 24h 24h 0 1 0 0 1 0 0  
5398      00h 1 24h 24h 0 1 0 0 1 0 0  
5399      00h 1 24h 24h 0 1 0 0 1 0 0  
5400      00h 1 24h 24h 0 1 0 0 1 0 0  
5401      00h 1 24h 24h 0 1 0 0 1 0 0  
5402      00h 1 24h 24h 0 1 0 0 1 0 0  
5403      00h 1 24h 24h 0 1 0 0 1 0 0  
5404      00h 1 24h 24h 0 1 0 0 1 0 0  
5405      00h 1 24h 24h 0 1 0 0 1 0 0  
5406      00h 1 24h 24h 0 1 0 0 1 0 0  
5407      00h 1 24h 24h 0 1 0 0 1 0 0  
5408      00h 1 24h 24h 0 1 0 0 1 0 0  
5409      00h 1 24h 24h 0 1 0 0 1 0 0  
5410      00h 1 24h 24h 0 1 0 0 1 0 0  
5411      00h 1 24h 24h 0 1 0 0 1 0 0  
5412      00h 1 24h 24h 0 1 0 0 1 0 0  
5413      00h 1 24h 24h 0 1 0 0 1 0 0  
5414      00h 1 24h 24h 0 1 0 0 1 0 0  
5415      00h 1 24h 24h 0 1 0 0 1 0 0  
5416      00h 1 24h 24h 0 1 0 0 1 0 0  
5417      00h 1 24h 24h 0 1 0 0 1 0 0  
5418      00h 1 24h 24h 0 1 0 0 1 0 0  
5419      00h 1 24h 24h 0 1 0 0 1 0 0  
5420      00h 1 24h 24h 0 1 0 0 1 0 0  
5421      00h 1 24h 24h 0 1 0 0 1 0 0  
5422      00h 1 24h 24h 0 1 0 0 1 0 0  
5423      00h 1 24h 24h 0 1 0 0 1 0 0  
5424      00h 1 24h 24h 0 1 0 0 1 0 0  
5425      00h 1 24h 24h 0 1 0 0 1 0 0  
5426      00h 1 24h 24h 0 1 0 0 1 0 0  
5427      00h 1 24h 24h 0 1 0 0 1 0 0  
5428      00h 1 24h 24h 0 1 0 0 1 0 0  
5429      00h 1 24h 24h 0 1 0 0 1 0 0  
5430      00h 1 24h 24h 0 1 0 0 1 0 0  
5431      00h 1 24h 24h 0 1 0 0 1 0 0  
5432      00h 1 24h 24h 0 1 0 0 1 0 0  
5433      00h 1 24h 24h 0 1 0 0 1 0 0  
5434      00h 1 24h 24h 0 1 0 0 1 0 0  
5435      00h 1 24h 24h 0 1 0 0 1 0 0  
5436      00h 1 24h 24h 0 1 0 0 1 0 0  
5437      00h 1 24h 24h 0 1 0 0 1 0 0  
5438      00h 1 24h 24h 0 1 0 0 1 0 0  
5439      00h 1 24h 24h 0 1 0 0 1 0 0  
5440      00h 1 24h 24h 0 1 0 0 1 0 0  
5441      00h 1 24h 24h 0 1 0 0 1 0 0  
5442      00h 1 24h 24h 0 1 0 0 1 0 0  
5443      00h 1 24h 24h 0 1 0 0 1 0 0  
5444      00h 1 24h 24h 0 1 0 0 1 0 0  
5445      00h 1 24h 24h 0 1 0 0 1 0 0  
5446      00h 1 24h 24h 0 1 0 0 1 0 0  
5447      00h 1 24h 24h 0 1 0 0 1 0 0  
5448      00h 1 24h 24h 0 1 0 0 1 0 0  
5449      00h 1 24h 24h 0 1 0 0 1 0 0  
5450      00h 1 24h 24h 0 1 0 0 1 0 0  
5451      00h 1 24h 24h 0 1 0 0 1 0 0  
5452      00h 1 24h 24h 0 1 0 0 1 0 0  
5453      00h 1 24h 24h 0 1 0 0 1 0 0  
5454      00h 1 24h 24h 0 1 0 0 1 0 0  
5455      00h 1 24h 24h 0 1 0 0 1 0 0  
5456      00h 1 24h 24h 0 1 0 0 1 0 0  
5457      00h 1 24h 24h 0 1 0 0 1 0 0  
5458      00h 1 24h 24h 0 1 0 0 1 0 0  
5459      00h 1 24h 24h 0 1 0 0 1 0 0  
5460      00h 1 24h 24h 0 1 0 0 1 0 0  
5461      00h 1 24h 24h 0 1 0 0 1 0 0  
5462      00h 1 24h 24h 0 1 0 0 1 0 0  
5463      00h 1 24h 24h 0 1 0 0 1 0 0  
5464      00h 1 24h 24h 0 1 0 0 1 0 0  
5465      00h 1 24h 24h 0 1 0 0 1 0 0  
5466      00h 1 24h 24h 0 1 0 0 1 0 0  
5467      00h 1 24h 24h 0 1 0 0 1 0 0  
5468      00h 1 24h 24h 0 1 0 0 1 0 0  
5469      00h 1 24h 24h 0 1 0 0 1 0 0  
5470      00h 1 24h 24h 0 1 0 0 1 0 0  
5471      00h 1 24h 24h 0 1 0 0 1 0 0  
5472      00h 1 24h 24h 0 1 0 0 1 0 0  
5473      00h 1 24h 24h 0 1 0 0 1 0 0  
5474      00h 1 24h 24h 0 1 0 0 1 0 0  
5475      00h 1 24h 24h 0 1 0 0 1 0 0  
5476      00h 1 24h 24h 0 1 0 0 1 0 0  
5477      00h 1 24h 24h 0 1 0 0 1 0 0  
5478      00h 1 24h 24h 0 1 0 0 1 0 0  
5479      00h 1 24h 24h 0 1 0 0 1 0 0  
5480      00h 1 24h 24h 0 1 0 0 1 0 0  
5481      00h 1 24h 24h 0 1 0 0 1 0 0  
5482      00h 1 24h 24h 0 1 0 0 1 0 0  
5483      00h 1 24h 24h 0 1 0 0 1 0 0  
5484      00h 1 24h 24h 0 1 0 0 1 0 0  
5485      00h 1 24h 24h 0 1 0 0 1 0 0  
5486      00h 1 24h 24h 0 1 0 0 1 0 0  
5487      00h 1 24h 24h 0 1 0 0 1 0 0  
5488      00h 1 24h 24h 0 1 0 0 1 0 0  
5489      00h 1 24h 24h 0 1 0 0 1 0 0  
5490      00h 1 24h 24h 0 1 0 0 1 0 0  
5491      00h 1 24h 24h 0 1 0 0 1 0 0  
5492      00h 1 24h 24h 0 1 0 0 1 0 0  
5493      00h 1 24h 24h 0 1 0 0 1 0 0  
5494      00h 1 24h 24h 0 1 0 0 1 0 0  
5495      00h 1 24h 24h 0 1 0 0 1 0 0  
5496      00h 1 24h 24h 0 1 0 0 1 0 0  
5497      00h 1 24h 24h 0 1 0 0 1 0 0  
5498      00h 1 24h 24h 0 1 0 0 1 0 0  
5499      00h 1 24h 24h 0 1 0 0 1 0 0  
5500      00h 1 24h 24h 0 1 0 0 1 0 0  
5501      00h 1 24h 24h 0 1 0 0 1 0 0  
5502      00h 1 24h 24h 0 1 0 0 1 0 0  
5503      00h 1 24h 24h 0 1 0 0 1 0 0  
5504      00h 1 24h 24h 0 1 0 0 1 0 0  
5505      00h 1 24h 24h 0 1 0 0 1 0 0  
5506      00h 1 24h 24h 0 1 0 0 1 0 0  
5507      00h 1 24h 24h 0 1 0 0 1 0 0  
5508      00h 1 24h 24h 0 1 0 0 1 0 0  
5509      00h 1 24h 24h 0 1 0 0 1 0 0  
5510      00h 1 24h 24h 0 1 0 0 1 0 0  
5511      00h 1 24h 24h 0 1 0 0 1 0 0  
5512      00h 1 24h 24h 0 1 0 0 1 0 0  
5513      00h 1 24h 24h 0 1 0 0 1 0 0  
5514      00h 1 24h 24h 0 1 0 0 1 0 0  
5515      00h 1 24h 24h 0 1 0 0 1 0 0  
5516      00h 1 24h 24h 0 1 0 0 1 0 0  
5517      00h 1 24h 24h 0 1 0 0 1 0 0  
5518      00h 1 24h 24h 0 1 0 0 1 0 0  
5519      00h 1 24h 24h 0 1 0 0 1 0 0  
5520      00h 1 24h 24h 0 1 0 0 1 0 0  
5521      00h 1 24h 24h 0 1 0 0 1 0 0  
5522      00h 1 24h 24h 0 1 0 0 1 0 0  
5523      00h 1 24h 24h 0 1 0 0 1 0 0  
5524      00h 1 24h 24h 0 1 0 0 1 0 0  
5525      00h 1 24h 24h 0 1 0 0 1 0 0  
5526      00h 1 24h 24h 0 1 0 0 1 0 0  
5527      00h 1 24h 24h 0 1 0 0 1 0 0  
5528      00h 1 24h 24h 0 1 0 0 1 0 0  
5529      00h 1 24h 24h 0 1 0 0 1 0 0  
5530      00h 1 24h 24h 0 1 0 0 1 0 0  
5531      00h 1 24h 24h 0 1 0 0 1 0 0  
5532      00h 1 24h 24h 0 1 0 0 1 0 0  
5533      00h 1 24h 24h 0 1 0 0 1 0 0  
5534      00h 1 24h 24h 0 1 0 0 1 0 0  
5535      00h 1 24h 24h 0 1 0 0 1 0 0  
5536      00h 1 24h 24h 0 1 0 0 1 0 0  
5537      00h 1 24h 24h 0 1 0 0 1 0 0  
5538      00h 1 24h 24h 0 1 0 0 1 0 0  
5539      00h 1 24h 24h 0 1 0 0 1 0 0  
5540      00h 1 24h 24h 0 1 0 0 1 0 0  
5541      00h 1 24h 24h 0 1 0 0 1 0 0  
5542      00h 1 24h 24h 0 1 0 0 1 0 0  
5543      00h 1 24h 24h 0 1 0 0 1 0 0  
5544      00h 1 24h 24h 0 1 0 0 1 0 0  
5545      00h 1 24h 24h 0 1 0 0 1 0 0  
5546      00h 1 24h 24h 0 1 0 0 1 0 0  
5547      00h 1 24h 24h 0 1 0 0 1 0 0  
5548      00h 1 24h 24h 0 1 0 0 1 0 0  
5549      00h 1 24h 24h 0 1 0 0 1 0 0  
5550      00h 1 24h 24h 0 1 0 0 1 0 0  
5551      00h 1 24h 24h 0 1 0 0 1 0 0  
5552      00h 1 24h 24h 0 1 0 0 1 0 0  
5553      00h 1 24h 24h 0 1 0 0 1 0 0  
5554      00h 1 24h 24h 0 1 0 0 1 0 0  
5555      00h 1 24h 24h 0 1 0 0 1 0 0  
5556      00h 1 24h 24h 0 1 0 0 1 0 0  
5557      00h 1 24h 24h 0 1 0 0 1 0 0  
5558      00h 1 24h 24h 0 1 0 0 1 0 0  
5559      00h 1 24h 24h 0 1 0 0 1 0 0  
5560      00h 1 24h 24h 0 1 0 0 1 0 0  
5561      00h 1 24h 24h 0 1 0 0 1 0 0  
5562      00h 1 24h 24h 0 1 0 0 1 0 0  
5563      00h 1 24h 24h 0 1 0 0 1 0 0  
5564      00h 1 24h 24h 0 1 0 0 1 0 0  
5565      00h 1 24h 24h 0 1 0 0 1 0 0  
5566      00h 1 24h 24h 0 1 0 0 1 0 0  
5567      00h 1 24h 24h 0 1 0 0 1 0 0  
5568      00h 1 24h 24h 0 1 0 0 1 0 0  
5569      00h 1 24h 24h 0 1 0 0 1 0 0  
5570      00h 1 24h 24h 0 1 0 0 1 0 0  
5571      00h 1 24h 24h 0 1 0 0 1 0 0  
5572      00h 1 24h 24h 0 1 0 0 1 0 0  
5573      00h 1 24h 24h 0 1 0 0 1 0 0  
5574      00h 1 24h 24h 0 1 0 0 1 0 0  
5575      00h 1 24h 24h 0 1 0 0 1 0 0  
5576      00h 1 24h 24h 0 1 0 0 1 0 0  
5577      00h 1 24h 24h 0 1 0 0 1 0 0  
5578      00h 1 24h 24h 0 1 0 0 1 0 0  
5579      00h 1 24h 24h 0 1 0 0 1 0 0  
5580      00h 1 24h 24h 0 1 0 0 1 0 0  
5581      00h 1 24h 24h 0 1 0 0 1 0 0  
5582      00h 1 24h 24h 0 1 0 0 1 0 0  
5583      00h 1 24h 24h 0 1 0 0 1 0 0  
5584      00h 1 24h 24h 0 1 0 0 1 0 0  
5585      00h 1 24h 24h 0 1 0 0 1 0 0  
5586      00h 1 24h 24h 0 1 0 0 1 0 0  
5587      00h 1 24h 24h 0 1 0 0 1 0 0  
5588      00h 1 24h 24h 0 1 0 0 1 0 0  
5589      00h 1 24h 24h 0 1 0 0 1 0 0  
5590      00h 1 24h 24h 0 1 0 0 1 0 0  
5591      00h 1 24h 24h 0 1 0 0 1 0 0  
5592      00h 1 24h 24h 0 1 0 0 1 0 0  
5593      00h 1 24h 24h 0 1 0 0 1 0 0  
5594      00h 1 24h 24h 0 1 0 0 1 0 0  
5595      00h 1 24h 24h 0 1 0 0 1 0 0  
5596      00h 1 24h 24h 0 1 0 0 1 0 0  
5597      00h 1 24h 24h 0 1 0 0 1 0 0  
5598      00h 1 24h 24h 0 1 0 0 1 0 0  
5599      00h 1 24h 24h 0 1 0 0 1 0 0  
5600      00h 1 24h 24h 0 1 0 0 1 0 0  
5601      00h 1 24h 24h 0 1 0 0 1 0 0  
5602      00h 1 24h 24h 0 1 0 0 1 0 0  
5603      00h 1 24h 24h 0 1 0 0 1 0 0  
5604      00h 1 24h 24h 0 1 0 0 1 0 0  
5605      00h 1 24h 24h 0 1 0 0 1 0 0  
5606      00h 1 24h 24h 0 1 0 0 1 0 0  
5607      00h 1 24h 24h 0 1 0 0 1 0 0  
5608      00h 1 24h 24h 0 1 0 0 1 0 0  
5609      00h 1 24h 24h 0 1 0 0 1 0 0  
5610      00h 1 24h 24h 0 1 0 0 1 0 0  
5611      00h 1 24h 24h 0 1 0 0 1 0 0  
5612      00h 1 24h 24h 0 1 0 0 1 0 0  
5613      00h 1 24h 24h 0 1 0 0 1 0 0  
5614      00h 1 24h 24h 0 1 0 0 1 0 0  
5615      00h 1 24h 24h 0 1 0 0 1 0 0  
5616      00h 1 24h 24h 0 1 0 0 1 0 0  
5617      00h 1 24h 24h 0 1 0 0 1 0 0  
5618      00h 1 24h 24h 0 1 0 0 1 0 0  
5619      00h 1 24h 24h 0 1 0 0 1 0 0  
5620      00h 1 24h 24h 0 1 0 0 1 0 0  
5621      00h 1 24h 24h 0 1 0 0 1 0 0  
5622      00h 1 24h 24h 0 1 0 0 1 0 0  
5623      00h 1 24h 24h 0 1 0 0 1 0 0  
5624      00h 1 24h 24h 0 1 0 0 1 0 0  
5625      00h 1 24h 24h 0 1 0 0 1 0 0  
5626      00h 1 24h 24h 0 1 0 0 1 0 0  
5627      00h 1 24h 24h 0 1 0 0 1 0 0  
5628      00h 1 24h 24h 0 1 0 0 1 0 0  
5629      00h 1 24h 24h 0 1 0 0 1 0 0  
5630      00h 1 24h 24h 0 1 0 0 1 0 0  
5631      00h 1 24h 24h 0 1 0 0 1 0 0  
5632      00h 1 24h 24h 0 1 0 0 1 0 0  
5633      00h 1 24h 24h 0 1 0 0 1 0 0  
5634      00h 1 24h 24h 0 1 0 0 1 0 0  
5635      00h 1 24h 24h 0 1 0 0 1 0 0  
5636      00h 1 24h 24h 0 1 0 0 1 0 0  
5637      00h 1 24h 24h 0 1 0 0 1 0 0  
5638      00h 1 24h 24h 0 1 0 0 1 0 0  
5639      00h 1 24h 24h 0 1 0 0 1 0 0  
5640      00h 1 24h 24h 0 1 0 0 1 0 0  
5641      00h 1 24h 24h 0 1 0 0 1 0 0  
5642      00h 1 24h 24h 0 1 0 0 1 0 0  
5643      00h 1 24h 24h 0 1 0 0 1 0 0  
5644      00h 1 24h 24h 0 1 0 0 1 0 0  
5645      00h 1 24h 24h 0 1 0 0 1 0 0  
5646      00h 1 24h 24h 0 1 0 0 1 0 0  
5647      00h 1 24h 24h 0 1 0 0 1 0 0  
5648      00h 1 24h 24h 0 1 0 0 1 0 0  
5649      00h 1 24h 24h 0 1 0 0 1 0 0  
5650      00h 1 24h 24h 0 1 0 0 1 0 0  
5651      00h 1 24h 24h 0 1 0 0 1 0 0  
5652      00h 1 24h 24h 0 1 0 0 1 0 0  
5653      00h 1 24h 24h 0 1 0 0 1 0 0  
5654      00h 1 24h 24h 0 1 0 0 1 0 0  
5655      00h 1 24h 24h 0 1 0 0 1 0 0  
5656      00h 1 24h 24h 0 1 0 0 1 0 0  
5657      00h 1 24h 24h 0 1 0 0 1 0 0  
5658      00h 1 24h 24h 0 1 0 0 1 0 0  
5659      00h 1 24h 24h 0 1 0 0 1 0 0  
5660      00h 1 24h 24h 0 1 0 0 1 0 0  
5661      00h 1 24h 24h 0 1 0 0 1 0 0  
5662      00h 1 24h 24h 0 1 0 0 1 0 0  
5663      00h 1 24h 24h 0 1 0 0 1 0 0  
5664      00h 1 24h 24h 0 1 0 0 1 0 0  
5665      00h 1 24h 24h 0 1 0 0 1 0 0  
5666      00h 1 24h 24h 0 1 0 0 1 0 0  
5667      00h 1 24h 24h 0 1 0 0 1 0 0  
5668      00h 1 24h 24h 0 1 0 0 1 0 0  
5669      00h 1 24h 24h 0 1 0 0 1 0 0  
5670      00h 1 24h 24h 0 1 0 0 1 0 0  
5671      00h 1 24h 24h 0 1 0 0 1 0 0  
5672      00h 1 24h 24h 0 1 0 0 1 0 0  
5673      00h 1 24h 24h 0 1 0 0 1 0 0  
5674      00h 1 24h 24h 0 1 0 0 1 0 0  
5675      00h 1 24h 24h 0 1 0 0 1 0 0  
5676      00h 1 24h 24h 0 1 0 0 1 0 0  
5677      00h 1 24h 24h 0 1 0 0 1 0 0  
5678      00h 1 24h 24h 0 1 0 0 1 0 0  
5679      00h 1 24h 24h 0 1 0 0 1 0 0  
5680      00h 1 24h 24h 0 1 0 0 1 0 0  
5681      00h 1 24h 24h 0 1 0 0 1 0 0  
5682      00h 1 24h 24h 0 1 0 0 1 0 0  
5683      00h 1 24h 24h 0 1 0 0 1 0 0  
5684      00h 1 24h 24h 0 1 0 0 1 0 0  
5685      00h 1 24h 24h 0 1 0 0 1 0 0  
5686      00h 1 24h 24h 0 1 0 0 1 0 0  
5687      00h 1 24h 24h 0 1 0 0 1 0 0  
5688      00h 1 24h 24h 0 1 0 0 1 0 0  
5689      00h 1 24h 24h 0 1 0 0 1 0 0  
5690      00h 1 24h 24h 0 1 0 0 1 0 0  
5691      00h 1 24h 24h 0 1 0 0 1 0 0  
5692      00h 1 24h 24h 0 1 0 0 1 0 0  
5693      00h 1 24h 24h 0 1 0 0 1 0 0  
5694      00h 1 24h 24h 0 1 0 0 1 0 0  
5695      00h 1 24h 24h 0 1 0 0 1 0 0  
5696      00h 1 24h 24h 0 1 0 0 1 0 0  
5697      00h 1 24h 24h 0 1 0 0 1 0 0  
5698      00h 1 24h 24h 0 1 0 0 1 0 0  
5699      00h 1 24h 24h 0 1 0 0 1 0 0  
5700      00h 1 24h 24h 0 1 0 0 1 0 0  
5701      00h 1 24h 24h 0 1 0 0 1 0 0  
5702      00h 1 24h 24h 0 1 0 0 1 0 0  
5703      00h 1 24h 24h 0 1 0 0 1 0 0  
5704      00h 1 24h 24h 0 1 0 0 1 0 0  
5705      00h 1 24h 24h 0 1 0 0 1 0 0  
5706      00h 1 24h 24h 0 1 0 0 1 0 0  
5707      00h 1 24h 24h 0 1 0 0 1 0 0  
5708      00h 1 24h 24h 0 1 0 0 1 0 0  
5709      00h 1 24h 24h 0 1 0 0 1 0 0  
5710      00h 1 24h 24h 0 1 0 0 1 0 0  
5711      00h 1 24h 24h 0 1 0 0 1 0 0  
5712      00h 1 24h 24h 0 1 0 0 1 0 0  
5713      00h 1 24h 24h 0 1 0 0 1 0 0  
5714      00h 1 24h 24h 0 1 0 0 1 0 0  
5715      00h 1 24h 24h 0 1 0 0 1 0 0  
5716      00h 1 24h 24h 0 1 0 0 1 0 0  
5717      00h 1 24h 24h 0 1 0 0 1 0 0  
5718      00h 1 24h 24h 0 1 0 0 1 0 0  
5719      00h 1 24h 24h 0 1 0 0 1 0 0  
5720      00h 1 24h 24h 0 1 0 0 1 0 0  
5721      00h 1 24h 24h 0 1 0 0 1 0 0  
5722      00h 1 24h 24h 0 1 0 0 1 0 0  
5723      00h 1 24h 24h 0 1 0 0 1 0 0  
5724      00h 1 24h 24h 0 1 0 0 1 0 0  
5725      00h 1 24h 24h 0 1 0 0 1 0 0  
5726      00h 1 24h 24h 0 1 0 0 1 0 0  
5727      00h 1 24h 24h 0 1 0 0 1 0 0  
5728      00h 1 24h 24h 0 1 0 0 1 0 0  
5729      00h 1 24h 24h 0 1 0 0 1 0 0  
5730      00h 1 24h 24h 0 1 0 0 1 0 0  
5731      00h 1 24h 24h 0 1 0 0 1 0 0  
5732      00h 1 24h 24h 0 1 0 0 1 0 0  
5733      00h 1 24h 24h 0 1 0 0 1 0 0  
5734      00h 1 24h 24h 0 1 0 0 1 0 0  
5735      00h 1 24h 24h 0 1 0 0 1 0 0  
5736      00h 1 24h 24h 0 1 0 0 1 0 0  
5737      00h 1 24h 24h 0 1 0 0 1 0 0  
5738      00h 1 24h 24h 0 1 0 0 1 0 0  
5739      00h 1 24h 24h 0 1 0 0 1 0 0  
5740      00h 1 24h 24h 0 1 0 0 1 0 0  
5741      00h 1 24h 24h 0 1 0 0 1 0 0  
5742      00h 1 24h 24h 0 1 0 0 1 0 0  
5743      00h 1 24h 24h 0 1 0 0 1 0 0  
5744      00h 1 24h 24h 0 1 0 0 1 0 0  
5745      00h 1 24h 24h 0 1 0 0 1 0 0  
5746      00h 1 24h 24h 0 1 0 0 1 0 0  
5747      00h 1 24h 24h 0 1 0 0 1 0 0  
5748      00h 1 24h 24h 0 1 0 0 1 0 0  
5749      00h 1 24h 24h 0 1 0 0 1 0 0  
5750      00h 1 24h 24h 0 1 0 0 1 0 0  
5751      00h 1 24h 24h 0 1 0 0 1 0 0  
5752      00h 1 24h 24h 0 1 0 0 1 0 0  
5753      00h 1 24h 24h 0 1 0 0 1 0 0  
5754      00h 1 24h 24h 0 1 0 0 1 0 0  
5755      00h 1 24h 24h 0 1 0 0 1 0 0  
5756      00h 1 24h 24h 0 1 0 0 1 0 0  
5757      00h 1 24h 24h 0 1 0 0 1 0 0  
5758      00h 1 24h 24h 0 1 0 0 1 0 0  
5759      00h 1 24h 24h 0 1 0 0 1 0 0  
5760      00h 1 24h 24h 0 1 0 0 1 0 0  
5761      00h 1 24h 24h 0 1 0 0 1 0 0  
5762      00h 1 24h 24h 0 1 0 0 1 0 0  
5763      00h 1 24h 24h 0 1 0 0 1 0 0  
5764      00h 1 24h 24h 0 1 0 0 1 0 0  
5765      00h 1 24h 24h 0 1 0 0 1 0 0  
5766      00h 1 24h 24h 0 1 0 0 1 0 0  
5767      00h 1 24h 24h 0 1 0 0 1 0 0  
5768      00h 1 24h 24h 0 1 0 0 1 0 0  
5769      00h 1 24h 24h 0 1 0 0 1 0 0  
5770      00h 1 24h 24h 0 1 0 0 1 0 0  
5771      00h 1 24h 24h 0 1 0 0 1 0 0  
5772      00h 1 24h 24h 0 1 0 0 1 0 0  
5773      00h 1 24h 24h 0 1 0 0 1 0 0  
5774      00h 1 24h 24h 0 1 0 0 1 0 0  
5775      00h 1 24h 24h 0 1 0 0 1 0 0  
5776      00h 1 24h 24h 0 1 0 0 1 0 0  
5777      00h 1 24h 24h 0 1 0 0 1 0 0  
5778      00h 1 24h 24h 0 1 0 0 1 0 0  
5779      00h 1 24h 24h 0 1 0 0 1 0 0  
5780      00h 1 24h 24h 0 1 0 0 1 0 0  
5781      00h 1 24h 24h 0 1 0 0 1 0 0  
5782      00h 1 24h 24h 0 1 0 0 1 0 0  
5783      00h 1 24h 24h 0 1 0 0 1 0 0  
5784      00h 1 24h 24h 0 1 0 0 1 0 0  
5785      00h 1 24h 24h 0 1 0 0 1 0 0  
5786      00h 1 24h 24h 0 1 0 0 1 0 0  
5787      00h 1 24h 24h 0 1 0 0 1 0 0  
5788      00h 1 24h 24h 0 1 0 0 1 0 0  
5789      00h 1 24h 24h 0 1 0 0 1 0 0  
5790      00h 1 24h 24h 0 1 0 0 1 0 0  
5791      00h 1 24h 24h 0 1 0 0 1 0 0  
5792      00h 1 24h 24h 0 1 0 0 1 0 0  
5793      00h 1 24h 24h 0 1 0 0 1 0 0  
5794      00h 1 24h 24h 0 1 0 0 1 0 0  
5795      00h 1 24h 24h 0 1 0 0 1 0 0  
5796      00h 1 24h 24h 0 1 0 0 1 0 0  
5797      00h 1 24h 24h 0 1 0 0 1 0 0  
5798      00h 1 24h 24h 0 1 0 0 1 0 0  
5799      00h 1 24h 24h 0 1 0 0 1 0 0  
5800      00h 1 24h 24h 0 1 0 0 1 0 0  
5801      00h 1 24h 24h 0 1 0 0 1 0 0  
5802      00h 1 24h 24h 0 1 0 0 1 0 0  
5803      00h 1 24h 24h 0 1 0 0 1 0 0  
5804      00h 1 24h 24h 0 1 0 0 1 0 0  
5805      00h 1 24h 24h 0 1 0 0 1 0 0  
5806      00h 1 24h 24h 0 1 0 0 1 0 0  
5807      00h 1 24h 24h 0 1 0 0 1 0 0  
5808      00h 1 24h 24h 0 1 0 0 1 0 0  
5809      00h 1 24h 24h 0 1 0 0 1 0 0  
5810      00h 1 24h 24h 0 1 0 0 1 0 0  
5811      00h 1 24h 24h 0 1 0 0 1 0 0  
5812      00h 1 24h 24h 0 1 0 0 1 0 0  
5813      00h 1 24h 24h 0 1 0 0 1 0 0  
5814      00h 1 24h 24h 0 1 0 0 1 0 0  
5815      00h 1 24h 24h 0 1 0 0 1 0 0  
5816      00h 1 24h 24h 0 1 0 0 1 0 0  
5817      00h 1 24h 24h 0 1 0 0 1 0 0  
5818      00h 1 24h 24h 0 1 0 0 1 0 0  
5819      00h 1 24h 24h 0 1 0 0 1 0 0  
5820      00h 1 24h 24h 0 1 0 0 1 0 0  
5821      00h 1 24h 24h 0 1 0 0 1 0 0  
5822      00h 1 24h 24h 0 1 0 0 1 0 0  
5823      00h 1 24h 24h 0 1 0 0 1 0 0  
5824      00h 1 24h 24h 0 1 0 0 1 0 0  
5825      00h 1 24h 24h 0 1 0 0 1 0 0  
5826      00h 1 24h 24h 0 1 0 0 1 0 0  
5827      00h 1 24h 24h 0 1 0 0 1 0 0  
5828      00h 1 24h 24h 0 1 0 0 1 0 0  
5829      00h 1 24h 24h 0 1 0 0 1 0 0  
5830      00h 1 24h 24h 0 1 0 0 1 0 0  
5831      00h 1 24h 24h 0 1 0 0 1 0 0  
5832      00h 1 24h 24h 0 1 0 0 1 0 0  
5833      00h 1 24h 24h 0 1 0 0 1 0 0  
5834      00h 1 24h 24h 0 1 0 0 1 0 0  
5835      00h 1 24h 24h 0 1 0 0 1 0 0  
5836      00h 1 24h 24h 0 1 0 0 1 0 0  
5837      00h 1 24h 24h 0 1 0 0 1 0 0  
5838      00h 1 24h 24h 0 1 0 0 1 0 0  
5839      00h 1 24h 24h 0 1 0 0 1 0 0  
5840      00h 1 24h 24h 0 1 0 0 1 0 0  
5841      00h 1 24h 24h 0 1 0 0 1 0 0  
5842      00h 1 24h 24h 0 1 0 0 1 0 0  
5843      00h 1 24h 24h 0 1 0 0 1 0 0  
5844      00h 1 24h 24h 0 1 0 0 1 0 0  
5845      00h 1 24h 24h 0 1 0 0 1 0 0  
5846      00h 1 24h 24h 0 1 0 0 1 0 0  
5847      00h 1 24h 24h 0 1 0 0 1 0 0  
5848      00h 1 24h 24h 0 1 0 0 1 0 0  
5849      00h 1 24h 24h 0 1 0 0 1 0 0  
5850      00h 1 24h 24h 0 1 0 0 1 0 0  
5851      00h 1 24h 24h 0 1 0 0 1 0 0  
5852      00h 1 24h 24h 0 1 0 0 1 0 0  
5853      00h 1 24h 24h 0 1 0 0 1 0 0  
5854      00h 1 24h 24h 0 1 0 0 1 0 0  
5855      00h 1 24h 24h 0 1 0 0 1 0 0  
5856      00h 1 24h 24h 0 1 0 0 1 0 0  
5857      00h 1 24h 24h 0 1 0 0 1 0 0  
5858      00h 1 24h 24h 0 1 0 0 1 0 0  
5859      00h 1 24h 24h 0 1 0 0 1 0 0  
5860      00h 1 24h 24h 0 1 0 0 1 0 0  
5861      00h 1 24h 24h 0 1 0 0 1 0 0  
5862      00h 1 24h 24h 0 1 0 0 1 0 0  
5863      00h 1 24h 24h 0 1 0 0 1 0 0  
5864      00h 1 24h 24h 0 1 0 0 1 0 0  
5865      00h 1 24h 24h 0 1 0 0 1 0 0  
5866      00h 1 24h 24h 0 1 0 0 1 0 0  
5867      00h 1 24h 24h 0 1 0 0 1 0 0  
5868      00h 1 24h 24h 0 1 0 0 1 0 0  
5869      00h 1 24h 24h 0 1 0 0 1 0 0  
5870      00h 1 24h 24h 0 1 0 0 1 0 0  
5871      00h 1 24h 24h 0 1 0 0 1 0 0  
5872      00h 1 24h 24h 0 1 0 0 1 0 0  
5873      00h 1 24h 24h 0 1 0 0 1 0 0  
5874      00h 1 24h 24h 0 1 0 0 1 0 0  
5875      00h 1 24h 24h 0 1 0 0 1 0 0  
5876      00h 1 24h 24h 0 1 0 0 1 0 0  
5877      00h 1 24h 24h 0 1 0 0 1 0 0  
5878      00h 1 24h 24h 0 1 0 0 1 0 0  
5879      00h 1 24h 24h 0 1 0 0 1 0 0  
5880      00h 1 24h 24h 0 1 0 0 1 0 0  
5881      00h 1 24h 24h 0 1 0 0 1 0 0  
5882      00h 1 24h 24h 0 1 0 0 1 0 0  
5883      00h 1 24h 24h 0 1 0 0 1 0 0  
5884      00h 1 24h 24h 0 1 0 0 1 0 0  
5885      00h 1 24h 24h 0 1 0 0 1 0 0  
5886      00h 1 24h 24h 0 1 0 0 1 0 0  
5887      00h 1 24h 24h 0 1 0 0 1 0 0  
5888      00h 1 24h 24h 0 1 0 0 1 0 0  
5889      00h 1 24h 24h 0 1 0 0 1 0 0  
5890      00h 1 24h 24h 0 1 0 0 1 0 0  
5891      00h 1 24h 24h 0 1 0 0 1 0 0  
5892      00h 1 24h 24h 0 1 0 0 1 0 0  
5893      00h 1 24h 24h 0 1 0 0 1 0 0  
5894      00h 1 24h 24h 0 1 0 0 1 0 0  
5895      00h 1 24h 24h 0 1 0 0 1 0 0  
5896      00h 1 24h 24h 0 1 0 0 1 0 0  
5897      00h 1 24h 24h 0 1 0 0 1 0 0  
5898      00h 1 24h 24h 0 1 0 0 1 0 0  
5899      00h 1 24h 24h 0 1 0 0 1 0 0  
5900      00h 1 24h 24h 0 1 0 0 1 0 0  
5901      00h 1 24h 24h 0 1 0 0 1 0 0  
5902      00h 1 24h 24h 0 1 0 0 1 0 0  
5903      00h 1 24h 24h 0 1 0 0 1 0 0  
5904      00h 1 24h 24h 0 1 0 0 1 0 0  
5905      00h 1 24h 24h 0 1 0 0 1 0 0  
5906      00h 1 24h 24h 0 1 0 0 1 0 0  
5907      00h 1 24h 24h 0 1 0 0 1 0 0  
5908      00h 1 24h 24h 0 1 0 0 1 0 0  
5909      00h 1 24h 24h 0 1 0 0 1 0 0  
5910      00h 1 24h 24h 0 1 0 0 1 0 0  
5911      00h 1 24h 24h 0 1 0 0 1 0 0  
5912      00h 1 24h 24h 0 1 0 0 1 0 0  
5913      00h 1 24h 24h 0 1 0 0 1 0 0  
5914      00h 1 24h 24h 0 1 0 0 1 0 0  
5915      00h 1 24h 24h 0 1 0 0 1 0 0  
5916      00h 1 24h 24h 0 1 0 0 1 0 0  
5917      00h 1 24h 24h 0 1 0 0 1 0 0  
5918      00h 1 24h 24h 0 1 0 0 1 0 0  
5919      00h 1 24h 24h 0 1 0 0 1 0 0  
5920      00h 1 24h 24h 0 1 0 0 1 0 0  
5921      00h 1 24h 24h 0 1 0 0 1 0 0  
5922      00h 1 24h 24h 0 1 0 0 1 0 0  
5923      00h 1 24h 24h 0 1 0 0 1 0 0  
5924      00h 1 24h 24h 0 1 0 0 1 0 0  
5925      00h 1 24h 24h 0 1 0 0 1 0 0  
5926      00h 1 24h 24h 0 1 0 0 1 0 0  
5927      00h 1 24h 24h 0 1 0 0 1 0 0  
5928      00h 1 24h 24h 0 1 0 0 1 0 0  
5929      00h 1 24h 24h 0 1 0 0 1 0 0  
5930      00h 1 24h 24h 0 1 0 0 1 0 0  
5931      00h 1 24h 24h 0 1 0 0 1 0 0  
5932      00h 1 24h 24h 0 1 0 0 1 0 0  
5933      00h 1 24h 24h 0 1 0 0 1 0 0  
5934      00h 1 24h 24h 0 1 0 0 1 0 0  
5935      00h 1 24h 24h 0 1 0 0 1 0 0  
5936      00h 1 24h 24h 0 1 0 0 1 0 0  
5937      00h 1 24h 24h 0 1 0 0 1 0 0  
5938      00h 1 24h 24h 0 1 0 0 1 0 0  
5939      00h 1 24h 24h 0 1 0 0 1 0 0  
5940      00h 1 24h 24h 0 1 0 0 1 0 0  
5941      00h 1 24h 24h 0 1 0 0 1 0 0  
5942      00h 1 24h 24h 0 1 0 0 1 0 0  
5943      00h 1 24h 24h 0 1 0 0 1 0 0  
5944      00h 1 24h 24h 0 1 0 0 1 0 0  
5945      00h 1 24h 24h 0 1 0 0 1 0 0  
5946      00h 1 24h 24h 0 1 0 0 1 0 0  
5947      00h 1 24h 24h 0 1 0 0 1 0 0  
5948      00h 1 24h 24h 0 1 0 0 1 0 0  
5949      00h 1 24h 24h 0 1 0 0 1 0 0  
5950      00h 1 24h 24h 0 1 0 0 1 0 0  
5951      00h 1 24h 24h 0 1 0 0 1 0 0  
5952      00h 1 24h 24h 0 1 0 0 1 0 0  
5953      00h 1 24h 24h 0 1 0 0 1 0 0  
5954      00h 1 24h 24h 0 1 0 0 1 0 0  
5955      00h 1 24h 24h 0 1 0 0 1 0 0  
5956      00h 1 24h 24h 0 1 0 0 1 0 0  
5957      00h 1 24h 24h 0 1 0 0 1 0 0  
5958      00h 1 24h 24h 0 1 0 0 1 0 0  
5959      00h 1 24h 24h 0 1 0 0 1 0 0  
5960      00h 1 24h 24h 0 1 0 0 1 0 0  
5961      00h 1 24h 24h 0 1 0 0 1 0 0  
5962      00h 1 24h 24h 0 1 0 0 1 0 0  
5963      00h 1 24h 24h 0 1 0 0 1 0 0  
5964      00h 1 24h 24h 0 1 0 0 1 0 0  
5965      00h 1 24h 24h 0 1 0 0 1 0 0  
5966      00h 1 24h 24h 0 1 0 0 1 0 0  
5967      00h 1 24h 24h 0 1 0 0 1 0 0  
5968      00h 1 24h 24h 0 1 0 0 1 0 0  
5969      00h 1 24h 24h 0 1 0 0 1 0 0  
5970      00h 1 24h 24h 0 1 0 0 1 0 0  
5971      00h 1 24h 24h 0 1 0 0 1 0 0  
5972      00h 1 24h 24h 0 1 0 0 1 0 0  
5973      00h 1 24h 24h 0 1 0 0 1 0 0  
5974      00h 1 24h 24h 0 1 0 0 1 0 0  
5975      00h 1 24h 24h 0 1 0 0 1 0 0  
5976      00h 1 24h 24h 0 1 0 0 1 0 0  
5977      00h 1 24h 24h 0 1 0 0 1 0 0  
5978      00h 1 24h 24h 0 1 0 0 1 0 0  
5979      00h 1 24h 24h 0 1 0 0 1 0 0  
5980      00h 1 24h 24h 0 1 0 0 1 0 0  
5981      00h 1 24h 24h 0 1 0 0 1 0 0  
5982      00h 1 24h 24h 0 1 0 0 1 0 0  
5983      00h 1 24h 24h 0 1 0 0 1 0 0  
5984      00h 1 24h 24h 0 1 0 0 1 0 0  
5985      00h 1 24h 24h 0 1 0 0 1 0 0  
5986      00h 1 24h 24h 0 1 0 0 1 0 0  
5987      00h 1 24h 24h 0 1 0 0 1 0 0  
5988      00h 1 24h 24h 0 1 0 0 1 0 0  
5989      00h 1 24h 24h 0 1 0 0 1 0 0  
5990      00h 1 24h 24h 0 1 0 0 1 0 0  
5991      00h 1 24h 24h 0 1 0 0 1 0 0  
5992      00h 1 24h 24h 0 1 0 0 1 0 0  
5993      00h 1 24h 24h 0 1 0 0 1 0 0  
5994      00h 1 24h 24h 0 1 0 0 1 0 0  
5995      00h 1 24h 24h 0 1 0 0 1 0 0  
5996      00h 1 24h 24h 0 1 0 0 1 0 0  
5997      00h 1 24h 24h 0 1 0 0 1 0 0  
5998      00h 1 24h 24h 0 1 0 0 1 0 0  
5999      00h 1 24h 24h 0 1 0 0 1 0 0  
6000      00h 1 24h 24h 0 1 0 0 1 0 0  
6001      00h 1 24h 24h 0 1 0 0 1 0 0  
6002      00h 1 24h 24h 0 1 0 0 1 0 0  
6003      00h 1 24h 24h 0 1 0 0 1 0 0  
6004      00h 1 24h 24h 0 1 0 0 1 0 0  
6005      00h 1 24h 24h 0 1 0 0 1 0 0  
6006      00h 1 24h 24h 0 1 0 0 1 0 0  
6007      00h 1 24h 24h 0 1 0 0 1 0 0  
6008      00h 1 24h 24h 0 1 0 0 1 0 0  
6009      00h 1 24h 24h 0 1 0 0 1 0 0  
6010      00h 1 24h 24h 0 1 0 0 1 0 0  
6011      00h 1 24h 24h 0 1 0 0 1 0 0  
6012      00h 1 24h 24h 0 1 0 0 1 0 0  
6013      00h 1 24h 24h 0 1 0 0 1 0 0  
6014      00h 1 24h 24h 0 1 0 0 1 0 0  
6015      00h 1 24h 24h 0 1 0 0 1 0 0  
6016      00h 1 24h 24h 0 1 0 0 1 0 0  
6017      00h 1 24h 24h 0 1 0 0 1 0 0  
6018      00h 1 24h 24h 0 1 0 0 1 0 0  
6019      00h 1 24h 24h 0 1 0 0 1 0 0  
6020      00h 1 24h 24h 0 1 0 0 1 0 0  
6021      00h 1 24h 24h 0 1 0 0 1 0 0  
6022      00h 1 24h 24h 0 1 0 0 1 0 0  
6023      00h 1 24h 24h 0 1 0 0 1 0 0  
6024      00h 1 24h 24h 0 1 0 0 1 0 0  
6025      00h 1 24h 24h 0 1 0 0 1 0 0  
6026      00h 1 24h 24h 0 1 0 0 1 0 0  
6027      00h 1 24h 24h 0 1 0 0 1 0 0  
6028      00h 1 24h 24h 0 1 0 0 1 0 0  
6029      00h 1 24h 24h 0 1 0 0 1 0 0  
6030      00h 1 24h 24h 0 1 0 0 1 0 0  
6031      00h 1 24h 24h 0 1 0 0 1 0 0  
6032      00h 1 24h 24h 0 1 0 0 1 0 0  
6033      00h 1 24h 24h 0 1 0 0 1 0 0  
6034      00h 1 24h 24h 0 1 0 0 1 0 0  
6035      00h 1 24h 24h 0 1 0 0 1 0 0  
6036      00h 1 24h 24h 0 1 0 0 1 0 0  
6037      00h 1 24h 24h 0 1 0 0 1 0 0  
6038      00h 1 24h 24h 0 1 0 0 1 0 0  
6039      00h 1 24h 24h 0 1 0 0 1 0 0  
6040      00h 1 24h 24h 0 1 0 0 1 0 0  
6041      00h 1 24h 24h 0 1 0 0 1 0 0  
6042      00h 1 24h 24h 0 1 0 0 1 0 0  
6043      00h 1 24h 24h 0 1 0 0 1 0 0  
6044      00h 1 24h 24h 0 1 0 0 1 0 0  
6045      00h 1 24h 24h 0 1 0 0 1 0 0  
6046      00h 1 24h 24h 0 1 0 0 1 0 0  
6047      00h 1 24h 24h 0 1 0 0 1 0 0  
6048      00h 1 24h 24h 0 1 0 0 1 0 0  
6049      00h 1 24h 24h 0 1 0 0 1 0 0  
6050      00h 1 24h 24h 0 1 0 0 1 0 0  
6051      00h 1 24h 24h 0 1 0 0 1 0 0  
6052      00h 1 24h 24h 0 1 0 0 1 0 0  
6053      00h 1 24h 24h 0 1 0 0 1 0 0  
6054      00h 1 24h 24h 0 1 0 0 1 0 0  
6055      00h 1 24h 24h 0 1 0 0 1 0 0  
6056      00h 1 24h 24h 0 1 0 0 1 0 0  
6057      00h 1 24h 24h 0 1 0 0 1 0 0  
6058      00h 1 24h 24h 0 1 0 0 1 0 0  
6059      00h 1 24h 24h 0 1 0 0 1 0 0  
6060      00h 1 24h 24h 0 1 0 0 1 0 0  
6061      00h 1 24h 24h 0 1 0 0 1 0 0  
6062      00h 1 24h 24h 0 1 0 0 1 0 0  
6063      00h 1 24h 24h 0 1 0 0 1 0 0  
6064      00h 1 24h 24h 0 1 0 0 1 0 0  
6065      00h 1 24h 24h 0 1 0 0 1 0 0  
6066      00h 1 24h 24h 0 1 0 0 1 0 0  
6067      00h 1 24h 24h 0 1 0 0 1 0 0  
6068      00h 1 24h 24h 0 1 0 0 1 0 0  
6069      00h 1 24h 24h 0 1 0 0 1 0 0  
6070      00h 1 24h 24h 0 1 0 0 1 0 0  
6071      00h 1 24h 24h 0 1 0 0 1 0 0  
6072      00h 1 24h 24h 0 1 0 0 1 0 0  
6073      00h 1 24h 24h 0 1 0 0 1 0 0  
6074      00h 1 24h 24h 0 1 0 0 1 0 0  
6075      00h 1 24h 24h 0 1 0 0 1 0 0  
6076      00h 1 24h 24h 0 1 0 0 1 0 0  
6077      00h 1 24h 24h 0 1 0 0 1 0 0  
6078      00h 1 24h 24h 0 1 0 0 1 0 0  
6079      00h 1 24h 24h 0 1 0 0 1 0 0  
6080      00h 1 24h 24h 0 1 0 0 1 0 0  
6081      00h 1 24h 24h 0 1 0 0 1 0 0  
6082      00h 1 24h 24h 0 1 0 0 1 0 0  
6083      00h 1 24h 24h 0 1 0 0 1 0 0  
6084      00h 1 24h 24h 0 1 0 0 1 0 0  
6085      00h 1 24h 24h 0 1 0 0 1 0 0  
6086      00h 1 24h 24h 0 1 0 0 1 0 0  
6087      00h 1 24h 24h 0 1 0 0 1 0 0  
6088      00h 1 24h 24h 0 1 0 0 1 0 0  
6089      00h 1 24h 24h 0 1 0 0 1 0 0  
6090      00h 1 24h 24h 0 1 0 0 1 0 0  
6091      00h 1 24h 24h 0 1 0 0 1 0 0  
6092      00h 1 24h 24h 0 1 0 0 1 0 0  
6093      00h 1 24h 24h 0 1 0 0 1 0 0  
6094      00h 1 24h 24h 0 1 0 0 1 0 0  
6095      00h 1 24h 24h 0 1 0 0 1 0 0  
6096      00h 1 24h 24h 0 1 0 0 1 0 0  
6097      00h 1 24h 24h 0 1 0 0 1 0 0  
6098      00h 1 24h 24h 0 1 0 0 1 0 0  
6099      00h 1 24h 24h 0 1 0 0 1 0 0  
6100      00h 1 24h 24h 0 1 0 0 1 0 0  
6101      00h 1 24h 24h 0 1 0 0 1 0 0  
6102      00h 1 24h 24h 0 1 0 0 1 0 0  
6103      00h 1 24h 24h 0 1 0 0 1 0 0  
6104      00h 1 24h 24h 0 1 0 0 1 0 0  
6105      00h 1 24h 24h 0 1 0 0 1 0 0  
6106      00h 1 24h 24h 0 1 0 0 1 0 0  
6107      00h 1 24h 24h 0 1 0 0 1 0 0  
6108      00h 1 24h 24h 0 1 0 0 1 0 0  
6109      00h 1 24h 24h 0 1 0 0 1 0 0  
6110      00h 1 24h 24h 0 1 0 0 1 0 0  
6111      00h 1 24h 24h 0 1 0 0 1 0 0  
6112      00h 1 24h 24h 0 1 0 0 1 0 0  
6113      00h 1 24h 24h 0 1 0 0 1 0 0  
6114      00h 1 24h 24h 0 1 0 0 1 0 0  
6115      00h 1 24h 24h 0 1 0 0 1 0 0  
6116      00h 1 24h 24h 0 1 0 0 1 0 0  
6117      00h 1 24h 24h 0 1 0 0 1 0 0  
6118      00h 1 24h 24h 0 1 0 0 1 0 0  
6119      00h 1 24h 24h 0 1 0 0 1 0 0  
6120      00h 1 24h 24h 0 1 0 0 1 0 0  
6121      00h 1 24h 24h 0 1 0 0 1 0 0  
6122      00h 1 24h 24h 0 1 0 0 1 0 0  
6123      00h 1 24h 24h 0 1 0 0 1 0 0  
6124      00h 1 24h 24h 0 1 0 0 1 0 0  
6125      00h 1 24h 24h 0 1 0 0 1 0 0  
6126      00h 1 24h 24h 0 1 0 0 1 0 0  
6127      00h 1 24h 24h 0 1 0 0 1 0 0  
6128      00h 1 24h 24h 0 1 0 0 1 0 0  
6129      00h 1 24h 24h 0 1 0 0 1 0 0  
6130      00h 1 24h 24h 0 1 0 0 1 0 0  
6131      00h 1 24h 24h 0 1 0 0 1 0 0  
6132      00h 1 24h 24h 0 1 0 0 1 0 0  
6133      00h 1 24h 24h 0 1 0 0 1 0 0  
6134      00h 1 24h 24h 0 1 0 0 1 0 0  
6135      00h 1 24h 24h 0 1 0 0 1 0 0  
6136      00h 1 24h 24h 0 1 0 0 1 0 0  
6137      00h 1 24h 24h 0 1 0 0 1 0 0  
6138      00h 1 24h 24h 0 1 0 0 1 0 0  
6139      00h 1 24h 24h 0 1 0 0 1 0 0  
6140      00h 1 24h 24h 0 1 0 0 1 0 0  
6141      00h 1 24h 24h 0 1 0 0 1 0 0  
6142      00h 1 24h 24h 0 1 0 0 1 0 0  
6143      00h 1 24h 24h 0 1 0 0 1 0 0  
6144      00h 1 24h 24h 0 1 0 0 1 0 0  
6145      00h 1 24h 24h 0 1 0 0 1 0 0  
6146      00h 1 24h 24h 0 1 0 0 1 0 0  
6147      00h 1 24h 24h 0 1 0 0 1 0 0  
6148      00h 1 24h 24h 0 1 0 0 1 0 0  
6149      00h 1 24h 24h 0 1 0 0 1 0 0  
6150      00h 1 24h 24h 0 1 0 0 1 0 0  
6151      00h 1 24h 24h 0 1 0 0 1 0 0  
6152      00h 1 24h 24h 0 1 0 0 1 0 0  
6153      00h 1 24h 24h 0 1 0 0 1 0 0  
6154      00h 1 24h 24h 0 1 0 0 1 0 0  
6155      00h 1 24h 24h 0 1 0 0 1 0 0  
6156      00h 1 24h 24h 0 1 0 0 1 0 0  
6157      00h 1 24h 24h 0 1 0 0 1 0 0  
6158      00h 1 24h 24h 0 1 0 0 1 0 0  
6159      00h 1 24h 24h 0 1 0 0 1 0 0  
6160      00h 1 24h 24h 0 1 0 0 1 0 0  
6161      00h 1 24h 24h 0 1 0 0 1 0 0  
6162      00h 1 24h 24h 0 1 0 0 1 0 0  
6163      00h 1 24h 24h 0 1 0 0 1 0 0  
6164      00h 1 24h 24h 0 1 0 0 1 0 0  
6165      00h 1 24h 24h 0 1 0 0 1 0 0  
6166      00h 1 24h 24h 0 1 0 0 1 0 0  
6167      00h 1 24h 24h 0 1 0 0 1 0 0  
6168      00h 1 24h 24h 0 1 0 0 1 0 0  
6169      00h 1 24h 24h 0 1 0 0 1 0 0  
6170      00h 1 24h 24h 0 1 0 0 1 0 0  
6171      00h 1 24h 24h 0 1 0 0 1 0 0  
6172      00h 1 24h 24h 0 1 0 0 1 0 0  
6173      00h 1 24h 24h 0 1 0 0 1 0 0  
6174      00h 1 24h 24h 0 1 0 0 1 0 0  
6175      00h 1 24h 24h 0 1 0 0 1 0 0  
6176      00h 1 24h 24h 0 1 0 0 1 0 0  
6177      00h 1 24h 24h 0 1 0 0 1 0 0  
6178      00h 1 24h 24h 0 1 0 0 1 0 0  
6179      00h 1 24h 24h 0 1 0 0 1 0 0  
6180      00h 1 24h 24h 0 1 0 0 1 0 0  
6181      00h 1 24h 24h 0 1 0 0 1 0 0  
6182      00h 1 24h 24h 0 1 0 0 1 0 0  
6183      00h 1 24h 24h 0 1 0 0 1 0 0  
6184      00h 1 24h 24h 0 1 0 0 1 0 0  
6185      00h 1 24h 24h 0 1 0 0 1 0 0  
6186      00h 1 24h 24h 0 1 0 0 1 0 0  
6187      00h 1 24h 24h 0 1 0 0 1 0 0  
6188      00h 1 24h 24h 0 1 0 0 1 0 0  
6189      00h 1 24h 24h 0 1 0 0 1 0 0  
6190      00h 1 24h 24h 0 1 0 0 1 0 0  
6191      00h 1 24h 24h 0 1 0 0 1 0 0  
6192      00h 1 24h 24h 0 1 0 0 1 0 0  
6193      00h 1 24h 24h 0 1 0 0 1 0 0  
6194      00h 1 24h 24h 0 1 0 0 1 0 0  
6195      00h 1 24h 24h 0 1 0 0 1 0 0  
6196      00h 1 24h 24h 0 1 0 0 1 0 0  
6197      00h 1 24h 24h 0 1 0 0 1 0 0  
6198      00h 1 24h 24h 0 1 0 0 1 0 0  
6199      00h 1 24h 24h 0 1 0 0 1 0 0  
6200      00h 1 24h 24h 0 1 0 0 1 0 0  
6201      00h 1 24h 24h 0 1 0 0 1 0 0  
6202      00h 1 24h 24h 0 1 0 0 1 0 0  
6203      00h 1 24h 24h 0 1 0 0 1 0 0  
6204      00h 1 24h 24h 0 1 0 0 1 0 0  
6205      00h 1 24h 24h 0 1 0 0 1 0 0  
6206      00h 1 24h 24h 0 1 0 0 1 0 0  
6207      00h 1 24h 24h 0 1 0 0 1 0 0  
6208      00h 1 24h 24h 0 1 0 0 1 0 0  
6209      00h 1 24h 24h 0 1 0 0 1 0 0  
6210      00h 1 24h 24h 0 1 0 0 1 0 0  
6211      00h 1 24h 24h 0 1 0 0 1 0 0  
6212      00h 1 24h 24h 0 1 0 0 1 0 0  
6213      00h 1 24h 24h 0 1 0 0 1 0 0  
6214      00h 1 24h 24h 0 1 0 0 1 0 0  
6215      00h 1 24h 24h 0 1 0 0 1 0 0  
6216      00h 1 24h 24h 0 1 0 0 1 0 0  
6217      00h 1 24h 24h 0 1 0 0 1 0 0  
6218      00h 1 24h 24h 0 1 0 0 1 0 0  
6219      00h 1 24h 24h 0 1 0 0 1 0 0  
6220      00h 1 24h 24h 0 1 0 0 1 0 0  
6221      00h 1 24h 24h 0 1 0 0 1 0 0  
6222      00h 1 24h 24h 0 1 0 0 1 0 0  
6223      00h 1 24h 24h 0 1 0 0 1 0 0  
6224      00h 1 24h 24h 0 1 0 0 1 0 0  
6225      00h 1 24h 24h 0 1 0 0 1 0 0  
6226      00h 1 24h 24h 0 1 0 0 1 0 0  
6227      00h 1 24h 24h 0 1 0 0 1 0 0  
6228      00h 1 24h 24h 0 1 0 0 1 0 0  
6229      00h 1 24h 24h 0 1 0 0 1 0 0  
6230      00h 1 24h 24h 0 1 0 0 1 0 0  
6231      00h 1 24h 24h 0 1 0 0 1 0 0  
6232      00h 1 24h 24h 0 1 0 0 1 0 0  
6233      00h 1 24h 24h 0 1 0 0 1 0 0  
6234      00h 1 24h 24h 0 1 0 0 1 0 0  
6235      00h 1 24h 24h 0 1 0 0 1 0 0  
6236      00h 1 24h 24h 0 1 0 0 1 0 0  
6237      00h 1 24h 24h 0 1 0 0 1 0 0  
6238      00h 1 24h 24h 0 1 0 0 1 0 0  
6239      00h 1 24h 24h 0 1 0 0 1 0 0  
6240      00h 1 24h 24h 0 1 0 0 1 0 0  
6241      00h 1 24h 24h 0 1 0 0 1 0 0  
6242      00h 1 24h 24h 0 1 0 0 1 0 0  
6243      00h 1 24h 24h 0 1 0 0 1 0 0  
6244      00h 1 24h 24h 0 1 0 0 1 0 0  
6245      00h 1 24h 24h 0 1 0 0 1 0 0  
6246      00h 1 24h 24h 0 1 0 0 1 0 0  
6247      00h 1 24h 24h 0 1 0 0 1 0 0  
6248      00h 1 24h 24h 0 1 0 0 1 0 0  
6249      00h 1 24h 24h 0 1 0 0 1 0 0  
6250      00h 1 24h 24h 0 1 0 0 1 0 0  
6251      00h 1 24h 24h 0 1 0 0 1 0 0  
6252      00h 1 24h 24h 0 1 0 0 1 0 0  
6253      00h 1 24h 24h 0 1 0 0 1 0 0  
6254      00h 1 24h 24h 0 1 0 0 1 0 0  
6255      00h 1 24h 24h 0 1 0 0 1 0 0  
6256      00h 1 24h 24h 0 1 0 0 1 0 0  
6257      00h 1 24h 24h 0 1 0 0 1 0 0  
6258      00h 1 24h 24h 0 1 0 0 1 0 0  
6259      00h 1 24h 24h 0 1 0 0 1 0 0  
6260      00h 1 24h 24h 0 1 0 0 1 0 0  
6261      00h 1 24h 24h 0 1 0 0 1 0 0  
6262      00h 1 24h 24h 0 1 0 0 1 0 0  
6263      00h 1 24h 24h 0 1 0 0 1 0 0  
6264      00h 1 24h 24h 0 1 0 0 1 0 0  
6265      00h 1 24h 24h 0 1 0 0 1 0 0  
6266      00h 1 24h 24h 0 1 0 0 1 0 0  
6267      00h 1 24h 24h 0 1 0 0 1 0 0  
6268      00h 1 24h 24h 0 1 0 0 1 0 0  
6269      00h 1 24h 24h 0 1 0 0 1 0 0  
6270      00h 1 24h 24h 0 1 0 0 1 0 0  
6271      00h 1 24h 24h 0 1 0 0 1 0 0  
6272      00h 1 24h 24h 0 1 0 0 1 0 0  
6273      00h 1 24h 24h 0 1 0 0 1 0 0  
6274      00h 1 24h 24h 0 1 0 0 1 0 0  
6275      00h 1 24h 24h 0 1 0 0 1 0 0  
6276      00h 1 24h 24h 0 1 0 0 1 0 0  
6277      00h 1 24h 24h 0 1 0 0 1 0 0  
6278      00h 1 24h 24h 0 1 0 0 1 0 0  
6279      00h 1 24h 24h 0 1 0 0 1 0 0  
6280      00h 1 24h 24h 0 1 0 0 1 0 0  
6281      00h 1 24h 24h 0 1 0 0 1 0 0  
6282      00h 1 24h 24h 0 1 0 0 1 0 0  
6283      00h 1 24h 24h 0 1 0 0 1 0 0  
6284      00h 1 24h 24h 0 1 0 0 1 0 0  
6285      00h 1 24h 24h 0 1 0 0 1 0 0  
6286      00h 1 24h 24h 0 1 0 0 1 0 0  
6287      00h 1 24h 24h 0 1 0 0 1 0 0  
6288      00h 1 24h 24h 0 1 0 0 1 0 0  
6289      00h 1 24h 24h 0 1 0 0 1 0 0  
6290      00h 1 24h 24h 0 1 0 0 1 0 0  
6291      00h 1 24h 24h 0 1 0 0 1 0 0  
6292      00h 1 24h 24h 0 1 0 0 1 0 0  
6293      00h 1 24h 24h 0 1 0 0 1 0 0  
6294      00h 1 24h 24h 0 1 0 0 1 0 0  
6295      00h 1 24h 24h 0 1 0 0 1 0 0  
6296      00h 1 24h 24h 0 1 0 0 1 0 0  
6297      00h 1 24h 24h 0 1 0 0 1 0 0  
6298      00h 1 24h 24h 0 1 0 0 1 0 0  
6299      00h 1 24h 24h 0 1 0 0 1 0 0  
6300      00h 1 24h 24h 0 1 0 0 1 0 0  
6301      00h 1 24h 24h 0 1 0 0 1 0 0  
6302      00h 1 24h 24h 0 1 0 0 1 0 0  
6303      00h 1 24h 24h 0 1 0 0 1 0 0  
6304      00h 1 24h 24h 0 1 0 0 1 0 0  
6305      00h 1 24h 24h 0 1 0 0 1 0 0  
6306      00h 1 24h 24h 0 1 0 0 1 0 0  
6307      00h 1 24h 24h 0 1 0 0 1 0 0  
6308      00h 1 24h 24h 0 1 0 0 1 0 0  
6309      00h 1 24h 24h 0 1 0 0 1 0 0  
6310      00h 1 24h 24h 0 1 0 0 1 0 0  
6311      00h 1 24h 24h 0 1 0 0 1 0 0  
6312      00h 1 24h 24h 0 1 0 0 1 0 0  
6313      00h 1 24h 24h 0 1 0 0 1 0 0  
6314      00h 1 24h 24h 0 1 0 0 1 0 0  
6315      00h 1 24h 24h 0 1 0 0 1 0 0  
6316      00h 1 24h 24h 0 1 0 0 1 0 0  
6317      00h 1 24h 24h 0 1 0 0 1 0 0  
6318      00h 1 24h 24h 0 1 0 0 1 0 0  
6319      00h 1 24h 24h 0 1 0 0 1 0 0  
6320      00h 1 24h 24h 0 1 0 0 1 0 0  
6321      00h 1 24h 24h 0 1 0 0 1 0 0  
6322      00h 1 24h 24h 0 1 0 0 1 0 0  
6323      00h 1 24h 24h 0 1 0 0 1 0 0  
6324      00h 1 24h 24h 0 1 0 0 1 0 0  
6325      00h 1 24h 24h 0 1 0 0 1 0 0  
6326      00h 1 24h 24h 0 1 0 0 1 0 0  
6327      00h 1 24h 24h 0 1 0 0 1 0 0  
6328      00h 1 24h 24h 0 1 0 0 1 0 0  
6329      00h 1 24h 24h 0 1 0 0 1 0 0  
6330      00h 1 24h 24h 0 1 0 0 1 0 0  
6331      00h 1 24h 24h 0 1 0 0 1 0 0  
6332      00h 1 24h 24h 0 1 0 0 1 0 0  
6333      00h 1 24h 24h 0 1 0 0 1 0 0  
6334      00h 1 24h 24h 0 1 0 0 1 0 0  
6335      00h 1 24h 24h 0 1 0 0 1 0 0  
6336      00h 1 24h 24h 0 1 0 0 1 0 0  
6337      00h 1 24h 24h 0 1 0 0 1 0 0  
6338      00h 1 24h 24h 0 1 0 0 1 0 0  
6339      00h 1 24h 24h 0 1 0 0 1 0 0  
6340      00h 1 24h 24h 0 1 0 0 1 0 0  
6341      00h 1 24h 24h 0 1 0 0 1 0 0  
6342      00h 1 24h 24h 0 1 0 0 1 0 0  
6343      00h 1 24h 24h 0 1 0 0 1 0 0  
6344      00h 1 24h 24h 0 1 0 0 1 0 0  
6345      00h 1 24h 24h 0 1 0 0 1 0 0  
6346      00h 1 24h 24h 0 1 0 0 1 0 0  
6347      00h 1 24h 24h 0 1 0 0 1 0 0  
6348      00h 1 24h 24h 0 1 0 0 1 0 0  
6349      00h 1 24h 24h 0 1 0 0 1 0 0  
6350      00h 1 24h 24h 0 1 0 0 1 0 0  
6351      00h 1 24h 24h 0 1 0 0 1 0 0  
6352      00h 1 24h 24h 0 1 0 0 1 0 0  
6353      00h 1 24h 24h 0 1 0 0 1 0 0  
6354      00h 1 24h 24h 0 1 0 0 1 0 0  
6355      00h 1 24h 24h 0 1 0 0 1 0 0  
6356      00h 1 24h 24h 0 1 0 0 1 0 0  
6357      00h 1 24h 24h 0 1 0 0 1 0 0  
6358      00h 1 24h 24h 0 1 0 0 1 0 0  
6359      00h 1 24h 24h 0 1 0 0 1 0 0  
6360      00h 1 24h 24h 0 1 0 0 1 0 0  
6361      00h 1 24h 24h 0 1 0 0 1 0 0  
6362      00h 1 24h 24h 0 1 0 0 1 0 0  
6363      00h 1 24h 24h 0 1 0 0 1 0 0  
6364      00h 1 24h 24h 0 1 0 0 1 0 0  
6365      00h 1 24h 24h 0 1 0 0 1 0 0  
6366      00h 1 24h 24h 0 1 0 0 1 0 0  
6367      00h 1 24h 24h 0 1 0 0 1 0 0  
6368      00h 1 24h 24h 0 1 0 0 1 0 0  
6369      00h 1 24h 24h 0 1 0 0 1 0 0  
6370      00h 1 24h 24h 0 1 0 0 1 0 0  
6371      00h 1 24h 24h 0 1 0 0 1 0 0  
6372      00h 1 24h 24h 0 1 0 0 1 0 0  
6373      00h 1 24h 24h 0 1 0 0 1 0 0  
6374      00h 1 24h 24h 0 1 0 0 1 0 0  
6375      00h 1 24h 24h 0 1 0 0 1 0 0  
6376      00h 1 24h 24h 0 1 0 0 1 0 0  
6377      00h 1 24h 24h 0 1 0 0 1 0 0  
6378      00h 1 24h 24h 0 1 0 0 1 0 0  
6379      00h 1 24h 24h 0 1 0 0 1 0 0  
6380      00h 1 24h 24h 0 1 0 0 1 0 0  
6381      00h 1 24h 24h 0 1 0 0 1 0 0  
6382      00h 1 24h 24h 0 1 0 0 1 0 0  
6383      00h 1 24h 24h 0 1 0 0 1 0 0  
6384      00h 1 24h 24h 0 1 0 0 1 0 0  
6385      00h 1 24h 24h 0 1 0 0 1 0 0  
6386      00h 1 24h 24h 0 1 0 0 1 0 0  
6387      00h 1 24h 24h 0 1 0 0 1 0 0  
6388      00h 1 24h 24h 0 1 0 0 1 0 0  
6389      00h 1 24h 24h 0 1 0 0 1 0 0  
6390      00h 1 24h 24h 0 1 0 0 1 0 0  
6391      00h 1 24h 24h 0 1 0 0 1 0 0  
6392      00h 1 24h 24h 0 1 0 0 1 0 0  
6393      00h 1 24h 24h 0 1 0 0 1 0 0  
6394      00h 1 24h 24h 0 1 0 0 1 0 0  
6395      00h 1 24h 24h 0 1 0 0 1 0 0  
6396      00h 1 24h 24h 0 1 0 0 1 0 0  
6397      00h 1 24h 24h 0 1 0 0 1 0 0  
6398      00h 1 24h 24h 0 1 0 0 1 0 0  
6399      00h 1 24h 24h 0 1 0 0 1 0 0  
6400      00h 1 24h 24h 0 1 0 0 1 0 0  
6401      00h 1 24h 24h 0 1 0 0 1 0 0  
6402      00h 1 24h 24h 0 1 0 0 1 0 0  
6403      00h 1 24h 24h 0 1 0 0 1 0 0  
6404      00h 1 24h 24h 0 1 0 0 1 0 0  
6405      00h 1 24h 24h 0 1 0 0 1 0 0  
6406      00h 1 24h 24h 0 1 0 0 1 0 0  
6407      00h 1 24h 24h 0 1 0 0 1 0 0  
6408      00h 1 24h 24h 0 1 0 0 1 0 0  
6409      00h 1 24h 24h 0 1 0 0 1 0 0  
6410      00h 1 24h 24h 0 1 0 0 1 0 0  
6411      00h 1 24h 24h 0 1 0 0 1 0 0  
6412      00h 1 24h 24h 0 1 0 0 1 0 0  
6413      00h 1 24h 24h 0 1 0 0 1 0 0  
6414      00h 1 24h 24h 0 1 0 0 1 0 0  
6415      00h 1 24h 24h 0 1 0 0 1 0 0  
6416      00h 1 24h 24h 0 1 0 0 1 0 0  
6417      00h 1 24h 24h 0 1 0 0 1 0 0  
6418      00h 1 24h 24h 0 1 0 0 1 0 0  
6419      00h 1 24h 24h 0 1 0 0 1 0 0  
6420      00h 1 24h 24h 0 1 0 0 1 0 0  
6421      00h 1 24h 24h 0 1 0 0 1 0 0  
6422      00h 1 24h 24h 0 1 0 0 1 0 0  
6423      00h 1 24h 24h 0 1 0 0 1 0 0  
6424      00h 1 24h 24h 0 1 0 0 1 0 0  
6425      00h 1 24h 24h 0 1 0 0 1 0 0  
6426      00h 1 24h 24h 0 1 0 0 1 0 0  
6427      00h 1 24h 24h 0 1 0 0 1 0 0  
6428      00h 1 24h 24h 0 1 0 0 1 0 0  
6429      00h 1 24h 24h 0 1 0 0 1 0 0  
6430      00h 1 24h 24h 0 1 0 0 1 0 0  
6431      00h 1 24h 24h 0 1 0 0 1 0 0  
6432      00h 1 24h 24h 0 1 0 0 1 0 0  
6433      00h 1 24h 24h 0 1 0 0 1 0 0  
6434      00h 1 24h 24h 0 1 0 0 1 0 0  
6435      00h 1 24h 24h 0 1 0 0 1 0 0  
6436      00h 1 24h 24h 0 1 0 0 1 0 0  
6437      00h 1 24h 24h 0 1 0 0 1 0 0  
6438      00h 1 24h 24h 0 1 0 0 1 0 0  
6439      00h 1 24h 24h 0 1 0 0 1 0 0  
6440      00h 1 24h 24h 0 1 0 0 1 0 0  
6441      00h 1 24h 24h 0 1 0 0 1 0 0  
6442      00h 1 24h 24h 0 1 0 0 1 0 0  
6443      00h 1 24h 24h 0 1 0 0 1 0 0  
6444      00h 1 24h 24h 0 1 0 0 1 0 0  
6445      00h 1 24h 24h 0 1 0 0 1 0 0  
6446      00h 1 24h 24h 0 1 0 0 1 0 0  
6447      00h 1 24h 24h 0 1 0 0 1 0 0  
6448      00h 1 24h 24h 0 1 0 0 1 0 0  
6449      00h 1 24h 24h 0 1 0 0 1 0 0  
6450      00h 1 24h 24h 0 1 0 0 1 0 0  
6451      00h 1 24h 24h 0 1 0 0 1 0 0  
6452      00h 1 24h 24h 0 1 0 0 1 0 0  
6453      00h 1 24h 24h 0 1 0 0 1 0 0  
6454      00h 1 24h 24h 0 1 0 0 1 0 0  
6455      00h 1 24h 24h 0 1 0 0 1 0 0  
6456      00h 1 24h 24h 0 1 0 0 1 0 0  
6457      00h 1 24h 24h 0 1 0 0 1 0 0  
6458      00h 1 24h 24h 0 1 0 0 1 0 0  
6459      00h 1 24h 24h 0 1 0 0 1 0 0  
6460      00h 1 24h 24h 0 1 0 0 1 0 0  
6461      00h 1 24h 24h 0 1 0 0 1 0 0  
6462      00h 1 24h 24h 0 1 0 0 1 0 0  
6463      00h 1 24h 24h 0 1 0 0 1 0 0  
6464      00h 1 24h 24h 0 1 0 0 1 0 0  
6465      00h 1 24h 24h 0 1 0 0 1 0 0  
6466      00h 1 24h 24h 0 1 0 0 1 0 0  
6467      00h 1 24h 24h 0 1 0 0 1 0 0  
6468      00h 1 24h 24h 0 1 0 0 1 0 0  
6469      00h 1 24h 24h 0 1 0 0 1 0 0  
6470      00h 1 24h 24h 0 1 0 0 1 0 0  
6471      00h 1 24h 24h 0 1 0 0 1 0 0  
6472      00h 1 24h 24h 0 1 0 0 1 0 0  
6473      00h 1 24h 24h 0 1 0 0 1 0 0  
6474      00h 1 24h 24h 0 1 0 0 1 0 0  
6475      00h 1 24h 24h 0 1 0 0 1 0 0  
6476      00h 1 24h 24h 0 1 0 0 1 0 0  
6477      00h 1 24h 24h 0 1 0 0 1 0 0  
6478      00h 1 24h 24h 0 1 0 0 1 0 0  
6479      00h 1 24h 24h 0 1 0 0 1 0 0  
6480      00h 1 24h 24h 0 1 0 0 1 0 0  
6481      00h 1 24h 24h 0 1 0 0 1 0 0  
6482      00h 1 24h 24h 0 1 0 0 1 0 0  
6483      00h 1 24h 24h 0 1 0 0 1 0 0  
6484      00h 1 24h 24h 0 1 0 0 1 0 0  
6485      00h 1 24h 24h 0 1 0 0 1 0 0  
6486      00h 1 24h 24h 0 1 0 0 1 0 0  
6487      00h 1 24h 24h 0 1 0 0 1 0 0  
6488      00h 1 24h 24h 0 1 0 0 1 0 0  
6489      00h 1 24h 24h 0 1 0 0 1 0 0  
6490      00h 1 24h 24h 0 1 0 0 1 0 0  
6491      00h 1 24h 24h 0 1 0 0 1 0 0  
6492      00h 1 24h 24h 0 1 0 0 1 0 0  
6493      00h 1 24h 24h 0 1 0 0 1 0 0  
6494      00h 1 24h 24h 0 1 0 0 1 0 0  
6495      00h 1 24h 24h 0 1 0 0 1 0 0  
6496      00h 1 24h 24h 0 1 0 0 1 0 0  
6497      00h 1 24h 24h 0 1 0 0 1 0 0  
6498      00h 1 24h 24h 0 1 0 0 1 0 0  
6499      00h 1 24h 24h 0 1 0 0 1 0 0  
6500      00h 1 24h 24h 0 1 0 0 1 0 0  
6501      00h 1 24h 24h 0 1 0 0 1 0 0  
6502      00h 1 24h 24h 0 1 0 0 1 0 0  
6503      00h 1 24h 24h 0 1 0 0 1 0 0  
6504      00h 1 24h 24h 0 1 0 0 1 0 0  
6505      00h 1 24h 24h 0 1 0 0 1 0 0  
6506      00h 1 24h 24h 0 1 0 0 1 0 0  
6507      00h 1 24h 24h 0 1 0 0 1 0 0  
6508      00h 1 24h 24h 0 1 0 0 1 0 0  
6509      00h 1 24h 24h 0 1 0 0 1 0 0  
6510      00h 1 24h 24h 0 1 0 0 1 0 0  
6511      00h 1 24h 24h 0 1 0 0 1 0 0  
6512      00h 1 24h 24h 0 1 0 0 1 0 0  
6513      00h 1 24h 24h 0 1 0 0 1 0 0  
6514      00h 1 24h 24h 0 1 0 0 1 0 0  
6515      00h 1 24h 24h 0 1 0 0 1 0 0  
6516      00h 1 24h 24h 0 1 0 0 1 0 0  
6517      00h 1 24h 24h 0 1 0 0 1 0 0  
6518      00h 1 24h 24h 0 1 0 0 1 0 0  
6519      00h 1 24h 24h 0 1 0 0 1 0 0  
6520      00h 1 24h 24h 0 1 0 0 1 0 0  
6521      00h 1 24h 24h 0 1 0 0 1 0 0  
6522      00h 1 24h 24h 0 1 0 0 1 0 0  
6523      00h 1 24h 24h 0 1 0 0 1 0 0  
6524      00h 1 24h 24h 0 1 0 0 1 0 0  
6525      00h 1 24h 24h 0 1 0 0 1 0 0  
6526      00h 1 24h 24h 0 1 0 0 1 0 0  
6527      00h 1 24h 24h 0 1 0 0 1 0 0  
6528      00h 1 24h 24h 0 1 0 0 1 0 0  
6529      00h 1 24h 24h 0 1 0 0 1 0 0  
6530      00h 1 24h 24h 0 1 0 0 1 0 0  
6531      00h 1 24h 24h 0 1 0 0 1 0 0  
6532      00h 1 24h 24h 0 1 0 0 1 0 0  
6533      00h 1 24h 24h 0 1 0 0 1 0 0  
6534      00h 1 24h 24h 0 1 0 0 1 0 0  
6535      00h 1 24h 24h 0 1 0 0 1 0 0  
6536      00h 1 24h 24h 0 1 0 0 1 0 0  
6537      00h 1 24h 24h 0 1 0 0 1 0 0  
6538      00h 1 24h 24h 0 1 0 0 1 0 0  
6539      00h 1 24h 24h 0 1 0 0 1 0 0  
6540      00h 1 24h 24h 0 1 0 0 1 0 0  
6541      00h 1 24h 24h 0 1 0 0 1 0 0  
6542      00h 1 24h 24h 0 1 0 0 1 0 0  
6543      00h 1 24h 24h 0 1 0 0 1 0 0  
6544      00h 1 24h 24h 0 1 0 0 1 0 0  
6545      00h 1 24h 24h 0 1 0 0 1 0 0  
6546      00h 1 24h 24h 0 1 0 0 1 0 0  
6547      00h 1 24h 24h 0 1 0 0 1 0 0  
6548      00h 1 24h 24h 0 1 0 0 1 0 0  
6549      00h 1 24h 24h 0 1 0 0 1 0 0  
6550      00h 1 24h 24h 0 1 0 0 1 0 0  
6551      00h 1 24h 24h 0 1 0 0 1 0 0  
6552      00h 1 24h 24h 0 1 0 0 1 0 0  
6553      00h 1 24h 24h 0 1 0 0 1 0 0  
6554      00h 1 24h 24h 0 1 0 0 1 0 0  
6555      00h 1 24h 24h 0 1 0 0 1 0 0  
6556      00h 1 24h 24h 0 1 0 0 1 0 0  
6557      00h 1 24h 24h 0 1 0 0 1 0 0  
6558      00h 1 24h 24h 0 1 0 0 1 0 0  
6559      00h 1 24h 24h 0 1 0 0 1 0 0  
6560      00h 1 24h 24h 0 1 0 0 1 0 0  
6561      00h 1 24h 24h 0 1 0 0 1 0 0  
6562      00h 1 24h 24h 0 1 0 0 1 0 0  
6563      00h 1 24h 24h 0 1 0 0 1 0 0  
6564      00h 1 24h 24h 0 1 0 0 1 0 0  
6565      00h 1 24h 24h 0 1 0 0 1 0 0  
6566      00h 1 24h 24h 0 1 0 0 1 0 0  
6567      00h 1 24h 24h 0 1 0 0 1 0 0  
6568      00h 1 24h 24h 0 1 0 0 1 0 0  
6569      00h 1 24h 24h 0 1 0 0 1 0 0  
6570      00h 1 24h 24h 0 1 0 0 1 0 0  
6571      00h 1 24h 24h 0 1 0 0 1 0 0  
6572      00h 1 24h 24h 0 1 0 0 1 0 0  
6573      00h 1 24h 24h 0 1 0 0 1 0 0  
6574      00h 1 24h 24h 0 1 0 0 1 0 0  
6575      00h 1 24h 24h 0 1 0 0 1 0 0  
6576      00h 1 24h 24h 0 1 0 0 1 0 0  
6577      00h 1 24h 24h 0 1 0 0 1 0 0  
6578      00h 1 24h 24h 0 1 0 0 1 0 0  
6579      00h 1 24h 24h 0 1 0 0 1 0 0  
6580      00h 1 24h 24h 0 1 0 0 1 0 0  
6581      00h 1 24h 24h 0 1 0 0 1 0 0  
6582      00h 1 24h 24h 0 1 0 0 1 0 0  
6583      00h 1 24h 24h 0 1 0 0 1 0 0  
6584      00h 1 24h 24h 0 1 0 0 1 0 0  
6585      00h 1 24h 24h 0 1 0 0 1 0 0  
6586      00h 1 24h 24h 0 1 0 0 1 0 0  
6587      00h 1 24h 24h 0 1 0 0 1 0 0  
6588      00h 1 24h 24h 0 1 0 0 1 0 0  
6589      00h 1 24h 24h 0 1 0 0 1 0 0  
6590      00h 1 24h 24h 0 1 0 0 1 0 0  
6591      00h 1 24h 24h 0 1 0 0 1 0 0  
6592      00h 1 24h 24h 0 1 0 0 1 0 0  
6593      00h 1 24h 24h 0 1 0 0 1 0 0  
6594      00h 1 24h 24h 0 1 0 0 1 0 0  
6595      00h 1 24h 24h 0 1 0 0 1 0 0  
6596      00h 1 24h 24h 0 1 0 0 1 0 0  
6597      00h 1 24h 24h 0 1 0 0 1 0 0  
6598      00h 1 24h 24h 0 1 0 0 1 0 0  
6599      00h 1 24h 24h 0 1 0 0 1 0 0  
6600      00h 1 24h 24h 0 1 0 0 1 0 0  
6601      00h 1 24h 24h 0 1 0 0 1 0 0  
6602      00h 1 24h 24h 0 1 0 0 1 0 0  
6603      00h 1 24h 24h 0 1 0 0 1 0 0  
6604      00h 1 24h 24h 0 1 0 0 1 0 0  
6605      00h 1 24h 24h 0 1 0 0 1 0 0  
6606      00h 1 24h 24h 0 1 0 0 1 0 0  
6607      00h 1 24h 24h 0 1 0 0 1 0 0  
6608      00h 1 24h 24h 0 1 0 0 1 0 0  
6609      00h 1 24h 24h 0 1 0 0 1 0 0  
6610      00h 1 24h 24h 0 1 0 0 1 0 0  
6611      00h 1 24h 24h 0 1 0 0 1 0 0  
6612      00h 1 24h 24h 0 1 0 0 1 0 0  
6613      00h 1 24h 24h 0 1 0 0 1 0 0  
6614      00h 1 24h 24h 0 1 0 0 1 0 0  
6615      00h 1 24h 24h 0 1 0 0 1 0 0  
6616      00h 1 24h 24h 0 1 0 0 1 0 0  
6617      00h 1 24h 24h 0 1 0 0 1 0 0  
6618      00h 1 24h 24h 0 1 0 0 1 0 0  
6619      00h 1 24h 24h 0 1 0 0 1 0 0  
6620      00h 1 24h 24h 0 1 0 0 1 0 0  
6621      00h 1 24h 24h 0 1 0 0 1 0 0  
6622      00h 1 24h 24h 0 1 0 0 1 0 0  
6623      00h 1 24h 24h 0 1 0 0 1 0 0  
6624      00h 1 24h 24h 0 1 0 0 1 0 0  
6625      00h 1 24h 24h 0 1 0 0 1 0 0  
6626      00h 1 24h 24h 0 1 0 0 1 0 0  
6627      00h 1 24h 24h 0 1 0 0 1 0 0  
6628      00h 1 24h 24h 0 1 0 0 1 0 0  
6629      00h 1 24h 24h 0 1 0 0 1 0 0  
6630      00h 1 24h 24h 0 1 0 0 1 0 0  
6631      00h 1 24h 24h 0 1 0 0 1 0 0  
6632      00h 1 24h 24h 0 1 0 0 1 0 0  
6633      00h 1 24h 24h 0 1 0 0 1 0 0  
6634      00h 1 24h 24h 0 1 0 0 1 0 0  
6635      00h 1 24h 24h 0 1 0 0 1 0 0  
6636      00h 1 24h 24h 0 1 0 0 1 0 0  
6637      00h 1 24h 24h 0 1 0 0 1 0 0  
6638      00h 1 24h 24h 0 1 0 0 1 0 0  
6639      00h 1 24h 24h 0 1 0 0 1 0 0  
6640      00h 1 24h 24h 0 1 0 0 1 0 0  
6641      00h 1 24h 24h 0 1 0 0 1 0 0  
6642      00h 1 24h 24h 0 1 0 0 1 0 0  
6643      00h 1 24h 24h 0 1 0 0 1 0 0  
6644      00h 1 24h 24h 0 1 0 0 1 0 0  
6645      00h 1 24h 24h 0 1 0 0 1 0 0  
6646      00h 1 24h 24h 0 1 0 0 1 0 0  
6647      00h 1 24h 24h 0 1 0 0 1 0 0  
6648      00h 1 24h 24h 0 1 0 0 1 0 0  
6649      00h 1 24h 24h 0 1 0 0 1 0 0  
6650      00h 1 24h 24h 0 1 0 0 1 0 0  
6651      00h 1 24h 24h 0 1 0 0 1 0 0  
6652      00h 1 24h 24h 0 1 0 0 1 0 0  
6653      00h 1 24h 24h 0 1 0 0 1 0 0  
6654      00h 1 24h 24h 0 1 0 0 1 0 0  
6655      00h 1 24h 24h 0 1 0 0 1 0 0  
6656      00h 1 24h 24h 0 1 0 0 1 0 0  
6657      00h 1 24h 24h 0 1 0 0 1 0 0  
6658      00h 1 24h 24h 0 1 0 0 1 0 0  
6659      00h 1 24h 24h 0 1 0 0 1 0 0  
6660      00h 1 24h 24h 0 1 0 0 1 0 0  
6661      00h 1 24h 24h 0 1 0 0 1 0 0  
6662      00h 1 24h 24h 0 1 0 0 1 0 0  
6663      00h 1 24h 24h 0 1 0 0 1 0 0  
6664      00h 1 24h 24h 0 1 0 0 1 0 0  
6665      00h 1 24h 24h 0 1 0 0 1 0 0  
6666      00h 1 24h 24h 0 1 0 0 1 0 0  
6667      00h 1 24h 24h 0 1 0 0 1 0 0  
6668      00h 1 24h 24h 0 1 0 0 1 0 0  
6669      00h 1 24h 24h 0 1 0 0 1 0 0  
6670      00h 1 24h 24h 0 1 0 0 1 0 0  
6671      00h 1 24h 24h 0 1 0 0 1 0 0  
6672      00h 1 24h 24h 0 1 0 0 1 0 0  
6673      00h 1 24h 24h 0 1 0 0 1 0 0  
6674      00h 1 24h 24h 0 1 0 0 1 0 0  
6675      00h 1 24h 24h 0 1 0 0 1 0 0  
6676      00h 1 24h 24h 0 1 0 0 1 0 0  
6677      00h 1 24h 24h 0 1 0 0 1 0 0  
6678      00h 1 24h 24h 0 1 0 0 1 0 0  
6679      00h 1 24h 24h 0 1 0 0 1 0 0  
6680      00h 1 24h 24h 0 1 0 0 1 0 0  
6681      00h 1 24h 24h 0 1 0 0 1 0 0  
6682      00h 1 24h 24h 0 1 0 0 1 0 0  
6683      00h 1 24h 24h 0 1 0 0 1 0 0  
6684      00h 1 24h 24h 0 1 0 0 1 0 0  
6685      00h 1 24h 24h 0 1 0 0 1 0 0  
6686      00h 1 24h 24h 0 1 0 0 1 0 0  
6687      00h 1 24h 24h 0 1 0 0 1 0 0  
6688      00h 1 24h 24h 0 1 0 0 1 0 0  
6689      00h 1 24h 24h 0 1 0 0 1 0 0  
6690      00h 1 24h 24h 0 1 0 0 1 0 0  
6691      00h 1 24h 24h 0 1 0 0 1 0 0  
6692      00h 1 24h 24h 0 1 0 0 1 0 0  
6693      00h 1 24h 24h 0 1 0 0 1 0 0  
6694      00h 1 24h 24h 0 1 0 0 1 0 0  
6695      00h 1 24h 24h 0 1 0 0 1 0 0  
6696      00h 1 24h 24h 0 1 0 0 1 0 0  
6697      00h 1 24h 24h 0 1 0 0 1 0 0  
6698      00h 1 24h 24h 0 1 0 0 1 0 0  
6699      00h 1 24h 24h 0 1 0 0 1 0 0  
6700      00h 1 24h 24h 0 1 0 0 1 0 0  
6701      00h 1 24h 24h 0 1 0 0 1 0 0  
6702      00h 1 24h 24h 0 1 0 0 1 0 0  
6703      00h 1 24h 24h 0 1 0 0 1 0 0  
6704      00h 1 24h 24h 0 1 0 0 1 0 0  
6705      00h 1 24h 24h 0 1 0 0 1 0 0  
6706      00h 1 24h 24h 0 1 0 0 1 0 0  
6707      00h 1 24h 24h 0 1 0 0 1 0 0  
6708      00h 1 24h 24h 0 1 0 0 1 0 0  
6709      00h 1 24h 24h 0 1 0 0 1 0 0  
6710      00h 1 24h 24h 0 1 0 0 1 0 0  
6711      00h 1 24h 24h 0 1 0 0 1 0 0  
6712      00h 1 24h 24h 0 1 0 0 1 0 0  
6713      00h 1 24h 24h 0 1 0 0 1 0 0  
6714      00h 1 24h 24h 0 1 0 0 1 0 0  
6715      00h 1 24h 24h 0 1 0 0 1 0 0  
6716      00h 1 24h 24h 0 1 0 0 1 0 0  
6717      00h 1 24h 24h 0 1 0 0 1 0 0  
6718      00h 1 24h 24h 0 1 0 0 1 0 0  
6719      00h 1 24h 24h 0 1 0 0 1 0 0  
6720      00h 1 24h 24h 0 1 0 0 1 0 0  
6721      00h 1 24h 24h 0 1 0 0 1 0 0  
6722      00h 1 24h 24h 0 1 0 0 1 0 0  
6723      00h 1 24h 24h 0 1 0 0 1 0 0  
6724      00h 1 24h 24h 0 1 0 0 1 0 0  
6725      00h 1 24h 24h 0 1 0 0 1 0 0  
6726      00h 1 24h 24h 0 1 0 0 1 0 0  
6727      00h 1 24h 24h 0 1 0 0 1 0 0  
6728      00h 1 24h 24h 0 1 0 0 1 0 0  
6729      00h 1 24h 24h 0 1 0 0 1 0 0  
6730      00h 1 24h 24h 0 1 0 0 1 0 0  
6731      00h 1 24h 24h 0 1 0 0 1 0 0  
6732      00h 1 24h 24h 0 1 0 0 1 0 0  
6733      00h 1 24h 24h 0 1 0 0 1 0 0  
6734      00h 1 24h 24h 0 1 0 0 1 0 0  
6735      00h 1 24h 24h 0 1 0 0 1 0 0  
6736      00h 1 24h 24h 0 1 0 0 1 0 0  
6737      00h 1 24h 24h 0 1 0 0 1 0 0  
6738      00h 1 24h 24h 0 1 0 0 1 0 0  
6739      00h 1 24h 24h 0 1 0 0 1 0 0  
6740      00h 1 24h 24h 0 1 0 0 1 0 0  
6741      00h 1 24h 24h 0 1 0 0 1 0 0  
6742      00h 1 24h 24h 0 1 0 0 1 0 0  
6743      00h 1 24h 24h 0 1 0 0 1 0 0  
6744      00h 1 24h 24h 0 1 0 0 1 0 0  
6745      00h 1 24h 24h 0 1 0 0 1 0 0  
6746      00h 1 24h 24h 0 1 0 0 1 0 0  
6747      00h 1 24h 24h 0 1 0 0 1 0 0  
6748      00h 1 24h 24h 0 1 0 0 1 0 0  
6749      00h 1 24h 24h 0 1 0 0 1 0 0  
6750      00h 1 24h 24h 0 1 0 0 1 0 0  
6751      00h 1 24h 24h 0 1 0 0 1 0 0  
6752      00h 1 24h 24h 0 1 0 0 1 0 0  
6753      00h 1 24h 24h 0 1 0 0 1 0 0  
6754      00h 1 24h 24h 0 1 0 0 1 0 0  
6755      00h 1 24h 24h 0 1 0 0 1 0 0  
6756      00h 1 24h 24h 0 1 0 0 1 0 0  
6757      00h 1 24h 24h 0 1 0 0 1 0 0  
6758      00h 1 24h 24h 0 1 0 0 1 0 0  
6759      00h 1 24h 24h 0 1 0 0 1 0 0  
6760      00h 1 24h 24h 0 1 0 0 1 0 0  
6761      00h 1 24h 24h 0 1 0 0 1 0 0  
6762      00h 1 24h 24h 0 1 0 0 1 0 0  
6763      00h 1 24h 24h 0 1 0 0 1 0 0  
6764      00h 1 24h 24h 0 1 0 0 1 0 0  
6765      00h 1 24h 24h 0 1 0 0 1 0 0  
6766      00h 1 24h 24h 0 1 0 0 1 0 0  
6767      00h 1 24h 24h 0 1 0 0 1 0 0  
6768      00h 1 24h 24h 0 1 0 0 1 0 0  
6769      00h 1 24h 24h 0 1 0 0 1 0 0  
6770      00h 1 24h 24h 0 1 0 0 1 0 0  
6771      00h 1 24h 24h 0 1 0 0 1 0 0  
6772      00h 1 24h 24h 0 1 0 0 1 0 0  
6773      00h 1 24h 24h 0 1 0 0 1 0 0  
6774      00h 1 24h 24h 0 1 0 0 1 0 0  
6775      00h 1 24h 24h 0 1 0 0 1 0 0  
6776      00h 1 24h 24h 0 1 0 0 1 0 0  
6777      00h 1 24h 24h 0 1 0 0 1 0 0  
6778      00h 1 24h 24h 0 1 0 0 1 0 0  
6779      00h 1 24h 24h 0 1 0 0 1 0 0  
6780      00h 1 24h 24h 0 1 0 0 1 0 0  
6781      00h 1 24h 24h 0 1 0 0 1 0 0  
6782      00h 1 24h 24h 0 1 0 0 1 0 0  
6783      00h 1 24h 24h 0 1 0 0 1 0 0  
6784      00h 1 24h 24h 0 1 0 0 1 0 0  
6785      00h 1 24h 24h 0 1 0 0 1 0 0  
6786      00h 1 24h 24h 0 1 0 0 1 0 0  
6787      00h 1 24h 24h 0 1 0 0 1 0 0  
6788      00h 1 24h 24h 0 1 0 0 1 0 0  
6789      00h 1 24h 24h 0 1 0 0 1 0 0  
6790      00h 1 24h 24h 0 1 0 0 1 0 0  
6791      00h 1 24h 24h 0 1 0 0 1 0 0  
6792      00h 1 24h 24h 0 1 0 0 1 0 0  
6793      00h 1 24h 24h 0 1 0 0 1 0 0  
6794      00h 1 24h 24h 0 1 0 0 1 0 0  
6795      00h 1 24h 24h 0 1 0 0 1 0 0  
6796      00h 1 24h 24h 0 1 0 0 1 0 0  
6797      00h 1 24h 24h 0 1 0 0 1 0 0  
6798      00h 1 24h 24h 0 1 0 0 1 0 0  
6799      00h 1 24h 24h 0 1 0 0 1 0 0  
6800      00h 1 24h 24h 0 1 0 0 1 0 0  
6801      00h 1 24h 24h 0 1 0 0 1 0 0  
6802      00h 1 24h 24h 0 1 0 0 1 0 0  
6803      00h 1 24h 24h 0 1 0 0 1 0 0  
6804      00h 1 24h 24h 0 1 0 0 1 0 0  
6805      00h 1 24h 24h 0 1 0 0 1 0 0  
6806      00h 1 24h 24h 0 1 0 0 1 0 0  
6807      00h 1 24h 24h 0 1 0 0 1 0 0  
6808      00h 1 24h 24h 0 1 0 0 1 0 0  
6809      00h 1 24h 24h 0 1 0 0 1 0 0  
6810      00h 1 24h 24h 0 1 0 0 1 0 0  
6811      00h 1 24h 24h 0 1 0 0 1 0 0  
6812      00h 1 24h 24h 0 1 0 0 1 0 0  
6813      00h 1 24h 24h 0 1 0 0 1 0 0  
6814      00h 1 24h 24h 0 1 0 0 1 0 0  
6815      00h 1 24h 24h 0 1 0 0 1 0 0  
6816      00h 1 24h 24h 0 1 0 0 1 0 0  
6817      00h 1 24h 24h 0 1 0 0 1 0 0  
6818      00h 1 24h 24h 0 1 0 0 1 0 0  
6819      00h 1 24h 24h 0 1 0 0 1 0 0  
6820      00h 1 24h 24h 0 1 0 0 1 0 0  
6821      00h 1 24h 24h 0 1 0 0 1 0 0  
6822      00h 1 24h 24h 0 1 0 0 1 0 0  
6823      00h 1 24h 24h 0 1 0 0 1 0 0  
6824      00h 1 24h 24h 0 1 0 0 1 0 0  
6825      00h 1 24h 24h 0 1 0 0 1 0 0  
6826      00h 1 24h 24h 0 1 0 0 1 0 0  
6827      00h 1 24h 24h 0 1 0 0 1 0 0  
6828      00h 1 24h 24h 0 1 0 0 1 0 0  
6829      00h 1 24h 24h 0 1 0 0 1 0 0  
6830      00h 1 24h 24h 0 1 0 0 1 0 0  
6831      00h 1 24h 24h 0 1 0 0 1 0 0  
6832      00h 1 24h 24h 0 1 0 0 1 0 0  
6833      00h 1 24h 24h 0 1 0 0 1 0 0  
6834      00h 1 24h 24h 0 1 0 0 1 0 0  
6835      00h 1 24h 24h 0 1 0 0 1 0 0  
6836      00h 1 24h 24h 0 1 0 0 1 0 0  
6837      00h 1 24h 24h 0 1 0 0 1 0 0  
6838      00h 1 24h 24h 0 1 0 0 1 0 0  
6839      00h 1 24h 24h 0 1 0 0 1 0 0  
6840      00h 1 24h 24h 0 1 0 0 1 0 0  
6841      00h 1 24h 24h 0 1 0 0 1 0 0  
6842      00h 1 24h 24h 0 1 0 0 1 0 0  
6843      00h 1 24h 24h 0 1 0 0 1 0 0  
6844      00h 1 24h 24h 0 1 0 0 1 0 0  
6845      00h 1 24h 24h 0 1 0 0 1 0 0  
6846      00h 1 24h 24h 0 1 0 0 1 0 0  
6847      00h 1 24h 24h 0 1 0 0 1 0 0  
6848      00h 1 24h 24h 0 1 0 0 1 0 0  
6849      00h 1 24h 24h 0 1 0 0 1 0 0  
6850      00h 1 24h 24h 0 1 0 0 1 0 0  
6851      00h 1 24h 24h 0 1 0 0 1 0 0  
6852      00h 1 24h 24h 0 1 0 0 1 0 0  
6853      00h 1 24h 24h 0 1 0 0 1 0 0  
6854      00h 1 24h 24h 0 1 0 0 1 0 0  
6855      00h 1 24h 24h 0 1 0 0 1 0 0  
6856      00h 1 24h 24h 0 1 0 0 1 0 0  
6857      00h 1 24h 24h 0 1 0 0 1 0 0  
6858      00h 1 24h 24h 0 1 0 0 1 0 0  
6859      00h 1 24h 24h 0 1 0 0 1 0 0  
6860      00h 1 24h 24h 0 1 0 0 1 0 0  
6861      00h 1 24h 24h 0 1 0 0 1 0 0  
6862      00h 1 24h 24h 0 1 0 0 1 0 0  
6863      00h 1 24h 24h 0 1 0 0 1 0 0  
6864      00h 1 24h 24h 0 1 0 0 1 0 0  
6865      00h 1 24h 24h 0 1 0 0 1 0 0  
6866      00h 1 24h 24h 0 1 0 0 1 0 0  
6867      00h 1 24h 24h 0 1 0 0 1 0 0  
6868      00h 1 24h 24h 0 1 0 0 1 0 0  
6869      00h 1 24h 24h 0 1 0 0 1 0 0  
6870      00h 1 24h 24h 0 1 0 0 1 0 0  
6871      00h 1 24h 24h 0 1 0 0 1 0 0  
6872      00h 1 24h 24h 0 1 0 0 1 0 0  
6873      00h 1 24h 24h 0 1 0 0 1 0 0  
6874      00h 1 24h 24h 0 1 0 0 1 0 0  
6875      00h 1 24h 24h 0 1 0 0 1 0 0  
6876      00h 1 24h 24h 0 1 0 0 1 0 0  
6877      00h 1 24h 24h 0 1 0 0 1 0 0  
6878      00h 1 24h 24h 0 1 0 0 1 0 0  
6879      00h 1 24h 24h 0 1 0 0 1 0 0  
6880      00h 1 24h 24h 0 1 0 0 1 0 0  
6881      00h 1 24h 24h 0 1 0 0 1 0 0  
6882      00h 1 24h 24h 0 1 0 0 1 0 0  
6883      00h 1 24h 24h 0 1 0 0 1 0 0  
6884      00h 1 24h 24h 0 1 0 0 1 0 0  
6885      00h 1 24h 24h 0 1 0 0 1 0 0  
6886      00h 1 24h 24h 0 1 0 0 1 0 0  
6887      00h 1 24h 24h 0 1 0 0 1 0 0  
6888      00h 1 24h 24h 0 1 0 0 1 0 0  
6889      00h 1 24h 24h 0 1 0 0 1 0 0  
6890      00h 1 24h 24h 0 1 0 0 1 0 0  
6891      00h 1 24h 24h 0 1 0 0 1 0 0  
6892      00h 1 24h 24h 0 1 0 0 1 0 0  
6893      00h 1 24h 24h 0 1 0 0 1 0 0  
6894      00h 1 24h 24h 0 1 0 0 1 0 0  
6895      00h 1 24h 24h 0 1 0 0 1 0 0  
6896      00h 1 24h 24h 0 1 0 0 1 0 0  
6897      00h 1 24h 24h 0 1 0 0 1 0 0  
6898      00h 1 24h 24h 0 1 0 0 1 0 0  
6899      00h 1 24h 24h 0 1 0 0 1 0 0  
6900      00h 1 24h 24h 0 1 0 0 1 0 0  
6901      00h 1 24h 24h 0 1 0 0 1 0 0  
6902      00h 1 24h 24h 0 1 0 0 1 0 0  
6903      00h 1 24h 24h 0 1 0 0 1 0 0  
6904      00h 1 24h 24h 0 1 0 0 1 0 0  
6905      00h 1 24h 24h 0 1 0 0 1 0 0  
6906      00h 1 24h 24h 0 1 0 0 1 0 0  
6907      00h 1 24h 24h 0 1 0 0 1 0 0  
6908      00h 1 24h 24h 0 1 0 0 1 0 0  
6909      00h 1 24h 24h 0 1 0 0 1 0 0  
6910      00h 1 24h 24h 0 1 0 0 1 0 0  
6911      00h 1 24h 24h 0 1 0 0 1 0 0  
6912      00h 1 24h 24h 0 1 0 0 1 0 0  
6913      00h 1 24h 24h 0 1 0 0 1 0 0  
6914      00h 1 24h 24h 0 1 0 0 1 0 0  
6915      00h 1 24h 24h 0 1 0 0 1 0 0  
6916      00h 1 24h 24h 0 1 0 0 1 0 0  
6917      00h 1 24h 24h 0 1 0 0 1 0 0  
6918      00h 1 24h 24h 0 1 0 0 1 0 0  
6919      00h 1 24h 24h 0 1 0 0 1 0 0  
6920      00h 1 24h 24h 0 1 0 0 1 0 0  
6921      00h 1 24h 24h 0 1 0 0 1 0 0  
6922      00h 1 24h 24h 0 1 0 0 1 0 0  
6923      00h 1 24h 24h 0 1 0 0 1 0 0  
6924      00h 1 24h 24h 0 1 0 0 1 0 0  
6925      00h 1 24h 24h 0 1 0 0 1 0 0  
6926      00h 1 24h 24h 0 1 0 0 1 0 0  
6927      00h 1 24h 24h 0 1 0 0 1 0 0  
6928      00h 1 24h 24h 0 1 0 0 1 0 0  
6929      00h 1 24h 24h 0 1 0 0 1 0 0  
6930      00h 1 24h 24h 0 1 0 0 1 0 0  
6931      00h 1 24h 24h 0 1 0 0 1 0 0  
6932      00h 1 24h 24h 0 1 0 0 1 0 0  
6933      00h 1 24h 24h 0 1 0 0 1 0 0  
6934      00h 1 24h 24h 0 1 0 0 1 0 0  
6935      00h 1 24h 24h 0 1 0 0 1 0 0  
6936      00h 1 24h 24h 0 1 0 0 1 0 0  
6937      00h 1 24h 24h 0 1 0 0 1 0 0  
6938      00h 1 24h 24h 0 1 0 0 1 0 0  
6939      00h 1 24h 24h 0 1 0 0 1 0 0  
6940      00h 1 24h 24h 0 1 0 0 1 0 0  
6941      00h 1 24h 24h 0 1 0 0 1 0 0  
6942      00h 1 24h 24h 0 1 0 0 1 0 0  
6943      00h 1 24h 24h 0 1 0 0 1 0 0  
6944      00h 1 24h 24h 0 1 0 0 1 0 0  
6945      00h 1 24h 24h 0 1 0 0 1 0 0  
6946      00h 1 24h 24h 0 1 0 0 1 0 0  
6947      00h 1 24h 24h 0 1 0 0 1 0 0  
6948      00h 1 24h 24h 0 1 0 0 1 0 0  
6949      00h 1 24h 24h 0 1 0 0 1 0 0  
6950      00h 1 24h 24h 0 1 0 0 1 0 0  
6951      00h 1 24h 24h 0 1 0 0 1 0 0  
6952      00h 1 24h 24h 0 1 0 0 1 0 0  
6953      00h 1 24h 24h 0 1 0 0 1 0 0  
6954      00h 1 24h 24h 0 1 0 0 1 0 0  
6955      00h 1 24h 24h 0 1 0 0 1 0 0  
6956      00h 1 24h 24h 0 1 0 0 1 0 0  
6957      00h 1 24h 24h 0 1 0 0 1 0 0  
6958      00h 1 24h 24h 0 1 0 0 1 0 0  
6959      00h 1 24h 24h 0 1 0 0 1 0 0  
6960      00h 1 24h 24h 0 1 0 0 1 0 0  
6961      00h 1 24h 24h 0 1 0 0 1 0 0  
6962      00h 1 24h 24h 0 1 0 0 1 0 0  
6963      00h 1 24h 24h 0 1 0 0 1 0 0  
6964      00h 1 24h 24h 0 1 0 0 1 0 0  
6965      00h 1 24h 24h 0 1 0 0 1 0 0  
6966      00h 1 24h 24h 0 1 0 0 1 0 0  
6967      00h 1 24h 24h 0 1 0 0 1 0 0  
6968      00h 1 24h 24h 0 1 0 0 1 0 0  
6969      00h 1 24h 24h 0 1 0 0 1 0 0  
6970      00h 1 24h 24h 0 1 0 0 1 0 0  
6971      00h 1 24h 24h 0 1 0 0 1 0 0  
6972      00h 1 24h 24h 0 1 0 0 1 0 0  
6973      00h 1 24h 24h 0 1 0 0 1 0 0  
6974      00h 1 24h 24h 0 1 0 0 1 0 0  
6975      00h 1 24h 24h 0 1 0 0 1 0 0  
6976      00h 1 24h 24h 0 1 0 0 1 0 0  
6977      00h 1 24h 24h 0 1 0 0 1 0 0  
6978      00h 1 24h 24h 0 1 0 0 1 0 0  
6979      00h 1 24h 24h 0 1 0 0 1 0 0  
6980      00h 1 24h 24h 0 1 0 0 1 0 0  
6981      00h 1 24h 24h 0 1 0 0 1 0 0  
6982      00h 1 24h 24h 0 1 0 0 1 0 0  
6983      00h 1 24h 24h 0 1 0 0 1 0 0  
6984      00h 1 24h 24h 0 1 0 0 1 0 0  
6985      00h 1 24h 24h 0 1 0 0 1 0 0  
6986      00h 1 24h 24h 0 1 0 0 1 0 0  
6987      00h 1 24h 24h 0 1 0 0 1 0 0  
6988      00h 1 24h 24h 0 1 0 0 1 0 0  
6989      00h 1 24h 24h 0 1 0 0 1 0 0  
6990      00h 1 24h 24h 0 1 0 0 1 0 0  
6991      00h 1 24h 24h 0 1 0 0 1 0 0  
6992      00h 1 24h 24h 0 1 0 0 1 0 0  
6993      00h 1 24h 24h 0 1 0 0 1 0 0  
6994      00h 1 24h 24h 0 1 0 0 1 0 0  
6995      00h 1 24h 24h 0 1 0 0 1 0 0  
6996      00h 1 24h 24h 0 1 0 0 1 0 0  
6997      00h 1 24h 24h 0 1 0 0 1 0 0  
6998      00h 1 24h 24h 0 1 0 0 1 0 0  
6999      00h 1 24h 24h 0 1 0 0 1 0 0  
7000      00h 1 24h 24h 0 1 0 0 1 0 0  
7001      00h 1 24h 24h 0 1 0 0 1 0 0  
7002      00h 1 24h 24h 0 1 0 0 1 0 0  
7003      00h 1 24h 24h 0 1 0 0 1 0 0  
7004      00h 1 24h 24h 0 1 0 0 1 0 0  
7005      00h 1 24h 24h 0 1 0 0 1 0 0  
7006      00h 1 24h 24h 0 1 0 0 1 0 0  
7007      00h 1 24h 24h 0 1 0 0 1 0 0  
7008      00h 1 24h 24h 0 1 0 0 1 0 0  
7009      00h 1 24h 24h 0 1 0 0 1 0 0  
7010      00h 1 24h 24h 0 1 0 0 1 0 0  
7011      00h 1 24h 24h 0 1 0 0 1 0 0  
7012      00h 1 24h 24h 0 1 0 0 1 0 0  
7013      00h 1 24h 24h 0 1 0 0 1 0 0  
7014      00h 1 24h 24h 0 1 0 0 1 0 0  
7015      00h 1 24h 24h 0 1 0 0 1 0 0  
7016      00h 1 24h 24h 0 1 0 0 1 0 0  
7017      00h 1 24h 24h 0 1 0 0 1 0 0  
7018      00h 1 24h 24h 0 1 0 0 1 0 0  
7019      00h 1 24h 24h 0 1 0 0 1 0 0  
7020      00h 1 24h 24h 0 1 0 0 1 0 0  
7021      00h 1 24h 24h 0 1 0 0 1 0 0  
7022      00h 1 24h 24h 0 1 0 0 1 0 0  
7023      00h 1 24h 24h 0 1 0 0 1 0 0  
7024      00h 1 24h 24h 0 1 0 0 1 0 0  
7025      00h 1 24h 24h 0 1 0 0 1 0 0  
7026      00h 1 24h 24h 0 1 0 0 1 0 0  
7027      00h 1 24h 24h 0 1 0 0 1 0 0  
7028      00h 1 24h 24h 0 1 0 0 1 0 0  
7029      00h 1 24h 24h 0 1 0 0 1 0 0  
7030      00h 1 24h 24h 0 1 0 0 1 0 0  
7031      00h 1 24h 24h 0 1 0 0 1 0 0  
7032      00h 1 24h 24h 0 1 0 0 1 0 0  
7033      00h 1 24h 24h 0 1 0 0 1 0 0  
7034      00h 1 24h 24h 0 1 0 0 1 0 0  
7035      00h 1 24h 24h 0 1 0 0 1 0 0  
7036      00h 1 24h 24h 0 1 0 0 1 0 0  
7037      00h 1 24h 24h 0 1 0 0 1 0 0  
7038      00h 1 24h 24h 0 1 0 0 1 0 0  
7039      00h 1 24h 24h 0 1 0 0 1 0 0  
7040      00h 1 24h 24h 0 1 0 0 1 0 0  
7041      00h 1 24h 24h 0 1 0 0 1 0 0  
7042      00h 1 24h 24h 0 1 0 0 1 0 0  
7043      00h 1 24h 24h 0 1 0 0 1 0 0  
7044      00h 1 24h 24h 0 1 0 0 1 0 0  
7045      00h 1 24h 24h 0 1 0 0 1 0 0  
7046      00h 1 24h 24h 0 1 0 0 1 0 0  
7047      00h 1 24h 24h 0 1 0 0 1 0 0  
7048      00h 1 24h 24h 0 1 0 0 1 0 0  
7049      00h 1 24h 24h 0 1 0 0 1 0 0  
7050      00h 1 24h 24h 0 1 0 0 1 0 0  
7051      00h 1 24h 24h 0 1 0 0 1 0 0  
7052      00h 1 24h 24h 0 1 0 0 1 0 0  
7053      00h 1 24h 24h 0 1 0 0 1 0 0  
7054      00h 1 24h 24h 0 1 0 0 1 0 0  
7055      00h 1 24h 24h 0 1 0 0 1 0 0  
7056      00h 1 24h 24h 0 1 0 0 1 0 0  
7057      00h 1 24h 24h 0 1 0 0 1 0 0  
7058      00h 1 24h 24h 0 1 0 0 1 0 0  
7059      00h 1 24h 24h 0 1 0 0 1 0 0  
7060      00h 1 24h 24h 0 1 0 0 1 0 0  
7061      00h 1 24h 24h 0 1 0 0 1 0 0  
7062      00h 1 24h 24h 0 1 0 0 1 0 0  
7063      00h 1 24h 24h 0 1 0 0 1 0 0  
7064      00h 1 24h 24h 0 1 0 0 1 0 0  
7065      00h 1 24h 24h 0 1 0 0 1 0 0  
7066      00h 1 24h 24h 0 1 0 0 1 0 0  
7067      00h 1 24h 24h 0 1 0 0 1 0 0  
7068      00h 1 24h 24h 0 1 0 0 1 0 0  
7069      00h 1 24h 24h 0 1 0 0 1 0 0  
7070      00h 1 24h 24h 0 1 0 0 1 0 0  
7071      00h 1 24h 24h 0 1 0 0 1 0 0  
7072      00h 1 24h 24h 0 1 0 0 1 0 0  
7073      00h 1 24h 24h 0 1 0 0 1 0 0  
7074      00h 1 24h 24h 0 1 0 0 1 0 0  
7075      00h 1 24h 24h 0 1 0 0 1 0 0  
7076      00h 1 24h 24h 0 1 0 0 1 0 0  
7077      00h 1 24h 24h 0 1 0 0 1 0 0  
7078      00h 1 24h 24h 0 1 0 0 1 0 0  
7079      00h 1 24h 24h 0 1 0 0 1 0 0  
7080      00h 1 24h 24h 0 1 0 0 1 0 0  
7081      00h 1 24h 24h 0 1 0 0 1 0 0  
7082      00h 1 24h 24h 0 1 0 0 1 0 0  
7083      00h 1 24h 24h 0 1 0 0 1 0 0  
7084      00h 1 24h 24h 0 1 0 0 1 0 0  
7085      00h 1 24h 24h 0 1 0 0 1 0 0  
7086      00h 1 24h 24h 0 1 0 0 1 0 0  
7087      00h 1 24h 24h 0 1 0 0 1 0 0  
7088      00h 1 24h 24h 0 1 0 0 1 0 0  
7089      00h 1 24h 24h 0 1 0 0 1 0 0  
7090      00h 1 24h 24h 0 1 0 0 1 0 0  
7091      00h 1 24h 24h 0 1 0 0 1 0 0  
7092      00h 1 24h 24h 0 1 0 0 1 0 0  
7093      00h 1 24h 24h 0 1 0 0 1 0 0  
7094      00h 1 24h 24h 0 1 0 0 1 0 0  
7095      00h 1 24h 24h 0 1 0 0 1 0 0  
7096      00h 1 24h 24h 0 1 0 0 1 0 0  
7097      00h 1 24h 24h 0 1 0 0 1 0 0  
7098      00h 1 24h 24h 0 1 0 0 1 0 0  
7099      00h 1 24h 24h 0 1 0 0 1 0 0  
7100      00h 1 24h 24h 0 1 0 0 1 0 0  
7101      00h 1 24h 24h 0 1 0 0 1 0 0  
7102      00h 1 24h 24h 0 1 0 0 1 0 0  
7103      00h 1 24h 24h 0 1 0 0 1 0 0  
7104      00h 1 24h 24h 0 1 0 0 1 0 0  
7105      00h 1 24h 24h 0 1 0 0 1 0 0  
7106      00h 1 24h 24h 0 1 0 0 1 0 0  
7107      00h 1 24h 24h 0 1 0 0 1 0 0  
7108      00h 1 24h 24h 0 1 0 0 1 0 0  
7109      00h 1 24h 24h 0 1 0 0 1 0 0  
7110      00h 1 24h 24h 0 1 0 0 1 0 0  
7111      00h 1 24h 24h 0 1 0 0 1 0 0  
7112      00h 1 24h 24h 0 1 0 0 1 0 0  
7113      00h 1 24h 24h 0 1 0 0 1 0 0  
7114      00h 1 24h 24h 0 1 0 0 1 0 0  
7115      00h 1 24h 24h 0 1 0 0 1 0 0  
7116      00h 1 24h 24h 0 1 0 0 1 0 0  
7117      00h 1 24h 24h 0 1 0 0 1 0 0  
7118      00h 1 24h 24h 0 1 0 0 1 0 0  
7119      00h 1 24h 24h 0 1 0 0 1 0 0  
7120      00h 1 24h 24h 0 1 0 0 1 0 0  
7121      00h 1 24h 24h 0 1 0 0 1 0 0  
7122      00h 1 24h 24h 0 1 0 0 1 0 0  
7123      00h 1 24h 24h 0 1 0 0 1 0 0  
7124      00h 1 24h 24h 0 1 0 0 1 0 0  
7125      00h 1 24h 24h 0 1 0 0 1 0 0  
7126      00h 1 24h 24h 0 1 0 0 1 0 0  
7127      00h 1 24h 24h 0 1 0 0 1 0 0  
7128      00h 1 24h 24h 0 1 0 0 1 0 0  
7129      00h 1 24h 24h 0 1 0 0 1 0 0  
7130      00h 1 24h 24h 0 1 0 0 1 0 0  
7131      00h 1 24h 24h 0 1 0 0 1 0 0  
7132      00h 1 24h 24h 0 1 0 0 1 0 0  
7133      00h 1 24h 24h 0 1 0 0 1 0 0  
7134      00h 1 24h 24h 0 1 0 0 1 0 0  
7135      00h 1 24h 24h 0 1 0 0 1 0 0  
7136      00h 1 24h 24h 0 1 0 0 1 0 0  
7137      00h 1 24h 24h 0 1 0 0 1 0 0  
7138      00h 1 24h 24h 0 1 0 0 1 0 0  
7139      00h 1 24h 24h 0 1 0 0 1 0 0  
7140      00h 1 24h 24h 0 1 0 0 1 0 0  
7141      00h 1 24h 24h 0 1 0 0 1 0 0  
7142      00h 1 24h 24h 0 1 0 0 1 0 0  
7143      00h 1 24h 24h 0 1 0 0 1 0 0  
7144      00h 1 24h 24h 0 1 0 0 1 0 0  
7145      00h 1 24h 24h 0 1 0 0 1 0 0  
7146      00h 1 24h 24h 0 1 0 0 1 0 0  
7147      00h 1 24h 24h 0 1 0 0 1 0 0  
7148      00h 1 24h 24h 0 1 0 0 1 0 0  
7149      00h 1 24h 24h 0 1 0 0 1 0 0  
7150      00h 1 24h 24h 0 1 0 0 1 0 0  
7151      00h 1 24h 24h 0 1 0 0 1 0 0  
7152      00h 1 24h 24h 0 1 0 0 1 0 0  
7153      00h 1 24h 24h 0 1 0 0 1 0 0  
7154      00h 1 24h 24h 0 1 0 0 1 0 0  
7155      00h 1 24h 24h 0 1 0 0 1 0 0  
7156      00h 1 24h 24h 0 1 0 0 1 0 0  
7157      00h 1 24h 24h 0 1 0 0 1 0 0  
7158      00h 1 24h 24h 0 1 0 0 1 0 0  
7159      00h 1 24h 24h 0 1 0 0 1 0 0  
7160      00h 1 24h 24h 0 1 0 0 1 0 0  
7161      00h 1 24h 24h 0 1 0 0 1 0 0  
7162      00h 1 24h 24h 0 1 0 0 1 0 0  
7163      00h 1 24h 24h 0 1 0 0 1 0 0  
7164      00h 1 24h 24h 0 1 0 0 1 0 0  
7165      00h 1 24h 24h 0 1 0 0 1 0 0  
7166      00h 1 24h 24h 0 1 0 0 1 0 0  
7167      00h 1 24h 24h 0 1 0 0 1 0 0  
