Analysis & Synthesis report for black_jack
Wed Dec  3 20:52:04 2025
Quartus Prime Version 23.1std.1 Build 993 05/14/2024 SC Lite Edition


---------------------
; Table of Contents ;
---------------------
  1. Legal Notice
  2. Analysis & Synthesis Summary
  3. Analysis & Synthesis Settings
  4. Parallel Compilation
  5. Analysis & Synthesis Source Files Read
  6. Analysis & Synthesis Resource Usage Summary
  7. Analysis & Synthesis Resource Utilization by Entity
  8. Analysis & Synthesis RAM Summary
  9. Analysis & Synthesis DSP Block Usage Summary
 10. Analysis & Synthesis IP Cores Summary
 11. State Machine - |black_jack|vga_frame_driver:my_frame_driver|wr_id
 12. State Machine - |black_jack|vga_frame_driver:my_frame_driver|S
 13. State Machine - |black_jack|card_controller:card1_controller|S
 14. State Machine - |black_jack|debounce_switches:db|debounce:db19|S
 15. State Machine - |black_jack|debounce_switches:db|debounce:db18|S
 16. State Machine - |black_jack|debounce_switches:db|debounce:db17|S
 17. State Machine - |black_jack|debounce_switches:db|debounce:db16|S
 18. State Machine - |black_jack|debounce_switches:db|debounce:db15|S
 19. State Machine - |black_jack|debounce_switches:db|debounce:db14|S
 20. State Machine - |black_jack|debounce_switches:db|debounce:db13|S
 21. State Machine - |black_jack|debounce_switches:db|debounce:db12|S
 22. State Machine - |black_jack|debounce_switches:db|debounce:db11|S
 23. State Machine - |black_jack|debounce_switches:db|debounce:db10|S
 24. State Machine - |black_jack|debounce_switches:db|debounce:db7|S
 25. State Machine - |black_jack|debounce_switches:db|debounce:db6|S
 26. State Machine - |black_jack|debounce_switches:db|debounce:db5|S
 27. State Machine - |black_jack|debounce_switches:db|debounce:db4|S
 28. State Machine - |black_jack|debounce_switches:db|debounce:db3|S
 29. State Machine - |black_jack|debounce_switches:db|debounce:db2|S
 30. State Machine - |black_jack|debounce_switches:db|debounce:db1|S
 31. State Machine - |black_jack|debounce_switches:db|debounce:db0|S
 32. Registers Removed During Synthesis
 33. Removed Registers Triggering Further Register Optimizations
 34. General Register Statistics
 35. Inverted Register Statistics
 36. Multiplexer Restructuring Statistics (Restructuring Performed)
 37. Source assignments for card_controller:card1_controller|playing_card:card1|altsyncram:altsyncram_component|altsyncram_qng1:auto_generated
 38. Source assignments for vga_frame_driver:my_frame_driver|vga_frame:vga_memory0|altsyncram:altsyncram_component|altsyncram_5kp1:auto_generated
 39. Source assignments for vga_frame_driver:my_frame_driver|vga_frame:vga_memory1|altsyncram:altsyncram_component|altsyncram_5kp1:auto_generated
 40. Source assignments for vga_frame_driver:my_frame_driver|vga_frame:the_vga_draw_frame|altsyncram:altsyncram_component|altsyncram_5kp1:auto_generated
 41. Source assignments for sld_signaltap:auto_signaltap_0
 42. Parameter Settings for User Entity Instance: debounce_switches:db|debounce:db0
 43. Parameter Settings for User Entity Instance: debounce_switches:db|debounce:db1
 44. Parameter Settings for User Entity Instance: debounce_switches:db|debounce:db2
 45. Parameter Settings for User Entity Instance: debounce_switches:db|debounce:db3
 46. Parameter Settings for User Entity Instance: debounce_switches:db|debounce:db4
 47. Parameter Settings for User Entity Instance: debounce_switches:db|debounce:db5
 48. Parameter Settings for User Entity Instance: debounce_switches:db|debounce:db6
 49. Parameter Settings for User Entity Instance: debounce_switches:db|debounce:db7
 50. Parameter Settings for User Entity Instance: debounce_switches:db|debounce:db10
 51. Parameter Settings for User Entity Instance: debounce_switches:db|debounce:db11
 52. Parameter Settings for User Entity Instance: debounce_switches:db|debounce:db12
 53. Parameter Settings for User Entity Instance: debounce_switches:db|debounce:db13
 54. Parameter Settings for User Entity Instance: debounce_switches:db|debounce:db14
 55. Parameter Settings for User Entity Instance: debounce_switches:db|debounce:db15
 56. Parameter Settings for User Entity Instance: debounce_switches:db|debounce:db16
 57. Parameter Settings for User Entity Instance: debounce_switches:db|debounce:db17
 58. Parameter Settings for User Entity Instance: debounce_switches:db|debounce:db18
 59. Parameter Settings for User Entity Instance: debounce_switches:db|debounce:db19
 60. Parameter Settings for User Entity Instance: card_controller:card1_controller
 61. Parameter Settings for User Entity Instance: card_controller:card1_controller|playing_card:card1|altsyncram:altsyncram_component
 62. Parameter Settings for User Entity Instance: vga_frame_driver:my_frame_driver
 63. Parameter Settings for User Entity Instance: vga_frame_driver:my_frame_driver|vga_frame:vga_memory0|altsyncram:altsyncram_component
 64. Parameter Settings for User Entity Instance: vga_frame_driver:my_frame_driver|vga_frame:vga_memory1|altsyncram:altsyncram_component
 65. Parameter Settings for User Entity Instance: vga_frame_driver:my_frame_driver|vga_frame:the_vga_draw_frame|altsyncram:altsyncram_component
 66. Parameter Settings for User Entity Instance: vga_frame_driver:my_frame_driver|vga_driver:the_vga
 67. Parameter Settings for Inferred Entity Instance: sld_signaltap:auto_signaltap_0
 68. altsyncram Parameter Settings by Entity Instance
 69. Port Connectivity Checks: "vga_frame_driver:my_frame_driver|vga_frame:the_vga_draw_frame"
 70. Port Connectivity Checks: "vga_frame_driver:my_frame_driver|vga_frame:vga_memory1"
 71. Port Connectivity Checks: "vga_frame_driver:my_frame_driver|vga_frame:vga_memory0"
 72. Port Connectivity Checks: "vga_frame_driver:my_frame_driver"
 73. Port Connectivity Checks: "card_controller:card1_controller"
 74. Port Connectivity Checks: "debounce_switches:db"
 75. Signal Tap Logic Analyzer Settings
 76. Post-Synthesis Netlist Statistics for Top Partition
 77. Elapsed Time Per Partition
 78. Connections to In-System Debugging Instance "auto_signaltap_0"
 79. Analysis & Synthesis Messages
 80. Analysis & Synthesis Suppressed Messages



----------------
; Legal Notice ;
----------------
Copyright (C) 2024  Intel Corporation. All rights reserved.
Your use of Intel Corporation's design tools, logic functions 
and other software and tools, and any partner logic 
functions, and any output files from any of the foregoing 
(including device programming or simulation files), and any 
associated documentation or information are expressly subject 
to the terms and conditions of the Intel Program License 
Subscription Agreement, the Intel Quartus Prime License Agreement,
the Intel FPGA IP License Agreement, or other applicable license
agreement, including, without limitation, that your use is for
the sole purpose of programming logic devices manufactured by
Intel and sold by Intel or its authorized distributors.  Please
refer to the applicable agreement for further details, at
https://fpgasoftware.intel.com/eula.



+----------------------------------------------------------------------------------+
; Analysis & Synthesis Summary                                                     ;
+---------------------------------+------------------------------------------------+
; Analysis & Synthesis Status     ; Successful - Wed Dec  3 20:52:03 2025          ;
; Quartus Prime Version           ; 23.1std.1 Build 993 05/14/2024 SC Lite Edition ;
; Revision Name                   ; black_jack                                     ;
; Top-level Entity Name           ; black_jack                                     ;
; Family                          ; Cyclone V                                      ;
; Logic utilization (in ALMs)     ; N/A                                            ;
; Total registers                 ; 756                                            ;
; Total pins                      ; 82                                             ;
; Total virtual pins              ; 0                                              ;
; Total block memory bits         ; 2,374,328                                      ;
; Total DSP Blocks                ; 1                                              ;
; Total HSSI RX PCSs              ; 0                                              ;
; Total HSSI PMA RX Deserializers ; 0                                              ;
; Total HSSI TX PCSs              ; 0                                              ;
; Total HSSI PMA TX Serializers   ; 0                                              ;
; Total PLLs                      ; 0                                              ;
; Total DLLs                      ; 0                                              ;
+---------------------------------+------------------------------------------------+


+---------------------------------------------------------------------------------------------------------------------------+
; Analysis & Synthesis Settings                                                                                             ;
+---------------------------------------------------------------------------------+--------------------+--------------------+
; Option                                                                          ; Setting            ; Default Value      ;
+---------------------------------------------------------------------------------+--------------------+--------------------+
; Device                                                                          ; 5CSEMA5F31C6       ;                    ;
; Top-level entity name                                                           ; black_jack         ; black_jack         ;
; Family name                                                                     ; Cyclone V          ; Cyclone V          ;
; Maximum processors allowed for parallel compilation                             ; All                ;                    ;
; Use smart compilation                                                           ; Off                ; Off                ;
; Enable parallel Assembler and Timing Analyzer during compilation                ; On                 ; On                 ;
; Enable compact report table                                                     ; Off                ; Off                ;
; Restructure Multiplexers                                                        ; Auto               ; Auto               ;
; MLAB Add Timing Constraints For Mixed-Port Feed-Through Mode Setting Don't Care ; Off                ; Off                ;
; Create Debugging Nodes for IP Cores                                             ; Off                ; Off                ;
; Preserve fewer node names                                                       ; On                 ; On                 ;
; Intel FPGA IP Evaluation Mode                                                   ; Enable             ; Enable             ;
; Verilog Version                                                                 ; Verilog_2001       ; Verilog_2001       ;
; VHDL Version                                                                    ; VHDL_1993          ; VHDL_1993          ;
; State Machine Processing                                                        ; Auto               ; Auto               ;
; Safe State Machine                                                              ; Off                ; Off                ;
; Extract Verilog State Machines                                                  ; On                 ; On                 ;
; Extract VHDL State Machines                                                     ; On                 ; On                 ;
; Ignore Verilog initial constructs                                               ; Off                ; Off                ;
; Iteration limit for constant Verilog loops                                      ; 5000               ; 5000               ;
; Iteration limit for non-constant Verilog loops                                  ; 250                ; 250                ;
; Add Pass-Through Logic to Inferred RAMs                                         ; On                 ; On                 ;
; Infer RAMs from Raw Logic                                                       ; On                 ; On                 ;
; Parallel Synthesis                                                              ; On                 ; On                 ;
; DSP Block Balancing                                                             ; Auto               ; Auto               ;
; NOT Gate Push-Back                                                              ; On                 ; On                 ;
; Power-Up Don't Care                                                             ; On                 ; On                 ;
; Remove Redundant Logic Cells                                                    ; Off                ; Off                ;
; Remove Duplicate Registers                                                      ; On                 ; On                 ;
; Ignore CARRY Buffers                                                            ; Off                ; Off                ;
; Ignore CASCADE Buffers                                                          ; Off                ; Off                ;
; Ignore GLOBAL Buffers                                                           ; Off                ; Off                ;
; Ignore ROW GLOBAL Buffers                                                       ; Off                ; Off                ;
; Ignore LCELL Buffers                                                            ; Off                ; Off                ;
; Ignore SOFT Buffers                                                             ; On                 ; On                 ;
; Limit AHDL Integers to 32 Bits                                                  ; Off                ; Off                ;
; Optimization Technique                                                          ; Balanced           ; Balanced           ;
; Carry Chain Length                                                              ; 70                 ; 70                 ;
; Auto Carry Chains                                                               ; On                 ; On                 ;
; Auto Open-Drain Pins                                                            ; On                 ; On                 ;
; Perform WYSIWYG Primitive Resynthesis                                           ; Off                ; Off                ;
; Auto ROM Replacement                                                            ; On                 ; On                 ;
; Auto RAM Replacement                                                            ; On                 ; On                 ;
; Auto DSP Block Replacement                                                      ; On                 ; On                 ;
; Auto Shift Register Replacement                                                 ; Auto               ; Auto               ;
; Allow Shift Register Merging across Hierarchies                                 ; Auto               ; Auto               ;
; Auto Clock Enable Replacement                                                   ; On                 ; On                 ;
; Strict RAM Replacement                                                          ; Off                ; Off                ;
; Allow Synchronous Control Signals                                               ; On                 ; On                 ;
; Force Use of Synchronous Clear Signals                                          ; Off                ; Off                ;
; Auto Resource Sharing                                                           ; Off                ; Off                ;
; Allow Any RAM Size For Recognition                                              ; Off                ; Off                ;
; Allow Any ROM Size For Recognition                                              ; Off                ; Off                ;
; Allow Any Shift Register Size For Recognition                                   ; Off                ; Off                ;
; Use LogicLock Constraints during Resource Balancing                             ; On                 ; On                 ;
; Ignore translate_off and synthesis_off directives                               ; Off                ; Off                ;
; Timing-Driven Synthesis                                                         ; On                 ; On                 ;
; Report Parameter Settings                                                       ; On                 ; On                 ;
; Report Source Assignments                                                       ; On                 ; On                 ;
; Report Connectivity Checks                                                      ; On                 ; On                 ;
; Ignore Maximum Fan-Out Assignments                                              ; Off                ; Off                ;
; Synchronization Register Chain Length                                           ; 3                  ; 3                  ;
; Power Optimization During Synthesis                                             ; Normal compilation ; Normal compilation ;
; HDL message level                                                               ; Level2             ; Level2             ;
; Suppress Register Optimization Related Messages                                 ; Off                ; Off                ;
; Number of Removed Registers Reported in Synthesis Report                        ; 5000               ; 5000               ;
; Number of Swept Nodes Reported in Synthesis Report                              ; 5000               ; 5000               ;
; Number of Inverted Registers Reported in Synthesis Report                       ; 100                ; 100                ;
; Clock MUX Protection                                                            ; On                 ; On                 ;
; Auto Gated Clock Conversion                                                     ; Off                ; Off                ;
; Block Design Naming                                                             ; Auto               ; Auto               ;
; SDC constraint protection                                                       ; Off                ; Off                ;
; Synthesis Effort                                                                ; Auto               ; Auto               ;
; Shift Register Replacement - Allow Asynchronous Clear Signal                    ; On                 ; On                 ;
; Pre-Mapping Resynthesis Optimization                                            ; Off                ; Off                ;
; Analysis & Synthesis Message Level                                              ; Medium             ; Medium             ;
; Disable Register Merging Across Hierarchies                                     ; Auto               ; Auto               ;
; Resource Aware Inference For Block RAM                                          ; On                 ; On                 ;
; Automatic Parallel Synthesis                                                    ; On                 ; On                 ;
; Partial Reconfiguration Bitstream ID                                            ; Off                ; Off                ;
+---------------------------------------------------------------------------------+--------------------+--------------------+


+------------------------------------------+
; Parallel Compilation                     ;
+----------------------------+-------------+
; Processors                 ; Number      ;
+----------------------------+-------------+
; Number detected on machine ; 28          ;
; Maximum allowed            ; 16          ;
;                            ;             ;
; Average used               ; 1.00        ;
; Maximum used               ; 16          ;
;                            ;             ;
; Usage by Processor         ; % Time Used ;
;     Processor 1            ; 100.0%      ;
;     Processor 2            ;   0.0%      ;
;     Processor 3            ;   0.0%      ;
;     Processor 4            ;   0.0%      ;
;     Processor 5            ;   0.0%      ;
;     Processor 6            ;   0.0%      ;
;     Processors 7-16        ;   0.0%      ;
+----------------------------+-------------+


+------------------------------------------------------------------------------------------------------------------------------------------------------------------------------------------------------------------------------------------------------------+
; Analysis & Synthesis Source Files Read                                                                                                                                                                                                                     ;
+--------------------------------------------------------------------+-----------------+----------------------------------------------+--------------------------------------------------------------------------------------------------------+-------------+
; File Name with User-Entered Path                                   ; Used in Netlist ; File Type                                    ; File Name with Absolute Path                                                                           ; Library     ;
+--------------------------------------------------------------------+-----------------+----------------------------------------------+--------------------------------------------------------------------------------------------------------+-------------+
; card_controller.v                                                  ; yes             ; User Verilog HDL File                        ; D:/ECE_287/Final_Project/Black_Jack/card_controller.v                                                  ;             ;
; vga_frame.v                                                        ; yes             ; User Wizard-Generated File                   ; D:/ECE_287/Final_Project/Black_Jack/vga_frame.v                                                        ;             ;
; vga_frame_driver.v                                                 ; yes             ; User Verilog HDL File                        ; D:/ECE_287/Final_Project/Black_Jack/vga_frame_driver.v                                                 ;             ;
; vga_driver.v                                                       ; yes             ; User Verilog HDL File                        ; D:/ECE_287/Final_Project/Black_Jack/vga_driver.v                                                       ;             ;
; debounce.v                                                         ; yes             ; User Verilog HDL File                        ; D:/ECE_287/Final_Project/Black_Jack/debounce.v                                                         ;             ;
; black_jack.v                                                       ; yes             ; User Verilog HDL File                        ; D:/ECE_287/Final_Project/Black_Jack/black_jack.v                                                       ;             ;
; playing_card.v                                                     ; yes             ; User Wizard-Generated File                   ; D:/ECE_287/Final_Project/Black_Jack/playing_card.v                                                     ;             ;
; altsyncram.tdf                                                     ; yes             ; Megafunction                                 ; c:/intelfpga_lite/23.1std/quartus/libraries/megafunctions/altsyncram.tdf                               ;             ;
; stratix_ram_block.inc                                              ; yes             ; Megafunction                                 ; c:/intelfpga_lite/23.1std/quartus/libraries/megafunctions/stratix_ram_block.inc                        ;             ;
; lpm_mux.inc                                                        ; yes             ; Megafunction                                 ; c:/intelfpga_lite/23.1std/quartus/libraries/megafunctions/lpm_mux.inc                                  ;             ;
; lpm_decode.inc                                                     ; yes             ; Megafunction                                 ; c:/intelfpga_lite/23.1std/quartus/libraries/megafunctions/lpm_decode.inc                               ;             ;
; aglobal231.inc                                                     ; yes             ; Megafunction                                 ; c:/intelfpga_lite/23.1std/quartus/libraries/megafunctions/aglobal231.inc                               ;             ;
; a_rdenreg.inc                                                      ; yes             ; Megafunction                                 ; c:/intelfpga_lite/23.1std/quartus/libraries/megafunctions/a_rdenreg.inc                                ;             ;
; altrom.inc                                                         ; yes             ; Megafunction                                 ; c:/intelfpga_lite/23.1std/quartus/libraries/megafunctions/altrom.inc                                   ;             ;
; altram.inc                                                         ; yes             ; Megafunction                                 ; c:/intelfpga_lite/23.1std/quartus/libraries/megafunctions/altram.inc                                   ;             ;
; altdpram.inc                                                       ; yes             ; Megafunction                                 ; c:/intelfpga_lite/23.1std/quartus/libraries/megafunctions/altdpram.inc                                 ;             ;
; db/altsyncram_qng1.tdf                                             ; yes             ; Auto-Generated Megafunction                  ; D:/ECE_287/Final_Project/Black_Jack/db/altsyncram_qng1.tdf                                             ;             ;
; ../card_asset.mif                                                  ; yes             ; Auto-Found Memory Initialization File        ; D:/ECE_287/Final_Project/Black_Jack/card_asset.mif                                                     ;             ;
; db/altsyncram_5kp1.tdf                                             ; yes             ; Auto-Generated Megafunction                  ; D:/ECE_287/Final_Project/Black_Jack/db/altsyncram_5kp1.tdf                                             ;             ;
; table_background.mif                                               ; yes             ; Auto-Found Memory Initialization File        ; D:/ECE_287/Final_Project/Black_Jack/table_background.mif                                               ;             ;
; db/decode_8la.tdf                                                  ; yes             ; Auto-Generated Megafunction                  ; D:/ECE_287/Final_Project/Black_Jack/db/decode_8la.tdf                                                  ;             ;
; db/decode_11a.tdf                                                  ; yes             ; Auto-Generated Megafunction                  ; D:/ECE_287/Final_Project/Black_Jack/db/decode_11a.tdf                                                  ;             ;
; db/mux_6hb.tdf                                                     ; yes             ; Auto-Generated Megafunction                  ; D:/ECE_287/Final_Project/Black_Jack/db/mux_6hb.tdf                                                     ;             ;
; sld_signaltap.vhd                                                  ; yes             ; Megafunction                                 ; c:/intelfpga_lite/23.1std/quartus/libraries/megafunctions/sld_signaltap.vhd                            ;             ;
; sld_signaltap_impl.vhd                                             ; yes             ; Encrypted Megafunction                       ; c:/intelfpga_lite/23.1std/quartus/libraries/megafunctions/sld_signaltap_impl.vhd                       ;             ;
; sld_ela_control.vhd                                                ; yes             ; Encrypted Megafunction                       ; c:/intelfpga_lite/23.1std/quartus/libraries/megafunctions/sld_ela_control.vhd                          ;             ;
; lpm_shiftreg.tdf                                                   ; yes             ; Megafunction                                 ; c:/intelfpga_lite/23.1std/quartus/libraries/megafunctions/lpm_shiftreg.tdf                             ;             ;
; lpm_constant.inc                                                   ; yes             ; Megafunction                                 ; c:/intelfpga_lite/23.1std/quartus/libraries/megafunctions/lpm_constant.inc                             ;             ;
; dffeea.inc                                                         ; yes             ; Megafunction                                 ; c:/intelfpga_lite/23.1std/quartus/libraries/megafunctions/dffeea.inc                                   ;             ;
; sld_mbpmg.vhd                                                      ; yes             ; Encrypted Megafunction                       ; c:/intelfpga_lite/23.1std/quartus/libraries/megafunctions/sld_mbpmg.vhd                                ;             ;
; sld_ela_trigger_flow_mgr.vhd                                       ; yes             ; Encrypted Megafunction                       ; c:/intelfpga_lite/23.1std/quartus/libraries/megafunctions/sld_ela_trigger_flow_mgr.vhd                 ;             ;
; sld_buffer_manager.vhd                                             ; yes             ; Encrypted Megafunction                       ; c:/intelfpga_lite/23.1std/quartus/libraries/megafunctions/sld_buffer_manager.vhd                       ;             ;
; db/altsyncram_jb84.tdf                                             ; yes             ; Auto-Generated Megafunction                  ; D:/ECE_287/Final_Project/Black_Jack/db/altsyncram_jb84.tdf                                             ;             ;
; altdpram.tdf                                                       ; yes             ; Megafunction                                 ; c:/intelfpga_lite/23.1std/quartus/libraries/megafunctions/altdpram.tdf                                 ;             ;
; memmodes.inc                                                       ; yes             ; Megafunction                                 ; c:/intelfpga_lite/23.1std/quartus/libraries/others/maxplus2/memmodes.inc                               ;             ;
; a_hdffe.inc                                                        ; yes             ; Megafunction                                 ; c:/intelfpga_lite/23.1std/quartus/libraries/megafunctions/a_hdffe.inc                                  ;             ;
; alt_le_rden_reg.inc                                                ; yes             ; Megafunction                                 ; c:/intelfpga_lite/23.1std/quartus/libraries/megafunctions/alt_le_rden_reg.inc                          ;             ;
; altsyncram.inc                                                     ; yes             ; Megafunction                                 ; c:/intelfpga_lite/23.1std/quartus/libraries/megafunctions/altsyncram.inc                               ;             ;
; lpm_mux.tdf                                                        ; yes             ; Megafunction                                 ; c:/intelfpga_lite/23.1std/quartus/libraries/megafunctions/lpm_mux.tdf                                  ;             ;
; muxlut.inc                                                         ; yes             ; Megafunction                                 ; c:/intelfpga_lite/23.1std/quartus/libraries/megafunctions/muxlut.inc                                   ;             ;
; bypassff.inc                                                       ; yes             ; Megafunction                                 ; c:/intelfpga_lite/23.1std/quartus/libraries/megafunctions/bypassff.inc                                 ;             ;
; altshift.inc                                                       ; yes             ; Megafunction                                 ; c:/intelfpga_lite/23.1std/quartus/libraries/megafunctions/altshift.inc                                 ;             ;
; db/mux_ilc.tdf                                                     ; yes             ; Auto-Generated Megafunction                  ; D:/ECE_287/Final_Project/Black_Jack/db/mux_ilc.tdf                                                     ;             ;
; lpm_decode.tdf                                                     ; yes             ; Megafunction                                 ; c:/intelfpga_lite/23.1std/quartus/libraries/megafunctions/lpm_decode.tdf                               ;             ;
; declut.inc                                                         ; yes             ; Megafunction                                 ; c:/intelfpga_lite/23.1std/quartus/libraries/megafunctions/declut.inc                                   ;             ;
; lpm_compare.inc                                                    ; yes             ; Megafunction                                 ; c:/intelfpga_lite/23.1std/quartus/libraries/megafunctions/lpm_compare.inc                              ;             ;
; db/decode_vnf.tdf                                                  ; yes             ; Auto-Generated Megafunction                  ; D:/ECE_287/Final_Project/Black_Jack/db/decode_vnf.tdf                                                  ;             ;
; lpm_counter.tdf                                                    ; yes             ; Megafunction                                 ; c:/intelfpga_lite/23.1std/quartus/libraries/megafunctions/lpm_counter.tdf                              ;             ;
; lpm_add_sub.inc                                                    ; yes             ; Megafunction                                 ; c:/intelfpga_lite/23.1std/quartus/libraries/megafunctions/lpm_add_sub.inc                              ;             ;
; cmpconst.inc                                                       ; yes             ; Megafunction                                 ; c:/intelfpga_lite/23.1std/quartus/libraries/megafunctions/cmpconst.inc                                 ;             ;
; lpm_counter.inc                                                    ; yes             ; Megafunction                                 ; c:/intelfpga_lite/23.1std/quartus/libraries/megafunctions/lpm_counter.inc                              ;             ;
; alt_counter_stratix.inc                                            ; yes             ; Megafunction                                 ; c:/intelfpga_lite/23.1std/quartus/libraries/megafunctions/alt_counter_stratix.inc                      ;             ;
; db/cntr_19i.tdf                                                    ; yes             ; Auto-Generated Megafunction                  ; D:/ECE_287/Final_Project/Black_Jack/db/cntr_19i.tdf                                                    ;             ;
; db/cntr_3vi.tdf                                                    ; yes             ; Auto-Generated Megafunction                  ; D:/ECE_287/Final_Project/Black_Jack/db/cntr_3vi.tdf                                                    ;             ;
; db/cntr_59i.tdf                                                    ; yes             ; Auto-Generated Megafunction                  ; D:/ECE_287/Final_Project/Black_Jack/db/cntr_59i.tdf                                                    ;             ;
; db/cmpr_d9c.tdf                                                    ; yes             ; Auto-Generated Megafunction                  ; D:/ECE_287/Final_Project/Black_Jack/db/cmpr_d9c.tdf                                                    ;             ;
; db/cntr_kri.tdf                                                    ; yes             ; Auto-Generated Megafunction                  ; D:/ECE_287/Final_Project/Black_Jack/db/cntr_kri.tdf                                                    ;             ;
; db/cmpr_99c.tdf                                                    ; yes             ; Auto-Generated Megafunction                  ; D:/ECE_287/Final_Project/Black_Jack/db/cmpr_99c.tdf                                                    ;             ;
; sld_rom_sr.vhd                                                     ; yes             ; Encrypted Megafunction                       ; c:/intelfpga_lite/23.1std/quartus/libraries/megafunctions/sld_rom_sr.vhd                               ;             ;
; sld_jtag_endpoint_adapter.vhd                                      ; yes             ; Encrypted Megafunction                       ; c:/intelfpga_lite/23.1std/quartus/libraries/megafunctions/sld_jtag_endpoint_adapter.vhd                ;             ;
; sld_jtag_endpoint_adapter_impl.sv                                  ; yes             ; Encrypted Megafunction                       ; c:/intelfpga_lite/23.1std/quartus/libraries/megafunctions/sld_jtag_endpoint_adapter_impl.sv            ;             ;
; sld_hub.vhd                                                        ; yes             ; Encrypted Megafunction                       ; c:/intelfpga_lite/23.1std/quartus/libraries/megafunctions/sld_hub.vhd                                  ; altera_sld  ;
; db/ip/sldd4feb88e/alt_sld_fab.v                                    ; yes             ; Encrypted Auto-Found Verilog HDL File        ; D:/ECE_287/Final_Project/Black_Jack/db/ip/sldd4feb88e/alt_sld_fab.v                                    ; alt_sld_fab ;
; db/ip/sldd4feb88e/submodules/alt_sld_fab_alt_sld_fab.v             ; yes             ; Encrypted Auto-Found Verilog HDL File        ; D:/ECE_287/Final_Project/Black_Jack/db/ip/sldd4feb88e/submodules/alt_sld_fab_alt_sld_fab.v             ; alt_sld_fab ;
; db/ip/sldd4feb88e/submodules/alt_sld_fab_alt_sld_fab_ident.sv      ; yes             ; Auto-Found SystemVerilog HDL File            ; D:/ECE_287/Final_Project/Black_Jack/db/ip/sldd4feb88e/submodules/alt_sld_fab_alt_sld_fab_ident.sv      ; alt_sld_fab ;
; db/ip/sldd4feb88e/submodules/alt_sld_fab_alt_sld_fab_presplit.sv   ; yes             ; Encrypted Auto-Found SystemVerilog HDL File  ; D:/ECE_287/Final_Project/Black_Jack/db/ip/sldd4feb88e/submodules/alt_sld_fab_alt_sld_fab_presplit.sv   ; alt_sld_fab ;
; db/ip/sldd4feb88e/submodules/alt_sld_fab_alt_sld_fab_sldfabric.vhd ; yes             ; Encrypted Auto-Found VHDL File               ; D:/ECE_287/Final_Project/Black_Jack/db/ip/sldd4feb88e/submodules/alt_sld_fab_alt_sld_fab_sldfabric.vhd ; alt_sld_fab ;
; db/ip/sldd4feb88e/submodules/alt_sld_fab_alt_sld_fab_splitter.sv   ; yes             ; Encrypted Auto-Found SystemVerilog HDL File  ; D:/ECE_287/Final_Project/Black_Jack/db/ip/sldd4feb88e/submodules/alt_sld_fab_alt_sld_fab_splitter.sv   ; alt_sld_fab ;
; sld_jtag_hub.vhd                                                   ; yes             ; Encrypted Megafunction                       ; c:/intelfpga_lite/23.1std/quartus/libraries/megafunctions/sld_jtag_hub.vhd                             ;             ;
+--------------------------------------------------------------------+-----------------+----------------------------------------------+--------------------------------------------------------------------------------------------------------+-------------+


+--------------------------------------------------------------+
; Analysis & Synthesis Resource Usage Summary                  ;
+---------------------------------------------+----------------+
; Resource                                    ; Usage          ;
+---------------------------------------------+----------------+
; Estimate of Logic utilization (ALMs needed) ; 538            ;
;                                             ;                ;
; Combinational ALUT usage for logic          ; 754            ;
;     -- 7 input functions                    ; 1              ;
;     -- 6 input functions                    ; 170            ;
;     -- 5 input functions                    ; 113            ;
;     -- 4 input functions                    ; 63             ;
;     -- <=3 input functions                  ; 407            ;
;                                             ;                ;
; Dedicated logic registers                   ; 756            ;
;                                             ;                ;
; I/O pins                                    ; 82             ;
; Total MLAB memory bits                      ; 0              ;
; Total block memory bits                     ; 2374328        ;
;                                             ;                ;
; Total DSP Blocks                            ; 1              ;
;                                             ;                ;
; Maximum fan-out node                        ; CLOCK_50~input ;
; Maximum fan-out                             ; 742            ;
; Total fan-out                               ; 11140          ;
; Average fan-out                             ; 5.54           ;
+---------------------------------------------+----------------+


+--------------------------------------------------------------------------------------------------------------------------------------------------------------------------------------------------------------------------------------------------------------------------------------------------------------------------------------------------------------------------------------------------------------------------------------------------------------------------------------------------------------------------------------------------------------------------------------------------------------------------------------------------------------+
; Analysis & Synthesis Resource Utilization by Entity                                                                                                                                                                                                                                                                                                                                                                                                                                                                                                                                                                                                          ;
+-----------------------------------------------------------------------------------------------------------------------------------------+---------------------+---------------------------+-------------------+------------+------+--------------+--------------------------------------------------------------------------------------------------------------------------------------------------------------------------------------------------------------------------------------------------------------------------------------------------------------------------------------------------------+-----------------------------------+--------------+
; Compilation Hierarchy Node                                                                                                              ; Combinational ALUTs ; Dedicated Logic Registers ; Block Memory Bits ; DSP Blocks ; Pins ; Virtual Pins ; Full Hierarchy Name                                                                                                                                                                                                                                                                                                                                    ; Entity Name                       ; Library Name ;
+-----------------------------------------------------------------------------------------------------------------------------------------+---------------------+---------------------------+-------------------+------------+------+--------------+--------------------------------------------------------------------------------------------------------------------------------------------------------------------------------------------------------------------------------------------------------------------------------------------------------------------------------------------------------+-----------------------------------+--------------+
; |black_jack                                                                                                                             ; 754 (1)             ; 756 (0)                   ; 2374328           ; 1          ; 82   ; 0            ; |black_jack                                                                                                                                                                                                                                                                                                                                            ; black_jack                        ; work         ;
;    |card_controller:card1_controller|                                                                                                   ; 112 (112)           ; 76 (76)                   ; 6840              ; 1          ; 0    ; 0            ; |black_jack|card_controller:card1_controller                                                                                                                                                                                                                                                                                                           ; card_controller                   ; work         ;
;       |playing_card:card1|                                                                                                              ; 0 (0)               ; 0 (0)                     ; 6840              ; 0          ; 0    ; 0            ; |black_jack|card_controller:card1_controller|playing_card:card1                                                                                                                                                                                                                                                                                        ; playing_card                      ; work         ;
;          |altsyncram:altsyncram_component|                                                                                              ; 0 (0)               ; 0 (0)                     ; 6840              ; 0          ; 0    ; 0            ; |black_jack|card_controller:card1_controller|playing_card:card1|altsyncram:altsyncram_component                                                                                                                                                                                                                                                        ; altsyncram                        ; work         ;
;             |altsyncram_qng1:auto_generated|                                                                                            ; 0 (0)               ; 0 (0)                     ; 6840              ; 0          ; 0    ; 0            ; |black_jack|card_controller:card1_controller|playing_card:card1|altsyncram:altsyncram_component|altsyncram_qng1:auto_generated                                                                                                                                                                                                                         ; altsyncram_qng1                   ; work         ;
;    |sld_hub:auto_hub|                                                                                                                   ; 90 (1)              ; 90 (0)                    ; 0                 ; 0          ; 0    ; 0            ; |black_jack|sld_hub:auto_hub                                                                                                                                                                                                                                                                                                                           ; sld_hub                           ; altera_sld   ;
;       |alt_sld_fab_with_jtag_input:\instrumentation_fabric_with_node_gen:fabric_gen_new_way:with_jtag_input_gen:instrumentation_fabric| ; 89 (0)              ; 90 (0)                    ; 0                 ; 0          ; 0    ; 0            ; |black_jack|sld_hub:auto_hub|alt_sld_fab_with_jtag_input:\instrumentation_fabric_with_node_gen:fabric_gen_new_way:with_jtag_input_gen:instrumentation_fabric                                                                                                                                                                                           ; alt_sld_fab_with_jtag_input       ; altera_sld   ;
;          |alt_sld_fab:instrumentation_fabric|                                                                                           ; 89 (0)              ; 90 (0)                    ; 0                 ; 0          ; 0    ; 0            ; |black_jack|sld_hub:auto_hub|alt_sld_fab_with_jtag_input:\instrumentation_fabric_with_node_gen:fabric_gen_new_way:with_jtag_input_gen:instrumentation_fabric|alt_sld_fab:instrumentation_fabric                                                                                                                                                        ; alt_sld_fab                       ; alt_sld_fab  ;
;             |alt_sld_fab_alt_sld_fab:alt_sld_fab|                                                                                       ; 89 (1)              ; 90 (5)                    ; 0                 ; 0          ; 0    ; 0            ; |black_jack|sld_hub:auto_hub|alt_sld_fab_with_jtag_input:\instrumentation_fabric_with_node_gen:fabric_gen_new_way:with_jtag_input_gen:instrumentation_fabric|alt_sld_fab:instrumentation_fabric|alt_sld_fab_alt_sld_fab:alt_sld_fab                                                                                                                    ; alt_sld_fab_alt_sld_fab           ; alt_sld_fab  ;
;                |alt_sld_fab_alt_sld_fab_sldfabric:sldfabric|                                                                            ; 88 (0)              ; 85 (0)                    ; 0                 ; 0          ; 0    ; 0            ; |black_jack|sld_hub:auto_hub|alt_sld_fab_with_jtag_input:\instrumentation_fabric_with_node_gen:fabric_gen_new_way:with_jtag_input_gen:instrumentation_fabric|alt_sld_fab:instrumentation_fabric|alt_sld_fab_alt_sld_fab:alt_sld_fab|alt_sld_fab_alt_sld_fab_sldfabric:sldfabric                                                                        ; alt_sld_fab_alt_sld_fab_sldfabric ; alt_sld_fab  ;
;                   |sld_jtag_hub:\jtag_hub_gen:real_sld_jtag_hub|                                                                        ; 88 (55)             ; 85 (57)                   ; 0                 ; 0          ; 0    ; 0            ; |black_jack|sld_hub:auto_hub|alt_sld_fab_with_jtag_input:\instrumentation_fabric_with_node_gen:fabric_gen_new_way:with_jtag_input_gen:instrumentation_fabric|alt_sld_fab:instrumentation_fabric|alt_sld_fab_alt_sld_fab:alt_sld_fab|alt_sld_fab_alt_sld_fab_sldfabric:sldfabric|sld_jtag_hub:\jtag_hub_gen:real_sld_jtag_hub                           ; sld_jtag_hub                      ; work         ;
;                      |sld_rom_sr:hub_info_reg|                                                                                          ; 15 (15)             ; 9 (9)                     ; 0                 ; 0          ; 0    ; 0            ; |black_jack|sld_hub:auto_hub|alt_sld_fab_with_jtag_input:\instrumentation_fabric_with_node_gen:fabric_gen_new_way:with_jtag_input_gen:instrumentation_fabric|alt_sld_fab:instrumentation_fabric|alt_sld_fab_alt_sld_fab:alt_sld_fab|alt_sld_fab_alt_sld_fab_sldfabric:sldfabric|sld_jtag_hub:\jtag_hub_gen:real_sld_jtag_hub|sld_rom_sr:hub_info_reg   ; sld_rom_sr                        ; work         ;
;                      |sld_shadow_jsm:shadow_jsm|                                                                                        ; 18 (18)             ; 19 (19)                   ; 0                 ; 0          ; 0    ; 0            ; |black_jack|sld_hub:auto_hub|alt_sld_fab_with_jtag_input:\instrumentation_fabric_with_node_gen:fabric_gen_new_way:with_jtag_input_gen:instrumentation_fabric|alt_sld_fab:instrumentation_fabric|alt_sld_fab_alt_sld_fab:alt_sld_fab|alt_sld_fab_alt_sld_fab_sldfabric:sldfabric|sld_jtag_hub:\jtag_hub_gen:real_sld_jtag_hub|sld_shadow_jsm:shadow_jsm ; sld_shadow_jsm                    ; altera_sld   ;
;    |sld_signaltap:auto_signaltap_0|                                                                                                     ; 238 (2)             ; 502 (32)                  ; 8192              ; 0          ; 0    ; 0            ; |black_jack|sld_signaltap:auto_signaltap_0                                                                                                                                                                                                                                                                                                             ; sld_signaltap                     ; work         ;
;       |sld_signaltap_impl:sld_signaltap_body|                                                                                           ; 236 (0)             ; 470 (0)                   ; 8192              ; 0          ; 0    ; 0            ; |black_jack|sld_signaltap:auto_signaltap_0|sld_signaltap_impl:sld_signaltap_body                                                                                                                                                                                                                                                                       ; sld_signaltap_impl                ; work         ;
;          |sld_signaltap_implb:sld_signaltap_body|                                                                                       ; 236 (67)            ; 470 (142)                 ; 8192              ; 0          ; 0    ; 0            ; |black_jack|sld_signaltap:auto_signaltap_0|sld_signaltap_impl:sld_signaltap_body|sld_signaltap_implb:sld_signaltap_body                                                                                                                                                                                                                                ; sld_signaltap_implb               ; work         ;
;             |altdpram:\stp_non_zero_ram_gen:attribute_mem_gen:attribute_mem|                                                            ; 2 (0)               ; 58 (58)                   ; 0                 ; 0          ; 0    ; 0            ; |black_jack|sld_signaltap:auto_signaltap_0|sld_signaltap_impl:sld_signaltap_body|sld_signaltap_implb:sld_signaltap_body|altdpram:\stp_non_zero_ram_gen:attribute_mem_gen:attribute_mem                                                                                                                                                                 ; altdpram                          ; work         ;
;                |lpm_decode:wdecoder|                                                                                                    ; 2 (0)               ; 0 (0)                     ; 0                 ; 0          ; 0    ; 0            ; |black_jack|sld_signaltap:auto_signaltap_0|sld_signaltap_impl:sld_signaltap_body|sld_signaltap_implb:sld_signaltap_body|altdpram:\stp_non_zero_ram_gen:attribute_mem_gen:attribute_mem|lpm_decode:wdecoder                                                                                                                                             ; lpm_decode                        ; work         ;
;                   |decode_vnf:auto_generated|                                                                                           ; 2 (2)               ; 0 (0)                     ; 0                 ; 0          ; 0    ; 0            ; |black_jack|sld_signaltap:auto_signaltap_0|sld_signaltap_impl:sld_signaltap_body|sld_signaltap_implb:sld_signaltap_body|altdpram:\stp_non_zero_ram_gen:attribute_mem_gen:attribute_mem|lpm_decode:wdecoder|decode_vnf:auto_generated                                                                                                                   ; decode_vnf                        ; work         ;
;             |altsyncram:\stp_non_zero_ram_gen:stp_buffer_ram|                                                                           ; 0 (0)               ; 0 (0)                     ; 8192              ; 0          ; 0    ; 0            ; |black_jack|sld_signaltap:auto_signaltap_0|sld_signaltap_impl:sld_signaltap_body|sld_signaltap_implb:sld_signaltap_body|altsyncram:\stp_non_zero_ram_gen:stp_buffer_ram                                                                                                                                                                                ; altsyncram                        ; work         ;
;                |altsyncram_jb84:auto_generated|                                                                                         ; 0 (0)               ; 0 (0)                     ; 8192              ; 0          ; 0    ; 0            ; |black_jack|sld_signaltap:auto_signaltap_0|sld_signaltap_impl:sld_signaltap_body|sld_signaltap_implb:sld_signaltap_body|altsyncram:\stp_non_zero_ram_gen:stp_buffer_ram|altsyncram_jb84:auto_generated                                                                                                                                                 ; altsyncram_jb84                   ; work         ;
;             |lpm_shiftreg:segment_offset_config_deserialize|                                                                            ; 0 (0)               ; 9 (9)                     ; 0                 ; 0          ; 0    ; 0            ; |black_jack|sld_signaltap:auto_signaltap_0|sld_signaltap_impl:sld_signaltap_body|sld_signaltap_implb:sld_signaltap_body|lpm_shiftreg:segment_offset_config_deserialize                                                                                                                                                                                 ; lpm_shiftreg                      ; work         ;
;             |lpm_shiftreg:status_register|                                                                                              ; 17 (17)             ; 17 (17)                   ; 0                 ; 0          ; 0    ; 0            ; |black_jack|sld_signaltap:auto_signaltap_0|sld_signaltap_impl:sld_signaltap_body|sld_signaltap_implb:sld_signaltap_body|lpm_shiftreg:status_register                                                                                                                                                                                                   ; lpm_shiftreg                      ; work         ;
;             |serial_crc_16:\tdo_crc_gen:tdo_crc_calc|                                                                                   ; 4 (4)               ; 13 (13)                   ; 0                 ; 0          ; 0    ; 0            ; |black_jack|sld_signaltap:auto_signaltap_0|sld_signaltap_impl:sld_signaltap_body|sld_signaltap_implb:sld_signaltap_body|serial_crc_16:\tdo_crc_gen:tdo_crc_calc                                                                                                                                                                                        ; serial_crc_16                     ; work         ;
;             |sld_buffer_manager:sld_buffer_manager_inst|                                                                                ; 69 (69)             ; 54 (54)                   ; 0                 ; 0          ; 0    ; 0            ; |black_jack|sld_signaltap:auto_signaltap_0|sld_signaltap_impl:sld_signaltap_body|sld_signaltap_implb:sld_signaltap_body|sld_buffer_manager:sld_buffer_manager_inst                                                                                                                                                                                     ; sld_buffer_manager                ; work         ;
;             |sld_ela_control:ela_control|                                                                                               ; 21 (1)              ; 96 (1)                    ; 0                 ; 0          ; 0    ; 0            ; |black_jack|sld_signaltap:auto_signaltap_0|sld_signaltap_impl:sld_signaltap_body|sld_signaltap_implb:sld_signaltap_body|sld_ela_control:ela_control                                                                                                                                                                                                    ; sld_ela_control                   ; work         ;
;                |lpm_shiftreg:trigger_config_deserialize|                                                                                ; 0 (0)               ; 4 (4)                     ; 0                 ; 0          ; 0    ; 0            ; |black_jack|sld_signaltap:auto_signaltap_0|sld_signaltap_impl:sld_signaltap_body|sld_signaltap_implb:sld_signaltap_body|sld_ela_control:ela_control|lpm_shiftreg:trigger_config_deserialize                                                                                                                                                            ; lpm_shiftreg                      ; work         ;
;                |sld_ela_basic_multi_level_trigger:\basic_multi_level_mbpm_trigger_gen:multi_level_mbpm|                                 ; 16 (0)              ; 80 (0)                    ; 0                 ; 0          ; 0    ; 0            ; |black_jack|sld_signaltap:auto_signaltap_0|sld_signaltap_impl:sld_signaltap_body|sld_signaltap_implb:sld_signaltap_body|sld_ela_control:ela_control|sld_ela_basic_multi_level_trigger:\basic_multi_level_mbpm_trigger_gen:multi_level_mbpm                                                                                                             ; sld_ela_basic_multi_level_trigger ; work         ;
;                   |lpm_shiftreg:trigger_condition_deserialize|                                                                          ; 0 (0)               ; 48 (48)                   ; 0                 ; 0          ; 0    ; 0            ; |black_jack|sld_signaltap:auto_signaltap_0|sld_signaltap_impl:sld_signaltap_body|sld_signaltap_implb:sld_signaltap_body|sld_ela_control:ela_control|sld_ela_basic_multi_level_trigger:\basic_multi_level_mbpm_trigger_gen:multi_level_mbpm|lpm_shiftreg:trigger_condition_deserialize                                                                  ; lpm_shiftreg                      ; work         ;
;                   |sld_mbpmg:\trigger_modules_gen:0:trigger_match|                                                                      ; 16 (0)              ; 32 (0)                    ; 0                 ; 0          ; 0    ; 0            ; |black_jack|sld_signaltap:auto_signaltap_0|sld_signaltap_impl:sld_signaltap_body|sld_signaltap_implb:sld_signaltap_body|sld_ela_control:ela_control|sld_ela_basic_multi_level_trigger:\basic_multi_level_mbpm_trigger_gen:multi_level_mbpm|sld_mbpmg:\trigger_modules_gen:0:trigger_match                                                              ; sld_mbpmg                         ; work         ;
;                      |sld_sbpmg:\gen_sbpmg_pipeline_less_than_two:sm0:0:sm1|                                                            ; 1 (1)               ; 2 (2)                     ; 0                 ; 0          ; 0    ; 0            ; |black_jack|sld_signaltap:auto_signaltap_0|sld_signaltap_impl:sld_signaltap_body|sld_signaltap_implb:sld_signaltap_body|sld_ela_control:ela_control|sld_ela_basic_multi_level_trigger:\basic_multi_level_mbpm_trigger_gen:multi_level_mbpm|sld_mbpmg:\trigger_modules_gen:0:trigger_match|sld_sbpmg:\gen_sbpmg_pipeline_less_than_two:sm0:0:sm1        ; sld_sbpmg                         ; work         ;
;                      |sld_sbpmg:\gen_sbpmg_pipeline_less_than_two:sm0:10:sm1|                                                           ; 1 (1)               ; 2 (2)                     ; 0                 ; 0          ; 0    ; 0            ; |black_jack|sld_signaltap:auto_signaltap_0|sld_signaltap_impl:sld_signaltap_body|sld_signaltap_implb:sld_signaltap_body|sld_ela_control:ela_control|sld_ela_basic_multi_level_trigger:\basic_multi_level_mbpm_trigger_gen:multi_level_mbpm|sld_mbpmg:\trigger_modules_gen:0:trigger_match|sld_sbpmg:\gen_sbpmg_pipeline_less_than_two:sm0:10:sm1       ; sld_sbpmg                         ; work         ;
;                      |sld_sbpmg:\gen_sbpmg_pipeline_less_than_two:sm0:11:sm1|                                                           ; 1 (1)               ; 2 (2)                     ; 0                 ; 0          ; 0    ; 0            ; |black_jack|sld_signaltap:auto_signaltap_0|sld_signaltap_impl:sld_signaltap_body|sld_signaltap_implb:sld_signaltap_body|sld_ela_control:ela_control|sld_ela_basic_multi_level_trigger:\basic_multi_level_mbpm_trigger_gen:multi_level_mbpm|sld_mbpmg:\trigger_modules_gen:0:trigger_match|sld_sbpmg:\gen_sbpmg_pipeline_less_than_two:sm0:11:sm1       ; sld_sbpmg                         ; work         ;
;                      |sld_sbpmg:\gen_sbpmg_pipeline_less_than_two:sm0:12:sm1|                                                           ; 1 (1)               ; 2 (2)                     ; 0                 ; 0          ; 0    ; 0            ; |black_jack|sld_signaltap:auto_signaltap_0|sld_signaltap_impl:sld_signaltap_body|sld_signaltap_implb:sld_signaltap_body|sld_ela_control:ela_control|sld_ela_basic_multi_level_trigger:\basic_multi_level_mbpm_trigger_gen:multi_level_mbpm|sld_mbpmg:\trigger_modules_gen:0:trigger_match|sld_sbpmg:\gen_sbpmg_pipeline_less_than_two:sm0:12:sm1       ; sld_sbpmg                         ; work         ;
;                      |sld_sbpmg:\gen_sbpmg_pipeline_less_than_two:sm0:13:sm1|                                                           ; 1 (1)               ; 2 (2)                     ; 0                 ; 0          ; 0    ; 0            ; |black_jack|sld_signaltap:auto_signaltap_0|sld_signaltap_impl:sld_signaltap_body|sld_signaltap_implb:sld_signaltap_body|sld_ela_control:ela_control|sld_ela_basic_multi_level_trigger:\basic_multi_level_mbpm_trigger_gen:multi_level_mbpm|sld_mbpmg:\trigger_modules_gen:0:trigger_match|sld_sbpmg:\gen_sbpmg_pipeline_less_than_two:sm0:13:sm1       ; sld_sbpmg                         ; work         ;
;                      |sld_sbpmg:\gen_sbpmg_pipeline_less_than_two:sm0:14:sm1|                                                           ; 1 (1)               ; 2 (2)                     ; 0                 ; 0          ; 0    ; 0            ; |black_jack|sld_signaltap:auto_signaltap_0|sld_signaltap_impl:sld_signaltap_body|sld_signaltap_implb:sld_signaltap_body|sld_ela_control:ela_control|sld_ela_basic_multi_level_trigger:\basic_multi_level_mbpm_trigger_gen:multi_level_mbpm|sld_mbpmg:\trigger_modules_gen:0:trigger_match|sld_sbpmg:\gen_sbpmg_pipeline_less_than_two:sm0:14:sm1       ; sld_sbpmg                         ; work         ;
;                      |sld_sbpmg:\gen_sbpmg_pipeline_less_than_two:sm0:15:sm1|                                                           ; 1 (1)               ; 2 (2)                     ; 0                 ; 0          ; 0    ; 0            ; |black_jack|sld_signaltap:auto_signaltap_0|sld_signaltap_impl:sld_signaltap_body|sld_signaltap_implb:sld_signaltap_body|sld_ela_control:ela_control|sld_ela_basic_multi_level_trigger:\basic_multi_level_mbpm_trigger_gen:multi_level_mbpm|sld_mbpmg:\trigger_modules_gen:0:trigger_match|sld_sbpmg:\gen_sbpmg_pipeline_less_than_two:sm0:15:sm1       ; sld_sbpmg                         ; work         ;
;                      |sld_sbpmg:\gen_sbpmg_pipeline_less_than_two:sm0:1:sm1|                                                            ; 1 (1)               ; 2 (2)                     ; 0                 ; 0          ; 0    ; 0            ; |black_jack|sld_signaltap:auto_signaltap_0|sld_signaltap_impl:sld_signaltap_body|sld_signaltap_implb:sld_signaltap_body|sld_ela_control:ela_control|sld_ela_basic_multi_level_trigger:\basic_multi_level_mbpm_trigger_gen:multi_level_mbpm|sld_mbpmg:\trigger_modules_gen:0:trigger_match|sld_sbpmg:\gen_sbpmg_pipeline_less_than_two:sm0:1:sm1        ; sld_sbpmg                         ; work         ;
;                      |sld_sbpmg:\gen_sbpmg_pipeline_less_than_two:sm0:2:sm1|                                                            ; 1 (1)               ; 2 (2)                     ; 0                 ; 0          ; 0    ; 0            ; |black_jack|sld_signaltap:auto_signaltap_0|sld_signaltap_impl:sld_signaltap_body|sld_signaltap_implb:sld_signaltap_body|sld_ela_control:ela_control|sld_ela_basic_multi_level_trigger:\basic_multi_level_mbpm_trigger_gen:multi_level_mbpm|sld_mbpmg:\trigger_modules_gen:0:trigger_match|sld_sbpmg:\gen_sbpmg_pipeline_less_than_two:sm0:2:sm1        ; sld_sbpmg                         ; work         ;
;                      |sld_sbpmg:\gen_sbpmg_pipeline_less_than_two:sm0:3:sm1|                                                            ; 1 (1)               ; 2 (2)                     ; 0                 ; 0          ; 0    ; 0            ; |black_jack|sld_signaltap:auto_signaltap_0|sld_signaltap_impl:sld_signaltap_body|sld_signaltap_implb:sld_signaltap_body|sld_ela_control:ela_control|sld_ela_basic_multi_level_trigger:\basic_multi_level_mbpm_trigger_gen:multi_level_mbpm|sld_mbpmg:\trigger_modules_gen:0:trigger_match|sld_sbpmg:\gen_sbpmg_pipeline_less_than_two:sm0:3:sm1        ; sld_sbpmg                         ; work         ;
;                      |sld_sbpmg:\gen_sbpmg_pipeline_less_than_two:sm0:4:sm1|                                                            ; 1 (1)               ; 2 (2)                     ; 0                 ; 0          ; 0    ; 0            ; |black_jack|sld_signaltap:auto_signaltap_0|sld_signaltap_impl:sld_signaltap_body|sld_signaltap_implb:sld_signaltap_body|sld_ela_control:ela_control|sld_ela_basic_multi_level_trigger:\basic_multi_level_mbpm_trigger_gen:multi_level_mbpm|sld_mbpmg:\trigger_modules_gen:0:trigger_match|sld_sbpmg:\gen_sbpmg_pipeline_less_than_two:sm0:4:sm1        ; sld_sbpmg                         ; work         ;
;                      |sld_sbpmg:\gen_sbpmg_pipeline_less_than_two:sm0:5:sm1|                                                            ; 1 (1)               ; 2 (2)                     ; 0                 ; 0          ; 0    ; 0            ; |black_jack|sld_signaltap:auto_signaltap_0|sld_signaltap_impl:sld_signaltap_body|sld_signaltap_implb:sld_signaltap_body|sld_ela_control:ela_control|sld_ela_basic_multi_level_trigger:\basic_multi_level_mbpm_trigger_gen:multi_level_mbpm|sld_mbpmg:\trigger_modules_gen:0:trigger_match|sld_sbpmg:\gen_sbpmg_pipeline_less_than_two:sm0:5:sm1        ; sld_sbpmg                         ; work         ;
;                      |sld_sbpmg:\gen_sbpmg_pipeline_less_than_two:sm0:6:sm1|                                                            ; 1 (1)               ; 2 (2)                     ; 0                 ; 0          ; 0    ; 0            ; |black_jack|sld_signaltap:auto_signaltap_0|sld_signaltap_impl:sld_signaltap_body|sld_signaltap_implb:sld_signaltap_body|sld_ela_control:ela_control|sld_ela_basic_multi_level_trigger:\basic_multi_level_mbpm_trigger_gen:multi_level_mbpm|sld_mbpmg:\trigger_modules_gen:0:trigger_match|sld_sbpmg:\gen_sbpmg_pipeline_less_than_two:sm0:6:sm1        ; sld_sbpmg                         ; work         ;
;                      |sld_sbpmg:\gen_sbpmg_pipeline_less_than_two:sm0:7:sm1|                                                            ; 1 (1)               ; 2 (2)                     ; 0                 ; 0          ; 0    ; 0            ; |black_jack|sld_signaltap:auto_signaltap_0|sld_signaltap_impl:sld_signaltap_body|sld_signaltap_implb:sld_signaltap_body|sld_ela_control:ela_control|sld_ela_basic_multi_level_trigger:\basic_multi_level_mbpm_trigger_gen:multi_level_mbpm|sld_mbpmg:\trigger_modules_gen:0:trigger_match|sld_sbpmg:\gen_sbpmg_pipeline_less_than_two:sm0:7:sm1        ; sld_sbpmg                         ; work         ;
;                      |sld_sbpmg:\gen_sbpmg_pipeline_less_than_two:sm0:8:sm1|                                                            ; 1 (1)               ; 2 (2)                     ; 0                 ; 0          ; 0    ; 0            ; |black_jack|sld_signaltap:auto_signaltap_0|sld_signaltap_impl:sld_signaltap_body|sld_signaltap_implb:sld_signaltap_body|sld_ela_control:ela_control|sld_ela_basic_multi_level_trigger:\basic_multi_level_mbpm_trigger_gen:multi_level_mbpm|sld_mbpmg:\trigger_modules_gen:0:trigger_match|sld_sbpmg:\gen_sbpmg_pipeline_less_than_two:sm0:8:sm1        ; sld_sbpmg                         ; work         ;
;                      |sld_sbpmg:\gen_sbpmg_pipeline_less_than_two:sm0:9:sm1|                                                            ; 1 (1)               ; 2 (2)                     ; 0                 ; 0          ; 0    ; 0            ; |black_jack|sld_signaltap:auto_signaltap_0|sld_signaltap_impl:sld_signaltap_body|sld_signaltap_implb:sld_signaltap_body|sld_ela_control:ela_control|sld_ela_basic_multi_level_trigger:\basic_multi_level_mbpm_trigger_gen:multi_level_mbpm|sld_mbpmg:\trigger_modules_gen:0:trigger_match|sld_sbpmg:\gen_sbpmg_pipeline_less_than_two:sm0:9:sm1        ; sld_sbpmg                         ; work         ;
;                |sld_ela_trigger_flow_mgr:\builtin:ela_trigger_flow_mgr_entity|                                                          ; 4 (4)               ; 11 (1)                    ; 0                 ; 0          ; 0    ; 0            ; |black_jack|sld_signaltap:auto_signaltap_0|sld_signaltap_impl:sld_signaltap_body|sld_signaltap_implb:sld_signaltap_body|sld_ela_control:ela_control|sld_ela_trigger_flow_mgr:\builtin:ela_trigger_flow_mgr_entity                                                                                                                                      ; sld_ela_trigger_flow_mgr          ; work         ;
;                   |lpm_shiftreg:trigger_config_deserialize|                                                                             ; 0 (0)               ; 10 (10)                   ; 0                 ; 0          ; 0    ; 0            ; |black_jack|sld_signaltap:auto_signaltap_0|sld_signaltap_impl:sld_signaltap_body|sld_signaltap_implb:sld_signaltap_body|sld_ela_control:ela_control|sld_ela_trigger_flow_mgr:\builtin:ela_trigger_flow_mgr_entity|lpm_shiftreg:trigger_config_deserialize                                                                                              ; lpm_shiftreg                      ; work         ;
;             |sld_offload_buffer_mgr:\stp_non_zero_depth_offload_gen:stp_offload_buff_mgr_inst|                                          ; 36 (11)             ; 73 (0)                    ; 0                 ; 0          ; 0    ; 0            ; |black_jack|sld_signaltap:auto_signaltap_0|sld_signaltap_impl:sld_signaltap_body|sld_signaltap_implb:sld_signaltap_body|sld_offload_buffer_mgr:\stp_non_zero_depth_offload_gen:stp_offload_buff_mgr_inst                                                                                                                                               ; sld_offload_buffer_mgr            ; work         ;
;                |lpm_counter:\adv_point_3_and_more:advance_pointer_counter|                                                              ; 4 (0)               ; 4 (0)                     ; 0                 ; 0          ; 0    ; 0            ; |black_jack|sld_signaltap:auto_signaltap_0|sld_signaltap_impl:sld_signaltap_body|sld_signaltap_implb:sld_signaltap_body|sld_offload_buffer_mgr:\stp_non_zero_depth_offload_gen:stp_offload_buff_mgr_inst|lpm_counter:\adv_point_3_and_more:advance_pointer_counter                                                                                     ; lpm_counter                       ; work         ;
;                   |cntr_19i:auto_generated|                                                                                             ; 4 (4)               ; 4 (4)                     ; 0                 ; 0          ; 0    ; 0            ; |black_jack|sld_signaltap:auto_signaltap_0|sld_signaltap_impl:sld_signaltap_body|sld_signaltap_implb:sld_signaltap_body|sld_offload_buffer_mgr:\stp_non_zero_depth_offload_gen:stp_offload_buff_mgr_inst|lpm_counter:\adv_point_3_and_more:advance_pointer_counter|cntr_19i:auto_generated                                                             ; cntr_19i                          ; work         ;
;                |lpm_counter:read_pointer_counter|                                                                                       ; 9 (0)               ; 9 (0)                     ; 0                 ; 0          ; 0    ; 0            ; |black_jack|sld_signaltap:auto_signaltap_0|sld_signaltap_impl:sld_signaltap_body|sld_signaltap_implb:sld_signaltap_body|sld_offload_buffer_mgr:\stp_non_zero_depth_offload_gen:stp_offload_buff_mgr_inst|lpm_counter:read_pointer_counter                                                                                                              ; lpm_counter                       ; work         ;
;                   |cntr_3vi:auto_generated|                                                                                             ; 9 (9)               ; 9 (9)                     ; 0                 ; 0          ; 0    ; 0            ; |black_jack|sld_signaltap:auto_signaltap_0|sld_signaltap_impl:sld_signaltap_body|sld_signaltap_implb:sld_signaltap_body|sld_offload_buffer_mgr:\stp_non_zero_depth_offload_gen:stp_offload_buff_mgr_inst|lpm_counter:read_pointer_counter|cntr_3vi:auto_generated                                                                                      ; cntr_3vi                          ; work         ;
;                |lpm_counter:status_advance_pointer_counter|                                                                             ; 7 (0)               ; 5 (0)                     ; 0                 ; 0          ; 0    ; 0            ; |black_jack|sld_signaltap:auto_signaltap_0|sld_signaltap_impl:sld_signaltap_body|sld_signaltap_implb:sld_signaltap_body|sld_offload_buffer_mgr:\stp_non_zero_depth_offload_gen:stp_offload_buff_mgr_inst|lpm_counter:status_advance_pointer_counter                                                                                                    ; lpm_counter                       ; work         ;
;                   |cntr_59i:auto_generated|                                                                                             ; 7 (7)               ; 5 (5)                     ; 0                 ; 0          ; 0    ; 0            ; |black_jack|sld_signaltap:auto_signaltap_0|sld_signaltap_impl:sld_signaltap_body|sld_signaltap_implb:sld_signaltap_body|sld_offload_buffer_mgr:\stp_non_zero_depth_offload_gen:stp_offload_buff_mgr_inst|lpm_counter:status_advance_pointer_counter|cntr_59i:auto_generated                                                                            ; cntr_59i                          ; work         ;
;                |lpm_counter:status_read_pointer_counter|                                                                                ; 3 (0)               ; 1 (0)                     ; 0                 ; 0          ; 0    ; 0            ; |black_jack|sld_signaltap:auto_signaltap_0|sld_signaltap_impl:sld_signaltap_body|sld_signaltap_implb:sld_signaltap_body|sld_offload_buffer_mgr:\stp_non_zero_depth_offload_gen:stp_offload_buff_mgr_inst|lpm_counter:status_read_pointer_counter                                                                                                       ; lpm_counter                       ; work         ;
;                   |cntr_kri:auto_generated|                                                                                             ; 3 (3)               ; 1 (1)                     ; 0                 ; 0          ; 0    ; 0            ; |black_jack|sld_signaltap:auto_signaltap_0|sld_signaltap_impl:sld_signaltap_body|sld_signaltap_implb:sld_signaltap_body|sld_offload_buffer_mgr:\stp_non_zero_depth_offload_gen:stp_offload_buff_mgr_inst|lpm_counter:status_read_pointer_counter|cntr_kri:auto_generated                                                                               ; cntr_kri                          ; work         ;
;                |lpm_shiftreg:info_data_shift_out|                                                                                       ; 0 (0)               ; 19 (19)                   ; 0                 ; 0          ; 0    ; 0            ; |black_jack|sld_signaltap:auto_signaltap_0|sld_signaltap_impl:sld_signaltap_body|sld_signaltap_implb:sld_signaltap_body|sld_offload_buffer_mgr:\stp_non_zero_depth_offload_gen:stp_offload_buff_mgr_inst|lpm_shiftreg:info_data_shift_out                                                                                                              ; lpm_shiftreg                      ; work         ;
;                |lpm_shiftreg:ram_data_shift_out|                                                                                        ; 1 (1)               ; 16 (16)                   ; 0                 ; 0          ; 0    ; 0            ; |black_jack|sld_signaltap:auto_signaltap_0|sld_signaltap_impl:sld_signaltap_body|sld_signaltap_implb:sld_signaltap_body|sld_offload_buffer_mgr:\stp_non_zero_depth_offload_gen:stp_offload_buff_mgr_inst|lpm_shiftreg:ram_data_shift_out                                                                                                               ; lpm_shiftreg                      ; work         ;
;                |lpm_shiftreg:status_data_shift_out|                                                                                     ; 1 (1)               ; 19 (19)                   ; 0                 ; 0          ; 0    ; 0            ; |black_jack|sld_signaltap:auto_signaltap_0|sld_signaltap_impl:sld_signaltap_body|sld_signaltap_implb:sld_signaltap_body|sld_offload_buffer_mgr:\stp_non_zero_depth_offload_gen:stp_offload_buff_mgr_inst|lpm_shiftreg:status_data_shift_out                                                                                                            ; lpm_shiftreg                      ; work         ;
;             |sld_rom_sr:crc_rom_sr|                                                                                                     ; 20 (20)             ; 8 (8)                     ; 0                 ; 0          ; 0    ; 0            ; |black_jack|sld_signaltap:auto_signaltap_0|sld_signaltap_impl:sld_signaltap_body|sld_signaltap_implb:sld_signaltap_body|sld_rom_sr:crc_rom_sr                                                                                                                                                                                                          ; sld_rom_sr                        ; work         ;
;    |vga_frame_driver:my_frame_driver|                                                                                                   ; 313 (227)           ; 88 (61)                   ; 2359296           ; 0          ; 0    ; 0            ; |black_jack|vga_frame_driver:my_frame_driver                                                                                                                                                                                                                                                                                                           ; vga_frame_driver                  ; work         ;
;       |vga_driver:the_vga|                                                                                                              ; 38 (38)             ; 21 (21)                   ; 0                 ; 0          ; 0    ; 0            ; |black_jack|vga_frame_driver:my_frame_driver|vga_driver:the_vga                                                                                                                                                                                                                                                                                        ; vga_driver                        ; work         ;
;       |vga_frame:the_vga_draw_frame|                                                                                                    ; 32 (0)              ; 2 (0)                     ; 786432            ; 0          ; 0    ; 0            ; |black_jack|vga_frame_driver:my_frame_driver|vga_frame:the_vga_draw_frame                                                                                                                                                                                                                                                                              ; vga_frame                         ; work         ;
;          |altsyncram:altsyncram_component|                                                                                              ; 32 (0)              ; 2 (0)                     ; 786432            ; 0          ; 0    ; 0            ; |black_jack|vga_frame_driver:my_frame_driver|vga_frame:the_vga_draw_frame|altsyncram:altsyncram_component                                                                                                                                                                                                                                              ; altsyncram                        ; work         ;
;             |altsyncram_5kp1:auto_generated|                                                                                            ; 32 (0)              ; 2 (2)                     ; 786432            ; 0          ; 0    ; 0            ; |black_jack|vga_frame_driver:my_frame_driver|vga_frame:the_vga_draw_frame|altsyncram:altsyncram_component|altsyncram_5kp1:auto_generated                                                                                                                                                                                                               ; altsyncram_5kp1                   ; work         ;
;                |decode_11a:rden_decode|                                                                                                 ; 4 (4)               ; 0 (0)                     ; 0                 ; 0          ; 0    ; 0            ; |black_jack|vga_frame_driver:my_frame_driver|vga_frame:the_vga_draw_frame|altsyncram:altsyncram_component|altsyncram_5kp1:auto_generated|decode_11a:rden_decode                                                                                                                                                                                        ; decode_11a                        ; work         ;
;                |decode_8la:decode3|                                                                                                     ; 4 (4)               ; 0 (0)                     ; 0                 ; 0          ; 0    ; 0            ; |black_jack|vga_frame_driver:my_frame_driver|vga_frame:the_vga_draw_frame|altsyncram:altsyncram_component|altsyncram_5kp1:auto_generated|decode_8la:decode3                                                                                                                                                                                            ; decode_8la                        ; work         ;
;                |mux_6hb:mux2|                                                                                                           ; 24 (24)             ; 0 (0)                     ; 0                 ; 0          ; 0    ; 0            ; |black_jack|vga_frame_driver:my_frame_driver|vga_frame:the_vga_draw_frame|altsyncram:altsyncram_component|altsyncram_5kp1:auto_generated|mux_6hb:mux2                                                                                                                                                                                                  ; mux_6hb                           ; work         ;
;       |vga_frame:vga_memory0|                                                                                                           ; 8 (0)               ; 2 (0)                     ; 786432            ; 0          ; 0    ; 0            ; |black_jack|vga_frame_driver:my_frame_driver|vga_frame:vga_memory0                                                                                                                                                                                                                                                                                     ; vga_frame                         ; work         ;
;          |altsyncram:altsyncram_component|                                                                                              ; 8 (0)               ; 2 (0)                     ; 786432            ; 0          ; 0    ; 0            ; |black_jack|vga_frame_driver:my_frame_driver|vga_frame:vga_memory0|altsyncram:altsyncram_component                                                                                                                                                                                                                                                     ; altsyncram                        ; work         ;
;             |altsyncram_5kp1:auto_generated|                                                                                            ; 8 (0)               ; 2 (2)                     ; 786432            ; 0          ; 0    ; 0            ; |black_jack|vga_frame_driver:my_frame_driver|vga_frame:vga_memory0|altsyncram:altsyncram_component|altsyncram_5kp1:auto_generated                                                                                                                                                                                                                      ; altsyncram_5kp1                   ; work         ;
;                |decode_11a:rden_decode|                                                                                                 ; 4 (4)               ; 0 (0)                     ; 0                 ; 0          ; 0    ; 0            ; |black_jack|vga_frame_driver:my_frame_driver|vga_frame:vga_memory0|altsyncram:altsyncram_component|altsyncram_5kp1:auto_generated|decode_11a:rden_decode                                                                                                                                                                                               ; decode_11a                        ; work         ;
;                |decode_8la:decode3|                                                                                                     ; 4 (4)               ; 0 (0)                     ; 0                 ; 0          ; 0    ; 0            ; |black_jack|vga_frame_driver:my_frame_driver|vga_frame:vga_memory0|altsyncram:altsyncram_component|altsyncram_5kp1:auto_generated|decode_8la:decode3                                                                                                                                                                                                   ; decode_8la                        ; work         ;
;       |vga_frame:vga_memory1|                                                                                                           ; 8 (0)               ; 2 (0)                     ; 786432            ; 0          ; 0    ; 0            ; |black_jack|vga_frame_driver:my_frame_driver|vga_frame:vga_memory1                                                                                                                                                                                                                                                                                     ; vga_frame                         ; work         ;
;          |altsyncram:altsyncram_component|                                                                                              ; 8 (0)               ; 2 (0)                     ; 786432            ; 0          ; 0    ; 0            ; |black_jack|vga_frame_driver:my_frame_driver|vga_frame:vga_memory1|altsyncram:altsyncram_component                                                                                                                                                                                                                                                     ; altsyncram                        ; work         ;
;             |altsyncram_5kp1:auto_generated|                                                                                            ; 8 (0)               ; 2 (2)                     ; 786432            ; 0          ; 0    ; 0            ; |black_jack|vga_frame_driver:my_frame_driver|vga_frame:vga_memory1|altsyncram:altsyncram_component|altsyncram_5kp1:auto_generated                                                                                                                                                                                                                      ; altsyncram_5kp1                   ; work         ;
;                |decode_11a:rden_decode|                                                                                                 ; 4 (4)               ; 0 (0)                     ; 0                 ; 0          ; 0    ; 0            ; |black_jack|vga_frame_driver:my_frame_driver|vga_frame:vga_memory1|altsyncram:altsyncram_component|altsyncram_5kp1:auto_generated|decode_11a:rden_decode                                                                                                                                                                                               ; decode_11a                        ; work         ;
;                |decode_8la:decode3|                                                                                                     ; 4 (4)               ; 0 (0)                     ; 0                 ; 0          ; 0    ; 0            ; |black_jack|vga_frame_driver:my_frame_driver|vga_frame:vga_memory1|altsyncram:altsyncram_component|altsyncram_5kp1:auto_generated|decode_8la:decode3                                                                                                                                                                                                   ; decode_8la                        ; work         ;
+-----------------------------------------------------------------------------------------------------------------------------------------+---------------------+---------------------------+-------------------+------------+------+--------------+--------------------------------------------------------------------------------------------------------------------------------------------------------------------------------------------------------------------------------------------------------------------------------------------------------------------------------------------------------+-----------------------------------+--------------+
Note: For table entries with two numbers listed, the numbers in parentheses indicate the number of resources of the given type used by the specific entity alone. The numbers listed outside of parentheses indicate the total resources of the given type used by the specific entity and all of its sub-entities in the hierarchy.


+-----------------------------------------------------------------------------------------------------------------------------------------------------------------------------------------------------------------------------------------------------------------------------------------------------------------------------+
; Analysis & Synthesis RAM Summary                                                                                                                                                                                                                                                                                            ;
+-------------------------------------------------------------------------------------------------------------------------------------------------------------------------------------------------------+------+------------------+--------------+--------------+--------------+--------------+--------+----------------------+
; Name                                                                                                                                                                                                  ; Type ; Mode             ; Port A Depth ; Port A Width ; Port B Depth ; Port B Width ; Size   ; MIF                  ;
+-------------------------------------------------------------------------------------------------------------------------------------------------------------------------------------------------------+------+------------------+--------------+--------------+--------------+--------------+--------+----------------------+
; card_controller:card1_controller|playing_card:card1|altsyncram:altsyncram_component|altsyncram_qng1:auto_generated|ALTSYNCRAM                                                                         ; AUTO ; ROM              ; 285          ; 24           ; --           ; --           ; 6840   ; ../card_asset.mif    ;
; sld_signaltap:auto_signaltap_0|sld_signaltap_impl:sld_signaltap_body|sld_signaltap_implb:sld_signaltap_body|altsyncram:\stp_non_zero_ram_gen:stp_buffer_ram|altsyncram_jb84:auto_generated|ALTSYNCRAM ; AUTO ; Simple Dual Port ; 512          ; 16           ; 512          ; 16           ; 8192   ; None                 ;
; vga_frame_driver:my_frame_driver|vga_frame:the_vga_draw_frame|altsyncram:altsyncram_component|altsyncram_5kp1:auto_generated|ALTSYNCRAM                                                               ; AUTO ; Single Port      ; 32768        ; 24           ; --           ; --           ; 786432 ; table_background.mif ;
; vga_frame_driver:my_frame_driver|vga_frame:vga_memory0|altsyncram:altsyncram_component|altsyncram_5kp1:auto_generated|ALTSYNCRAM                                                                      ; AUTO ; Single Port      ; 32768        ; 24           ; --           ; --           ; 786432 ; table_background.mif ;
; vga_frame_driver:my_frame_driver|vga_frame:vga_memory1|altsyncram:altsyncram_component|altsyncram_5kp1:auto_generated|ALTSYNCRAM                                                                      ; AUTO ; Single Port      ; 32768        ; 24           ; --           ; --           ; 786432 ; table_background.mif ;
+-------------------------------------------------------------------------------------------------------------------------------------------------------------------------------------------------------+------+------------------+--------------+--------------+--------------+--------------+--------+----------------------+


+-----------------------------------------------+
; Analysis & Synthesis DSP Block Usage Summary  ;
+---------------------------------+-------------+
; Statistic                       ; Number Used ;
+---------------------------------+-------------+
; Independent 18x18 plus 36       ; 1           ;
; Total number of DSP blocks      ; 1           ;
;                                 ;             ;
; Fixed Point Unsigned Multiplier ; 1           ;
+---------------------------------+-------------+


+-------------------------------------------------------------------------------------------------------------------------------------------------------------------------------------------------------------------------------------------------------------------------------------------------------------------------------------------------------------------+
; Analysis & Synthesis IP Cores Summary                                                                                                                                                                                                                                                                                                                             ;
+--------+--------------+---------+--------------+--------------+---------------------------------------------------------------------------------------------------------------------------------------------------------------------------------------------------------------------------------------------------------------------------------+-----------------+
; Vendor ; IP Core Name ; Version ; Release Date ; License Type ; Entity Instance                                                                                                                                                                                                                                                                 ; IP Include File ;
+--------+--------------+---------+--------------+--------------+---------------------------------------------------------------------------------------------------------------------------------------------------------------------------------------------------------------------------------------------------------------------------------+-----------------+
; Altera ; Signal Tap   ; N/A     ; N/A          ; Licensed     ; |black_jack|sld_hub:auto_hub|alt_sld_fab_with_jtag_input:\instrumentation_fabric_with_node_gen:fabric_gen_new_way:with_jtag_input_gen:instrumentation_fabric|alt_sld_fab:instrumentation_fabric                                                                                 ;                 ;
; Altera ; Signal Tap   ; N/A     ; N/A          ; Licensed     ; |black_jack|sld_hub:auto_hub|alt_sld_fab_with_jtag_input:\instrumentation_fabric_with_node_gen:fabric_gen_new_way:with_jtag_input_gen:instrumentation_fabric|alt_sld_fab:instrumentation_fabric|alt_sld_fab_alt_sld_fab:alt_sld_fab                                             ;                 ;
; Altera ; Signal Tap   ; N/A     ; N/A          ; Licensed     ; |black_jack|sld_hub:auto_hub|alt_sld_fab_with_jtag_input:\instrumentation_fabric_with_node_gen:fabric_gen_new_way:with_jtag_input_gen:instrumentation_fabric|alt_sld_fab:instrumentation_fabric|alt_sld_fab_alt_sld_fab:alt_sld_fab|alt_sld_fab_alt_sld_fab_presplit:presplit   ;                 ;
; Altera ; Signal Tap   ; N/A     ; N/A          ; Licensed     ; |black_jack|sld_hub:auto_hub|alt_sld_fab_with_jtag_input:\instrumentation_fabric_with_node_gen:fabric_gen_new_way:with_jtag_input_gen:instrumentation_fabric|alt_sld_fab:instrumentation_fabric|alt_sld_fab_alt_sld_fab:alt_sld_fab|alt_sld_fab_alt_sld_fab_sldfabric:sldfabric ;                 ;
; Altera ; Signal Tap   ; N/A     ; N/A          ; Licensed     ; |black_jack|sld_hub:auto_hub|alt_sld_fab_with_jtag_input:\instrumentation_fabric_with_node_gen:fabric_gen_new_way:with_jtag_input_gen:instrumentation_fabric|alt_sld_fab:instrumentation_fabric|alt_sld_fab_alt_sld_fab:alt_sld_fab|alt_sld_fab_alt_sld_fab_splitter:splitter   ;                 ;
; Altera ; ROM: 1-PORT  ; 23.1    ; N/A          ; N/A          ; |black_jack|card_controller:card1_controller|playing_card:card1                                                                                                                                                                                                                 ; playing_card.v  ;
; Altera ; RAM: 1-PORT  ; 23.1    ; N/A          ; N/A          ; |black_jack|vga_frame_driver:my_frame_driver|vga_frame:the_vga_draw_frame                                                                                                                                                                                                       ; vga_frame.v     ;
; Altera ; RAM: 1-PORT  ; 23.1    ; N/A          ; N/A          ; |black_jack|vga_frame_driver:my_frame_driver|vga_frame:vga_memory0                                                                                                                                                                                                              ; vga_frame.v     ;
; Altera ; RAM: 1-PORT  ; 23.1    ; N/A          ; N/A          ; |black_jack|vga_frame_driver:my_frame_driver|vga_frame:vga_memory1                                                                                                                                                                                                              ; vga_frame.v     ;
+--------+--------------+---------+--------------+--------------+---------------------------------------------------------------------------------------------------------------------------------------------------------------------------------------------------------------------------------------------------------------------------------+-----------------+


Encoding Type:  One-Hot
+-------------------------------------------------------------------------------------------------------------+
; State Machine - |black_jack|vga_frame_driver:my_frame_driver|wr_id                                          ;
+----------------------------+----------------------+----------------------------+----------------------------+
; Name                       ; wr_id.MEM_INIT_WRITE ; wr_id.MEM_M0_WRITE_M1_READ ; wr_id.MEM_M0_READ_M1_WRITE ;
+----------------------------+----------------------+----------------------------+----------------------------+
; wr_id.MEM_INIT_WRITE       ; 0                    ; 0                          ; 0                          ;
; wr_id.MEM_M0_READ_M1_WRITE ; 1                    ; 0                          ; 1                          ;
; wr_id.MEM_M0_WRITE_M1_READ ; 1                    ; 1                          ; 0                          ;
+----------------------------+----------------------+----------------------------+----------------------------+


Encoding Type:  One-Hot
+--------------------------------------------------------------------------------------------------------+
; State Machine - |black_jack|vga_frame_driver:my_frame_driver|S                                         ;
+------------------+---------------+-----------------+------------------+------------+---------+---------+
; Name             ; S.RFM_DRAWING ; S.RFM_INIT_WAIT ; S.RFM_INIT_START ; S.W2M_DONE ; S.ERROR ; S.START ;
+------------------+---------------+-----------------+------------------+------------+---------+---------+
; S.START          ; 0             ; 0               ; 0                ; 0          ; 0       ; 0       ;
; S.W2M_DONE       ; 0             ; 0               ; 0                ; 1          ; 0       ; 1       ;
; S.RFM_INIT_START ; 0             ; 0               ; 1                ; 0          ; 0       ; 1       ;
; S.RFM_INIT_WAIT  ; 0             ; 1               ; 0                ; 0          ; 0       ; 1       ;
; S.RFM_DRAWING    ; 1             ; 0               ; 0                ; 0          ; 0       ; 1       ;
; S.ERROR          ; 0             ; 0               ; 0                ; 0          ; 1       ; 1       ;
+------------------+---------------+-----------------+------------------+------------+---------+---------+


Encoding Type:  One-Hot
+------------------------------------------------------------------------------------------------------+
; State Machine - |black_jack|card_controller:card1_controller|S                                       ;
+---------------+--------+-------------+---------------+-------------+--------------+--------+---------+
; Name          ; S.DONE ; S.INCREMENT ; S.WRITE_PIXEL ; S.CALC_ADDR ; S.FETCH_WAIT ; S.IDLE ; S.START ;
+---------------+--------+-------------+---------------+-------------+--------------+--------+---------+
; S.START       ; 0      ; 0           ; 0             ; 0           ; 0            ; 0      ; 0       ;
; S.IDLE        ; 0      ; 0           ; 0             ; 0           ; 0            ; 1      ; 1       ;
; S.FETCH_WAIT  ; 0      ; 0           ; 0             ; 0           ; 1            ; 0      ; 1       ;
; S.CALC_ADDR   ; 0      ; 0           ; 0             ; 1           ; 0            ; 0      ; 1       ;
; S.WRITE_PIXEL ; 0      ; 0           ; 1             ; 0           ; 0            ; 0      ; 1       ;
; S.INCREMENT   ; 0      ; 1           ; 0             ; 0           ; 0            ; 0      ; 1       ;
; S.DONE        ; 1      ; 0           ; 0             ; 0           ; 0            ; 0      ; 1       ;
+---------------+--------+-------------+---------------+-------------+--------------+--------+---------+


Encoding Type:  One-Hot
+--------------------------------------------------------------------------------+
; State Machine - |black_jack|debounce_switches:db|debounce:db19|S               ;
+--------------+---------+--------------+--------+-------------+-------+---------+
; Name         ; S.ERROR ; S.MAYBE_ZERO ; S.ZERO ; S.MAYBE_ONE ; S.ONE ; S.START ;
+--------------+---------+--------------+--------+-------------+-------+---------+
; S.START      ; 0       ; 0            ; 0      ; 0           ; 0     ; 0       ;
; S.ONE        ; 0       ; 0            ; 0      ; 0           ; 1     ; 1       ;
; S.MAYBE_ONE  ; 0       ; 0            ; 0      ; 1           ; 0     ; 1       ;
; S.ZERO       ; 0       ; 0            ; 1      ; 0           ; 0     ; 1       ;
; S.MAYBE_ZERO ; 0       ; 1            ; 0      ; 0           ; 0     ; 1       ;
; S.ERROR      ; 1       ; 0            ; 0      ; 0           ; 0     ; 1       ;
+--------------+---------+--------------+--------+-------------+-------+---------+


Encoding Type:  One-Hot
+--------------------------------------------------------------------------------+
; State Machine - |black_jack|debounce_switches:db|debounce:db18|S               ;
+--------------+---------+--------------+--------+-------------+-------+---------+
; Name         ; S.ERROR ; S.MAYBE_ZERO ; S.ZERO ; S.MAYBE_ONE ; S.ONE ; S.START ;
+--------------+---------+--------------+--------+-------------+-------+---------+
; S.START      ; 0       ; 0            ; 0      ; 0           ; 0     ; 0       ;
; S.ONE        ; 0       ; 0            ; 0      ; 0           ; 1     ; 1       ;
; S.MAYBE_ONE  ; 0       ; 0            ; 0      ; 1           ; 0     ; 1       ;
; S.ZERO       ; 0       ; 0            ; 1      ; 0           ; 0     ; 1       ;
; S.MAYBE_ZERO ; 0       ; 1            ; 0      ; 0           ; 0     ; 1       ;
; S.ERROR      ; 1       ; 0            ; 0      ; 0           ; 0     ; 1       ;
+--------------+---------+--------------+--------+-------------+-------+---------+


Encoding Type:  One-Hot
+--------------------------------------------------------------------------------+
; State Machine - |black_jack|debounce_switches:db|debounce:db17|S               ;
+--------------+---------+--------------+--------+-------------+-------+---------+
; Name         ; S.ERROR ; S.MAYBE_ZERO ; S.ZERO ; S.MAYBE_ONE ; S.ONE ; S.START ;
+--------------+---------+--------------+--------+-------------+-------+---------+
; S.START      ; 0       ; 0            ; 0      ; 0           ; 0     ; 0       ;
; S.ONE        ; 0       ; 0            ; 0      ; 0           ; 1     ; 1       ;
; S.MAYBE_ONE  ; 0       ; 0            ; 0      ; 1           ; 0     ; 1       ;
; S.ZERO       ; 0       ; 0            ; 1      ; 0           ; 0     ; 1       ;
; S.MAYBE_ZERO ; 0       ; 1            ; 0      ; 0           ; 0     ; 1       ;
; S.ERROR      ; 1       ; 0            ; 0      ; 0           ; 0     ; 1       ;
+--------------+---------+--------------+--------+-------------+-------+---------+


Encoding Type:  One-Hot
+--------------------------------------------------------------------------------+
; State Machine - |black_jack|debounce_switches:db|debounce:db16|S               ;
+--------------+---------+--------------+--------+-------------+-------+---------+
; Name         ; S.ERROR ; S.MAYBE_ZERO ; S.ZERO ; S.MAYBE_ONE ; S.ONE ; S.START ;
+--------------+---------+--------------+--------+-------------+-------+---------+
; S.START      ; 0       ; 0            ; 0      ; 0           ; 0     ; 0       ;
; S.ONE        ; 0       ; 0            ; 0      ; 0           ; 1     ; 1       ;
; S.MAYBE_ONE  ; 0       ; 0            ; 0      ; 1           ; 0     ; 1       ;
; S.ZERO       ; 0       ; 0            ; 1      ; 0           ; 0     ; 1       ;
; S.MAYBE_ZERO ; 0       ; 1            ; 0      ; 0           ; 0     ; 1       ;
; S.ERROR      ; 1       ; 0            ; 0      ; 0           ; 0     ; 1       ;
+--------------+---------+--------------+--------+-------------+-------+---------+


Encoding Type:  One-Hot
+--------------------------------------------------------------------------------+
; State Machine - |black_jack|debounce_switches:db|debounce:db15|S               ;
+--------------+---------+--------------+--------+-------------+-------+---------+
; Name         ; S.ERROR ; S.MAYBE_ZERO ; S.ZERO ; S.MAYBE_ONE ; S.ONE ; S.START ;
+--------------+---------+--------------+--------+-------------+-------+---------+
; S.START      ; 0       ; 0            ; 0      ; 0           ; 0     ; 0       ;
; S.ONE        ; 0       ; 0            ; 0      ; 0           ; 1     ; 1       ;
; S.MAYBE_ONE  ; 0       ; 0            ; 0      ; 1           ; 0     ; 1       ;
; S.ZERO       ; 0       ; 0            ; 1      ; 0           ; 0     ; 1       ;
; S.MAYBE_ZERO ; 0       ; 1            ; 0      ; 0           ; 0     ; 1       ;
; S.ERROR      ; 1       ; 0            ; 0      ; 0           ; 0     ; 1       ;
+--------------+---------+--------------+--------+-------------+-------+---------+


Encoding Type:  One-Hot
+--------------------------------------------------------------------------------+
; State Machine - |black_jack|debounce_switches:db|debounce:db14|S               ;
+--------------+---------+--------------+--------+-------------+-------+---------+
; Name         ; S.ERROR ; S.MAYBE_ZERO ; S.ZERO ; S.MAYBE_ONE ; S.ONE ; S.START ;
+--------------+---------+--------------+--------+-------------+-------+---------+
; S.START      ; 0       ; 0            ; 0      ; 0           ; 0     ; 0       ;
; S.ONE        ; 0       ; 0            ; 0      ; 0           ; 1     ; 1       ;
; S.MAYBE_ONE  ; 0       ; 0            ; 0      ; 1           ; 0     ; 1       ;
; S.ZERO       ; 0       ; 0            ; 1      ; 0           ; 0     ; 1       ;
; S.MAYBE_ZERO ; 0       ; 1            ; 0      ; 0           ; 0     ; 1       ;
; S.ERROR      ; 1       ; 0            ; 0      ; 0           ; 0     ; 1       ;
+--------------+---------+--------------+--------+-------------+-------+---------+


Encoding Type:  One-Hot
+--------------------------------------------------------------------------------+
; State Machine - |black_jack|debounce_switches:db|debounce:db13|S               ;
+--------------+---------+--------------+--------+-------------+-------+---------+
; Name         ; S.ERROR ; S.MAYBE_ZERO ; S.ZERO ; S.MAYBE_ONE ; S.ONE ; S.START ;
+--------------+---------+--------------+--------+-------------+-------+---------+
; S.START      ; 0       ; 0            ; 0      ; 0           ; 0     ; 0       ;
; S.ONE        ; 0       ; 0            ; 0      ; 0           ; 1     ; 1       ;
; S.MAYBE_ONE  ; 0       ; 0            ; 0      ; 1           ; 0     ; 1       ;
; S.ZERO       ; 0       ; 0            ; 1      ; 0           ; 0     ; 1       ;
; S.MAYBE_ZERO ; 0       ; 1            ; 0      ; 0           ; 0     ; 1       ;
; S.ERROR      ; 1       ; 0            ; 0      ; 0           ; 0     ; 1       ;
+--------------+---------+--------------+--------+-------------+-------+---------+


Encoding Type:  One-Hot
+--------------------------------------------------------------------------------+
; State Machine - |black_jack|debounce_switches:db|debounce:db12|S               ;
+--------------+---------+--------------+--------+-------------+-------+---------+
; Name         ; S.ERROR ; S.MAYBE_ZERO ; S.ZERO ; S.MAYBE_ONE ; S.ONE ; S.START ;
+--------------+---------+--------------+--------+-------------+-------+---------+
; S.START      ; 0       ; 0            ; 0      ; 0           ; 0     ; 0       ;
; S.ONE        ; 0       ; 0            ; 0      ; 0           ; 1     ; 1       ;
; S.MAYBE_ONE  ; 0       ; 0            ; 0      ; 1           ; 0     ; 1       ;
; S.ZERO       ; 0       ; 0            ; 1      ; 0           ; 0     ; 1       ;
; S.MAYBE_ZERO ; 0       ; 1            ; 0      ; 0           ; 0     ; 1       ;
; S.ERROR      ; 1       ; 0            ; 0      ; 0           ; 0     ; 1       ;
+--------------+---------+--------------+--------+-------------+-------+---------+


Encoding Type:  One-Hot
+--------------------------------------------------------------------------------+
; State Machine - |black_jack|debounce_switches:db|debounce:db11|S               ;
+--------------+---------+--------------+--------+-------------+-------+---------+
; Name         ; S.ERROR ; S.MAYBE_ZERO ; S.ZERO ; S.MAYBE_ONE ; S.ONE ; S.START ;
+--------------+---------+--------------+--------+-------------+-------+---------+
; S.START      ; 0       ; 0            ; 0      ; 0           ; 0     ; 0       ;
; S.ONE        ; 0       ; 0            ; 0      ; 0           ; 1     ; 1       ;
; S.MAYBE_ONE  ; 0       ; 0            ; 0      ; 1           ; 0     ; 1       ;
; S.ZERO       ; 0       ; 0            ; 1      ; 0           ; 0     ; 1       ;
; S.MAYBE_ZERO ; 0       ; 1            ; 0      ; 0           ; 0     ; 1       ;
; S.ERROR      ; 1       ; 0            ; 0      ; 0           ; 0     ; 1       ;
+--------------+---------+--------------+--------+-------------+-------+---------+


Encoding Type:  One-Hot
+--------------------------------------------------------------------------------+
; State Machine - |black_jack|debounce_switches:db|debounce:db10|S               ;
+--------------+---------+--------------+--------+-------------+-------+---------+
; Name         ; S.ERROR ; S.MAYBE_ZERO ; S.ZERO ; S.MAYBE_ONE ; S.ONE ; S.START ;
+--------------+---------+--------------+--------+-------------+-------+---------+
; S.START      ; 0       ; 0            ; 0      ; 0           ; 0     ; 0       ;
; S.ONE        ; 0       ; 0            ; 0      ; 0           ; 1     ; 1       ;
; S.MAYBE_ONE  ; 0       ; 0            ; 0      ; 1           ; 0     ; 1       ;
; S.ZERO       ; 0       ; 0            ; 1      ; 0           ; 0     ; 1       ;
; S.MAYBE_ZERO ; 0       ; 1            ; 0      ; 0           ; 0     ; 1       ;
; S.ERROR      ; 1       ; 0            ; 0      ; 0           ; 0     ; 1       ;
+--------------+---------+--------------+--------+-------------+-------+---------+


Encoding Type:  One-Hot
+--------------------------------------------------------------------------------+
; State Machine - |black_jack|debounce_switches:db|debounce:db7|S                ;
+--------------+---------+--------------+--------+-------------+-------+---------+
; Name         ; S.ERROR ; S.MAYBE_ZERO ; S.ZERO ; S.MAYBE_ONE ; S.ONE ; S.START ;
+--------------+---------+--------------+--------+-------------+-------+---------+
; S.START      ; 0       ; 0            ; 0      ; 0           ; 0     ; 0       ;
; S.ONE        ; 0       ; 0            ; 0      ; 0           ; 1     ; 1       ;
; S.MAYBE_ONE  ; 0       ; 0            ; 0      ; 1           ; 0     ; 1       ;
; S.ZERO       ; 0       ; 0            ; 1      ; 0           ; 0     ; 1       ;
; S.MAYBE_ZERO ; 0       ; 1            ; 0      ; 0           ; 0     ; 1       ;
; S.ERROR      ; 1       ; 0            ; 0      ; 0           ; 0     ; 1       ;
+--------------+---------+--------------+--------+-------------+-------+---------+


Encoding Type:  One-Hot
+--------------------------------------------------------------------------------+
; State Machine - |black_jack|debounce_switches:db|debounce:db6|S                ;
+--------------+---------+--------------+--------+-------------+-------+---------+
; Name         ; S.ERROR ; S.MAYBE_ZERO ; S.ZERO ; S.MAYBE_ONE ; S.ONE ; S.START ;
+--------------+---------+--------------+--------+-------------+-------+---------+
; S.START      ; 0       ; 0            ; 0      ; 0           ; 0     ; 0       ;
; S.ONE        ; 0       ; 0            ; 0      ; 0           ; 1     ; 1       ;
; S.MAYBE_ONE  ; 0       ; 0            ; 0      ; 1           ; 0     ; 1       ;
; S.ZERO       ; 0       ; 0            ; 1      ; 0           ; 0     ; 1       ;
; S.MAYBE_ZERO ; 0       ; 1            ; 0      ; 0           ; 0     ; 1       ;
; S.ERROR      ; 1       ; 0            ; 0      ; 0           ; 0     ; 1       ;
+--------------+---------+--------------+--------+-------------+-------+---------+


Encoding Type:  One-Hot
+--------------------------------------------------------------------------------+
; State Machine - |black_jack|debounce_switches:db|debounce:db5|S                ;
+--------------+---------+--------------+--------+-------------+-------+---------+
; Name         ; S.ERROR ; S.MAYBE_ZERO ; S.ZERO ; S.MAYBE_ONE ; S.ONE ; S.START ;
+--------------+---------+--------------+--------+-------------+-------+---------+
; S.START      ; 0       ; 0            ; 0      ; 0           ; 0     ; 0       ;
; S.ONE        ; 0       ; 0            ; 0      ; 0           ; 1     ; 1       ;
; S.MAYBE_ONE  ; 0       ; 0            ; 0      ; 1           ; 0     ; 1       ;
; S.ZERO       ; 0       ; 0            ; 1      ; 0           ; 0     ; 1       ;
; S.MAYBE_ZERO ; 0       ; 1            ; 0      ; 0           ; 0     ; 1       ;
; S.ERROR      ; 1       ; 0            ; 0      ; 0           ; 0     ; 1       ;
+--------------+---------+--------------+--------+-------------+-------+---------+


Encoding Type:  One-Hot
+--------------------------------------------------------------------------------+
; State Machine - |black_jack|debounce_switches:db|debounce:db4|S                ;
+--------------+---------+--------------+--------+-------------+-------+---------+
; Name         ; S.ERROR ; S.MAYBE_ZERO ; S.ZERO ; S.MAYBE_ONE ; S.ONE ; S.START ;
+--------------+---------+--------------+--------+-------------+-------+---------+
; S.START      ; 0       ; 0            ; 0      ; 0           ; 0     ; 0       ;
; S.ONE        ; 0       ; 0            ; 0      ; 0           ; 1     ; 1       ;
; S.MAYBE_ONE  ; 0       ; 0            ; 0      ; 1           ; 0     ; 1       ;
; S.ZERO       ; 0       ; 0            ; 1      ; 0           ; 0     ; 1       ;
; S.MAYBE_ZERO ; 0       ; 1            ; 0      ; 0           ; 0     ; 1       ;
; S.ERROR      ; 1       ; 0            ; 0      ; 0           ; 0     ; 1       ;
+--------------+---------+--------------+--------+-------------+-------+---------+


Encoding Type:  One-Hot
+--------------------------------------------------------------------------------+
; State Machine - |black_jack|debounce_switches:db|debounce:db3|S                ;
+--------------+---------+--------------+--------+-------------+-------+---------+
; Name         ; S.ERROR ; S.MAYBE_ZERO ; S.ZERO ; S.MAYBE_ONE ; S.ONE ; S.START ;
+--------------+---------+--------------+--------+-------------+-------+---------+
; S.START      ; 0       ; 0            ; 0      ; 0           ; 0     ; 0       ;
; S.ONE        ; 0       ; 0            ; 0      ; 0           ; 1     ; 1       ;
; S.MAYBE_ONE  ; 0       ; 0            ; 0      ; 1           ; 0     ; 1       ;
; S.ZERO       ; 0       ; 0            ; 1      ; 0           ; 0     ; 1       ;
; S.MAYBE_ZERO ; 0       ; 1            ; 0      ; 0           ; 0     ; 1       ;
; S.ERROR      ; 1       ; 0            ; 0      ; 0           ; 0     ; 1       ;
+--------------+---------+--------------+--------+-------------+-------+---------+


Encoding Type:  One-Hot
+--------------------------------------------------------------------------------+
; State Machine - |black_jack|debounce_switches:db|debounce:db2|S                ;
+--------------+---------+--------------+--------+-------------+-------+---------+
; Name         ; S.ERROR ; S.MAYBE_ZERO ; S.ZERO ; S.MAYBE_ONE ; S.ONE ; S.START ;
+--------------+---------+--------------+--------+-------------+-------+---------+
; S.START      ; 0       ; 0            ; 0      ; 0           ; 0     ; 0       ;
; S.ONE        ; 0       ; 0            ; 0      ; 0           ; 1     ; 1       ;
; S.MAYBE_ONE  ; 0       ; 0            ; 0      ; 1           ; 0     ; 1       ;
; S.ZERO       ; 0       ; 0            ; 1      ; 0           ; 0     ; 1       ;
; S.MAYBE_ZERO ; 0       ; 1            ; 0      ; 0           ; 0     ; 1       ;
; S.ERROR      ; 1       ; 0            ; 0      ; 0           ; 0     ; 1       ;
+--------------+---------+--------------+--------+-------------+-------+---------+


Encoding Type:  One-Hot
+--------------------------------------------------------------------------------+
; State Machine - |black_jack|debounce_switches:db|debounce:db1|S                ;
+--------------+---------+--------------+--------+-------------+-------+---------+
; Name         ; S.ERROR ; S.MAYBE_ZERO ; S.ZERO ; S.MAYBE_ONE ; S.ONE ; S.START ;
+--------------+---------+--------------+--------+-------------+-------+---------+
; S.START      ; 0       ; 0            ; 0      ; 0           ; 0     ; 0       ;
; S.ONE        ; 0       ; 0            ; 0      ; 0           ; 1     ; 1       ;
; S.MAYBE_ONE  ; 0       ; 0            ; 0      ; 1           ; 0     ; 1       ;
; S.ZERO       ; 0       ; 0            ; 1      ; 0           ; 0     ; 1       ;
; S.MAYBE_ZERO ; 0       ; 1            ; 0      ; 0           ; 0     ; 1       ;
; S.ERROR      ; 1       ; 0            ; 0      ; 0           ; 0     ; 1       ;
+--------------+---------+--------------+--------+-------------+-------+---------+


Encoding Type:  One-Hot
+--------------------------------------------------------------------------------+
; State Machine - |black_jack|debounce_switches:db|debounce:db0|S                ;
+--------------+---------+--------------+--------+-------------+-------+---------+
; Name         ; S.ERROR ; S.MAYBE_ZERO ; S.ZERO ; S.MAYBE_ONE ; S.ONE ; S.START ;
+--------------+---------+--------------+--------+-------------+-------+---------+
; S.START      ; 0       ; 0            ; 0      ; 0           ; 0     ; 0       ;
; S.ONE        ; 0       ; 0            ; 0      ; 0           ; 1     ; 1       ;
; S.MAYBE_ONE  ; 0       ; 0            ; 0      ; 1           ; 0     ; 1       ;
; S.ZERO       ; 0       ; 0            ; 1      ; 0           ; 0     ; 1       ;
; S.MAYBE_ZERO ; 0       ; 1            ; 0      ; 0           ; 0     ; 1       ;
; S.ERROR      ; 1       ; 0            ; 0      ; 0           ; 0     ; 1       ;
+--------------+---------+--------------+--------+-------------+-------+---------+


+--------------------------------------------------------------------------------------------------------------+
; Registers Removed During Synthesis                                                                           ;
+-------------------------------------------------------+------------------------------------------------------+
; Register name                                         ; Reason for Removal                                   ;
+-------------------------------------------------------+------------------------------------------------------+
; debounce_switches:db|debounce:db19|S.MAYBE_ONE        ; Lost fanout                                          ;
; debounce_switches:db|debounce:db18|S.MAYBE_ONE        ; Lost fanout                                          ;
; debounce_switches:db|debounce:db17|S.MAYBE_ONE        ; Lost fanout                                          ;
; debounce_switches:db|debounce:db16|S.MAYBE_ONE        ; Lost fanout                                          ;
; debounce_switches:db|debounce:db15|S.MAYBE_ONE        ; Lost fanout                                          ;
; debounce_switches:db|debounce:db14|S.MAYBE_ONE        ; Lost fanout                                          ;
; debounce_switches:db|debounce:db13|S.MAYBE_ONE        ; Lost fanout                                          ;
; debounce_switches:db|debounce:db12|S.MAYBE_ONE        ; Lost fanout                                          ;
; debounce_switches:db|debounce:db19|S.START            ; Lost fanout                                          ;
; debounce_switches:db|debounce:db19|S.ZERO             ; Lost fanout                                          ;
; debounce_switches:db|debounce:db18|S.START            ; Lost fanout                                          ;
; debounce_switches:db|debounce:db18|S.ZERO             ; Lost fanout                                          ;
; debounce_switches:db|debounce:db17|S.START            ; Lost fanout                                          ;
; debounce_switches:db|debounce:db17|S.ZERO             ; Lost fanout                                          ;
; debounce_switches:db|debounce:db16|S.START            ; Lost fanout                                          ;
; debounce_switches:db|debounce:db16|S.ZERO             ; Lost fanout                                          ;
; debounce_switches:db|debounce:db15|S.START            ; Lost fanout                                          ;
; debounce_switches:db|debounce:db15|S.ZERO             ; Lost fanout                                          ;
; debounce_switches:db|debounce:db14|S.START            ; Lost fanout                                          ;
; debounce_switches:db|debounce:db14|S.ZERO             ; Lost fanout                                          ;
; debounce_switches:db|debounce:db13|S.START            ; Lost fanout                                          ;
; debounce_switches:db|debounce:db13|S.ZERO             ; Lost fanout                                          ;
; debounce_switches:db|debounce:db12|S.START            ; Lost fanout                                          ;
; debounce_switches:db|debounce:db12|S.ZERO             ; Lost fanout                                          ;
; vga_frame_driver:my_frame_driver|S~4                  ; Lost fanout                                          ;
; vga_frame_driver:my_frame_driver|S~5                  ; Lost fanout                                          ;
; vga_frame_driver:my_frame_driver|S~8                  ; Lost fanout                                          ;
; vga_frame_driver:my_frame_driver|S~9                  ; Lost fanout                                          ;
; vga_frame_driver:my_frame_driver|S~10                 ; Lost fanout                                          ;
; vga_frame_driver:my_frame_driver|S~11                 ; Lost fanout                                          ;
; card_controller:card1_controller|S~4                  ; Lost fanout                                          ;
; card_controller:card1_controller|S~5                  ; Lost fanout                                          ;
; card_controller:card1_controller|S~6                  ; Lost fanout                                          ;
; card_controller:card1_controller|S~7                  ; Lost fanout                                          ;
; debounce_switches:db|debounce:db19|S~4                ; Lost fanout                                          ;
; debounce_switches:db|debounce:db19|S~5                ; Lost fanout                                          ;
; debounce_switches:db|debounce:db19|S~6                ; Lost fanout                                          ;
; debounce_switches:db|debounce:db18|S~4                ; Lost fanout                                          ;
; debounce_switches:db|debounce:db18|S~5                ; Lost fanout                                          ;
; debounce_switches:db|debounce:db18|S~6                ; Lost fanout                                          ;
; debounce_switches:db|debounce:db17|S~4                ; Lost fanout                                          ;
; debounce_switches:db|debounce:db17|S~5                ; Lost fanout                                          ;
; debounce_switches:db|debounce:db17|S~6                ; Lost fanout                                          ;
; debounce_switches:db|debounce:db16|S~4                ; Lost fanout                                          ;
; debounce_switches:db|debounce:db16|S~5                ; Lost fanout                                          ;
; debounce_switches:db|debounce:db16|S~6                ; Lost fanout                                          ;
; debounce_switches:db|debounce:db15|S~4                ; Lost fanout                                          ;
; debounce_switches:db|debounce:db15|S~5                ; Lost fanout                                          ;
; debounce_switches:db|debounce:db15|S~6                ; Lost fanout                                          ;
; debounce_switches:db|debounce:db14|S~4                ; Lost fanout                                          ;
; debounce_switches:db|debounce:db14|S~5                ; Lost fanout                                          ;
; debounce_switches:db|debounce:db14|S~6                ; Lost fanout                                          ;
; debounce_switches:db|debounce:db13|S~4                ; Lost fanout                                          ;
; debounce_switches:db|debounce:db13|S~5                ; Lost fanout                                          ;
; debounce_switches:db|debounce:db13|S~6                ; Lost fanout                                          ;
; debounce_switches:db|debounce:db12|S~4                ; Lost fanout                                          ;
; debounce_switches:db|debounce:db12|S~5                ; Lost fanout                                          ;
; debounce_switches:db|debounce:db12|S~6                ; Lost fanout                                          ;
; debounce_switches:db|debounce:db11|S~4                ; Lost fanout                                          ;
; debounce_switches:db|debounce:db11|S~5                ; Lost fanout                                          ;
; debounce_switches:db|debounce:db11|S~6                ; Lost fanout                                          ;
; debounce_switches:db|debounce:db10|S~4                ; Lost fanout                                          ;
; debounce_switches:db|debounce:db10|S~5                ; Lost fanout                                          ;
; debounce_switches:db|debounce:db10|S~6                ; Lost fanout                                          ;
; debounce_switches:db|debounce:db7|S~4                 ; Lost fanout                                          ;
; debounce_switches:db|debounce:db7|S~5                 ; Lost fanout                                          ;
; debounce_switches:db|debounce:db7|S~6                 ; Lost fanout                                          ;
; debounce_switches:db|debounce:db6|S~4                 ; Lost fanout                                          ;
; debounce_switches:db|debounce:db6|S~5                 ; Lost fanout                                          ;
; debounce_switches:db|debounce:db6|S~6                 ; Lost fanout                                          ;
; debounce_switches:db|debounce:db5|S~4                 ; Lost fanout                                          ;
; debounce_switches:db|debounce:db5|S~5                 ; Lost fanout                                          ;
; debounce_switches:db|debounce:db5|S~6                 ; Lost fanout                                          ;
; debounce_switches:db|debounce:db4|S~4                 ; Lost fanout                                          ;
; debounce_switches:db|debounce:db4|S~5                 ; Lost fanout                                          ;
; debounce_switches:db|debounce:db4|S~6                 ; Lost fanout                                          ;
; debounce_switches:db|debounce:db3|S~4                 ; Lost fanout                                          ;
; debounce_switches:db|debounce:db3|S~5                 ; Lost fanout                                          ;
; debounce_switches:db|debounce:db3|S~6                 ; Lost fanout                                          ;
; debounce_switches:db|debounce:db2|S~4                 ; Lost fanout                                          ;
; debounce_switches:db|debounce:db2|S~5                 ; Lost fanout                                          ;
; debounce_switches:db|debounce:db2|S~6                 ; Lost fanout                                          ;
; debounce_switches:db|debounce:db1|S~4                 ; Lost fanout                                          ;
; debounce_switches:db|debounce:db1|S~5                 ; Lost fanout                                          ;
; debounce_switches:db|debounce:db1|S~6                 ; Lost fanout                                          ;
; debounce_switches:db|debounce:db0|S~4                 ; Lost fanout                                          ;
; debounce_switches:db|debounce:db0|S~5                 ; Lost fanout                                          ;
; debounce_switches:db|debounce:db0|S~6                 ; Lost fanout                                          ;
; debounce_switches:db|debounce:db19|count[0..7]        ; Lost fanout                                          ;
; debounce_switches:db|debounce:db18|count[0..7]        ; Lost fanout                                          ;
; debounce_switches:db|debounce:db17|count[0..7]        ; Lost fanout                                          ;
; debounce_switches:db|debounce:db16|count[0..7]        ; Lost fanout                                          ;
; debounce_switches:db|debounce:db15|count[0..7]        ; Lost fanout                                          ;
; debounce_switches:db|debounce:db14|count[0..7]        ; Lost fanout                                          ;
; debounce_switches:db|debounce:db13|count[0..7]        ; Lost fanout                                          ;
; debounce_switches:db|debounce:db12|count[0..7]        ; Lost fanout                                          ;
; debounce_switches:db|debounce:db11|count[0..7]        ; Lost fanout                                          ;
; debounce_switches:db|debounce:db10|count[0..7]        ; Lost fanout                                          ;
; debounce_switches:db|debounce:db7|count[0..7]         ; Lost fanout                                          ;
; debounce_switches:db|debounce:db6|count[0..7]         ; Lost fanout                                          ;
; debounce_switches:db|debounce:db5|count[0..7]         ; Lost fanout                                          ;
; debounce_switches:db|debounce:db4|count[0..7]         ; Lost fanout                                          ;
; debounce_switches:db|debounce:db3|count[0..7]         ; Lost fanout                                          ;
; debounce_switches:db|debounce:db2|count[0..7]         ; Lost fanout                                          ;
; debounce_switches:db|debounce:db1|count[0..7]         ; Lost fanout                                          ;
; debounce_switches:db|debounce:db0|count[0..7]         ; Lost fanout                                          ;
; vga_frame_driver:my_frame_driver|wr_id.MEM_INIT_WRITE ; Lost fanout                                          ;
; debounce_switches:db|debounce:db19|S.ONE              ; Lost fanout                                          ;
; debounce_switches:db|debounce:db19|S.MAYBE_ZERO       ; Lost fanout                                          ;
; debounce_switches:db|debounce:db19|S.ERROR            ; Lost fanout                                          ;
; debounce_switches:db|debounce:db18|S.ONE              ; Lost fanout                                          ;
; debounce_switches:db|debounce:db18|S.MAYBE_ZERO       ; Lost fanout                                          ;
; debounce_switches:db|debounce:db18|S.ERROR            ; Lost fanout                                          ;
; debounce_switches:db|debounce:db17|S.ONE              ; Lost fanout                                          ;
; debounce_switches:db|debounce:db17|S.MAYBE_ZERO       ; Lost fanout                                          ;
; debounce_switches:db|debounce:db17|S.ERROR            ; Lost fanout                                          ;
; debounce_switches:db|debounce:db16|S.ONE              ; Lost fanout                                          ;
; debounce_switches:db|debounce:db16|S.MAYBE_ZERO       ; Lost fanout                                          ;
; debounce_switches:db|debounce:db16|S.ERROR            ; Lost fanout                                          ;
; debounce_switches:db|debounce:db15|S.ONE              ; Lost fanout                                          ;
; debounce_switches:db|debounce:db15|S.MAYBE_ZERO       ; Lost fanout                                          ;
; debounce_switches:db|debounce:db15|S.ERROR            ; Lost fanout                                          ;
; debounce_switches:db|debounce:db14|S.ONE              ; Lost fanout                                          ;
; debounce_switches:db|debounce:db14|S.MAYBE_ZERO       ; Lost fanout                                          ;
; debounce_switches:db|debounce:db14|S.ERROR            ; Lost fanout                                          ;
; debounce_switches:db|debounce:db13|S.ONE              ; Lost fanout                                          ;
; debounce_switches:db|debounce:db13|S.MAYBE_ZERO       ; Lost fanout                                          ;
; debounce_switches:db|debounce:db13|S.ERROR            ; Lost fanout                                          ;
; debounce_switches:db|debounce:db12|S.ONE              ; Lost fanout                                          ;
; debounce_switches:db|debounce:db12|S.MAYBE_ZERO       ; Lost fanout                                          ;
; debounce_switches:db|debounce:db12|S.ERROR            ; Lost fanout                                          ;
; debounce_switches:db|debounce:db11|S.START            ; Lost fanout                                          ;
; debounce_switches:db|debounce:db11|S.ONE              ; Lost fanout                                          ;
; debounce_switches:db|debounce:db11|S.MAYBE_ONE        ; Lost fanout                                          ;
; debounce_switches:db|debounce:db11|S.ZERO             ; Lost fanout                                          ;
; debounce_switches:db|debounce:db11|S.MAYBE_ZERO       ; Lost fanout                                          ;
; debounce_switches:db|debounce:db11|S.ERROR            ; Lost fanout                                          ;
; debounce_switches:db|debounce:db10|S.START            ; Lost fanout                                          ;
; debounce_switches:db|debounce:db10|S.ONE              ; Lost fanout                                          ;
; debounce_switches:db|debounce:db10|S.MAYBE_ONE        ; Lost fanout                                          ;
; debounce_switches:db|debounce:db10|S.ZERO             ; Lost fanout                                          ;
; debounce_switches:db|debounce:db10|S.MAYBE_ZERO       ; Lost fanout                                          ;
; debounce_switches:db|debounce:db10|S.ERROR            ; Lost fanout                                          ;
; debounce_switches:db|debounce:db7|S.START             ; Lost fanout                                          ;
; debounce_switches:db|debounce:db7|S.ONE               ; Lost fanout                                          ;
; debounce_switches:db|debounce:db7|S.MAYBE_ONE         ; Lost fanout                                          ;
; debounce_switches:db|debounce:db7|S.ZERO              ; Lost fanout                                          ;
; debounce_switches:db|debounce:db7|S.MAYBE_ZERO        ; Lost fanout                                          ;
; debounce_switches:db|debounce:db7|S.ERROR             ; Lost fanout                                          ;
; debounce_switches:db|debounce:db6|S.START             ; Lost fanout                                          ;
; debounce_switches:db|debounce:db6|S.ONE               ; Lost fanout                                          ;
; debounce_switches:db|debounce:db6|S.MAYBE_ONE         ; Lost fanout                                          ;
; debounce_switches:db|debounce:db6|S.ZERO              ; Lost fanout                                          ;
; debounce_switches:db|debounce:db6|S.MAYBE_ZERO        ; Lost fanout                                          ;
; debounce_switches:db|debounce:db6|S.ERROR             ; Lost fanout                                          ;
; debounce_switches:db|debounce:db5|S.START             ; Lost fanout                                          ;
; debounce_switches:db|debounce:db5|S.ONE               ; Lost fanout                                          ;
; debounce_switches:db|debounce:db5|S.MAYBE_ONE         ; Lost fanout                                          ;
; debounce_switches:db|debounce:db5|S.ZERO              ; Lost fanout                                          ;
; debounce_switches:db|debounce:db5|S.MAYBE_ZERO        ; Lost fanout                                          ;
; debounce_switches:db|debounce:db5|S.ERROR             ; Lost fanout                                          ;
; debounce_switches:db|debounce:db4|S.START             ; Lost fanout                                          ;
; debounce_switches:db|debounce:db4|S.ONE               ; Lost fanout                                          ;
; debounce_switches:db|debounce:db4|S.MAYBE_ONE         ; Lost fanout                                          ;
; debounce_switches:db|debounce:db4|S.ZERO              ; Lost fanout                                          ;
; debounce_switches:db|debounce:db4|S.MAYBE_ZERO        ; Lost fanout                                          ;
; debounce_switches:db|debounce:db4|S.ERROR             ; Lost fanout                                          ;
; debounce_switches:db|debounce:db3|S.START             ; Lost fanout                                          ;
; debounce_switches:db|debounce:db3|S.ONE               ; Lost fanout                                          ;
; debounce_switches:db|debounce:db3|S.MAYBE_ONE         ; Lost fanout                                          ;
; debounce_switches:db|debounce:db3|S.ZERO              ; Lost fanout                                          ;
; debounce_switches:db|debounce:db3|S.MAYBE_ZERO        ; Lost fanout                                          ;
; debounce_switches:db|debounce:db3|S.ERROR             ; Lost fanout                                          ;
; debounce_switches:db|debounce:db2|S.START             ; Lost fanout                                          ;
; debounce_switches:db|debounce:db2|S.ONE               ; Lost fanout                                          ;
; debounce_switches:db|debounce:db2|S.MAYBE_ONE         ; Lost fanout                                          ;
; debounce_switches:db|debounce:db2|S.ZERO              ; Lost fanout                                          ;
; debounce_switches:db|debounce:db2|S.MAYBE_ZERO        ; Lost fanout                                          ;
; debounce_switches:db|debounce:db2|S.ERROR             ; Lost fanout                                          ;
; debounce_switches:db|debounce:db1|S.START             ; Lost fanout                                          ;
; debounce_switches:db|debounce:db1|S.ONE               ; Lost fanout                                          ;
; debounce_switches:db|debounce:db1|S.MAYBE_ONE         ; Lost fanout                                          ;
; debounce_switches:db|debounce:db1|S.ZERO              ; Lost fanout                                          ;
; debounce_switches:db|debounce:db1|S.MAYBE_ZERO        ; Lost fanout                                          ;
; debounce_switches:db|debounce:db1|S.ERROR             ; Lost fanout                                          ;
; debounce_switches:db|debounce:db0|S.START             ; Lost fanout                                          ;
; debounce_switches:db|debounce:db0|S.ONE               ; Lost fanout                                          ;
; debounce_switches:db|debounce:db0|S.MAYBE_ONE         ; Lost fanout                                          ;
; debounce_switches:db|debounce:db0|S.ZERO              ; Lost fanout                                          ;
; debounce_switches:db|debounce:db0|S.MAYBE_ZERO        ; Lost fanout                                          ;
; debounce_switches:db|debounce:db0|S.ERROR             ; Lost fanout                                          ;
; vga_frame_driver:my_frame_driver|S.START              ; Merged with card_controller:card1_controller|S.START ;
; vga_frame_driver:my_frame_driver|S.ERROR              ; Stuck at GND due to stuck port data_in               ;
; Total Number of Removed Registers = 319               ;                                                      ;
+-------------------------------------------------------+------------------------------------------------------+


+---------------------------------------------------------------------------------------------------------------------+
; Removed Registers Triggering Further Register Optimizations                                                         ;
+---------------------------------------------+--------------------+--------------------------------------------------+
; Register name                               ; Reason for Removal ; Registers Removed due to This Register           ;
+---------------------------------------------+--------------------+--------------------------------------------------+
; debounce_switches:db|debounce:db19|S.ZERO   ; Lost Fanouts       ; debounce_switches:db|debounce:db19|S.ONE,        ;
;                                             ;                    ; debounce_switches:db|debounce:db19|S.MAYBE_ZERO, ;
;                                             ;                    ; debounce_switches:db|debounce:db19|S.ERROR       ;
; debounce_switches:db|debounce:db18|S.ZERO   ; Lost Fanouts       ; debounce_switches:db|debounce:db18|S.ONE,        ;
;                                             ;                    ; debounce_switches:db|debounce:db18|S.MAYBE_ZERO, ;
;                                             ;                    ; debounce_switches:db|debounce:db18|S.ERROR       ;
; debounce_switches:db|debounce:db17|S.ZERO   ; Lost Fanouts       ; debounce_switches:db|debounce:db17|S.ONE,        ;
;                                             ;                    ; debounce_switches:db|debounce:db17|S.MAYBE_ZERO, ;
;                                             ;                    ; debounce_switches:db|debounce:db17|S.ERROR       ;
; debounce_switches:db|debounce:db16|S.ZERO   ; Lost Fanouts       ; debounce_switches:db|debounce:db16|S.ONE,        ;
;                                             ;                    ; debounce_switches:db|debounce:db16|S.MAYBE_ZERO, ;
;                                             ;                    ; debounce_switches:db|debounce:db16|S.ERROR       ;
; debounce_switches:db|debounce:db15|S.ZERO   ; Lost Fanouts       ; debounce_switches:db|debounce:db15|S.ONE,        ;
;                                             ;                    ; debounce_switches:db|debounce:db15|S.MAYBE_ZERO, ;
;                                             ;                    ; debounce_switches:db|debounce:db15|S.ERROR       ;
; debounce_switches:db|debounce:db14|S.ZERO   ; Lost Fanouts       ; debounce_switches:db|debounce:db14|S.ONE,        ;
;                                             ;                    ; debounce_switches:db|debounce:db14|S.MAYBE_ZERO, ;
;                                             ;                    ; debounce_switches:db|debounce:db14|S.ERROR       ;
; debounce_switches:db|debounce:db13|S.ZERO   ; Lost Fanouts       ; debounce_switches:db|debounce:db13|S.ONE,        ;
;                                             ;                    ; debounce_switches:db|debounce:db13|S.MAYBE_ZERO, ;
;                                             ;                    ; debounce_switches:db|debounce:db13|S.ERROR       ;
; debounce_switches:db|debounce:db12|S.ZERO   ; Lost Fanouts       ; debounce_switches:db|debounce:db12|S.ONE,        ;
;                                             ;                    ; debounce_switches:db|debounce:db12|S.MAYBE_ZERO, ;
;                                             ;                    ; debounce_switches:db|debounce:db12|S.ERROR       ;
; debounce_switches:db|debounce:db19|S~4      ; Lost Fanouts       ; debounce_switches:db|debounce:db19|count[6],     ;
;                                             ;                    ; debounce_switches:db|debounce:db19|count[7]      ;
; debounce_switches:db|debounce:db18|S~4      ; Lost Fanouts       ; debounce_switches:db|debounce:db18|count[6],     ;
;                                             ;                    ; debounce_switches:db|debounce:db18|count[7]      ;
; debounce_switches:db|debounce:db17|S~4      ; Lost Fanouts       ; debounce_switches:db|debounce:db17|count[6],     ;
;                                             ;                    ; debounce_switches:db|debounce:db17|count[7]      ;
; debounce_switches:db|debounce:db16|S~4      ; Lost Fanouts       ; debounce_switches:db|debounce:db16|count[6],     ;
;                                             ;                    ; debounce_switches:db|debounce:db16|count[7]      ;
; debounce_switches:db|debounce:db15|S~4      ; Lost Fanouts       ; debounce_switches:db|debounce:db15|count[6],     ;
;                                             ;                    ; debounce_switches:db|debounce:db15|count[7]      ;
; debounce_switches:db|debounce:db14|S~4      ; Lost Fanouts       ; debounce_switches:db|debounce:db14|count[6],     ;
;                                             ;                    ; debounce_switches:db|debounce:db14|count[7]      ;
; debounce_switches:db|debounce:db13|S~4      ; Lost Fanouts       ; debounce_switches:db|debounce:db13|count[6],     ;
;                                             ;                    ; debounce_switches:db|debounce:db13|count[7]      ;
; debounce_switches:db|debounce:db12|S~4      ; Lost Fanouts       ; debounce_switches:db|debounce:db12|count[6],     ;
;                                             ;                    ; debounce_switches:db|debounce:db12|count[7]      ;
; debounce_switches:db|debounce:db11|S~4      ; Lost Fanouts       ; debounce_switches:db|debounce:db11|S.ERROR       ;
; debounce_switches:db|debounce:db11|S~5      ; Lost Fanouts       ; debounce_switches:db|debounce:db11|S.ZERO        ;
; debounce_switches:db|debounce:db11|S~6      ; Lost Fanouts       ; debounce_switches:db|debounce:db11|S.ONE         ;
; debounce_switches:db|debounce:db10|S~4      ; Lost Fanouts       ; debounce_switches:db|debounce:db10|S.ERROR       ;
; debounce_switches:db|debounce:db10|S~5      ; Lost Fanouts       ; debounce_switches:db|debounce:db10|S.ZERO        ;
; debounce_switches:db|debounce:db10|S~6      ; Lost Fanouts       ; debounce_switches:db|debounce:db10|S.ONE         ;
; debounce_switches:db|debounce:db7|S~4       ; Lost Fanouts       ; debounce_switches:db|debounce:db7|S.ERROR        ;
; debounce_switches:db|debounce:db7|S~5       ; Lost Fanouts       ; debounce_switches:db|debounce:db7|S.ZERO         ;
; debounce_switches:db|debounce:db7|S~6       ; Lost Fanouts       ; debounce_switches:db|debounce:db7|S.ONE          ;
; debounce_switches:db|debounce:db6|S~4       ; Lost Fanouts       ; debounce_switches:db|debounce:db6|S.ERROR        ;
; debounce_switches:db|debounce:db6|S~5       ; Lost Fanouts       ; debounce_switches:db|debounce:db6|S.ZERO         ;
; debounce_switches:db|debounce:db6|S~6       ; Lost Fanouts       ; debounce_switches:db|debounce:db6|S.ONE          ;
; debounce_switches:db|debounce:db5|S~4       ; Lost Fanouts       ; debounce_switches:db|debounce:db5|S.ERROR        ;
; debounce_switches:db|debounce:db5|S~5       ; Lost Fanouts       ; debounce_switches:db|debounce:db5|S.ZERO         ;
; debounce_switches:db|debounce:db5|S~6       ; Lost Fanouts       ; debounce_switches:db|debounce:db5|S.ONE          ;
; debounce_switches:db|debounce:db4|S~4       ; Lost Fanouts       ; debounce_switches:db|debounce:db4|S.ERROR        ;
; debounce_switches:db|debounce:db4|S~5       ; Lost Fanouts       ; debounce_switches:db|debounce:db4|S.ZERO         ;
; debounce_switches:db|debounce:db4|S~6       ; Lost Fanouts       ; debounce_switches:db|debounce:db4|S.ONE          ;
; debounce_switches:db|debounce:db3|S~4       ; Lost Fanouts       ; debounce_switches:db|debounce:db3|S.ERROR        ;
; debounce_switches:db|debounce:db3|S~5       ; Lost Fanouts       ; debounce_switches:db|debounce:db3|S.ZERO         ;
; debounce_switches:db|debounce:db3|S~6       ; Lost Fanouts       ; debounce_switches:db|debounce:db3|S.ONE          ;
; debounce_switches:db|debounce:db2|S~4       ; Lost Fanouts       ; debounce_switches:db|debounce:db2|S.ERROR        ;
; debounce_switches:db|debounce:db2|S~5       ; Lost Fanouts       ; debounce_switches:db|debounce:db2|S.ZERO         ;
; debounce_switches:db|debounce:db2|S~6       ; Lost Fanouts       ; debounce_switches:db|debounce:db2|S.ONE          ;
; debounce_switches:db|debounce:db1|S~4       ; Lost Fanouts       ; debounce_switches:db|debounce:db1|S.ERROR        ;
; debounce_switches:db|debounce:db1|S~5       ; Lost Fanouts       ; debounce_switches:db|debounce:db1|S.ZERO         ;
; debounce_switches:db|debounce:db1|S~6       ; Lost Fanouts       ; debounce_switches:db|debounce:db1|S.ONE          ;
; debounce_switches:db|debounce:db0|S~4       ; Lost Fanouts       ; debounce_switches:db|debounce:db0|S.ERROR        ;
; debounce_switches:db|debounce:db0|S~5       ; Lost Fanouts       ; debounce_switches:db|debounce:db0|S.ZERO         ;
; debounce_switches:db|debounce:db0|S~6       ; Lost Fanouts       ; debounce_switches:db|debounce:db0|S.ONE          ;
; debounce_switches:db|debounce:db11|count[1] ; Lost Fanouts       ; debounce_switches:db|debounce:db11|S.START       ;
; debounce_switches:db|debounce:db10|count[1] ; Lost Fanouts       ; debounce_switches:db|debounce:db10|S.START       ;
; debounce_switches:db|debounce:db7|count[1]  ; Lost Fanouts       ; debounce_switches:db|debounce:db7|S.START        ;
; debounce_switches:db|debounce:db6|count[1]  ; Lost Fanouts       ; debounce_switches:db|debounce:db6|S.START        ;
; debounce_switches:db|debounce:db5|count[0]  ; Lost Fanouts       ; debounce_switches:db|debounce:db5|S.START        ;
; debounce_switches:db|debounce:db4|count[0]  ; Lost Fanouts       ; debounce_switches:db|debounce:db4|S.START        ;
; debounce_switches:db|debounce:db3|count[0]  ; Lost Fanouts       ; debounce_switches:db|debounce:db3|S.START        ;
; debounce_switches:db|debounce:db2|count[1]  ; Lost Fanouts       ; debounce_switches:db|debounce:db2|S.START        ;
; debounce_switches:db|debounce:db1|count[1]  ; Lost Fanouts       ; debounce_switches:db|debounce:db1|S.START        ;
; debounce_switches:db|debounce:db0|count[1]  ; Lost Fanouts       ; debounce_switches:db|debounce:db0|S.START        ;
+---------------------------------------------+--------------------+--------------------------------------------------+


+------------------------------------------------------+
; General Register Statistics                          ;
+----------------------------------------------+-------+
; Statistic                                    ; Value ;
+----------------------------------------------+-------+
; Total registers                              ; 756   ;
; Number of registers using Synchronous Clear  ; 176   ;
; Number of registers using Synchronous Load   ; 149   ;
; Number of registers using Asynchronous Clear ; 353   ;
; Number of registers using Asynchronous Load  ; 0     ;
; Number of registers using Clock Enable       ; 462   ;
; Number of registers using Preset             ; 0     ;
+----------------------------------------------+-------+


+-------------------------------------------------------------------------------------------------------------------------------------------------------------------------------------------------------------------------------------------------------------------------------------------------------------------------------------------+
; Inverted Register Statistics                                                                                                                                                                                                                                                                                                              ;
+---------------------------------------------------------------------------------------------------------------------------------------------------------------------------------------------------------------------------------------------------------------------------------------------------------------------------------+---------+
; Inverted Register                                                                                                                                                                                                                                                                                                               ; Fan out ;
+---------------------------------------------------------------------------------------------------------------------------------------------------------------------------------------------------------------------------------------------------------------------------------------------------------------------------------+---------+
; sld_hub:auto_hub|alt_sld_fab_with_jtag_input:\instrumentation_fabric_with_node_gen:fabric_gen_new_way:with_jtag_input_gen:instrumentation_fabric|alt_sld_fab:instrumentation_fabric|alt_sld_fab_alt_sld_fab:alt_sld_fab|alt_sld_fab_alt_sld_fab_sldfabric:sldfabric|sld_jtag_hub:\jtag_hub_gen:real_sld_jtag_hub|jtag_ir_reg[1] ; 3       ;
; sld_hub:auto_hub|alt_sld_fab_with_jtag_input:\instrumentation_fabric_with_node_gen:fabric_gen_new_way:with_jtag_input_gen:instrumentation_fabric|alt_sld_fab:instrumentation_fabric|alt_sld_fab_alt_sld_fab:alt_sld_fab|alt_sld_fab_alt_sld_fab_sldfabric:sldfabric|sld_jtag_hub:\jtag_hub_gen:real_sld_jtag_hub|jtag_ir_reg[2] ; 3       ;
; sld_signaltap:auto_signaltap_0|sld_signaltap_impl:sld_signaltap_body|sld_signaltap_implb:sld_signaltap_body|sld_buffer_manager:sld_buffer_manager_inst|modified_post_count[9]                                                                                                                                                   ; 1       ;
; sld_signaltap:auto_signaltap_0|sld_signaltap_impl:sld_signaltap_body|sld_signaltap_implb:sld_signaltap_body|sld_buffer_manager:sld_buffer_manager_inst|modified_post_count[6]                                                                                                                                                   ; 1       ;
; sld_signaltap:auto_signaltap_0|sld_signaltap_impl:sld_signaltap_body|sld_signaltap_implb:sld_signaltap_body|sld_buffer_manager:sld_buffer_manager_inst|modified_post_count[7]                                                                                                                                                   ; 1       ;
; sld_signaltap:auto_signaltap_0|sld_signaltap_impl:sld_signaltap_body|sld_signaltap_implb:sld_signaltap_body|sld_buffer_manager:sld_buffer_manager_inst|modified_post_count[8]                                                                                                                                                   ; 1       ;
; sld_signaltap:auto_signaltap_0|sld_signaltap_impl:sld_signaltap_body|sld_signaltap_implb:sld_signaltap_body|sld_buffer_manager:sld_buffer_manager_inst|modified_post_count[0]                                                                                                                                                   ; 1       ;
; sld_signaltap:auto_signaltap_0|sld_signaltap_impl:sld_signaltap_body|sld_signaltap_implb:sld_signaltap_body|sld_buffer_manager:sld_buffer_manager_inst|modified_post_count[1]                                                                                                                                                   ; 1       ;
; sld_signaltap:auto_signaltap_0|sld_signaltap_impl:sld_signaltap_body|sld_signaltap_implb:sld_signaltap_body|sld_buffer_manager:sld_buffer_manager_inst|modified_post_count[2]                                                                                                                                                   ; 1       ;
; sld_signaltap:auto_signaltap_0|sld_signaltap_impl:sld_signaltap_body|sld_signaltap_implb:sld_signaltap_body|sld_buffer_manager:sld_buffer_manager_inst|modified_post_count[3]                                                                                                                                                   ; 1       ;
; sld_signaltap:auto_signaltap_0|sld_signaltap_impl:sld_signaltap_body|sld_signaltap_implb:sld_signaltap_body|sld_buffer_manager:sld_buffer_manager_inst|modified_post_count[4]                                                                                                                                                   ; 1       ;
; sld_signaltap:auto_signaltap_0|sld_signaltap_impl:sld_signaltap_body|sld_signaltap_implb:sld_signaltap_body|sld_buffer_manager:sld_buffer_manager_inst|modified_post_count[5]                                                                                                                                                   ; 1       ;
; Total number of inverted registers = 12                                                                                                                                                                                                                                                                                         ;         ;
+---------------------------------------------------------------------------------------------------------------------------------------------------------------------------------------------------------------------------------------------------------------------------------------------------------------------------------+---------+


+------------------------------------------------------------------------------------------------------------------------------------------------------------------------------------------------------------------------------------------------------------------------------------------+
; Multiplexer Restructuring Statistics (Restructuring Performed)                                                                                                                                                                                                                           ;
+--------------------+-----------+---------------+----------------------+------------------------+------------+----------------------------------------------------------------------------------------------------------------------------------------------------------------------------+
; Multiplexer Inputs ; Bus Width ; Baseline Area ; Area if Restructured ; Saving if Restructured ; Registered ; Example Multiplexer Output                                                                                                                                                 ;
+--------------------+-----------+---------------+----------------------+------------------------+------------+----------------------------------------------------------------------------------------------------------------------------------------------------------------------------+
; 3:1                ; 15 bits   ; 30 LEs        ; 0 LEs                ; 30 LEs                 ; Yes        ; |black_jack|vga_frame_driver:my_frame_driver|read_buf_mem_address[13]                                                                                                      ;
; 3:1                ; 8 bits    ; 16 LEs        ; 0 LEs                ; 16 LEs                 ; Yes        ; |black_jack|debounce_switches:db|debounce:db19|count[7]                                                                                                                    ;
; 3:1                ; 8 bits    ; 16 LEs        ; 0 LEs                ; 16 LEs                 ; Yes        ; |black_jack|debounce_switches:db|debounce:db18|count[0]                                                                                                                    ;
; 3:1                ; 8 bits    ; 16 LEs        ; 0 LEs                ; 16 LEs                 ; Yes        ; |black_jack|debounce_switches:db|debounce:db17|count[2]                                                                                                                    ;
; 3:1                ; 8 bits    ; 16 LEs        ; 0 LEs                ; 16 LEs                 ; Yes        ; |black_jack|debounce_switches:db|debounce:db16|count[2]                                                                                                                    ;
; 3:1                ; 8 bits    ; 16 LEs        ; 0 LEs                ; 16 LEs                 ; Yes        ; |black_jack|debounce_switches:db|debounce:db15|count[6]                                                                                                                    ;
; 3:1                ; 8 bits    ; 16 LEs        ; 0 LEs                ; 16 LEs                 ; Yes        ; |black_jack|debounce_switches:db|debounce:db14|count[7]                                                                                                                    ;
; 3:1                ; 8 bits    ; 16 LEs        ; 0 LEs                ; 16 LEs                 ; Yes        ; |black_jack|debounce_switches:db|debounce:db13|count[4]                                                                                                                    ;
; 3:1                ; 8 bits    ; 16 LEs        ; 0 LEs                ; 16 LEs                 ; Yes        ; |black_jack|debounce_switches:db|debounce:db12|count[2]                                                                                                                    ;
; 4:1                ; 8 bits    ; 16 LEs        ; 0 LEs                ; 16 LEs                 ; Yes        ; |black_jack|debounce_switches:db|debounce:db11|count[1]                                                                                                                    ;
; 4:1                ; 8 bits    ; 16 LEs        ; 0 LEs                ; 16 LEs                 ; Yes        ; |black_jack|debounce_switches:db|debounce:db10|count[2]                                                                                                                    ;
; 4:1                ; 8 bits    ; 16 LEs        ; 0 LEs                ; 16 LEs                 ; Yes        ; |black_jack|debounce_switches:db|debounce:db7|count[3]                                                                                                                     ;
; 4:1                ; 8 bits    ; 16 LEs        ; 0 LEs                ; 16 LEs                 ; Yes        ; |black_jack|debounce_switches:db|debounce:db6|count[1]                                                                                                                     ;
; 4:1                ; 8 bits    ; 16 LEs        ; 0 LEs                ; 16 LEs                 ; Yes        ; |black_jack|debounce_switches:db|debounce:db5|count[7]                                                                                                                     ;
; 4:1                ; 8 bits    ; 16 LEs        ; 0 LEs                ; 16 LEs                 ; Yes        ; |black_jack|debounce_switches:db|debounce:db4|count[0]                                                                                                                     ;
; 4:1                ; 8 bits    ; 16 LEs        ; 0 LEs                ; 16 LEs                 ; Yes        ; |black_jack|debounce_switches:db|debounce:db3|count[0]                                                                                                                     ;
; 4:1                ; 8 bits    ; 16 LEs        ; 0 LEs                ; 16 LEs                 ; Yes        ; |black_jack|debounce_switches:db|debounce:db2|count[5]                                                                                                                     ;
; 4:1                ; 8 bits    ; 16 LEs        ; 0 LEs                ; 16 LEs                 ; Yes        ; |black_jack|debounce_switches:db|debounce:db1|count[6]                                                                                                                     ;
; 4:1                ; 8 bits    ; 16 LEs        ; 0 LEs                ; 16 LEs                 ; Yes        ; |black_jack|debounce_switches:db|debounce:db0|count[4]                                                                                                                     ;
; 4:1                ; 24 bits   ; 48 LEs        ; 48 LEs               ; 0 LEs                  ; No         ; |black_jack|vga_frame_driver:my_frame_driver|vga_frame:the_vga_draw_frame|altsyncram:altsyncram_component|altsyncram_5kp1:auto_generated|mux_6hb:mux2|l2_w5_n0_mux_dataout ;
; 9:1                ; 24 bits   ; 144 LEs       ; 144 LEs              ; 0 LEs                  ; No         ; |black_jack|vga_frame_driver:my_frame_driver|VGA_R[5]                                                                                                                      ;
+--------------------+-----------+---------------+----------------------+------------------------+------------+----------------------------------------------------------------------------------------------------------------------------------------------------------------------------+


+-------------------------------------------------------------------------------------------------------------------------------------------+
; Source assignments for card_controller:card1_controller|playing_card:card1|altsyncram:altsyncram_component|altsyncram_qng1:auto_generated ;
+---------------------------------+--------------------+------+-----------------------------------------------------------------------------+
; Assignment                      ; Value              ; From ; To                                                                          ;
+---------------------------------+--------------------+------+-----------------------------------------------------------------------------+
; OPTIMIZE_POWER_DURING_SYNTHESIS ; NORMAL_COMPILATION ; -    ; -                                                                           ;
+---------------------------------+--------------------+------+-----------------------------------------------------------------------------+


+----------------------------------------------------------------------------------------------------------------------------------------------+
; Source assignments for vga_frame_driver:my_frame_driver|vga_frame:vga_memory0|altsyncram:altsyncram_component|altsyncram_5kp1:auto_generated ;
+---------------------------------+--------------------+------+--------------------------------------------------------------------------------+
; Assignment                      ; Value              ; From ; To                                                                             ;
+---------------------------------+--------------------+------+--------------------------------------------------------------------------------+
; OPTIMIZE_POWER_DURING_SYNTHESIS ; NORMAL_COMPILATION ; -    ; -                                                                              ;
+---------------------------------+--------------------+------+--------------------------------------------------------------------------------+


+----------------------------------------------------------------------------------------------------------------------------------------------+
; Source assignments for vga_frame_driver:my_frame_driver|vga_frame:vga_memory1|altsyncram:altsyncram_component|altsyncram_5kp1:auto_generated ;
+---------------------------------+--------------------+------+--------------------------------------------------------------------------------+
; Assignment                      ; Value              ; From ; To                                                                             ;
+---------------------------------+--------------------+------+--------------------------------------------------------------------------------+
; OPTIMIZE_POWER_DURING_SYNTHESIS ; NORMAL_COMPILATION ; -    ; -                                                                              ;
+---------------------------------+--------------------+------+--------------------------------------------------------------------------------+


+-----------------------------------------------------------------------------------------------------------------------------------------------------+
; Source assignments for vga_frame_driver:my_frame_driver|vga_frame:the_vga_draw_frame|altsyncram:altsyncram_component|altsyncram_5kp1:auto_generated ;
+---------------------------------+--------------------+------+---------------------------------------------------------------------------------------+
; Assignment                      ; Value              ; From ; To                                                                                    ;
+---------------------------------+--------------------+------+---------------------------------------------------------------------------------------+
; OPTIMIZE_POWER_DURING_SYNTHESIS ; NORMAL_COMPILATION ; -    ; -                                                                                     ;
+---------------------------------+--------------------+------+---------------------------------------------------------------------------------------+


+-------------------------------------------------------+
; Source assignments for sld_signaltap:auto_signaltap_0 ;
+-----------------+-------+------+----------------------+
; Assignment      ; Value ; From ; To                   ;
+-----------------+-------+------+----------------------+
; MESSAGE_DISABLE ; 13410 ; -    ; -                    ;
+-----------------+-------+------+----------------------+


+--------------------------------------------------------------------------------+
; Parameter Settings for User Entity Instance: debounce_switches:db|debounce:db0 ;
+----------------+----------+----------------------------------------------------+
; Parameter Name ; Value    ; Type                                               ;
+----------------+----------+----------------------------------------------------+
; CALMING_WINDOW ; 01100100 ; Unsigned Binary                                    ;
; START          ; 000      ; Unsigned Binary                                    ;
; ONE            ; 001      ; Unsigned Binary                                    ;
; MAYBE_ONE      ; 010      ; Unsigned Binary                                    ;
; ZERO           ; 011      ; Unsigned Binary                                    ;
; MAYBE_ZERO     ; 100      ; Unsigned Binary                                    ;
; ERROR          ; 111      ; Unsigned Binary                                    ;
+----------------+----------+----------------------------------------------------+
Note: In order to hide this table in the UI and the text report file, please set the "Show Parameter Settings in Synthesis Report" option in "Analysis and Synthesis Settings -> More Settings" to "Off".


+--------------------------------------------------------------------------------+
; Parameter Settings for User Entity Instance: debounce_switches:db|debounce:db1 ;
+----------------+----------+----------------------------------------------------+
; Parameter Name ; Value    ; Type                                               ;
+----------------+----------+----------------------------------------------------+
; CALMING_WINDOW ; 01100100 ; Unsigned Binary                                    ;
; START          ; 000      ; Unsigned Binary                                    ;
; ONE            ; 001      ; Unsigned Binary                                    ;
; MAYBE_ONE      ; 010      ; Unsigned Binary                                    ;
; ZERO           ; 011      ; Unsigned Binary                                    ;
; MAYBE_ZERO     ; 100      ; Unsigned Binary                                    ;
; ERROR          ; 111      ; Unsigned Binary                                    ;
+----------------+----------+----------------------------------------------------+
Note: In order to hide this table in the UI and the text report file, please set the "Show Parameter Settings in Synthesis Report" option in "Analysis and Synthesis Settings -> More Settings" to "Off".


+--------------------------------------------------------------------------------+
; Parameter Settings for User Entity Instance: debounce_switches:db|debounce:db2 ;
+----------------+----------+----------------------------------------------------+
; Parameter Name ; Value    ; Type                                               ;
+----------------+----------+----------------------------------------------------+
; CALMING_WINDOW ; 01100100 ; Unsigned Binary                                    ;
; START          ; 000      ; Unsigned Binary                                    ;
; ONE            ; 001      ; Unsigned Binary                                    ;
; MAYBE_ONE      ; 010      ; Unsigned Binary                                    ;
; ZERO           ; 011      ; Unsigned Binary                                    ;
; MAYBE_ZERO     ; 100      ; Unsigned Binary                                    ;
; ERROR          ; 111      ; Unsigned Binary                                    ;
+----------------+----------+----------------------------------------------------+
Note: In order to hide this table in the UI and the text report file, please set the "Show Parameter Settings in Synthesis Report" option in "Analysis and Synthesis Settings -> More Settings" to "Off".


+--------------------------------------------------------------------------------+
; Parameter Settings for User Entity Instance: debounce_switches:db|debounce:db3 ;
+----------------+----------+----------------------------------------------------+
; Parameter Name ; Value    ; Type                                               ;
+----------------+----------+----------------------------------------------------+
; CALMING_WINDOW ; 01100100 ; Unsigned Binary                                    ;
; START          ; 000      ; Unsigned Binary                                    ;
; ONE            ; 001      ; Unsigned Binary                                    ;
; MAYBE_ONE      ; 010      ; Unsigned Binary                                    ;
; ZERO           ; 011      ; Unsigned Binary                                    ;
; MAYBE_ZERO     ; 100      ; Unsigned Binary                                    ;
; ERROR          ; 111      ; Unsigned Binary                                    ;
+----------------+----------+----------------------------------------------------+
Note: In order to hide this table in the UI and the text report file, please set the "Show Parameter Settings in Synthesis Report" option in "Analysis and Synthesis Settings -> More Settings" to "Off".


+--------------------------------------------------------------------------------+
; Parameter Settings for User Entity Instance: debounce_switches:db|debounce:db4 ;
+----------------+----------+----------------------------------------------------+
; Parameter Name ; Value    ; Type                                               ;
+----------------+----------+----------------------------------------------------+
; CALMING_WINDOW ; 01100100 ; Unsigned Binary                                    ;
; START          ; 000      ; Unsigned Binary                                    ;
; ONE            ; 001      ; Unsigned Binary                                    ;
; MAYBE_ONE      ; 010      ; Unsigned Binary                                    ;
; ZERO           ; 011      ; Unsigned Binary                                    ;
; MAYBE_ZERO     ; 100      ; Unsigned Binary                                    ;
; ERROR          ; 111      ; Unsigned Binary                                    ;
+----------------+----------+----------------------------------------------------+
Note: In order to hide this table in the UI and the text report file, please set the "Show Parameter Settings in Synthesis Report" option in "Analysis and Synthesis Settings -> More Settings" to "Off".


+--------------------------------------------------------------------------------+
; Parameter Settings for User Entity Instance: debounce_switches:db|debounce:db5 ;
+----------------+----------+----------------------------------------------------+
; Parameter Name ; Value    ; Type                                               ;
+----------------+----------+----------------------------------------------------+
; CALMING_WINDOW ; 01100100 ; Unsigned Binary                                    ;
; START          ; 000      ; Unsigned Binary                                    ;
; ONE            ; 001      ; Unsigned Binary                                    ;
; MAYBE_ONE      ; 010      ; Unsigned Binary                                    ;
; ZERO           ; 011      ; Unsigned Binary                                    ;
; MAYBE_ZERO     ; 100      ; Unsigned Binary                                    ;
; ERROR          ; 111      ; Unsigned Binary                                    ;
+----------------+----------+----------------------------------------------------+
Note: In order to hide this table in the UI and the text report file, please set the "Show Parameter Settings in Synthesis Report" option in "Analysis and Synthesis Settings -> More Settings" to "Off".


+--------------------------------------------------------------------------------+
; Parameter Settings for User Entity Instance: debounce_switches:db|debounce:db6 ;
+----------------+----------+----------------------------------------------------+
; Parameter Name ; Value    ; Type                                               ;
+----------------+----------+----------------------------------------------------+
; CALMING_WINDOW ; 01100100 ; Unsigned Binary                                    ;
; START          ; 000      ; Unsigned Binary                                    ;
; ONE            ; 001      ; Unsigned Binary                                    ;
; MAYBE_ONE      ; 010      ; Unsigned Binary                                    ;
; ZERO           ; 011      ; Unsigned Binary                                    ;
; MAYBE_ZERO     ; 100      ; Unsigned Binary                                    ;
; ERROR          ; 111      ; Unsigned Binary                                    ;
+----------------+----------+----------------------------------------------------+
Note: In order to hide this table in the UI and the text report file, please set the "Show Parameter Settings in Synthesis Report" option in "Analysis and Synthesis Settings -> More Settings" to "Off".


+--------------------------------------------------------------------------------+
; Parameter Settings for User Entity Instance: debounce_switches:db|debounce:db7 ;
+----------------+----------+----------------------------------------------------+
; Parameter Name ; Value    ; Type                                               ;
+----------------+----------+----------------------------------------------------+
; CALMING_WINDOW ; 01100100 ; Unsigned Binary                                    ;
; START          ; 000      ; Unsigned Binary                                    ;
; ONE            ; 001      ; Unsigned Binary                                    ;
; MAYBE_ONE      ; 010      ; Unsigned Binary                                    ;
; ZERO           ; 011      ; Unsigned Binary                                    ;
; MAYBE_ZERO     ; 100      ; Unsigned Binary                                    ;
; ERROR          ; 111      ; Unsigned Binary                                    ;
+----------------+----------+----------------------------------------------------+
Note: In order to hide this table in the UI and the text report file, please set the "Show Parameter Settings in Synthesis Report" option in "Analysis and Synthesis Settings -> More Settings" to "Off".


+---------------------------------------------------------------------------------+
; Parameter Settings for User Entity Instance: debounce_switches:db|debounce:db10 ;
+----------------+----------+-----------------------------------------------------+
; Parameter Name ; Value    ; Type                                                ;
+----------------+----------+-----------------------------------------------------+
; CALMING_WINDOW ; 01100100 ; Unsigned Binary                                     ;
; START          ; 000      ; Unsigned Binary                                     ;
; ONE            ; 001      ; Unsigned Binary                                     ;
; MAYBE_ONE      ; 010      ; Unsigned Binary                                     ;
; ZERO           ; 011      ; Unsigned Binary                                     ;
; MAYBE_ZERO     ; 100      ; Unsigned Binary                                     ;
; ERROR          ; 111      ; Unsigned Binary                                     ;
+----------------+----------+-----------------------------------------------------+
Note: In order to hide this table in the UI and the text report file, please set the "Show Parameter Settings in Synthesis Report" option in "Analysis and Synthesis Settings -> More Settings" to "Off".


+---------------------------------------------------------------------------------+
; Parameter Settings for User Entity Instance: debounce_switches:db|debounce:db11 ;
+----------------+----------+-----------------------------------------------------+
; Parameter Name ; Value    ; Type                                                ;
+----------------+----------+-----------------------------------------------------+
; CALMING_WINDOW ; 01100100 ; Unsigned Binary                                     ;
; START          ; 000      ; Unsigned Binary                                     ;
; ONE            ; 001      ; Unsigned Binary                                     ;
; MAYBE_ONE      ; 010      ; Unsigned Binary                                     ;
; ZERO           ; 011      ; Unsigned Binary                                     ;
; MAYBE_ZERO     ; 100      ; Unsigned Binary                                     ;
; ERROR          ; 111      ; Unsigned Binary                                     ;
+----------------+----------+-----------------------------------------------------+
Note: In order to hide this table in the UI and the text report file, please set the "Show Parameter Settings in Synthesis Report" option in "Analysis and Synthesis Settings -> More Settings" to "Off".


+---------------------------------------------------------------------------------+
; Parameter Settings for User Entity Instance: debounce_switches:db|debounce:db12 ;
+----------------+----------+-----------------------------------------------------+
; Parameter Name ; Value    ; Type                                                ;
+----------------+----------+-----------------------------------------------------+
; CALMING_WINDOW ; 01100100 ; Unsigned Binary                                     ;
; START          ; 000      ; Unsigned Binary                                     ;
; ONE            ; 001      ; Unsigned Binary                                     ;
; MAYBE_ONE      ; 010      ; Unsigned Binary                                     ;
; ZERO           ; 011      ; Unsigned Binary                                     ;
; MAYBE_ZERO     ; 100      ; Unsigned Binary                                     ;
; ERROR          ; 111      ; Unsigned Binary                                     ;
+----------------+----------+-----------------------------------------------------+
Note: In order to hide this table in the UI and the text report file, please set the "Show Parameter Settings in Synthesis Report" option in "Analysis and Synthesis Settings -> More Settings" to "Off".


+---------------------------------------------------------------------------------+
; Parameter Settings for User Entity Instance: debounce_switches:db|debounce:db13 ;
+----------------+----------+-----------------------------------------------------+
; Parameter Name ; Value    ; Type                                                ;
+----------------+----------+-----------------------------------------------------+
; CALMING_WINDOW ; 01100100 ; Unsigned Binary                                     ;
; START          ; 000      ; Unsigned Binary                                     ;
; ONE            ; 001      ; Unsigned Binary                                     ;
; MAYBE_ONE      ; 010      ; Unsigned Binary                                     ;
; ZERO           ; 011      ; Unsigned Binary                                     ;
; MAYBE_ZERO     ; 100      ; Unsigned Binary                                     ;
; ERROR          ; 111      ; Unsigned Binary                                     ;
+----------------+----------+-----------------------------------------------------+
Note: In order to hide this table in the UI and the text report file, please set the "Show Parameter Settings in Synthesis Report" option in "Analysis and Synthesis Settings -> More Settings" to "Off".


+---------------------------------------------------------------------------------+
; Parameter Settings for User Entity Instance: debounce_switches:db|debounce:db14 ;
+----------------+----------+-----------------------------------------------------+
; Parameter Name ; Value    ; Type                                                ;
+----------------+----------+-----------------------------------------------------+
; CALMING_WINDOW ; 01100100 ; Unsigned Binary                                     ;
; START          ; 000      ; Unsigned Binary                                     ;
; ONE            ; 001      ; Unsigned Binary                                     ;
; MAYBE_ONE      ; 010      ; Unsigned Binary                                     ;
; ZERO           ; 011      ; Unsigned Binary                                     ;
; MAYBE_ZERO     ; 100      ; Unsigned Binary                                     ;
; ERROR          ; 111      ; Unsigned Binary                                     ;
+----------------+----------+-----------------------------------------------------+
Note: In order to hide this table in the UI and the text report file, please set the "Show Parameter Settings in Synthesis Report" option in "Analysis and Synthesis Settings -> More Settings" to "Off".


+---------------------------------------------------------------------------------+
; Parameter Settings for User Entity Instance: debounce_switches:db|debounce:db15 ;
+----------------+----------+-----------------------------------------------------+
; Parameter Name ; Value    ; Type                                                ;
+----------------+----------+-----------------------------------------------------+
; CALMING_WINDOW ; 01100100 ; Unsigned Binary                                     ;
; START          ; 000      ; Unsigned Binary                                     ;
; ONE            ; 001      ; Unsigned Binary                                     ;
; MAYBE_ONE      ; 010      ; Unsigned Binary                                     ;
; ZERO           ; 011      ; Unsigned Binary                                     ;
; MAYBE_ZERO     ; 100      ; Unsigned Binary                                     ;
; ERROR          ; 111      ; Unsigned Binary                                     ;
+----------------+----------+-----------------------------------------------------+
Note: In order to hide this table in the UI and the text report file, please set the "Show Parameter Settings in Synthesis Report" option in "Analysis and Synthesis Settings -> More Settings" to "Off".


+---------------------------------------------------------------------------------+
; Parameter Settings for User Entity Instance: debounce_switches:db|debounce:db16 ;
+----------------+----------+-----------------------------------------------------+
; Parameter Name ; Value    ; Type                                                ;
+----------------+----------+-----------------------------------------------------+
; CALMING_WINDOW ; 01100100 ; Unsigned Binary                                     ;
; START          ; 000      ; Unsigned Binary                                     ;
; ONE            ; 001      ; Unsigned Binary                                     ;
; MAYBE_ONE      ; 010      ; Unsigned Binary                                     ;
; ZERO           ; 011      ; Unsigned Binary                                     ;
; MAYBE_ZERO     ; 100      ; Unsigned Binary                                     ;
; ERROR          ; 111      ; Unsigned Binary                                     ;
+----------------+----------+-----------------------------------------------------+
Note: In order to hide this table in the UI and the text report file, please set the "Show Parameter Settings in Synthesis Report" option in "Analysis and Synthesis Settings -> More Settings" to "Off".


+---------------------------------------------------------------------------------+
; Parameter Settings for User Entity Instance: debounce_switches:db|debounce:db17 ;
+----------------+----------+-----------------------------------------------------+
; Parameter Name ; Value    ; Type                                                ;
+----------------+----------+-----------------------------------------------------+
; CALMING_WINDOW ; 01100100 ; Unsigned Binary                                     ;
; START          ; 000      ; Unsigned Binary                                     ;
; ONE            ; 001      ; Unsigned Binary                                     ;
; MAYBE_ONE      ; 010      ; Unsigned Binary                                     ;
; ZERO           ; 011      ; Unsigned Binary                                     ;
; MAYBE_ZERO     ; 100      ; Unsigned Binary                                     ;
; ERROR          ; 111      ; Unsigned Binary                                     ;
+----------------+----------+-----------------------------------------------------+
Note: In order to hide this table in the UI and the text report file, please set the "Show Parameter Settings in Synthesis Report" option in "Analysis and Synthesis Settings -> More Settings" to "Off".


+---------------------------------------------------------------------------------+
; Parameter Settings for User Entity Instance: debounce_switches:db|debounce:db18 ;
+----------------+----------+-----------------------------------------------------+
; Parameter Name ; Value    ; Type                                                ;
+----------------+----------+-----------------------------------------------------+
; CALMING_WINDOW ; 01100100 ; Unsigned Binary                                     ;
; START          ; 000      ; Unsigned Binary                                     ;
; ONE            ; 001      ; Unsigned Binary                                     ;
; MAYBE_ONE      ; 010      ; Unsigned Binary                                     ;
; ZERO           ; 011      ; Unsigned Binary                                     ;
; MAYBE_ZERO     ; 100      ; Unsigned Binary                                     ;
; ERROR          ; 111      ; Unsigned Binary                                     ;
+----------------+----------+-----------------------------------------------------+
Note: In order to hide this table in the UI and the text report file, please set the "Show Parameter Settings in Synthesis Report" option in "Analysis and Synthesis Settings -> More Settings" to "Off".


+---------------------------------------------------------------------------------+
; Parameter Settings for User Entity Instance: debounce_switches:db|debounce:db19 ;
+----------------+----------+-----------------------------------------------------+
; Parameter Name ; Value    ; Type                                                ;
+----------------+----------+-----------------------------------------------------+
; CALMING_WINDOW ; 01100100 ; Unsigned Binary                                     ;
; START          ; 000      ; Unsigned Binary                                     ;
; ONE            ; 001      ; Unsigned Binary                                     ;
; MAYBE_ONE      ; 010      ; Unsigned Binary                                     ;
; ZERO           ; 011      ; Unsigned Binary                                     ;
; MAYBE_ZERO     ; 100      ; Unsigned Binary                                     ;
; ERROR          ; 111      ; Unsigned Binary                                     ;
+----------------+----------+-----------------------------------------------------+
Note: In order to hide this table in the UI and the text report file, please set the "Show Parameter Settings in Synthesis Report" option in "Analysis and Synthesis Settings -> More Settings" to "Off".


+-------------------------------------------------------------------------------+
; Parameter Settings for User Entity Instance: card_controller:card1_controller ;
+----------------------+------------------+-------------------------------------+
; Parameter Name       ; Value            ; Type                                ;
+----------------------+------------------+-------------------------------------+
; MEMORY_SIZE          ; 0100101100000000 ; Unsigned Binary                     ;
; PIXEL_VIRTUAL_SIZE   ; 0000000000000100 ; Unsigned Binary                     ;
; VGA_WIDTH            ; 0000001010000000 ; Unsigned Binary                     ;
; VGA_HEIGHT           ; 0000000111100000 ; Unsigned Binary                     ;
; VIRTUAL_PIXEL_WIDTH  ; 0000000010100000 ; Unsigned Binary                     ;
; VIRTUAL_PIXEL_HEIGHT ; 0000000001111000 ; Unsigned Binary                     ;
; SCREEN_HEIGHT        ; 0000000001111000 ; Unsigned Binary                     ;
; SPRITE_WIDTH         ; 0000000000001111 ; Unsigned Binary                     ;
; SPRITE_HEIGHT        ; 0000000000010011 ; Unsigned Binary                     ;
; TOTAL_PIXELS         ; 0000000100011101 ; Unsigned Binary                     ;
; START                ; 000              ; Unsigned Binary                     ;
; IDLE                 ; 001              ; Unsigned Binary                     ;
; FETCH_WAIT           ; 010              ; Unsigned Binary                     ;
; CALC_ADDR            ; 011              ; Unsigned Binary                     ;
; WRITE_PIXEL          ; 100              ; Unsigned Binary                     ;
; INCREMENT            ; 101              ; Unsigned Binary                     ;
; DONE                 ; 110              ; Unsigned Binary                     ;
+----------------------+------------------+-------------------------------------+
Note: In order to hide this table in the UI and the text report file, please set the "Show Parameter Settings in Synthesis Report" option in "Analysis and Synthesis Settings -> More Settings" to "Off".


+----------------------------------------------------------------------------------------------------------------------------------+
; Parameter Settings for User Entity Instance: card_controller:card1_controller|playing_card:card1|altsyncram:altsyncram_component ;
+------------------------------------+----------------------+----------------------------------------------------------------------+
; Parameter Name                     ; Value                ; Type                                                                 ;
+------------------------------------+----------------------+----------------------------------------------------------------------+
; BYTE_SIZE_BLOCK                    ; 8                    ; Untyped                                                              ;
; AUTO_CARRY_CHAINS                  ; ON                   ; AUTO_CARRY                                                           ;
; IGNORE_CARRY_BUFFERS               ; OFF                  ; IGNORE_CARRY                                                         ;
; AUTO_CASCADE_CHAINS                ; ON                   ; AUTO_CASCADE                                                         ;
; IGNORE_CASCADE_BUFFERS             ; OFF                  ; IGNORE_CASCADE                                                       ;
; WIDTH_BYTEENA                      ; 1                    ; Untyped                                                              ;
; OPERATION_MODE                     ; ROM                  ; Untyped                                                              ;
; WIDTH_A                            ; 24                   ; Signed Integer                                                       ;
; WIDTHAD_A                          ; 9                    ; Signed Integer                                                       ;
; NUMWORDS_A                         ; 285                  ; Signed Integer                                                       ;
; OUTDATA_REG_A                      ; UNREGISTERED         ; Untyped                                                              ;
; ADDRESS_ACLR_A                     ; NONE                 ; Untyped                                                              ;
; OUTDATA_ACLR_A                     ; NONE                 ; Untyped                                                              ;
; WRCONTROL_ACLR_A                   ; NONE                 ; Untyped                                                              ;
; INDATA_ACLR_A                      ; NONE                 ; Untyped                                                              ;
; BYTEENA_ACLR_A                     ; NONE                 ; Untyped                                                              ;
; WIDTH_B                            ; 1                    ; Untyped                                                              ;
; WIDTHAD_B                          ; 1                    ; Untyped                                                              ;
; NUMWORDS_B                         ; 1                    ; Untyped                                                              ;
; INDATA_REG_B                       ; CLOCK1               ; Untyped                                                              ;
; WRCONTROL_WRADDRESS_REG_B          ; CLOCK1               ; Untyped                                                              ;
; RDCONTROL_REG_B                    ; CLOCK1               ; Untyped                                                              ;
; ADDRESS_REG_B                      ; CLOCK1               ; Untyped                                                              ;
; OUTDATA_REG_B                      ; UNREGISTERED         ; Untyped                                                              ;
; BYTEENA_REG_B                      ; CLOCK1               ; Untyped                                                              ;
; INDATA_ACLR_B                      ; NONE                 ; Untyped                                                              ;
; WRCONTROL_ACLR_B                   ; NONE                 ; Untyped                                                              ;
; ADDRESS_ACLR_B                     ; NONE                 ; Untyped                                                              ;
; OUTDATA_ACLR_B                     ; NONE                 ; Untyped                                                              ;
; RDCONTROL_ACLR_B                   ; NONE                 ; Untyped                                                              ;
; BYTEENA_ACLR_B                     ; NONE                 ; Untyped                                                              ;
; WIDTH_BYTEENA_A                    ; 1                    ; Signed Integer                                                       ;
; WIDTH_BYTEENA_B                    ; 1                    ; Untyped                                                              ;
; RAM_BLOCK_TYPE                     ; AUTO                 ; Untyped                                                              ;
; BYTE_SIZE                          ; 8                    ; Untyped                                                              ;
; READ_DURING_WRITE_MODE_MIXED_PORTS ; DONT_CARE            ; Untyped                                                              ;
; READ_DURING_WRITE_MODE_PORT_A      ; NEW_DATA_NO_NBE_READ ; Untyped                                                              ;
; READ_DURING_WRITE_MODE_PORT_B      ; NEW_DATA_NO_NBE_READ ; Untyped                                                              ;
; INIT_FILE                          ; ../card_asset.mif    ; Untyped                                                              ;
; INIT_FILE_LAYOUT                   ; PORT_A               ; Untyped                                                              ;
; MAXIMUM_DEPTH                      ; 0                    ; Untyped                                                              ;
; CLOCK_ENABLE_INPUT_A               ; BYPASS               ; Untyped                                                              ;
; CLOCK_ENABLE_INPUT_B               ; NORMAL               ; Untyped                                                              ;
; CLOCK_ENABLE_OUTPUT_A              ; BYPASS               ; Untyped                                                              ;
; CLOCK_ENABLE_OUTPUT_B              ; NORMAL               ; Untyped                                                              ;
; CLOCK_ENABLE_CORE_A                ; USE_INPUT_CLKEN      ; Untyped                                                              ;
; CLOCK_ENABLE_CORE_B                ; USE_INPUT_CLKEN      ; Untyped                                                              ;
; ENABLE_ECC                         ; FALSE                ; Untyped                                                              ;
; ECC_PIPELINE_STAGE_ENABLED         ; FALSE                ; Untyped                                                              ;
; WIDTH_ECCSTATUS                    ; 3                    ; Untyped                                                              ;
; DEVICE_FAMILY                      ; Cyclone V            ; Untyped                                                              ;
; CBXI_PARAMETER                     ; altsyncram_qng1      ; Untyped                                                              ;
+------------------------------------+----------------------+----------------------------------------------------------------------+
Note: In order to hide this table in the UI and the text report file, please set the "Show Parameter Settings in Synthesis Report" option in "Analysis and Synthesis Settings -> More Settings" to "Off".


+-------------------------------------------------------------------------------+
; Parameter Settings for User Entity Instance: vga_frame_driver:my_frame_driver ;
+----------------------+------------------+-------------------------------------+
; Parameter Name       ; Value            ; Type                                ;
+----------------------+------------------+-------------------------------------+
; START                ; 00000000         ; Unsigned Binary                     ;
; W2M_DONE             ; 00000100         ; Unsigned Binary                     ;
; RFM_INIT_START       ; 00000101         ; Unsigned Binary                     ;
; RFM_INIT_WAIT        ; 00000110         ; Unsigned Binary                     ;
; RFM_DRAWING          ; 00000111         ; Unsigned Binary                     ;
; ERROR                ; 11111111         ; Unsigned Binary                     ;
; MEMORY_SIZE          ; 0100101100000000 ; Unsigned Binary                     ;
; PIXEL_VIRTUAL_SIZE   ; 0000000000000100 ; Unsigned Binary                     ;
; VGA_WIDTH            ; 0000001010000000 ; Unsigned Binary                     ;
; VGA_HEIGHT           ; 0000000111100000 ; Unsigned Binary                     ;
; VIRTUAL_PIXEL_WIDTH  ; 0000000010100000 ; Unsigned Binary                     ;
; VIRTUAL_PIXEL_HEIGHT ; 0000000001111000 ; Unsigned Binary                     ;
; MEM_INIT_WRITE       ; 00               ; Unsigned Binary                     ;
; MEM_M0_READ_M1_WRITE ; 01               ; Unsigned Binary                     ;
; MEM_M0_WRITE_M1_READ ; 10               ; Unsigned Binary                     ;
; MEM_ERROR            ; 11               ; Unsigned Binary                     ;
+----------------------+------------------+-------------------------------------+
Note: In order to hide this table in the UI and the text report file, please set the "Show Parameter Settings in Synthesis Report" option in "Analysis and Synthesis Settings -> More Settings" to "Off".


+-------------------------------------------------------------------------------------------------------------------------------------+
; Parameter Settings for User Entity Instance: vga_frame_driver:my_frame_driver|vga_frame:vga_memory0|altsyncram:altsyncram_component ;
+------------------------------------+----------------------+-------------------------------------------------------------------------+
; Parameter Name                     ; Value                ; Type                                                                    ;
+------------------------------------+----------------------+-------------------------------------------------------------------------+
; BYTE_SIZE_BLOCK                    ; 8                    ; Untyped                                                                 ;
; AUTO_CARRY_CHAINS                  ; ON                   ; AUTO_CARRY                                                              ;
; IGNORE_CARRY_BUFFERS               ; OFF                  ; IGNORE_CARRY                                                            ;
; AUTO_CASCADE_CHAINS                ; ON                   ; AUTO_CASCADE                                                            ;
; IGNORE_CASCADE_BUFFERS             ; OFF                  ; IGNORE_CASCADE                                                          ;
; WIDTH_BYTEENA                      ; 1                    ; Untyped                                                                 ;
; OPERATION_MODE                     ; SINGLE_PORT          ; Untyped                                                                 ;
; WIDTH_A                            ; 24                   ; Signed Integer                                                          ;
; WIDTHAD_A                          ; 15                   ; Signed Integer                                                          ;
; NUMWORDS_A                         ; 32768                ; Signed Integer                                                          ;
; OUTDATA_REG_A                      ; UNREGISTERED         ; Untyped                                                                 ;
; ADDRESS_ACLR_A                     ; NONE                 ; Untyped                                                                 ;
; OUTDATA_ACLR_A                     ; NONE                 ; Untyped                                                                 ;
; WRCONTROL_ACLR_A                   ; NONE                 ; Untyped                                                                 ;
; INDATA_ACLR_A                      ; NONE                 ; Untyped                                                                 ;
; BYTEENA_ACLR_A                     ; NONE                 ; Untyped                                                                 ;
; WIDTH_B                            ; 1                    ; Untyped                                                                 ;
; WIDTHAD_B                          ; 1                    ; Untyped                                                                 ;
; NUMWORDS_B                         ; 1                    ; Untyped                                                                 ;
; INDATA_REG_B                       ; CLOCK1               ; Untyped                                                                 ;
; WRCONTROL_WRADDRESS_REG_B          ; CLOCK1               ; Untyped                                                                 ;
; RDCONTROL_REG_B                    ; CLOCK1               ; Untyped                                                                 ;
; ADDRESS_REG_B                      ; CLOCK1               ; Untyped                                                                 ;
; OUTDATA_REG_B                      ; UNREGISTERED         ; Untyped                                                                 ;
; BYTEENA_REG_B                      ; CLOCK1               ; Untyped                                                                 ;
; INDATA_ACLR_B                      ; NONE                 ; Untyped                                                                 ;
; WRCONTROL_ACLR_B                   ; NONE                 ; Untyped                                                                 ;
; ADDRESS_ACLR_B                     ; NONE                 ; Untyped                                                                 ;
; OUTDATA_ACLR_B                     ; NONE                 ; Untyped                                                                 ;
; RDCONTROL_ACLR_B                   ; NONE                 ; Untyped                                                                 ;
; BYTEENA_ACLR_B                     ; NONE                 ; Untyped                                                                 ;
; WIDTH_BYTEENA_A                    ; 1                    ; Signed Integer                                                          ;
; WIDTH_BYTEENA_B                    ; 1                    ; Untyped                                                                 ;
; RAM_BLOCK_TYPE                     ; AUTO                 ; Untyped                                                                 ;
; BYTE_SIZE                          ; 8                    ; Untyped                                                                 ;
; READ_DURING_WRITE_MODE_MIXED_PORTS ; DONT_CARE            ; Untyped                                                                 ;
; READ_DURING_WRITE_MODE_PORT_A      ; NEW_DATA_NO_NBE_READ ; Untyped                                                                 ;
; READ_DURING_WRITE_MODE_PORT_B      ; NEW_DATA_NO_NBE_READ ; Untyped                                                                 ;
; INIT_FILE                          ; table_background.mif ; Untyped                                                                 ;
; INIT_FILE_LAYOUT                   ; PORT_A               ; Untyped                                                                 ;
; MAXIMUM_DEPTH                      ; 0                    ; Untyped                                                                 ;
; CLOCK_ENABLE_INPUT_A               ; BYPASS               ; Untyped                                                                 ;
; CLOCK_ENABLE_INPUT_B               ; NORMAL               ; Untyped                                                                 ;
; CLOCK_ENABLE_OUTPUT_A              ; BYPASS               ; Untyped                                                                 ;
; CLOCK_ENABLE_OUTPUT_B              ; NORMAL               ; Untyped                                                                 ;
; CLOCK_ENABLE_CORE_A                ; USE_INPUT_CLKEN      ; Untyped                                                                 ;
; CLOCK_ENABLE_CORE_B                ; USE_INPUT_CLKEN      ; Untyped                                                                 ;
; ENABLE_ECC                         ; FALSE                ; Untyped                                                                 ;
; ECC_PIPELINE_STAGE_ENABLED         ; FALSE                ; Untyped                                                                 ;
; WIDTH_ECCSTATUS                    ; 3                    ; Untyped                                                                 ;
; DEVICE_FAMILY                      ; Cyclone V            ; Untyped                                                                 ;
; CBXI_PARAMETER                     ; altsyncram_5kp1      ; Untyped                                                                 ;
+------------------------------------+----------------------+-------------------------------------------------------------------------+
Note: In order to hide this table in the UI and the text report file, please set the "Show Parameter Settings in Synthesis Report" option in "Analysis and Synthesis Settings -> More Settings" to "Off".


+-------------------------------------------------------------------------------------------------------------------------------------+
; Parameter Settings for User Entity Instance: vga_frame_driver:my_frame_driver|vga_frame:vga_memory1|altsyncram:altsyncram_component ;
+------------------------------------+----------------------+-------------------------------------------------------------------------+
; Parameter Name                     ; Value                ; Type                                                                    ;
+------------------------------------+----------------------+-------------------------------------------------------------------------+
; BYTE_SIZE_BLOCK                    ; 8                    ; Untyped                                                                 ;
; AUTO_CARRY_CHAINS                  ; ON                   ; AUTO_CARRY                                                              ;
; IGNORE_CARRY_BUFFERS               ; OFF                  ; IGNORE_CARRY                                                            ;
; AUTO_CASCADE_CHAINS                ; ON                   ; AUTO_CASCADE                                                            ;
; IGNORE_CASCADE_BUFFERS             ; OFF                  ; IGNORE_CASCADE                                                          ;
; WIDTH_BYTEENA                      ; 1                    ; Untyped                                                                 ;
; OPERATION_MODE                     ; SINGLE_PORT          ; Untyped                                                                 ;
; WIDTH_A                            ; 24                   ; Signed Integer                                                          ;
; WIDTHAD_A                          ; 15                   ; Signed Integer                                                          ;
; NUMWORDS_A                         ; 32768                ; Signed Integer                                                          ;
; OUTDATA_REG_A                      ; UNREGISTERED         ; Untyped                                                                 ;
; ADDRESS_ACLR_A                     ; NONE                 ; Untyped                                                                 ;
; OUTDATA_ACLR_A                     ; NONE                 ; Untyped                                                                 ;
; WRCONTROL_ACLR_A                   ; NONE                 ; Untyped                                                                 ;
; INDATA_ACLR_A                      ; NONE                 ; Untyped                                                                 ;
; BYTEENA_ACLR_A                     ; NONE                 ; Untyped                                                                 ;
; WIDTH_B                            ; 1                    ; Untyped                                                                 ;
; WIDTHAD_B                          ; 1                    ; Untyped                                                                 ;
; NUMWORDS_B                         ; 1                    ; Untyped                                                                 ;
; INDATA_REG_B                       ; CLOCK1               ; Untyped                                                                 ;
; WRCONTROL_WRADDRESS_REG_B          ; CLOCK1               ; Untyped                                                                 ;
; RDCONTROL_REG_B                    ; CLOCK1               ; Untyped                                                                 ;
; ADDRESS_REG_B                      ; CLOCK1               ; Untyped                                                                 ;
; OUTDATA_REG_B                      ; UNREGISTERED         ; Untyped                                                                 ;
; BYTEENA_REG_B                      ; CLOCK1               ; Untyped                                                                 ;
; INDATA_ACLR_B                      ; NONE                 ; Untyped                                                                 ;
; WRCONTROL_ACLR_B                   ; NONE                 ; Untyped                                                                 ;
; ADDRESS_ACLR_B                     ; NONE                 ; Untyped                                                                 ;
; OUTDATA_ACLR_B                     ; NONE                 ; Untyped                                                                 ;
; RDCONTROL_ACLR_B                   ; NONE                 ; Untyped                                                                 ;
; BYTEENA_ACLR_B                     ; NONE                 ; Untyped                                                                 ;
; WIDTH_BYTEENA_A                    ; 1                    ; Signed Integer                                                          ;
; WIDTH_BYTEENA_B                    ; 1                    ; Untyped                                                                 ;
; RAM_BLOCK_TYPE                     ; AUTO                 ; Untyped                                                                 ;
; BYTE_SIZE                          ; 8                    ; Untyped                                                                 ;
; READ_DURING_WRITE_MODE_MIXED_PORTS ; DONT_CARE            ; Untyped                                                                 ;
; READ_DURING_WRITE_MODE_PORT_A      ; NEW_DATA_NO_NBE_READ ; Untyped                                                                 ;
; READ_DURING_WRITE_MODE_PORT_B      ; NEW_DATA_NO_NBE_READ ; Untyped                                                                 ;
; INIT_FILE                          ; table_background.mif ; Untyped                                                                 ;
; INIT_FILE_LAYOUT                   ; PORT_A               ; Untyped                                                                 ;
; MAXIMUM_DEPTH                      ; 0                    ; Untyped                                                                 ;
; CLOCK_ENABLE_INPUT_A               ; BYPASS               ; Untyped                                                                 ;
; CLOCK_ENABLE_INPUT_B               ; NORMAL               ; Untyped                                                                 ;
; CLOCK_ENABLE_OUTPUT_A              ; BYPASS               ; Untyped                                                                 ;
; CLOCK_ENABLE_OUTPUT_B              ; NORMAL               ; Untyped                                                                 ;
; CLOCK_ENABLE_CORE_A                ; USE_INPUT_CLKEN      ; Untyped                                                                 ;
; CLOCK_ENABLE_CORE_B                ; USE_INPUT_CLKEN      ; Untyped                                                                 ;
; ENABLE_ECC                         ; FALSE                ; Untyped                                                                 ;
; ECC_PIPELINE_STAGE_ENABLED         ; FALSE                ; Untyped                                                                 ;
; WIDTH_ECCSTATUS                    ; 3                    ; Untyped                                                                 ;
; DEVICE_FAMILY                      ; Cyclone V            ; Untyped                                                                 ;
; CBXI_PARAMETER                     ; altsyncram_5kp1      ; Untyped                                                                 ;
+------------------------------------+----------------------+-------------------------------------------------------------------------+
Note: In order to hide this table in the UI and the text report file, please set the "Show Parameter Settings in Synthesis Report" option in "Analysis and Synthesis Settings -> More Settings" to "Off".


+--------------------------------------------------------------------------------------------------------------------------------------------+
; Parameter Settings for User Entity Instance: vga_frame_driver:my_frame_driver|vga_frame:the_vga_draw_frame|altsyncram:altsyncram_component ;
+------------------------------------+----------------------+--------------------------------------------------------------------------------+
; Parameter Name                     ; Value                ; Type                                                                           ;
+------------------------------------+----------------------+--------------------------------------------------------------------------------+
; BYTE_SIZE_BLOCK                    ; 8                    ; Untyped                                                                        ;
; AUTO_CARRY_CHAINS                  ; ON                   ; AUTO_CARRY                                                                     ;
; IGNORE_CARRY_BUFFERS               ; OFF                  ; IGNORE_CARRY                                                                   ;
; AUTO_CASCADE_CHAINS                ; ON                   ; AUTO_CASCADE                                                                   ;
; IGNORE_CASCADE_BUFFERS             ; OFF                  ; IGNORE_CASCADE                                                                 ;
; WIDTH_BYTEENA                      ; 1                    ; Untyped                                                                        ;
; OPERATION_MODE                     ; SINGLE_PORT          ; Untyped                                                                        ;
; WIDTH_A                            ; 24                   ; Signed Integer                                                                 ;
; WIDTHAD_A                          ; 15                   ; Signed Integer                                                                 ;
; NUMWORDS_A                         ; 32768                ; Signed Integer                                                                 ;
; OUTDATA_REG_A                      ; UNREGISTERED         ; Untyped                                                                        ;
; ADDRESS_ACLR_A                     ; NONE                 ; Untyped                                                                        ;
; OUTDATA_ACLR_A                     ; NONE                 ; Untyped                                                                        ;
; WRCONTROL_ACLR_A                   ; NONE                 ; Untyped                                                                        ;
; INDATA_ACLR_A                      ; NONE                 ; Untyped                                                                        ;
; BYTEENA_ACLR_A                     ; NONE                 ; Untyped                                                                        ;
; WIDTH_B                            ; 1                    ; Untyped                                                                        ;
; WIDTHAD_B                          ; 1                    ; Untyped                                                                        ;
; NUMWORDS_B                         ; 1                    ; Untyped                                                                        ;
; INDATA_REG_B                       ; CLOCK1               ; Untyped                                                                        ;
; WRCONTROL_WRADDRESS_REG_B          ; CLOCK1               ; Untyped                                                                        ;
; RDCONTROL_REG_B                    ; CLOCK1               ; Untyped                                                                        ;
; ADDRESS_REG_B                      ; CLOCK1               ; Untyped                                                                        ;
; OUTDATA_REG_B                      ; UNREGISTERED         ; Untyped                                                                        ;
; BYTEENA_REG_B                      ; CLOCK1               ; Untyped                                                                        ;
; INDATA_ACLR_B                      ; NONE                 ; Untyped                                                                        ;
; WRCONTROL_ACLR_B                   ; NONE                 ; Untyped                                                                        ;
; ADDRESS_ACLR_B                     ; NONE                 ; Untyped                                                                        ;
; OUTDATA_ACLR_B                     ; NONE                 ; Untyped                                                                        ;
; RDCONTROL_ACLR_B                   ; NONE                 ; Untyped                                                                        ;
; BYTEENA_ACLR_B                     ; NONE                 ; Untyped                                                                        ;
; WIDTH_BYTEENA_A                    ; 1                    ; Signed Integer                                                                 ;
; WIDTH_BYTEENA_B                    ; 1                    ; Untyped                                                                        ;
; RAM_BLOCK_TYPE                     ; AUTO                 ; Untyped                                                                        ;
; BYTE_SIZE                          ; 8                    ; Untyped                                                                        ;
; READ_DURING_WRITE_MODE_MIXED_PORTS ; DONT_CARE            ; Untyped                                                                        ;
; READ_DURING_WRITE_MODE_PORT_A      ; NEW_DATA_NO_NBE_READ ; Untyped                                                                        ;
; READ_DURING_WRITE_MODE_PORT_B      ; NEW_DATA_NO_NBE_READ ; Untyped                                                                        ;
; INIT_FILE                          ; table_background.mif ; Untyped                                                                        ;
; INIT_FILE_LAYOUT                   ; PORT_A               ; Untyped                                                                        ;
; MAXIMUM_DEPTH                      ; 0                    ; Untyped                                                                        ;
; CLOCK_ENABLE_INPUT_A               ; BYPASS               ; Untyped                                                                        ;
; CLOCK_ENABLE_INPUT_B               ; NORMAL               ; Untyped                                                                        ;
; CLOCK_ENABLE_OUTPUT_A              ; BYPASS               ; Untyped                                                                        ;
; CLOCK_ENABLE_OUTPUT_B              ; NORMAL               ; Untyped                                                                        ;
; CLOCK_ENABLE_CORE_A                ; USE_INPUT_CLKEN      ; Untyped                                                                        ;
; CLOCK_ENABLE_CORE_B                ; USE_INPUT_CLKEN      ; Untyped                                                                        ;
; ENABLE_ECC                         ; FALSE                ; Untyped                                                                        ;
; ECC_PIPELINE_STAGE_ENABLED         ; FALSE                ; Untyped                                                                        ;
; WIDTH_ECCSTATUS                    ; 3                    ; Untyped                                                                        ;
; DEVICE_FAMILY                      ; Cyclone V            ; Untyped                                                                        ;
; CBXI_PARAMETER                     ; altsyncram_5kp1      ; Untyped                                                                        ;
+------------------------------------+----------------------+--------------------------------------------------------------------------------+
Note: In order to hide this table in the UI and the text report file, please set the "Show Parameter Settings in Synthesis Report" option in "Analysis and Synthesis Settings -> More Settings" to "Off".


+--------------------------------------------------------------------------------------------------+
; Parameter Settings for User Entity Instance: vga_frame_driver:my_frame_driver|vga_driver:the_vga ;
+----------------+----------------------------------+----------------------------------------------+
; Parameter Name ; Value                            ; Type                                         ;
+----------------+----------------------------------+----------------------------------------------+
; HA_END         ; 1001111111                       ; Unsigned Binary                              ;
; HS_STA         ; 00000000000000000000001010001111 ; Unsigned Binary                              ;
; HS_END         ; 00000000000000000000001011101111 ; Unsigned Binary                              ;
; WIDTH          ; 1100011111                       ; Unsigned Binary                              ;
; VA_END         ; 0111011111                       ; Unsigned Binary                              ;
; VS_STA         ; 00000000000000000000000111101001 ; Unsigned Binary                              ;
; VS_END         ; 00000000000000000000000111101011 ; Unsigned Binary                              ;
; HEIGHT         ; 1000001100                       ; Unsigned Binary                              ;
+----------------+----------------------------------+----------------------------------------------+
Note: In order to hide this table in the UI and the text report file, please set the "Show Parameter Settings in Synthesis Report" option in "Analysis and Synthesis Settings -> More Settings" to "Off".


+--------------------------------------------------------------------------------------------------------------------------------------------+
; Parameter Settings for Inferred Entity Instance: sld_signaltap:auto_signaltap_0                                                            ;
+-------------------------------------------------+-------------------------------------------------------------------------+----------------+
; Parameter Name                                  ; Value                                                                   ; Type           ;
+-------------------------------------------------+-------------------------------------------------------------------------+----------------+
; lpm_type                                        ; sld_signaltap                                                           ; String         ;
; sld_node_info                                   ; 805334528                                                               ; Untyped        ;
; SLD_SECTION_ID                                  ; hdl_signaltap_0                                                         ; String         ;
; SLD_IP_VERSION                                  ; 6                                                                       ; Signed Integer ;
; SLD_IP_MINOR_VERSION                            ; 0                                                                       ; Signed Integer ;
; SLD_COMMON_IP_VERSION                           ; 0                                                                       ; Signed Integer ;
; sld_data_bits                                   ; 16                                                                      ; Untyped        ;
; sld_trigger_bits                                ; 16                                                                      ; Untyped        ;
; SLD_NODE_CRC_BITS                               ; 32                                                                      ; Signed Integer ;
; SLD_NODE_CRC_HIWORD                             ; 41394                                                                   ; Signed Integer ;
; SLD_NODE_CRC_LOWORD                             ; 50132                                                                   ; Signed Integer ;
; sld_incremental_routing                         ; 1                                                                       ; Untyped        ;
; sld_sample_depth                                ; 512                                                                     ; Untyped        ;
; sld_segment_size                                ; 512                                                                     ; Untyped        ;
; sld_ram_block_type                              ; AUTO                                                                    ; Untyped        ;
; sld_state_bits                                  ; 11                                                                      ; Untyped        ;
; sld_buffer_full_stop                            ; 1                                                                       ; Untyped        ;
; SLD_MEM_ADDRESS_BITS                            ; 7                                                                       ; Signed Integer ;
; SLD_DATA_BIT_CNTR_BITS                          ; 4                                                                       ; Signed Integer ;
; sld_trigger_level                               ; 1                                                                       ; Untyped        ;
; sld_trigger_in_enabled                          ; 0                                                                       ; Untyped        ;
; SLD_HPS_TRIGGER_IN_ENABLED                      ; 0                                                                       ; Signed Integer ;
; SLD_HPS_TRIGGER_OUT_ENABLED                     ; 0                                                                       ; Signed Integer ;
; SLD_HPS_EVENT_ENABLED                           ; 0                                                                       ; Signed Integer ;
; SLD_HPS_EVENT_ID                                ; 0                                                                       ; Signed Integer ;
; sld_advanced_trigger_entity                     ; basic,1,                                                                ; Untyped        ;
; sld_trigger_level_pipeline                      ; 1                                                                       ; Untyped        ;
; sld_trigger_pipeline                            ; 0                                                                       ; Untyped        ;
; sld_ram_pipeline                                ; 0                                                                       ; Untyped        ;
; sld_counter_pipeline                            ; 0                                                                       ; Untyped        ;
; sld_enable_advanced_trigger                     ; 0                                                                       ; Untyped        ;
; SLD_ADVANCED_TRIGGER_1                          ; NONE                                                                    ; String         ;
; SLD_ADVANCED_TRIGGER_2                          ; NONE                                                                    ; String         ;
; SLD_ADVANCED_TRIGGER_3                          ; NONE                                                                    ; String         ;
; SLD_ADVANCED_TRIGGER_4                          ; NONE                                                                    ; String         ;
; SLD_ADVANCED_TRIGGER_5                          ; NONE                                                                    ; String         ;
; SLD_ADVANCED_TRIGGER_6                          ; NONE                                                                    ; String         ;
; SLD_ADVANCED_TRIGGER_7                          ; NONE                                                                    ; String         ;
; SLD_ADVANCED_TRIGGER_8                          ; NONE                                                                    ; String         ;
; SLD_ADVANCED_TRIGGER_9                          ; NONE                                                                    ; String         ;
; SLD_ADVANCED_TRIGGER_10                         ; NONE                                                                    ; String         ;
; sld_inversion_mask_length                       ; 71                                                                      ; Untyped        ;
; sld_inversion_mask                              ; 00000000000000000000000000000000000000000000000000000000000000000000000 ; Untyped        ;
; sld_power_up_trigger                            ; 0                                                                       ; Untyped        ;
; SLD_STATE_FLOW_MGR_ENTITY                       ; state_flow_mgr_entity.vhd                                               ; String         ;
; sld_state_flow_use_generated                    ; 0                                                                       ; Untyped        ;
; sld_current_resource_width                      ; 1                                                                       ; Untyped        ;
; sld_attribute_mem_mode                          ; OFF                                                                     ; Untyped        ;
; sld_storage_qualifier_bits                      ; 16                                                                      ; Untyped        ;
; SLD_STORAGE_QUALIFIER_GAP_RECORD                ; 0                                                                       ; Signed Integer ;
; SLD_STORAGE_QUALIFIER_MODE                      ; OFF                                                                     ; String         ;
; SLD_STORAGE_QUALIFIER_ENABLE_ADVANCED_CONDITION ; 0                                                                       ; Signed Integer ;
; sld_storage_qualifier_inversion_mask_length     ; 0                                                                       ; Untyped        ;
; SLD_STORAGE_QUALIFIER_ADVANCED_CONDITION_ENTITY ; basic                                                                   ; String         ;
; SLD_STORAGE_QUALIFIER_PIPELINE                  ; 0                                                                       ; Signed Integer ;
; SLD_CREATE_MONITOR_INTERFACE                    ; 0                                                                       ; Signed Integer ;
; SLD_USE_JTAG_SIGNAL_ADAPTER                     ; 1                                                                       ; Signed Integer ;
+-------------------------------------------------+-------------------------------------------------------------------------+----------------+
Note: In order to hide this table in the UI and the text report file, please set the "Show Parameter Settings in Synthesis Report" option in "Analysis and Synthesis Settings -> More Settings" to "Off".


+-------------------------------------------------------------------------------------------------------------------------------------------+
; altsyncram Parameter Settings by Entity Instance                                                                                          ;
+-------------------------------------------+-----------------------------------------------------------------------------------------------+
; Name                                      ; Value                                                                                         ;
+-------------------------------------------+-----------------------------------------------------------------------------------------------+
; Number of entity instances                ; 4                                                                                             ;
; Entity Instance                           ; card_controller:card1_controller|playing_card:card1|altsyncram:altsyncram_component           ;
;     -- OPERATION_MODE                     ; ROM                                                                                           ;
;     -- WIDTH_A                            ; 24                                                                                            ;
;     -- NUMWORDS_A                         ; 285                                                                                           ;
;     -- OUTDATA_REG_A                      ; UNREGISTERED                                                                                  ;
;     -- WIDTH_B                            ; 1                                                                                             ;
;     -- NUMWORDS_B                         ; 1                                                                                             ;
;     -- ADDRESS_REG_B                      ; CLOCK1                                                                                        ;
;     -- OUTDATA_REG_B                      ; UNREGISTERED                                                                                  ;
;     -- RAM_BLOCK_TYPE                     ; AUTO                                                                                          ;
;     -- READ_DURING_WRITE_MODE_MIXED_PORTS ; DONT_CARE                                                                                     ;
; Entity Instance                           ; vga_frame_driver:my_frame_driver|vga_frame:vga_memory0|altsyncram:altsyncram_component        ;
;     -- OPERATION_MODE                     ; SINGLE_PORT                                                                                   ;
;     -- WIDTH_A                            ; 24                                                                                            ;
;     -- NUMWORDS_A                         ; 32768                                                                                         ;
;     -- OUTDATA_REG_A                      ; UNREGISTERED                                                                                  ;
;     -- WIDTH_B                            ; 1                                                                                             ;
;     -- NUMWORDS_B                         ; 1                                                                                             ;
;     -- ADDRESS_REG_B                      ; CLOCK1                                                                                        ;
;     -- OUTDATA_REG_B                      ; UNREGISTERED                                                                                  ;
;     -- RAM_BLOCK_TYPE                     ; AUTO                                                                                          ;
;     -- READ_DURING_WRITE_MODE_MIXED_PORTS ; DONT_CARE                                                                                     ;
; Entity Instance                           ; vga_frame_driver:my_frame_driver|vga_frame:vga_memory1|altsyncram:altsyncram_component        ;
;     -- OPERATION_MODE                     ; SINGLE_PORT                                                                                   ;
;     -- WIDTH_A                            ; 24                                                                                            ;
;     -- NUMWORDS_A                         ; 32768                                                                                         ;
;     -- OUTDATA_REG_A                      ; UNREGISTERED                                                                                  ;
;     -- WIDTH_B                            ; 1                                                                                             ;
;     -- NUMWORDS_B                         ; 1                                                                                             ;
;     -- ADDRESS_REG_B                      ; CLOCK1                                                                                        ;
;     -- OUTDATA_REG_B                      ; UNREGISTERED                                                                                  ;
;     -- RAM_BLOCK_TYPE                     ; AUTO                                                                                          ;
;     -- READ_DURING_WRITE_MODE_MIXED_PORTS ; DONT_CARE                                                                                     ;
; Entity Instance                           ; vga_frame_driver:my_frame_driver|vga_frame:the_vga_draw_frame|altsyncram:altsyncram_component ;
;     -- OPERATION_MODE                     ; SINGLE_PORT                                                                                   ;
;     -- WIDTH_A                            ; 24                                                                                            ;
;     -- NUMWORDS_A                         ; 32768                                                                                         ;
;     -- OUTDATA_REG_A                      ; UNREGISTERED                                                                                  ;
;     -- WIDTH_B                            ; 1                                                                                             ;
;     -- NUMWORDS_B                         ; 1                                                                                             ;
;     -- ADDRESS_REG_B                      ; CLOCK1                                                                                        ;
;     -- OUTDATA_REG_B                      ; UNREGISTERED                                                                                  ;
;     -- RAM_BLOCK_TYPE                     ; AUTO                                                                                          ;
;     -- READ_DURING_WRITE_MODE_MIXED_PORTS ; DONT_CARE                                                                                     ;
+-------------------------------------------+-----------------------------------------------------------------------------------------------+


+-----------------------------------------------------------------------------------------------------------------------------------------------------------------------------------------------------------------+
; Port Connectivity Checks: "vga_frame_driver:my_frame_driver|vga_frame:the_vga_draw_frame"                                                                                                                       ;
+---------+-------+----------+------------------------------------------------------------------------------------------------------------------------------------------------------------------------------------+
; Port    ; Type  ; Severity ; Details                                                                                                                                                                            ;
+---------+-------+----------+------------------------------------------------------------------------------------------------------------------------------------------------------------------------------------+
; address ; Input ; Warning  ; Input port expression (16 bits) is wider than the input port (15 bits) it drives.  The 1 most-significant bit(s) in the expression will be dangling if they have no other fanouts. ;
+---------+-------+----------+------------------------------------------------------------------------------------------------------------------------------------------------------------------------------------+


+-----------------------------------------------------------------------------------------------------------------------------------------------------------------------------------------------------------------+
; Port Connectivity Checks: "vga_frame_driver:my_frame_driver|vga_frame:vga_memory1"                                                                                                                              ;
+---------+-------+----------+------------------------------------------------------------------------------------------------------------------------------------------------------------------------------------+
; Port    ; Type  ; Severity ; Details                                                                                                                                                                            ;
+---------+-------+----------+------------------------------------------------------------------------------------------------------------------------------------------------------------------------------------+
; address ; Input ; Warning  ; Input port expression (16 bits) is wider than the input port (15 bits) it drives.  The 1 most-significant bit(s) in the expression will be dangling if they have no other fanouts. ;
+---------+-------+----------+------------------------------------------------------------------------------------------------------------------------------------------------------------------------------------+


+-----------------------------------------------------------------------------------------------------------------------------------------------------------------------------------------------------------------+
; Port Connectivity Checks: "vga_frame_driver:my_frame_driver|vga_frame:vga_memory0"                                                                                                                              ;
+---------+-------+----------+------------------------------------------------------------------------------------------------------------------------------------------------------------------------------------+
; Port    ; Type  ; Severity ; Details                                                                                                                                                                            ;
+---------+-------+----------+------------------------------------------------------------------------------------------------------------------------------------------------------------------------------------+
; address ; Input ; Warning  ; Input port expression (16 bits) is wider than the input port (15 bits) it drives.  The 1 most-significant bit(s) in the expression will be dangling if they have no other fanouts. ;
+---------+-------+----------+------------------------------------------------------------------------------------------------------------------------------------------------------------------------------------+


+-------------------------------------------------------------------------------------------------------------------------+
; Port Connectivity Checks: "vga_frame_driver:my_frame_driver"                                                            ;
+---------------+--------+----------+-------------------------------------------------------------------------------------+
; Port          ; Type   ; Severity ; Details                                                                             ;
+---------------+--------+----------+-------------------------------------------------------------------------------------+
; active_pixels ; Output ; Info     ; Connected to dangling logic. Logic that only feeds a dangling port will be removed. ;
; frame_done    ; Output ; Info     ; Connected to dangling logic. Logic that only feeds a dangling port will be removed. ;
; x             ; Output ; Info     ; Connected to dangling logic. Logic that only feeds a dangling port will be removed. ;
; y             ; Output ; Info     ; Connected to dangling logic. Logic that only feeds a dangling port will be removed. ;
+---------------+--------+----------+-------------------------------------------------------------------------------------+


+--------------------------------------------------------------+
; Port Connectivity Checks: "card_controller:card1_controller" ;
+----------------+-------+----------+--------------------------+
; Port           ; Type  ; Severity ; Details                  ;
+----------------+-------+----------+--------------------------+
; target_x[9..6] ; Input ; Info     ; Stuck at GND             ;
; target_x[4..2] ; Input ; Info     ; Stuck at GND             ;
; target_x[5]    ; Input ; Info     ; Stuck at VCC             ;
; target_x[1]    ; Input ; Info     ; Stuck at VCC             ;
; target_x[0]    ; Input ; Info     ; Stuck at GND             ;
; target_y[1..0] ; Input ; Info     ; Stuck at VCC             ;
; target_y[9..6] ; Input ; Info     ; Stuck at GND             ;
; target_y[5]    ; Input ; Info     ; Stuck at VCC             ;
; target_y[4]    ; Input ; Info     ; Stuck at GND             ;
; target_y[3]    ; Input ; Info     ; Stuck at VCC             ;
; target_y[2]    ; Input ; Info     ; Stuck at GND             ;
+----------------+-------+----------+--------------------------+


+----------------------------------------------------------------------------------------------------------------------------------------------------------------------------+
; Port Connectivity Checks: "debounce_switches:db"                                                                                                                           ;
+-------+--------+----------+------------------------------------------------------------------------------------------------------------------------------------------------+
; Port  ; Type   ; Severity ; Details                                                                                                                                        ;
+-------+--------+----------+------------------------------------------------------------------------------------------------------------------------------------------------+
; SW    ; Input  ; Warning  ; Input port expression (10 bits) is smaller than the input port (18 bits) it drives.  Extra input bit(s) "SW[17..10]" will be connected to GND. ;
; SW_db ; Output ; Warning  ; Output or bidir port (18 bits) is wider than the port expression (10 bits) it drives; bit(s) "SW_db[17..10]" have no fanouts                   ;
; SW_db ; Output ; Info     ; Connected to dangling logic. Logic that only feeds a dangling port will be removed.                                                            ;
+-------+--------+----------+------------------------------------------------------------------------------------------------------------------------------------------------+


+-------------------------------------------------------------------------------------------------------------------------------------------------------------------------------------------------------------------------------------------------------------------------+
; Signal Tap Logic Analyzer Settings                                                                                                                                                                                                                                      ;
+----------------+------------------+---------------------+------------------+--------------+----------+------------------------+----------------------+--------------------+-----------------------------+-----------------+------------------+--------------------------+
; Instance Index ; Instance Name    ; Trigger Input Width ; Data Input Width ; Sample Depth ; Segments ; Storage Qualifier Type ; Trigger Flow Control ; Trigger Conditions ; Advanced Trigger Conditions ; Trigger In Used ; Trigger Out Used ; Power-Up Trigger Enabled ;
+----------------+------------------+---------------------+------------------+--------------+----------+------------------------+----------------------+--------------------+-----------------------------+-----------------+------------------+--------------------------+
; 0              ; auto_signaltap_0 ; 16                  ; 16               ; 512          ; 1        ; continuous             ; sequential           ; 1                  ; 0                           ; no              ; no               ; no                       ;
+----------------+------------------+---------------------+------------------+--------------+----------+------------------------+----------------------+--------------------+-----------------------------+-----------------+------------------+--------------------------+


+-----------------------------------------------------+
; Post-Synthesis Netlist Statistics for Top Partition ;
+-----------------------+-----------------------------+
; Type                  ; Count                       ;
+-----------------------+-----------------------------+
; arriav_ff             ; 164                         ;
;     CLR               ; 34                          ;
;     CLR SLD           ; 2                           ;
;     ENA               ; 15                          ;
;     ENA CLR           ; 24                          ;
;     ENA CLR SCLR      ; 68                          ;
;     ENA CLR SLD       ; 15                          ;
;     plain             ; 6                           ;
; arriav_lcell_comb     ; 428                         ;
;     arith             ; 62                          ;
;         0 data inputs ; 1                           ;
;         1 data inputs ; 50                          ;
;         2 data inputs ; 11                          ;
;     normal            ; 327                         ;
;         0 data inputs ; 2                           ;
;         1 data inputs ; 2                           ;
;         2 data inputs ; 103                         ;
;         3 data inputs ; 55                          ;
;         4 data inputs ; 23                          ;
;         5 data inputs ; 49                          ;
;         6 data inputs ; 93                          ;
;     shared            ; 39                          ;
;         1 data inputs ; 20                          ;
;         2 data inputs ; 9                           ;
;         3 data inputs ; 8                           ;
;         4 data inputs ; 2                           ;
; arriav_mac            ; 1                           ;
; boundary_port         ; 97                          ;
; stratixv_ram_block    ; 312                         ;
;                       ;                             ;
; Max LUT depth         ; 3.90                        ;
; Average LUT depth     ; 1.80                        ;
+-----------------------+-----------------------------+


+-------------------------------+
; Elapsed Time Per Partition    ;
+----------------+--------------+
; Partition Name ; Elapsed Time ;
+----------------+--------------+
; Top            ; 00:00:00     ;
+----------------+--------------+


+--------------------------------------------------------------------------------------------------------------------------------------------------------------------------------------------------------------------------------------------------+
; Connections to In-System Debugging Instance "auto_signaltap_0"                                                                                                                                                                                   ;
+---------------------------------------------------------------------------+---------------+-----------+--------------------------------+-------------------+---------------------------------------------------------------------------+---------+
; Name                                                                      ; Type          ; Status    ; Partition Name                 ; Netlist Type Used ; Actual Connection                                                         ; Details ;
+---------------------------------------------------------------------------+---------------+-----------+--------------------------------+-------------------+---------------------------------------------------------------------------+---------+
; CLOCK_50                                                                  ; pre-synthesis ; connected ; Top                            ; post-synthesis    ; CLOCK_50                                                                  ; N/A     ;
; KEY[1]                                                                    ; pre-synthesis ; connected ; Top                            ; post-synthesis    ; KEY[1]                                                                    ; N/A     ;
; KEY[1]                                                                    ; pre-synthesis ; connected ; Top                            ; post-synthesis    ; KEY[1]                                                                    ; N/A     ;
; card_controller:card1_controller|the_vga_draw_frame_write_mem_address[0]  ; pre-synthesis ; connected ; Top                            ; post-synthesis    ; card_controller:card1_controller|the_vga_draw_frame_write_mem_address[0]  ; N/A     ;
; card_controller:card1_controller|the_vga_draw_frame_write_mem_address[0]  ; pre-synthesis ; connected ; Top                            ; post-synthesis    ; card_controller:card1_controller|the_vga_draw_frame_write_mem_address[0]  ; N/A     ;
; card_controller:card1_controller|the_vga_draw_frame_write_mem_address[10] ; pre-synthesis ; connected ; Top                            ; post-synthesis    ; card_controller:card1_controller|the_vga_draw_frame_write_mem_address[10] ; N/A     ;
; card_controller:card1_controller|the_vga_draw_frame_write_mem_address[10] ; pre-synthesis ; connected ; Top                            ; post-synthesis    ; card_controller:card1_controller|the_vga_draw_frame_write_mem_address[10] ; N/A     ;
; card_controller:card1_controller|the_vga_draw_frame_write_mem_address[11] ; pre-synthesis ; connected ; Top                            ; post-synthesis    ; card_controller:card1_controller|the_vga_draw_frame_write_mem_address[11] ; N/A     ;
; card_controller:card1_controller|the_vga_draw_frame_write_mem_address[11] ; pre-synthesis ; connected ; Top                            ; post-synthesis    ; card_controller:card1_controller|the_vga_draw_frame_write_mem_address[11] ; N/A     ;
; card_controller:card1_controller|the_vga_draw_frame_write_mem_address[12] ; pre-synthesis ; connected ; Top                            ; post-synthesis    ; card_controller:card1_controller|the_vga_draw_frame_write_mem_address[12] ; N/A     ;
; card_controller:card1_controller|the_vga_draw_frame_write_mem_address[12] ; pre-synthesis ; connected ; Top                            ; post-synthesis    ; card_controller:card1_controller|the_vga_draw_frame_write_mem_address[12] ; N/A     ;
; card_controller:card1_controller|the_vga_draw_frame_write_mem_address[13] ; pre-synthesis ; connected ; Top                            ; post-synthesis    ; card_controller:card1_controller|the_vga_draw_frame_write_mem_address[13] ; N/A     ;
; card_controller:card1_controller|the_vga_draw_frame_write_mem_address[13] ; pre-synthesis ; connected ; Top                            ; post-synthesis    ; card_controller:card1_controller|the_vga_draw_frame_write_mem_address[13] ; N/A     ;
; card_controller:card1_controller|the_vga_draw_frame_write_mem_address[14] ; pre-synthesis ; connected ; Top                            ; post-synthesis    ; card_controller:card1_controller|the_vga_draw_frame_write_mem_address[14] ; N/A     ;
; card_controller:card1_controller|the_vga_draw_frame_write_mem_address[14] ; pre-synthesis ; connected ; Top                            ; post-synthesis    ; card_controller:card1_controller|the_vga_draw_frame_write_mem_address[14] ; N/A     ;
; card_controller:card1_controller|the_vga_draw_frame_write_mem_address[1]  ; pre-synthesis ; connected ; Top                            ; post-synthesis    ; card_controller:card1_controller|the_vga_draw_frame_write_mem_address[1]  ; N/A     ;
; card_controller:card1_controller|the_vga_draw_frame_write_mem_address[1]  ; pre-synthesis ; connected ; Top                            ; post-synthesis    ; card_controller:card1_controller|the_vga_draw_frame_write_mem_address[1]  ; N/A     ;
; card_controller:card1_controller|the_vga_draw_frame_write_mem_address[2]  ; pre-synthesis ; connected ; Top                            ; post-synthesis    ; card_controller:card1_controller|the_vga_draw_frame_write_mem_address[2]  ; N/A     ;
; card_controller:card1_controller|the_vga_draw_frame_write_mem_address[2]  ; pre-synthesis ; connected ; Top                            ; post-synthesis    ; card_controller:card1_controller|the_vga_draw_frame_write_mem_address[2]  ; N/A     ;
; card_controller:card1_controller|the_vga_draw_frame_write_mem_address[3]  ; pre-synthesis ; connected ; Top                            ; post-synthesis    ; card_controller:card1_controller|the_vga_draw_frame_write_mem_address[3]  ; N/A     ;
; card_controller:card1_controller|the_vga_draw_frame_write_mem_address[3]  ; pre-synthesis ; connected ; Top                            ; post-synthesis    ; card_controller:card1_controller|the_vga_draw_frame_write_mem_address[3]  ; N/A     ;
; card_controller:card1_controller|the_vga_draw_frame_write_mem_address[4]  ; pre-synthesis ; connected ; Top                            ; post-synthesis    ; card_controller:card1_controller|the_vga_draw_frame_write_mem_address[4]  ; N/A     ;
; card_controller:card1_controller|the_vga_draw_frame_write_mem_address[4]  ; pre-synthesis ; connected ; Top                            ; post-synthesis    ; card_controller:card1_controller|the_vga_draw_frame_write_mem_address[4]  ; N/A     ;
; card_controller:card1_controller|the_vga_draw_frame_write_mem_address[5]  ; pre-synthesis ; connected ; Top                            ; post-synthesis    ; card_controller:card1_controller|the_vga_draw_frame_write_mem_address[5]  ; N/A     ;
; card_controller:card1_controller|the_vga_draw_frame_write_mem_address[5]  ; pre-synthesis ; connected ; Top                            ; post-synthesis    ; card_controller:card1_controller|the_vga_draw_frame_write_mem_address[5]  ; N/A     ;
; card_controller:card1_controller|the_vga_draw_frame_write_mem_address[6]  ; pre-synthesis ; connected ; Top                            ; post-synthesis    ; card_controller:card1_controller|the_vga_draw_frame_write_mem_address[6]  ; N/A     ;
; card_controller:card1_controller|the_vga_draw_frame_write_mem_address[6]  ; pre-synthesis ; connected ; Top                            ; post-synthesis    ; card_controller:card1_controller|the_vga_draw_frame_write_mem_address[6]  ; N/A     ;
; card_controller:card1_controller|the_vga_draw_frame_write_mem_address[7]  ; pre-synthesis ; connected ; Top                            ; post-synthesis    ; card_controller:card1_controller|the_vga_draw_frame_write_mem_address[7]  ; N/A     ;
; card_controller:card1_controller|the_vga_draw_frame_write_mem_address[7]  ; pre-synthesis ; connected ; Top                            ; post-synthesis    ; card_controller:card1_controller|the_vga_draw_frame_write_mem_address[7]  ; N/A     ;
; card_controller:card1_controller|the_vga_draw_frame_write_mem_address[8]  ; pre-synthesis ; connected ; Top                            ; post-synthesis    ; card_controller:card1_controller|the_vga_draw_frame_write_mem_address[8]  ; N/A     ;
; card_controller:card1_controller|the_vga_draw_frame_write_mem_address[8]  ; pre-synthesis ; connected ; Top                            ; post-synthesis    ; card_controller:card1_controller|the_vga_draw_frame_write_mem_address[8]  ; N/A     ;
; card_controller:card1_controller|the_vga_draw_frame_write_mem_address[9]  ; pre-synthesis ; connected ; Top                            ; post-synthesis    ; card_controller:card1_controller|the_vga_draw_frame_write_mem_address[9]  ; N/A     ;
; card_controller:card1_controller|the_vga_draw_frame_write_mem_address[9]  ; pre-synthesis ; connected ; Top                            ; post-synthesis    ; card_controller:card1_controller|the_vga_draw_frame_write_mem_address[9]  ; N/A     ;
; auto_signaltap_0|gnd                                                      ; post-fitting  ; connected ; sld_signaltap:auto_signaltap_0 ; post-synthesis    ; sld_signaltap:auto_signaltap_0|~GND                                       ; N/A     ;
; auto_signaltap_0|gnd                                                      ; post-fitting  ; connected ; sld_signaltap:auto_signaltap_0 ; post-synthesis    ; sld_signaltap:auto_signaltap_0|~GND                                       ; N/A     ;
; auto_signaltap_0|gnd                                                      ; post-fitting  ; connected ; sld_signaltap:auto_signaltap_0 ; post-synthesis    ; sld_signaltap:auto_signaltap_0|~GND                                       ; N/A     ;
; auto_signaltap_0|gnd                                                      ; post-fitting  ; connected ; sld_signaltap:auto_signaltap_0 ; post-synthesis    ; sld_signaltap:auto_signaltap_0|~GND                                       ; N/A     ;
; auto_signaltap_0|gnd                                                      ; post-fitting  ; connected ; sld_signaltap:auto_signaltap_0 ; post-synthesis    ; sld_signaltap:auto_signaltap_0|~GND                                       ; N/A     ;
; auto_signaltap_0|gnd                                                      ; post-fitting  ; connected ; sld_signaltap:auto_signaltap_0 ; post-synthesis    ; sld_signaltap:auto_signaltap_0|~GND                                       ; N/A     ;
; auto_signaltap_0|gnd                                                      ; post-fitting  ; connected ; sld_signaltap:auto_signaltap_0 ; post-synthesis    ; sld_signaltap:auto_signaltap_0|~GND                                       ; N/A     ;
; auto_signaltap_0|gnd                                                      ; post-fitting  ; connected ; sld_signaltap:auto_signaltap_0 ; post-synthesis    ; sld_signaltap:auto_signaltap_0|~GND                                       ; N/A     ;
; auto_signaltap_0|gnd                                                      ; post-fitting  ; connected ; sld_signaltap:auto_signaltap_0 ; post-synthesis    ; sld_signaltap:auto_signaltap_0|~GND                                       ; N/A     ;
; auto_signaltap_0|gnd                                                      ; post-fitting  ; connected ; sld_signaltap:auto_signaltap_0 ; post-synthesis    ; sld_signaltap:auto_signaltap_0|~GND                                       ; N/A     ;
; auto_signaltap_0|gnd                                                      ; post-fitting  ; connected ; sld_signaltap:auto_signaltap_0 ; post-synthesis    ; sld_signaltap:auto_signaltap_0|~GND                                       ; N/A     ;
; auto_signaltap_0|gnd                                                      ; post-fitting  ; connected ; sld_signaltap:auto_signaltap_0 ; post-synthesis    ; sld_signaltap:auto_signaltap_0|~GND                                       ; N/A     ;
; auto_signaltap_0|gnd                                                      ; post-fitting  ; connected ; sld_signaltap:auto_signaltap_0 ; post-synthesis    ; sld_signaltap:auto_signaltap_0|~GND                                       ; N/A     ;
; auto_signaltap_0|gnd                                                      ; post-fitting  ; connected ; sld_signaltap:auto_signaltap_0 ; post-synthesis    ; sld_signaltap:auto_signaltap_0|~GND                                       ; N/A     ;
; auto_signaltap_0|gnd                                                      ; post-fitting  ; connected ; sld_signaltap:auto_signaltap_0 ; post-synthesis    ; sld_signaltap:auto_signaltap_0|~GND                                       ; N/A     ;
; auto_signaltap_0|gnd                                                      ; post-fitting  ; connected ; sld_signaltap:auto_signaltap_0 ; post-synthesis    ; sld_signaltap:auto_signaltap_0|~GND                                       ; N/A     ;
; auto_signaltap_0|gnd                                                      ; post-fitting  ; connected ; sld_signaltap:auto_signaltap_0 ; post-synthesis    ; sld_signaltap:auto_signaltap_0|~GND                                       ; N/A     ;
; auto_signaltap_0|vcc                                                      ; post-fitting  ; connected ; sld_signaltap:auto_signaltap_0 ; post-synthesis    ; sld_signaltap:auto_signaltap_0|~VCC                                       ; N/A     ;
; auto_signaltap_0|vcc                                                      ; post-fitting  ; connected ; sld_signaltap:auto_signaltap_0 ; post-synthesis    ; sld_signaltap:auto_signaltap_0|~VCC                                       ; N/A     ;
; auto_signaltap_0|vcc                                                      ; post-fitting  ; connected ; sld_signaltap:auto_signaltap_0 ; post-synthesis    ; sld_signaltap:auto_signaltap_0|~VCC                                       ; N/A     ;
; auto_signaltap_0|vcc                                                      ; post-fitting  ; connected ; sld_signaltap:auto_signaltap_0 ; post-synthesis    ; sld_signaltap:auto_signaltap_0|~VCC                                       ; N/A     ;
; auto_signaltap_0|vcc                                                      ; post-fitting  ; connected ; sld_signaltap:auto_signaltap_0 ; post-synthesis    ; sld_signaltap:auto_signaltap_0|~VCC                                       ; N/A     ;
; auto_signaltap_0|vcc                                                      ; post-fitting  ; connected ; sld_signaltap:auto_signaltap_0 ; post-synthesis    ; sld_signaltap:auto_signaltap_0|~VCC                                       ; N/A     ;
; auto_signaltap_0|vcc                                                      ; post-fitting  ; connected ; sld_signaltap:auto_signaltap_0 ; post-synthesis    ; sld_signaltap:auto_signaltap_0|~VCC                                       ; N/A     ;
; auto_signaltap_0|vcc                                                      ; post-fitting  ; connected ; sld_signaltap:auto_signaltap_0 ; post-synthesis    ; sld_signaltap:auto_signaltap_0|~VCC                                       ; N/A     ;
; auto_signaltap_0|vcc                                                      ; post-fitting  ; connected ; sld_signaltap:auto_signaltap_0 ; post-synthesis    ; sld_signaltap:auto_signaltap_0|~VCC                                       ; N/A     ;
; auto_signaltap_0|vcc                                                      ; post-fitting  ; connected ; sld_signaltap:auto_signaltap_0 ; post-synthesis    ; sld_signaltap:auto_signaltap_0|~VCC                                       ; N/A     ;
; auto_signaltap_0|vcc                                                      ; post-fitting  ; connected ; sld_signaltap:auto_signaltap_0 ; post-synthesis    ; sld_signaltap:auto_signaltap_0|~VCC                                       ; N/A     ;
; auto_signaltap_0|vcc                                                      ; post-fitting  ; connected ; sld_signaltap:auto_signaltap_0 ; post-synthesis    ; sld_signaltap:auto_signaltap_0|~VCC                                       ; N/A     ;
; auto_signaltap_0|vcc                                                      ; post-fitting  ; connected ; sld_signaltap:auto_signaltap_0 ; post-synthesis    ; sld_signaltap:auto_signaltap_0|~VCC                                       ; N/A     ;
; auto_signaltap_0|vcc                                                      ; post-fitting  ; connected ; sld_signaltap:auto_signaltap_0 ; post-synthesis    ; sld_signaltap:auto_signaltap_0|~VCC                                       ; N/A     ;
; auto_signaltap_0|vcc                                                      ; post-fitting  ; connected ; sld_signaltap:auto_signaltap_0 ; post-synthesis    ; sld_signaltap:auto_signaltap_0|~VCC                                       ; N/A     ;
+---------------------------------------------------------------------------+---------------+-----------+--------------------------------+-------------------+---------------------------------------------------------------------------+---------+


+-------------------------------+
; Analysis & Synthesis Messages ;
+-------------------------------+
Info: *******************************************************************
Info: Running Quartus Prime Analysis & Synthesis
    Info: Version 23.1std.1 Build 993 05/14/2024 SC Lite Edition
    Info: Processing started: Wed Dec  3 20:51:38 2025
Info: Command: quartus_map --read_settings_files=on --write_settings_files=off black_jack -c black_jack
Info (20030): Parallel compilation is enabled and will use 16 of the 20 processors detected
Info (12021): Found 1 design units, including 1 entities, in source file card_controller.v
    Info (12023): Found entity 1: card_controller File: D:/ECE_287/Final_Project/Black_Jack/card_controller.v Line: 3
Info (12021): Found 1 design units, including 1 entities, in source file vga_frame.v
    Info (12023): Found entity 1: vga_frame File: D:/ECE_287/Final_Project/Black_Jack/vga_frame.v Line: 40
Info (12021): Found 1 design units, including 1 entities, in source file vga_frame_driver.v
    Info (12023): Found entity 1: vga_frame_driver File: D:/ECE_287/Final_Project/Black_Jack/vga_frame_driver.v Line: 3
Info (12021): Found 1 design units, including 1 entities, in source file vga_driver.v
    Info (12023): Found entity 1: vga_driver File: D:/ECE_287/Final_Project/Black_Jack/vga_driver.v Line: 11
Info (12021): Found 2 design units, including 2 entities, in source file debounce.v
    Info (12023): Found entity 1: debounce_switches File: D:/ECE_287/Final_Project/Black_Jack/debounce.v Line: 3
    Info (12023): Found entity 2: debounce File: D:/ECE_287/Final_Project/Black_Jack/debounce.v Line: 31
Info (12021): Found 1 design units, including 1 entities, in source file black_jack.v
    Info (12023): Found entity 1: black_jack File: D:/ECE_287/Final_Project/Black_Jack/black_jack.v Line: 1
Info (12021): Found 1 design units, including 1 entities, in source file playing_card.v
    Info (12023): Found entity 1: playing_card File: D:/ECE_287/Final_Project/Black_Jack/playing_card.v Line: 40
Info (12127): Elaborating entity "black_jack" for the top level hierarchy
Warning (10036): Verilog HDL or VHDL warning at black_jack.v(124): object "xb_card1" assigned a value but never read File: D:/ECE_287/Final_Project/Black_Jack/black_jack.v Line: 124
Warning (10036): Verilog HDL or VHDL warning at black_jack.v(125): object "yb_card1" assigned a value but never read File: D:/ECE_287/Final_Project/Black_Jack/black_jack.v Line: 125
Warning (10036): Verilog HDL or VHDL warning at black_jack.v(127): object "xe_card1" assigned a value but never read File: D:/ECE_287/Final_Project/Black_Jack/black_jack.v Line: 127
Warning (10036): Verilog HDL or VHDL warning at black_jack.v(128): object "ye_card1" assigned a value but never read File: D:/ECE_287/Final_Project/Black_Jack/black_jack.v Line: 128
Warning (10036): Verilog HDL or VHDL warning at black_jack.v(130): object "card1_position" assigned a value but never read File: D:/ECE_287/Final_Project/Black_Jack/black_jack.v Line: 130
Warning (10034): Output port "LEDR" at black_jack.v(56) has no driver File: D:/ECE_287/Final_Project/Black_Jack/black_jack.v Line: 56
Info (12128): Elaborating entity "debounce_switches" for hierarchy "debounce_switches:db" File: D:/ECE_287/Final_Project/Black_Jack/black_jack.v Line: 113
Info (12128): Elaborating entity "debounce" for hierarchy "debounce_switches:db|debounce:db0" File: D:/ECE_287/Final_Project/Black_Jack/debounce.v Line: 10
Info (10264): Verilog HDL Case Statement information at debounce.v(61): all case item expressions in this case statement are onehot File: D:/ECE_287/Final_Project/Black_Jack/debounce.v Line: 61
Info (10264): Verilog HDL Case Statement information at debounce.v(97): all case item expressions in this case statement are onehot File: D:/ECE_287/Final_Project/Black_Jack/debounce.v Line: 97
Info (12128): Elaborating entity "card_controller" for hierarchy "card_controller:card1_controller" File: D:/ECE_287/Final_Project/Black_Jack/black_jack.v Line: 159
Warning (10036): Verilog HDL or VHDL warning at card_controller.v(31): object "xb_card1" assigned a value but never read File: D:/ECE_287/Final_Project/Black_Jack/card_controller.v Line: 31
Warning (10036): Verilog HDL or VHDL warning at card_controller.v(32): object "yb_card1" assigned a value but never read File: D:/ECE_287/Final_Project/Black_Jack/card_controller.v Line: 32
Warning (10036): Verilog HDL or VHDL warning at card_controller.v(34): object "xe_card1" assigned a value but never read File: D:/ECE_287/Final_Project/Black_Jack/card_controller.v Line: 34
Warning (10036): Verilog HDL or VHDL warning at card_controller.v(35): object "ye_card1" assigned a value but never read File: D:/ECE_287/Final_Project/Black_Jack/card_controller.v Line: 35
Warning (10036): Verilog HDL or VHDL warning at card_controller.v(57): object "idx_location" assigned a value but never read File: D:/ECE_287/Final_Project/Black_Jack/card_controller.v Line: 57
Warning (10230): Verilog HDL assignment warning at card_controller.v(213): truncated value with size 16 to match size of target (9) File: D:/ECE_287/Final_Project/Black_Jack/card_controller.v Line: 213
Warning (10230): Verilog HDL assignment warning at card_controller.v(216): truncated value with size 16 to match size of target (15) File: D:/ECE_287/Final_Project/Black_Jack/card_controller.v Line: 216
Warning (10230): Verilog HDL assignment warning at card_controller.v(250): truncated value with size 32 to match size of target (10) File: D:/ECE_287/Final_Project/Black_Jack/card_controller.v Line: 250
Warning (10230): Verilog HDL assignment warning at card_controller.v(257): truncated value with size 32 to match size of target (10) File: D:/ECE_287/Final_Project/Black_Jack/card_controller.v Line: 257
Info (12128): Elaborating entity "playing_card" for hierarchy "card_controller:card1_controller|playing_card:card1" File: D:/ECE_287/Final_Project/Black_Jack/card_controller.v Line: 280
Info (12128): Elaborating entity "altsyncram" for hierarchy "card_controller:card1_controller|playing_card:card1|altsyncram:altsyncram_component" File: D:/ECE_287/Final_Project/Black_Jack/playing_card.v Line: 82
Info (12130): Elaborated megafunction instantiation "card_controller:card1_controller|playing_card:card1|altsyncram:altsyncram_component" File: D:/ECE_287/Final_Project/Black_Jack/playing_card.v Line: 82
Info (12133): Instantiated megafunction "card_controller:card1_controller|playing_card:card1|altsyncram:altsyncram_component" with the following parameter: File: D:/ECE_287/Final_Project/Black_Jack/playing_card.v Line: 82
    Info (12134): Parameter "address_aclr_a" = "NONE"
    Info (12134): Parameter "clock_enable_input_a" = "BYPASS"
    Info (12134): Parameter "clock_enable_output_a" = "BYPASS"
    Info (12134): Parameter "init_file" = "../card_asset.mif"
    Info (12134): Parameter "intended_device_family" = "Cyclone V"
    Info (12134): Parameter "lpm_hint" = "ENABLE_RUNTIME_MOD=NO"
    Info (12134): Parameter "lpm_type" = "altsyncram"
    Info (12134): Parameter "numwords_a" = "285"
    Info (12134): Parameter "operation_mode" = "ROM"
    Info (12134): Parameter "outdata_aclr_a" = "NONE"
    Info (12134): Parameter "outdata_reg_a" = "UNREGISTERED"
    Info (12134): Parameter "widthad_a" = "9"
    Info (12134): Parameter "width_a" = "24"
    Info (12134): Parameter "width_byteena_a" = "1"
Info (12021): Found 1 design units, including 1 entities, in source file db/altsyncram_qng1.tdf
    Info (12023): Found entity 1: altsyncram_qng1 File: D:/ECE_287/Final_Project/Black_Jack/db/altsyncram_qng1.tdf Line: 28
Info (12128): Elaborating entity "altsyncram_qng1" for hierarchy "card_controller:card1_controller|playing_card:card1|altsyncram:altsyncram_component|altsyncram_qng1:auto_generated" File: c:/intelfpga_lite/23.1std/quartus/libraries/megafunctions/altsyncram.tdf Line: 792
Info (12128): Elaborating entity "vga_frame_driver" for hierarchy "vga_frame_driver:my_frame_driver" File: D:/ECE_287/Final_Project/Black_Jack/black_jack.v Line: 184
Info (10264): Verilog HDL Case Statement information at vga_frame_driver.v(159): all case item expressions in this case statement are onehot File: D:/ECE_287/Final_Project/Black_Jack/vga_frame_driver.v Line: 159
Warning (10230): Verilog HDL assignment warning at vga_frame_driver.v(209): truncated value with size 24 to match size of target (15) File: D:/ECE_287/Final_Project/Black_Jack/vga_frame_driver.v Line: 209
Warning (10230): Verilog HDL assignment warning at vga_frame_driver.v(219): truncated value with size 24 to match size of target (15) File: D:/ECE_287/Final_Project/Black_Jack/vga_frame_driver.v Line: 219
Warning (10230): Verilog HDL assignment warning at vga_frame_driver.v(251): truncated value with size 16 to match size of target (15) File: D:/ECE_287/Final_Project/Black_Jack/vga_frame_driver.v Line: 251
Info (10264): Verilog HDL Case Statement information at vga_frame_driver.v(216): all case item expressions in this case statement are onehot File: D:/ECE_287/Final_Project/Black_Jack/vga_frame_driver.v Line: 216
Info (12128): Elaborating entity "vga_frame" for hierarchy "vga_frame_driver:my_frame_driver|vga_frame:vga_memory0" File: D:/ECE_287/Final_Project/Black_Jack/vga_frame_driver.v Line: 53
Info (12128): Elaborating entity "altsyncram" for hierarchy "vga_frame_driver:my_frame_driver|vga_frame:vga_memory0|altsyncram:altsyncram_component" File: D:/ECE_287/Final_Project/Black_Jack/vga_frame.v Line: 86
Info (12130): Elaborated megafunction instantiation "vga_frame_driver:my_frame_driver|vga_frame:vga_memory0|altsyncram:altsyncram_component" File: D:/ECE_287/Final_Project/Black_Jack/vga_frame.v Line: 86
Info (12133): Instantiated megafunction "vga_frame_driver:my_frame_driver|vga_frame:vga_memory0|altsyncram:altsyncram_component" with the following parameter: File: D:/ECE_287/Final_Project/Black_Jack/vga_frame.v Line: 86
    Info (12134): Parameter "clock_enable_input_a" = "BYPASS"
    Info (12134): Parameter "clock_enable_output_a" = "BYPASS"
    Info (12134): Parameter "init_file" = "table_background.mif"
    Info (12134): Parameter "intended_device_family" = "Cyclone V"
    Info (12134): Parameter "lpm_hint" = "ENABLE_RUNTIME_MOD=NO"
    Info (12134): Parameter "lpm_type" = "altsyncram"
    Info (12134): Parameter "numwords_a" = "32768"
    Info (12134): Parameter "operation_mode" = "SINGLE_PORT"
    Info (12134): Parameter "outdata_aclr_a" = "NONE"
    Info (12134): Parameter "outdata_reg_a" = "UNREGISTERED"
    Info (12134): Parameter "power_up_uninitialized" = "FALSE"
    Info (12134): Parameter "read_during_write_mode_port_a" = "NEW_DATA_NO_NBE_READ"
    Info (12134): Parameter "widthad_a" = "15"
    Info (12134): Parameter "width_a" = "24"
    Info (12134): Parameter "width_byteena_a" = "1"
Info (12021): Found 1 design units, including 1 entities, in source file db/altsyncram_5kp1.tdf
    Info (12023): Found entity 1: altsyncram_5kp1 File: D:/ECE_287/Final_Project/Black_Jack/db/altsyncram_5kp1.tdf Line: 34
Info (12128): Elaborating entity "altsyncram_5kp1" for hierarchy "vga_frame_driver:my_frame_driver|vga_frame:vga_memory0|altsyncram:altsyncram_component|altsyncram_5kp1:auto_generated" File: c:/intelfpga_lite/23.1std/quartus/libraries/megafunctions/altsyncram.tdf Line: 792
Critical Warning (127005): Memory depth (32768) in the design file differs from memory depth (19200) in the Memory Initialization File "D:/ECE_287/Final_Project/Black_Jack/table_background.mif" -- setting initial value for remaining addresses to 0 File: D:/ECE_287/Final_Project/Black_Jack/vga_frame.v Line: 86
Info (12021): Found 1 design units, including 1 entities, in source file db/decode_8la.tdf
    Info (12023): Found entity 1: decode_8la File: D:/ECE_287/Final_Project/Black_Jack/db/decode_8la.tdf Line: 23
Info (12128): Elaborating entity "decode_8la" for hierarchy "vga_frame_driver:my_frame_driver|vga_frame:vga_memory0|altsyncram:altsyncram_component|altsyncram_5kp1:auto_generated|decode_8la:decode3" File: D:/ECE_287/Final_Project/Black_Jack/db/altsyncram_5kp1.tdf Line: 44
Info (12021): Found 1 design units, including 1 entities, in source file db/decode_11a.tdf
    Info (12023): Found entity 1: decode_11a File: D:/ECE_287/Final_Project/Black_Jack/db/decode_11a.tdf Line: 23
Info (12128): Elaborating entity "decode_11a" for hierarchy "vga_frame_driver:my_frame_driver|vga_frame:vga_memory0|altsyncram:altsyncram_component|altsyncram_5kp1:auto_generated|decode_11a:rden_decode" File: D:/ECE_287/Final_Project/Black_Jack/db/altsyncram_5kp1.tdf Line: 45
Info (12021): Found 1 design units, including 1 entities, in source file db/mux_6hb.tdf
    Info (12023): Found entity 1: mux_6hb File: D:/ECE_287/Final_Project/Black_Jack/db/mux_6hb.tdf Line: 23
Info (12128): Elaborating entity "mux_6hb" for hierarchy "vga_frame_driver:my_frame_driver|vga_frame:vga_memory0|altsyncram:altsyncram_component|altsyncram_5kp1:auto_generated|mux_6hb:mux2" File: D:/ECE_287/Final_Project/Black_Jack/db/altsyncram_5kp1.tdf Line: 46
Info (12128): Elaborating entity "vga_driver" for hierarchy "vga_frame_driver:my_frame_driver|vga_driver:the_vga" File: D:/ECE_287/Final_Project/Black_Jack/vga_frame_driver.v Line: 141
Info (12021): Found 1 design units, including 1 entities, in source file db/altsyncram_jb84.tdf
    Info (12023): Found entity 1: altsyncram_jb84 File: D:/ECE_287/Final_Project/Black_Jack/db/altsyncram_jb84.tdf Line: 28
Info (12021): Found 1 design units, including 1 entities, in source file db/mux_ilc.tdf
    Info (12023): Found entity 1: mux_ilc File: D:/ECE_287/Final_Project/Black_Jack/db/mux_ilc.tdf Line: 23
Info (12021): Found 1 design units, including 1 entities, in source file db/decode_vnf.tdf
    Info (12023): Found entity 1: decode_vnf File: D:/ECE_287/Final_Project/Black_Jack/db/decode_vnf.tdf Line: 23
Info (12021): Found 1 design units, including 1 entities, in source file db/cntr_19i.tdf
    Info (12023): Found entity 1: cntr_19i File: D:/ECE_287/Final_Project/Black_Jack/db/cntr_19i.tdf Line: 26
Info (12021): Found 1 design units, including 1 entities, in source file db/cntr_3vi.tdf
    Info (12023): Found entity 1: cntr_3vi File: D:/ECE_287/Final_Project/Black_Jack/db/cntr_3vi.tdf Line: 26
Info (12021): Found 1 design units, including 1 entities, in source file db/cntr_59i.tdf
    Info (12023): Found entity 1: cntr_59i File: D:/ECE_287/Final_Project/Black_Jack/db/cntr_59i.tdf Line: 28
Info (12021): Found 1 design units, including 1 entities, in source file db/cmpr_d9c.tdf
    Info (12023): Found entity 1: cmpr_d9c File: D:/ECE_287/Final_Project/Black_Jack/db/cmpr_d9c.tdf Line: 23
Info (12021): Found 1 design units, including 1 entities, in source file db/cntr_kri.tdf
    Info (12023): Found entity 1: cntr_kri File: D:/ECE_287/Final_Project/Black_Jack/db/cntr_kri.tdf Line: 28
Info (12021): Found 1 design units, including 1 entities, in source file db/cmpr_99c.tdf
    Info (12023): Found entity 1: cmpr_99c File: D:/ECE_287/Final_Project/Black_Jack/db/cmpr_99c.tdf Line: 23
Info (12033): Analysis and Synthesis generated Signal Tap or debug node instance "auto_signaltap_0"
Info (11170): Starting IP generation for the debug fabric: alt_sld_fab.
Info (11172): 2025.12.03.20:51:55 Progress: Loading sldd4feb88e/alt_sld_fab_wrapper_hw.tcl
Info (11172): Alt_sld_fab.alt_sld_fab: SLD fabric agents which did not specify prefer_host were connected to JTAG
Info (11172): Alt_sld_fab: Generating alt_sld_fab "alt_sld_fab" for QUARTUS_SYNTH
Info (11172): Alt_sld_fab: "alt_sld_fab" instantiated alt_sld_fab "alt_sld_fab"
Info (11172): Presplit: "alt_sld_fab" instantiated altera_super_splitter "presplit"
Info (11172): Splitter: "alt_sld_fab" instantiated altera_sld_splitter "splitter"
Info (11172): Sldfabric: "alt_sld_fab" instantiated altera_sld_jtag_hub "sldfabric"
Info (11172): Ident: "alt_sld_fab" instantiated altera_connection_identification_hub "ident"
Info (11172): Alt_sld_fab: Done "alt_sld_fab" with 6 modules, 6 files
Info (11171): Finished IP generation for the debug fabric: alt_sld_fab.
Info (12021): Found 1 design units, including 1 entities, in source file db/ip/sldd4feb88e/alt_sld_fab.v
    Info (12023): Found entity 1: alt_sld_fab File: D:/ECE_287/Final_Project/Black_Jack/db/ip/sldd4feb88e/alt_sld_fab.v Line: 9
Info (12021): Found 1 design units, including 1 entities, in source file db/ip/sldd4feb88e/submodules/alt_sld_fab_alt_sld_fab.v
    Info (12023): Found entity 1: alt_sld_fab_alt_sld_fab File: D:/ECE_287/Final_Project/Black_Jack/db/ip/sldd4feb88e/submodules/alt_sld_fab_alt_sld_fab.v Line: 9
Info (12021): Found 1 design units, including 1 entities, in source file db/ip/sldd4feb88e/submodules/alt_sld_fab_alt_sld_fab_ident.sv
    Info (12023): Found entity 1: alt_sld_fab_alt_sld_fab_ident File: D:/ECE_287/Final_Project/Black_Jack/db/ip/sldd4feb88e/submodules/alt_sld_fab_alt_sld_fab_ident.sv Line: 33
Info (12021): Found 1 design units, including 1 entities, in source file db/ip/sldd4feb88e/submodules/alt_sld_fab_alt_sld_fab_presplit.sv
    Info (12023): Found entity 1: alt_sld_fab_alt_sld_fab_presplit File: D:/ECE_287/Final_Project/Black_Jack/db/ip/sldd4feb88e/submodules/alt_sld_fab_alt_sld_fab_presplit.sv Line: 3
Info (12021): Found 2 design units, including 1 entities, in source file db/ip/sldd4feb88e/submodules/alt_sld_fab_alt_sld_fab_sldfabric.vhd
    Info (12022): Found design unit 1: alt_sld_fab_alt_sld_fab_sldfabric-rtl File: D:/ECE_287/Final_Project/Black_Jack/db/ip/sldd4feb88e/submodules/alt_sld_fab_alt_sld_fab_sldfabric.vhd Line: 102
    Info (12023): Found entity 1: alt_sld_fab_alt_sld_fab_sldfabric File: D:/ECE_287/Final_Project/Black_Jack/db/ip/sldd4feb88e/submodules/alt_sld_fab_alt_sld_fab_sldfabric.vhd Line: 11
Info (12021): Found 1 design units, including 1 entities, in source file db/ip/sldd4feb88e/submodules/alt_sld_fab_alt_sld_fab_splitter.sv
    Info (12023): Found entity 1: alt_sld_fab_alt_sld_fab_splitter File: D:/ECE_287/Final_Project/Black_Jack/db/ip/sldd4feb88e/submodules/alt_sld_fab_alt_sld_fab_splitter.sv Line: 3
Warning (12241): 4 hierarchies have connectivity warnings - see the Connectivity Checks report folder
Warning (13024): Output pins are stuck at VCC or GND
    Warning (13410): Pin "HEX0[0]" is stuck at GND File: D:/ECE_287/Final_Project/Black_Jack/black_jack.v Line: 41
    Warning (13410): Pin "HEX0[1]" is stuck at GND File: D:/ECE_287/Final_Project/Black_Jack/black_jack.v Line: 41
    Warning (13410): Pin "HEX0[2]" is stuck at GND File: D:/ECE_287/Final_Project/Black_Jack/black_jack.v Line: 41
    Warning (13410): Pin "HEX0[3]" is stuck at GND File: D:/ECE_287/Final_Project/Black_Jack/black_jack.v Line: 41
    Warning (13410): Pin "HEX0[4]" is stuck at GND File: D:/ECE_287/Final_Project/Black_Jack/black_jack.v Line: 41
    Warning (13410): Pin "HEX0[5]" is stuck at GND File: D:/ECE_287/Final_Project/Black_Jack/black_jack.v Line: 41
    Warning (13410): Pin "HEX0[6]" is stuck at GND File: D:/ECE_287/Final_Project/Black_Jack/black_jack.v Line: 41
    Warning (13410): Pin "HEX1[0]" is stuck at GND File: D:/ECE_287/Final_Project/Black_Jack/black_jack.v Line: 42
    Warning (13410): Pin "HEX1[1]" is stuck at GND File: D:/ECE_287/Final_Project/Black_Jack/black_jack.v Line: 42
    Warning (13410): Pin "HEX1[2]" is stuck at GND File: D:/ECE_287/Final_Project/Black_Jack/black_jack.v Line: 42
    Warning (13410): Pin "HEX1[3]" is stuck at GND File: D:/ECE_287/Final_Project/Black_Jack/black_jack.v Line: 42
    Warning (13410): Pin "HEX1[4]" is stuck at GND File: D:/ECE_287/Final_Project/Black_Jack/black_jack.v Line: 42
    Warning (13410): Pin "HEX1[5]" is stuck at GND File: D:/ECE_287/Final_Project/Black_Jack/black_jack.v Line: 42
    Warning (13410): Pin "HEX1[6]" is stuck at GND File: D:/ECE_287/Final_Project/Black_Jack/black_jack.v Line: 42
    Warning (13410): Pin "HEX2[0]" is stuck at GND File: D:/ECE_287/Final_Project/Black_Jack/black_jack.v Line: 43
    Warning (13410): Pin "HEX2[1]" is stuck at GND File: D:/ECE_287/Final_Project/Black_Jack/black_jack.v Line: 43
    Warning (13410): Pin "HEX2[2]" is stuck at GND File: D:/ECE_287/Final_Project/Black_Jack/black_jack.v Line: 43
    Warning (13410): Pin "HEX2[3]" is stuck at GND File: D:/ECE_287/Final_Project/Black_Jack/black_jack.v Line: 43
    Warning (13410): Pin "HEX2[4]" is stuck at GND File: D:/ECE_287/Final_Project/Black_Jack/black_jack.v Line: 43
    Warning (13410): Pin "HEX2[5]" is stuck at GND File: D:/ECE_287/Final_Project/Black_Jack/black_jack.v Line: 43
    Warning (13410): Pin "HEX2[6]" is stuck at GND File: D:/ECE_287/Final_Project/Black_Jack/black_jack.v Line: 43
    Warning (13410): Pin "HEX3[0]" is stuck at GND File: D:/ECE_287/Final_Project/Black_Jack/black_jack.v Line: 44
    Warning (13410): Pin "HEX3[1]" is stuck at GND File: D:/ECE_287/Final_Project/Black_Jack/black_jack.v Line: 44
    Warning (13410): Pin "HEX3[2]" is stuck at GND File: D:/ECE_287/Final_Project/Black_Jack/black_jack.v Line: 44
    Warning (13410): Pin "HEX3[3]" is stuck at GND File: D:/ECE_287/Final_Project/Black_Jack/black_jack.v Line: 44
    Warning (13410): Pin "HEX3[4]" is stuck at GND File: D:/ECE_287/Final_Project/Black_Jack/black_jack.v Line: 44
    Warning (13410): Pin "HEX3[5]" is stuck at GND File: D:/ECE_287/Final_Project/Black_Jack/black_jack.v Line: 44
    Warning (13410): Pin "HEX3[6]" is stuck at GND File: D:/ECE_287/Final_Project/Black_Jack/black_jack.v Line: 44
    Warning (13410): Pin "LEDR[0]" is stuck at GND File: D:/ECE_287/Final_Project/Black_Jack/black_jack.v Line: 56
    Warning (13410): Pin "LEDR[1]" is stuck at GND File: D:/ECE_287/Final_Project/Black_Jack/black_jack.v Line: 56
    Warning (13410): Pin "LEDR[2]" is stuck at GND File: D:/ECE_287/Final_Project/Black_Jack/black_jack.v Line: 56
    Warning (13410): Pin "LEDR[3]" is stuck at GND File: D:/ECE_287/Final_Project/Black_Jack/black_jack.v Line: 56
    Warning (13410): Pin "LEDR[4]" is stuck at GND File: D:/ECE_287/Final_Project/Black_Jack/black_jack.v Line: 56
    Warning (13410): Pin "LEDR[5]" is stuck at GND File: D:/ECE_287/Final_Project/Black_Jack/black_jack.v Line: 56
    Warning (13410): Pin "LEDR[6]" is stuck at GND File: D:/ECE_287/Final_Project/Black_Jack/black_jack.v Line: 56
    Warning (13410): Pin "LEDR[7]" is stuck at GND File: D:/ECE_287/Final_Project/Black_Jack/black_jack.v Line: 56
    Warning (13410): Pin "LEDR[8]" is stuck at GND File: D:/ECE_287/Final_Project/Black_Jack/black_jack.v Line: 56
    Warning (13410): Pin "LEDR[9]" is stuck at GND File: D:/ECE_287/Final_Project/Black_Jack/black_jack.v Line: 56
    Warning (13410): Pin "VGA_SYNC_N" is stuck at VCC File: D:/ECE_287/Final_Project/Black_Jack/black_jack.v Line: 81
Info (286031): Timing-Driven Synthesis is running on partition "Top"
Info (17049): 317 registers lost all their fanouts during netlist optimizations.
Info (144001): Generated suppressed messages file D:/ECE_287/Final_Project/Black_Jack/output_files/black_jack.map.smsg
Info (35024): Successfully connected in-system debug instance "auto_signaltap_0" to all 65 required data inputs, trigger inputs, acquisition clocks, and dynamic pins
Info (16010): Generating hard_block partition "hard_block:auto_generated_inst"
    Info (16011): Adding 9 node(s), including 0 DDIO, 0 PLL, 0 transceiver and 0 LCELL
Warning (21074): Design contains 12 input pin(s) that do not drive logic
    Warning (15610): No output dependent on input pin "KEY[2]" File: D:/ECE_287/Final_Project/Black_Jack/black_jack.v Line: 53
    Warning (15610): No output dependent on input pin "KEY[3]" File: D:/ECE_287/Final_Project/Black_Jack/black_jack.v Line: 53
    Warning (15610): No output dependent on input pin "SW[9]" File: D:/ECE_287/Final_Project/Black_Jack/black_jack.v Line: 65
    Warning (15610): No output dependent on input pin "SW[8]" File: D:/ECE_287/Final_Project/Black_Jack/black_jack.v Line: 65
    Warning (15610): No output dependent on input pin "SW[7]" File: D:/ECE_287/Final_Project/Black_Jack/black_jack.v Line: 65
    Warning (15610): No output dependent on input pin "SW[6]" File: D:/ECE_287/Final_Project/Black_Jack/black_jack.v Line: 65
    Warning (15610): No output dependent on input pin "SW[5]" File: D:/ECE_287/Final_Project/Black_Jack/black_jack.v Line: 65
    Warning (15610): No output dependent on input pin "SW[4]" File: D:/ECE_287/Final_Project/Black_Jack/black_jack.v Line: 65
    Warning (15610): No output dependent on input pin "SW[3]" File: D:/ECE_287/Final_Project/Black_Jack/black_jack.v Line: 65
    Warning (15610): No output dependent on input pin "SW[2]" File: D:/ECE_287/Final_Project/Black_Jack/black_jack.v Line: 65
    Warning (15610): No output dependent on input pin "SW[1]" File: D:/ECE_287/Final_Project/Black_Jack/black_jack.v Line: 65
    Warning (15610): No output dependent on input pin "SW[0]" File: D:/ECE_287/Final_Project/Black_Jack/black_jack.v Line: 65
Info (21057): Implemented 1624 device resources after synthesis - the final resource count might be different
    Info (21058): Implemented 18 input pins
    Info (21059): Implemented 68 output pins
    Info (21061): Implemented 1208 logic cells
    Info (21064): Implemented 328 RAM segments
    Info (21062): Implemented 1 DSP elements
Info: Quartus Prime Analysis & Synthesis was successful. 0 errors, 73 warnings
    Info: Peak virtual memory: 4967 megabytes
    Info: Processing ended: Wed Dec  3 20:52:04 2025
    Info: Elapsed time: 00:00:26
    Info: Total CPU time (on all processors): 00:00:13


+------------------------------------------+
; Analysis & Synthesis Suppressed Messages ;
+------------------------------------------+
The suppressed messages can be found in D:/ECE_287/Final_Project/Black_Jack/output_files/black_jack.map.smsg.


